segment;pas;capteur;succes;attendu
S001;31;alpha;0;0.03917267314321529
S001;33;alpha;0;0.03917267314321529
S001;38;alpha;0;0.008179339594062406
S001;62;alpha;1;0.16335227272727273
S001;63;alpha;0;0.004512635379061372
S001;73;alpha;0;0.454396504642272
S001;75;alpha;1;0.014058679706601468
S001;76;alpha;1;0.06172049888071634
S001;77;alpha;1;0.454396504642272
S001;78;alpha;0;0.06172049888071634
S001;173;alpha;0;0.08973935994721215
S001;197;alpha;0;0.454396504642272
S001;200;alpha;0;0.22510334460729048
S001;210;alpha;0;0.08973935994721215
S001;217;alpha;1;0.28258221680876977
S001;218;alpha;1;0.16335227272727273
S001;219;alpha;0;0.28258221680876977
S001;225;alpha;0;0.22510334460729048
S001;237;alpha;0;0.02786282914880588
S001;240;alpha;0;0.11368277739959155
S001;242;alpha;0;0.012198841110094541
S001;246;alpha;0;0.11368277739959155
S001;248;alpha;0;0.454396504642272
S001;250;alpha;0;0.454396504642272
S001;257;alpha;1;0.08973935994721215
S001;258;alpha;1;0.37459434399629116
S001;259;alpha;0;0.05497957901350927
S001;266;alpha;0;0.28258221680876977
S001;293;alpha;0;0.11368277739959155
S001;297;alpha;0;0.08973935994721215
S001;303;alpha;0;0.22510334460729048
S001;309;alpha;0;0.05497957901350927
S001;316;alpha;0;0.02786282914880588
S001;318;alpha;0;0.37459434399629116
S001;332;alpha;0;0.16335227272727273
S001;385;alpha;0;0.37459434399629116
S001;387;alpha;0;0.37459434399629116
S001;394;alpha;1;0.37459434399629116
S001;395;alpha;0;0.16335227272727273
S001;403;alpha;0;0.08973935994721215
S001;407;alpha;1;0.28258221680876977
S001;408;alpha;0;0.16335227272727273
S001;422;alpha;1;0.454396504642272
S001;423;alpha;0;0.454396504642272
S001;452;alpha;0;0.37459434399629116
S001;459;alpha;1;0.22510334460729048
S001;460;alpha;0;0.454396504642272
S001;462;alpha;0;0.11368277739959155
S001;465;alpha;0;0.37459434399629116
S001;471;alpha;0;0.004512635379061372
S001;509;alpha;1;0.454396504642272
S001;510;alpha;0;0.28258221680876977
S001;530;alpha;0;0.16335227272727273
S001;534;alpha;1;0.454396504642272
S001;535;alpha;0;0.11368277739959155
S001;544;alpha;0;0.11368277739959155
S001;551;alpha;0;0.454396504642272
S001;554;alpha;1;0.06172049888071634
S001;555;alpha;1;0.454396504642272
S001;556;alpha;0;0.37459434399629116
S001;565;alpha;0;0.014058679706601468
S001;567;alpha;1;0.28258221680876977
S001;568;alpha;0;0.37459434399629116
S001;576;alpha;0;0.11368277739959155
S001;580;alpha;1;0.28258221680876977
S001;581;alpha;1;0.454396504642272
S001;582;alpha;0;0.22510334460729048
S001;587;alpha;0;0.08973935994721215
S001;598;alpha;0;0.454396504642272
S001;606;alpha;0;0.16335227272727273
S001;608;alpha;0;0.28258221680876977
S001;616;alpha;0;0.11368277739959155
S001;618;alpha;1;0.37459434399629116
S001;619;alpha;1;0.08973935994721215
S001;620;alpha;1;0.28258221680876977
S001;621;alpha;1;0.28258221680876977
S001;622;alpha;0;0.05497957901350927
S001;624;alpha;0;0.08973935994721215
S001;630;alpha;1;0.37459434399629116
S001;631;alpha;0;0.008179339594062406
S001;639;alpha;0;0.008179339594062406
S001;645;alpha;0;0.004512635379061372
S001;654;alpha;0;0.01712014674411495
S001;666;alpha;1;0.28258221680876977
S001;667;alpha;1;0.37459434399629116
S001;668;alpha;1;0.454396504642272
S001;669;alpha;0;0.454396504642272
S001;673;alpha;1;0.28258221680876977
S001;674;alpha;0;0.22510334460729048
S001;676;alpha;1;0.454396504642272
S001;677;alpha;0;0.454396504642272
S001;679;alpha;1;0.012198841110094541
S001;680;alpha;0;0.004512635379061372
S001;686;alpha;1;0.16335227272727273
S001;687;alpha;1;0.16335227272727273
S001;688;alpha;0;0.005474452554744526
S001;704;alpha;0;0.06172049888071634
S001;725;alpha;0;0.454396504642272
S001;727;alpha;0;0.454396504642272
S001;730;alpha;0;0.06172049888071634
S001;733;alpha;0;0.05497957901350927
S001;745;alpha;0;0.05497957901350927
S001;780;alpha;0;0.454396504642272
S001;787;alpha;1;0.454396504642272
S001;788;alpha;0;0.22510334460729048
S001;790;alpha;0;0.08973935994721215
S001;830;alpha;1;0.28258221680876977
S001;831;alpha;1;0.37459434399629116
S001;832;alpha;0;0.16335227272727273
S001;845;alpha;0;0.02786282914880588
S001;852;alpha;0;0.06172049888071634
S001;855;alpha;0;0.454396504642272
S001;857;alpha;0;0.11368277739959155
S001;859;alpha;1;0.28258221680876977
S001;860;alpha;0;0.08973935994721215
S001;866;alpha;0;0.16335227272727273
S001;873;alpha;0;0.16335227272727273
S001;885;alpha;1;0.22510334460729048
S001;886;alpha;0;0.11368277739959155
S001;888;alpha;0;0.03917267314321529
S001;898;alpha;0;0.28258221680876977
S001;922;alpha;0;0.28258221680876977
S001;929;alpha;0;0.37459434399629116
S001;937;alpha;0;0.22510334460729048
S001;952;alpha;0;0.454396504642272
S001;954;alpha;0;0.11368277739959155
S001;960;alpha;0;0.22510334460729048
S001;964;alpha;0;0.37459434399629116
S001;966;alpha;0;0.012198841110094541
S001;1016;alpha;0;0.37459434399629116
S001;1020;alpha;0;0.005145278450363196
S001;1078;alpha;0;0.454396504642272
S001;1080;alpha;0;0.06172049888071634
S001;1092;alpha;0;0.16335227272727273
S001;1110;alpha;0;0.37459434399629116
S001;1118;alpha;0;0.22510334460729048
S001;1120;alpha;1;0.28258221680876977
S001;1121;alpha;0;0.16335227272727273
S001;1123;alpha;0;0.22510334460729048
S001;1125;alpha;1;0.454396504642272
S001;1126;alpha;0;0.37459434399629116
S001;1128;alpha;0;0.454396504642272
S001;1141;alpha;0;0.08973935994721215
S001;1156;alpha;1;0.454396504642272
S001;1157;alpha;0;0.454396504642272
S001;1159;alpha;1;0.37459434399629116
S001;1160;alpha;0;0.454396504642272
S001;1164;alpha;1;0.28258221680876977
S001;1165;alpha;0;0.454396504642272
S001;1170;alpha;1;0.16335227272727273
S001;1171;alpha;0;0.11368277739959155
S001;1173;alpha;1;0.11368277739959155
S001;1174;alpha;0;0.28258221680876977
S001;1198;alpha;0;0.37459434399629116
S001;1204;alpha;1;0.37459434399629116
S001;1205;alpha;1;0.454396504642272
S001;1206;alpha;0;0.454396504642272
S001;1208;alpha;1;0.22510334460729048
S001;1209;alpha;0;0.37459434399629116
S001;1320;alpha;1;0.08973935994721215
S001;1321;alpha;1;0.37459434399629116
S001;1322;alpha;0;0.16335227272727273
S001;1332;alpha;0;0.37459434399629116
S001;1337;alpha;0;0.37459434399629116
S001;1340;alpha;1;0.454396504642272
S001;1341;alpha;0;0.454396504642272
S001;1343;alpha;0;0.08973935994721215
S001;1355;alpha;0;0.454396504642272
S001;1379;alpha;1;0.454396504642272
S001;1380;alpha;0;0.05497957901350927
S001;1394;alpha;0;0.37459434399629116
S001;1397;alpha;1;0.16335227272727273
S001;1398;alpha;0;0.02786282914880588
S001;1401;alpha;1;0.454396504642272
S001;1402;alpha;0;0.22510334460729048
S001;1404;alpha;0;0.454396504642272
S001;1420;alpha;0;0.22510334460729048
S001;1422;alpha;0;0.11368277739959155
S001;1426;alpha;0;0.454396504642272
S001;1428;alpha;0;0.05497957901350927
S001;1438;alpha;0;0.22510334460729048
S002;1;alpha;0;0.454396504642272
S002;6;alpha;1;0.454396504642272
S002;7;alpha;0;0.16335227272727273
S002;9;alpha;0;0.37459434399629116
S002;11;alpha;0;0.02786282914880588
S002;36;alpha;0;0.22510334460729048
S002;79;alpha;1;0.37459434399629116
S002;80;alpha;1;0.454396504642272
S002;81;alpha;0;0.03007751937984496
S002;85;alpha;0;0.03007751937984496
S002;89;alpha;0;0.22510334460729048
S002;107;alpha;1;0.22510334460729048
S002;108;alpha;1;0.28258221680876977
S002;109;alpha;1;0.454396504642272
S002;110;alpha;0;0.28258221680876977
S002;142;alpha;0;0.454396504642272
S002;144;alpha;0;0.16335227272727273
S002;146;alpha;0;0.37459434399629116
S002;160;alpha;0;0.37459434399629116
S002;171;alpha;0;0.454396504642272
S002;197;alpha;0;0.28258221680876977
S002;204;alpha;0;0.03007751937984496
S002;243;alpha;0;0.37459434399629116
S002;280;alpha;1;0.454396504642272
S002;281;alpha;0;0.22510334460729048
S002;295;alpha;1;0.37459434399629116
S002;296;alpha;0;0.06172049888071634
S002;301;alpha;0;0.28258221680876977
S002;324;alpha;0;0.454396504642272
S002;328;alpha;0;0.37459434399629116
S002;332;alpha;0;0.004512635379061372
S002;371;alpha;0;0.37459434399629116
S002;375;alpha;0;0.37459434399629116
S002;380;alpha;0;0.37459434399629116
S002;382;alpha;0;0.11368277739959155
S002;388;alpha;1;0.37459434399629116
S002;389;alpha;0;0.28258221680876977
S002;391;alpha;0;0.454396504642272
S002;400;alpha;0;0.22510334460729048
S002;405;alpha;0;0.454396504642272
S002;442;alpha;0;0.16335227272727273
S002;446;alpha;0;0.01712014674411495
S002;455;alpha;1;0.28258221680876977
S002;456;alpha;1;0.08973935994721215
S002;457;alpha;1;0.22510334460729048
S002;458;alpha;0;0.16335227272727273
S002;464;alpha;0;0.454396504642272
S002;466;alpha;0;0.454396504642272
S002;469;alpha;1;0.454396504642272
S002;470;alpha;0;0.37459434399629116
S002;518;alpha;1;0.11368277739959155
S002;519;alpha;0;0.454396504642272
S002;521;alpha;1;0.28258221680876977
S002;522;alpha;0;0.005145278450363196
S002;530;alpha;1;0.454396504642272
S002;531;alpha;0;0.454396504642272
S002;556;alpha;0;0.22510334460729048
S002;573;alpha;0;0.22510334460729048
S002;584;alpha;0;0.28258221680876977
S002;589;alpha;0;0.16335227272727273
S002;601;alpha;0;0.28258221680876977
S002;605;alpha;0;0.454396504642272
S002;611;alpha;1;0.454396504642272
S002;612;alpha;0;0.05497957901350927
S002;615;alpha;0;0.37459434399629116
S002;621;alpha;1;0.08973935994721215
S002;622;alpha;1;0.454396504642272
S002;623;alpha;0;0.014058679706601468
S002;627;alpha;0;0.16335227272727273
S002;637;alpha;1;0.16335227272727273
S002;638;alpha;1;0.28258221680876977
S002;639;alpha;1;0.454396504642272
S002;640;alpha;1;0.454396504642272
S002;641;alpha;0;0.37459434399629116
S002;664;alpha;0;0.005145278450363196
S002;688;alpha;0;0.16335227272727273
S002;690;alpha;0;0.16335227272727273
S002;705;alpha;0;0.03917267314321529
S002;708;alpha;0;0.11368277739959155
S002;710;alpha;1;0.22510334460729048
S002;711;alpha;0;0.28258221680876977
S002;714;alpha;0;0.28258221680876977
S002;716;alpha;1;0.16335227272727273
S002;717;alpha;1;0.03007751937984496
S002;718;alpha;1;0.37459434399629116
S002;719;alpha;0;0.012198841110094541
S002;724;alpha;0;0.16335227272727273
S002;726;alpha;0;0.22510334460729048
S002;738;alpha;1;0.37459434399629116
S002;739;alpha;1;0.454396504642272
S002;740;alpha;0;0.012198841110094541
S002;743;alpha;0;0.454396504642272
S002;745;alpha;0;0.16335227272727273
S002;749;alpha;0;0.03007751937984496
S002;784;alpha;0;0.03007751937984496
S002;817;alpha;1;0.454396504642272
S002;818;alpha;0;0.37459434399629116
S002;822;alpha;0;0.454396504642272
S002;825;alpha;0;0.012198841110094541
S002;828;alpha;0;0.014058679706601468
S002;831;alpha;1;0.06172049888071634
S002;832;alpha;1;0.28258221680876977
S002;833;alpha;0;0.03917267314321529
S002;840;alpha;1;0.454396504642272
S002;841;alpha;0;0.454396504642272
S002;844;alpha;1;0.06172049888071634
S002;845;alpha;0;0.28258221680876977
S002;848;alpha;1;0.16335227272727273
S002;849;alpha;0;0.03007751937984496
S002;879;alpha;0;0.37459434399629116
S002;895;alpha;1;0.28258221680876977
S002;896;alpha;0;0.454396504642272
S002;898;alpha;1;0.28258221680876977
S002;899;alpha;1;0.37459434399629116
S002;900;alpha;0;0.08973935994721215
S002;902;alpha;1;0.08973935994721215
S002;903;alpha;0;0.37459434399629116
S002;905;alpha;0;0.454396504642272
S002;907;alpha;0;0.03917267314321529
S002;909;alpha;0;0.22510334460729048
S002;911;alpha;1;0.22510334460729048
S002;912;alpha;0;0.06172049888071634
S002;922;alpha;1;0.05497957901350927
S002;923;alpha;1;0.454396504642272
S002;924;alpha;0;0.004512635379061372
S002;929;alpha;0;0.11368277739959155
S002;938;alpha;1;0.02786282914880588
S002;939;alpha;1;0.37459434399629116
S002;940;alpha;1;0.11368277739959155
S002;941;alpha;0;0.16335227272727273
S002;945;alpha;0;0.005145278450363196
S002;949;alpha;0;0.37459434399629116
S002;992;alpha;0;0.11368277739959155
S002;999;alpha;0;0.22510334460729048
S002;1012;alpha;0;0.08973935994721215
S002;1049;alpha;0;0.37459434399629116
S002;1097;alpha;0;0.37459434399629116
S002;1109;alpha;0;0.05497957901350927
S002;1114;alpha;0;0.22510334460729048
S002;1116;alpha;1;0.22510334460729048
S002;1117;alpha;0;0.05497957901350927
S002;1136;alpha;1;0.454396504642272
S002;1137;alpha;0;0.16335227272727273
S002;1140;alpha;0;0.454396504642272
S002;1142;alpha;1;0.37459434399629116
S002;1143;alpha;0;0.005474452554744526
S002;1154;alpha;0;0.37459434399629116
S002;1160;alpha;0;0.16335227272727273
S002;1162;alpha;1;0.454396504642272
S002;1163;alpha;1;0.454396504642272
S002;1164;alpha;1;0.454396504642272
S002;1165;alpha;1;0.08973935994721215
S002;1166;alpha;0;0.37459434399629116
S002;1219;alpha;0;0.08973935994721215
S002;1232;alpha;0;0.11368277739959155
S002;1235;alpha;0;0.454396504642272
S002;1244;alpha;0;0.454396504642272
S002;1320;alpha;0;0.02786282914880588
S002;1322;alpha;0;0.28258221680876977
S002;1325;alpha;0;0.22510334460729048
S002;1336;alpha;0;0.004512635379061372
S002;1350;alpha;0;0.28258221680876977
S002;1412;alpha;0;0.005474452554744526
S003;3;alpha;0;0.03007751937984496
S003;28;alpha;0;0.454396504642272
S003;35;alpha;1;0.37459434399629116
S003;36;alpha;0;0.03917267314321529
S003;52;alpha;0;0.08973935994721215
S003;54;alpha;0;0.22510334460729048
S003;56;alpha;0;0.28258221680876977
S003;79;alpha;0;0.454396504642272
S003;102;alpha;1;0.37459434399629116
S003;103;alpha;0;0.06172049888071634
S003;114;alpha;0;0.454396504642272
S003;142;alpha;0;0.08973935994721215
S003;151;alpha;0;0.06172049888071634
S003;154;alpha;0;0.01712014674411495
S003;205;alpha;1;0.37459434399629116
S003;206;alpha;1;0.11368277739959155
S003;207;alpha;1;0.28258221680876977
S003;208;alpha;1;0.454396504642272
S003;209;alpha;0;0.454396504642272
S003;218;alpha;0;0.28258221680876977
S003;221;alpha;0;0.16335227272727273
S003;230;alpha;1;0.37459434399629116
S003;231;alpha;0;0.22510334460729048
S003;235;alpha;0;0.005145278450363196
S003;239;alpha;1;0.454396504642272
S003;240;alpha;0;0.22510334460729048
S003;251;alpha;0;0.454396504642272
S003;253;alpha;0;0.03007751937984496
S003;257;alpha;0;0.11368277739959155
S003;261;alpha;0;0.08973935994721215
S003;291;alpha;0;0.28258221680876977
S003;309;alpha;0;0.454396504642272
S003;318;alpha;0;0.02786282914880588
S003;324;alpha;0;0.454396504642272
S003;326;alpha;0;0.06172049888071634
S003;355;alpha;0;0.012198841110094541
S003;366;alpha;1;0.37459434399629116
S003;367;alpha;0;0.37459434399629116
S003;374;alpha;1;0.28258221680876977
S003;375;alpha;0;0.37459434399629116
S003;387;alpha;1;0.37459434399629116
S003;388;alpha;0;0.11368277739959155
S003;394;alpha;1;0.454396504642272
S003;395;alpha;1;0.37459434399629116
S003;396;alpha;1;0.37459434399629116
S003;397;alpha;1;0.454396504642272
S003;398;alpha;0;0.454396504642272
S003;432;alpha;0;0.08973935994721215
S003;435;alpha;0;0.008179339594062406
S003;438;alpha;0;0.05497957901350927
S003;450;alpha;1;0.37459434399629116
S003;451;alpha;0;0.03917267314321529
S003;458;alpha;0;0.28258221680876977
S003;468;alpha;0;0.37459434399629116
S003;488;alpha;1;0.28258221680876977
S003;489;alpha;0;0.454396504642272
S003;507;alpha;0;0.37459434399629116
S003;509;alpha;0;0.37459434399629116
S003;514;alpha;1;0.454396504642272
S003;515;alpha;0;0.454396504642272
S003;531;alpha;0;0.08973935994721215
S003;549;alpha;0;0.37459434399629116
S003;551;alpha;0;0.22510334460729048
S003;584;alpha;0;0.28258221680876977
S003;597;alpha;0;0.454396504642272
S003;602;alpha;1;0.37459434399629116
S003;603;alpha;0;0.37459434399629116
S003;605;alpha;1;0.22510334460729048
S003;606;alpha;0;0.08973935994721215
S003;619;alpha;0;0.05497957901350927
S003;629;alpha;0;0.37459434399629116
S003;633;alpha;0;0.28258221680876977
S003;636;alpha;0;0.03917267314321529
S003;662;alpha;0;0.16335227272727273
S003;676;alpha;0;0.37459434399629116
S003;678;alpha;0;0.454396504642272
S003;682;alpha;1;0.454396504642272
S003;683;alpha;0;0.37459434399629116
S003;714;alpha;1;0.454396504642272
S003;715;alpha;0;0.008179339594062406
S003;730;alpha;1;0.28258221680876977
S003;731;alpha;0;0.28258221680876977
S003;738;alpha;0;0.454396504642272
S003;781;alpha;0;0.08973935994721215
S003;791;alpha;1;0.454396504642272
S003;792;alpha;1;0.37459434399629116
S003;793;alpha;0;0.28258221680876977
S003;839;alpha;0;0.454396504642272
S003;844;alpha;1;0.454396504642272
S003;845;alpha;1;0.28258221680876977
S003;846;alpha;0;0.03007751937984496
S003;853;alpha;1;0.22510334460729048
S003;854;alpha;0;0.22510334460729048
S003;880;alpha;0;0.28258221680876977
S003;903;alpha;1;0.37459434399629116
S003;904;alpha;0;0.37459434399629116
S003;906;alpha;0;0.28258221680876977
S003;908;alpha;0;0.454396504642272
S003;912;alpha;0;0.454396504642272
S003;971;alpha;1;0.454396504642272
S003;972;alpha;1;0.22510334460729048
S003;973;alpha;1;0.454396504642272
S003;974;alpha;0;0.37459434399629116
S003;976;alpha;0;0.22510334460729048
S003;978;alpha;0;0.01712014674411495
S003;992;alpha;0;0.454396504642272
S003;1019;alpha;0;0.08973935994721215
S003;1021;alpha;0;0.05497957901350927
S003;1025;alpha;0;0.02786282914880588
S003;1027;alpha;1;0.28258221680876977
S003;1028;alpha;0;0.007541478129713424
S003;1080;alpha;0;0.005474452554744526
S003;1111;alpha;0;0.012198841110094541
S003;1113;alpha;0;0.005145278450363196
S003;1116;alpha;1;0.28258221680876977
S003;1117;alpha;1;0.454396504642272
S003;1118;alpha;0;0.05497957901350927
S003;1135;alpha;0;0.11368277739959155
S003;1185;alpha;0;0.37459434399629116
S003;1235;alpha;1;0.37459434399629116
S003;1236;alpha;0;0.06172049888071634
S003;1243;alpha;0;0.22510334460729048
S003;1325;alpha;0;0.22510334460729048
S003;1352;alpha;1;0.454396504642272
S003;1353;alpha;1;0.37459434399629116
S003;1354;alpha;0;0.02786282914880588
S003;1370;alpha;0;0.28258221680876977
S003;1380;alpha;0;0.37459434399629116
S003;1385;alpha;0;0.454396504642272
S003;1415;alpha;0;0.454396504642272
S003;1438;alpha;0;0.454396504642272
S004;59;alpha;1;0.28258221680876977
S004;60;alpha;0;0.005474452554744526
S004;77;alpha;0;0.22510334460729048
S004;81;alpha;1;0.37459434399629116
S004;82;alpha;0;0.28258221680876977
S004;91;alpha;1;0.37459434399629116
S004;92;alpha;0;0.06172049888071634
S004;97;alpha;0;0.22510334460729048
S004;110;alpha;0;0.08973935994721215
S004;124;alpha;0;0.06172049888071634
S004;126;alpha;1;0.28258221680876977
S004;127;alpha;0;0.22510334460729048
S004;147;alpha;0;0.22510334460729048
S004;186;alpha;1;0.28258221680876977
S004;187;alpha;0;0.454396504642272
S004;195;alpha;1;0.08973935994721215
S004;196;alpha;1;0.22510334460729048
S004;197;alpha;0;0.08973935994721215
S004;229;alpha;0;0.454396504642272
S004;232;alpha;1;0.28258221680876977
S004;233;alpha;0;0.28258221680876977
S004;236;alpha;0;0.11368277739959155
S004;238;alpha;1;0.454396504642272
S004;239;alpha;0;0.37459434399629116
S004;247;alpha;0;0.16335227272727273
S004;255;alpha;1;0.454396504642272
S004;256;alpha;0;0.06172049888071634
S004;273;alpha;0;0.16335227272727273
S004;277;alpha;0;0.03917267314321529
S004;289;alpha;0;0.16335227272727273
S004;300;alpha;1;0.37459434399629116
S004;301;alpha;0;0.22510334460729048
S004;338;alpha;0;0.28258221680876977
S004;381;alpha;0;0.454396504642272
S004;386;alpha;0;0.28258221680876977
S004;389;alpha;0;0.02786282914880588
S004;397;alpha;0;0.11368277739959155
S004;405;alpha;0;0.22510334460729048
S004;425;alpha;0;0.012198841110094541
S004;427;alpha;1;0.37459434399629116
S004;428;alpha;1;0.28258221680876977
S004;429;alpha;0;0.28258221680876977
S004;444;alpha;0;0.16335227272727273
S004;446;alpha;0;0.454396504642272
S004;450;alpha;0;0.08973935994721215
S004;512;alpha;0;0.28258221680876977
S004;514;alpha;0;0.03007751937984496
S004;518;alpha;1;0.28258221680876977
S004;519;alpha;0;0.06172049888071634
S004;557;alpha;0;0.11368277739959155
S004;568;alpha;0;0.16335227272727273
S004;578;alpha;1;0.28258221680876977
S004;579;alpha;1;0.28258221680876977
S004;580;alpha;1;0.37459434399629116
S004;581;alpha;0;0.28258221680876977
S004;584;alpha;0;0.37459434399629116
S004;600;alpha;0;0.22510334460729048
S004;614;alpha;0;0.454396504642272
S004;622;alpha;0;0.16335227272727273
S004;628;alpha;0;0.28258221680876977
S004;633;alpha;0;0.06172049888071634
S004;686;alpha;1;0.37459434399629116
S004;687;alpha;1;0.28258221680876977
S004;688;alpha;0;0.11368277739959155
S004;697;alpha;0;0.02786282914880588
S004;720;alpha;1;0.37459434399629116
S004;721;alpha;0;0.454396504642272
S004;723;alpha;0;0.28258221680876977
S004;725;alpha;0;0.16335227272727273
S004;727;alpha;1;0.37459434399629116
S004;728;alpha;1;0.454396504642272
S004;729;alpha;0;0.01712014674411495
S004;753;alpha;0;0.08973935994721215
S004;779;alpha;0;0.37459434399629116
S004;823;alpha;0;0.454396504642272
S004;859;alpha;0;0.22510334460729048
S004;869;alpha;0;0.22510334460729048
S004;873;alpha;0;0.37459434399629116
S004;880;alpha;0;0.22510334460729048
S004;894;alpha;0;0.22510334460729048
S004;914;alpha;0;0.08973935994721215
S004;960;alpha;0;0.05497957901350927
S004;962;alpha;0;0.16335227272727273
S004;967;alpha;0;0.11368277739959155
S004;974;alpha;0;0.22510334460729048
S004;990;alpha;0;0.11368277739959155
S004;992;alpha;0;0.06172049888071634
S004;1000;alpha;1;0.28258221680876977
S004;1001;alpha;0;0.11368277739959155
S004;1003;alpha;1;0.454396504642272
S004;1004;alpha;0;0.16335227272727273
S004;1020;alpha;0;0.22510334460729048
S004;1048;alpha;0;0.454396504642272
S004;1061;alpha;1;0.454396504642272
S004;1062;alpha;1;0.454396504642272
S004;1063;alpha;0;0.28258221680876977
S004;1081;alpha;1;0.37459434399629116
S004;1082;alpha;1;0.454396504642272
S004;1083;alpha;0;0.22510334460729048
S004;1085;alpha;1;0.28258221680876977
S004;1086;alpha;1;0.37459434399629116
S004;1087;alpha;0;0.37459434399629116
S004;1093;alpha;0;0.16335227272727273
S004;1105;alpha;1;0.454396504642272
S004;1106;alpha;1;0.05497957901350927
S004;1107;alpha;1;0.37459434399629116
S004;1108;alpha;0;0.012198841110094541
S004;1176;alpha;0;0.03007751937984496
S004;1215;alpha;0;0.012198841110094541
S004;1218;alpha;0;0.454396504642272
S004;1220;alpha;0;0.28258221680876977
S004;1226;alpha;0;0.11368277739959155
S004;1232;alpha;0;0.28258221680876977
S004;1237;alpha;1;0.012198841110094541
S004;1238;alpha;0;0.014058679706601468
S004;1335;alpha;1;0.16335227272727273
S004;1336;alpha;0;0.28258221680876977
S004;1362;alpha;1;0.37459434399629116
S004;1363;alpha;1;0.16335227272727273
S004;1364;alpha;0;0.22510334460729048
S004;1382;alpha;0;0.005474452554744526
S004;1410;alpha;1;0.37459434399629116
S004;1411;alpha;1;0.37459434399629116
S004;1412;alpha;0;0.37459434399629116
S004;1414;alpha;0;0.08973935994721215
S004;1418;alpha;0;0.03917267314321529
S004;1420;alpha;0;0.11368277739959155
S005;3;alpha;0;0.37459434399629116
S005;24;alpha;1;0.454396504642272
S005;25;alpha;0;0.16335227272727273
S005;30;alpha;0;0.16335227272727273
S005;65;alpha;0;0.005145278450363196
S005;85;alpha;0;0.22510334460729048
S005;96;alpha;0;0.37459434399629116
S005;106;alpha;1;0.454396504642272
S005;107;alpha;0;0.06172049888071634
S005;123;alpha;0;0.454396504642272
S005;125;alpha;0;0.05497957901350927
S005;154;alpha;0;0.22510334460729048
S005;165;alpha;0;0.22510334460729048
S005;261;alpha;0;0.454396504642272
S005;267;alpha;1;0.28258221680876977
S005;268;alpha;0;0.06172049888071634
S005;270;alpha;0;0.22510334460729048
S005;311;alpha;1;0.28258221680876977
S005;312;alpha;1;0.454396504642272
S005;313;alpha;0;0.22510334460729048
S005;337;alpha;1;0.37459434399629116
S005;338;alpha;0;0.28258221680876977
S005;342;alpha;1;0.454396504642272
S005;343;alpha;0;0.22510334460729048
S005;362;alpha;1;0.16335227272727273
S005;363;alpha;0;0.37459434399629116
S005;391;alpha;0;0.03917267314321529
S005;407;alpha;0;0.454396504642272
S005;445;alpha;0;0.08973935994721215
S005;457;alpha;0;0.03007751937984496
S005;464;alpha;0;0.28258221680876977
S005;471;alpha;0;0.06172049888071634
S005;517;alpha;0;0.454396504642272
S005;539;alpha;0;0.454396504642272
S005;541;alpha;0;0.11368277739959155
S005;563;alpha;0;0.03917267314321529
S005;567;alpha;0;0.28258221680876977
S005;572;alpha;1;0.37459434399629116
S005;573;alpha;1;0.28258221680876977
S005;574;alpha;1;0.28258221680876977
S005;575;alpha;0;0.454396504642272
S005;580;alpha;1;0.454396504642272
S005;581;alpha;0;0.11368277739959155
S005;586;alpha;0;0.37459434399629116
S005;589;alpha;0;0.03007751937984496
S005;593;alpha;1;0.16335227272727273
S005;594;alpha;0;0.454396504642272
S005;645;alpha;1;0.454396504642272
S005;646;alpha;0;0.22510334460729048
S005;650;alpha;1;0.37459434399629116
S005;651;alpha;1;0.16335227272727273
S005;652;alpha;0;0.03917267314321529
S005;654;alpha;0;0.004512635379061372
S005;681;alpha;0;0.16335227272727273
S005;685;alpha;0;0.06172049888071634
S005;698;alpha;0;0.16335227272727273
S005;738;alpha;1;0.28258221680876977
S005;739;alpha;1;0.37459434399629116
S005;740;alpha;1;0.28258221680876977
S005;741;alpha;1;0.37459434399629116
S005;742;alpha;0;0.22510334460729048
S005;770;alpha;0;0.005474452554744526
S005;794;alpha;0;0.454396504642272
S005;867;alpha;0;0.28258221680876977
S005;872;alpha;0;0.16335227272727273
S005;876;alpha;0;0.454396504642272
S005;881;alpha;0;0.37459434399629116
S005;887;alpha;1;0.37459434399629116
S005;888;alpha;0;0.08973935994721215
S005;892;alpha;1;0.16335227272727273
S005;893;alpha;1;0.11368277739959155
S005;894;alpha;0;0.008179339594062406
S005;929;alpha;0;0.454396504642272
S005;931;alpha;0;0.16335227272727273
S005;937;alpha;0;0.05497957901350927
S005;948;alpha;0;0.11368277739959155
S005;954;alpha;0;0.454396504642272
S005;956;alpha;1;0.37459434399629116
S005;957;alpha;0;0.37459434399629116
S005;959;alpha;1;0.22510334460729048
S005;960;alpha;0;0.06172049888071634
S005;981;alpha;0;0.37459434399629116
S005;984;alpha;0;0.454396504642272
S005;986;alpha;0;0.01712014674411495
S006;85;alpha;1;0.22510334460729048
S006;86;alpha;1;0.22510334460729048
S006;87;alpha;0;0.16335227272727273
S006;144;alpha;0;0.454396504642272
S006;146;alpha;0;0.22510334460729048
S006;148;alpha;0;0.16335227272727273
S006;165;alpha;0;0.16335227272727273
S006;213;alpha;0;0.454396504642272
S006;215;alpha;0;0.454396504642272
S006;227;alpha;1;0.37459434399629116
S006;228;alpha;0;0.454396504642272
S006;247;alpha;0;0.08973935994721215
S006;265;alpha;1;0.454396504642272
S006;266;alpha;1;0.37459434399629116
S006;267;alpha;1;0.08973935994721215
S006;268;alpha;1;0.06172049888071634
S006;269;alpha;1;0.454396504642272
S006;270;alpha;0;0.37459434399629116
S006;274;alpha;0;0.16335227272727273
S006;276;alpha;0;0.014058679706601468
S006;281;alpha;0;0.012198841110094541
S006;284;alpha;0;0.37459434399629116
S006;348;alpha;1;0.28258221680876977
S006;349;alpha;0;0.22510334460729048
S006;359;alpha;1;0.37459434399629116
S006;360;alpha;0;0.454396504642272
S006;363;alpha;0;0.16335227272727273
S006;367;alpha;0;0.11368277739959155
S006;391;alpha;0;0.37459434399629116
S006;393;alpha;0;0.03917267314321529
S006;417;alpha;0;0.28258221680876977
S006;438;alpha;0;0.37459434399629116
S006;440;alpha;0;0.08973935994721215
S006;485;alpha;0;0.16335227272727273
S006;487;alpha;0;0.22510334460729048
S006;495;alpha;1;0.454396504642272
S006;496;alpha;0;0.06172049888071634
S006;499;alpha;0;0.454396504642272
S006;506;alpha;0;0.08973935994721215
S006;508;alpha;0;0.16335227272727273
S006;510;alpha;0;0.012198841110094541
S006;515;alpha;0;0.08973935994721215
S006;518;alpha;0;0.37459434399629116
S006;521;alpha;0;0.03917267314321529
S006;567;alpha;0;0.16335227272727273
S006;572;alpha;0;0.454396504642272
S006;585;alpha;0;0.37459434399629116
S006;587;alpha;0;0.08973935994721215
S006;620;alpha;0;0.11368277739959155
S006;623;alpha;0;0.454396504642272
S006;629;alpha;0;0.28258221680876977
S006;664;alpha;0;0.03007751937984496
S006;672;alpha;0;0.454396504642272
S006;674;alpha;1;0.37459434399629116
S006;675;alpha;1;0.454396504642272
S006;676;alpha;0;0.454396504642272
S006;679;alpha;1;0.454396504642272
S006;680;alpha;0;0.22510334460729048
S006;682;alpha;1;0.37459434399629116
S006;683;alpha;1;0.454396504642272
S006;684;alpha;0;0.37459434399629116
S006;700;alpha;1;0.454396504642272
S006;701;alpha;0;0.37459434399629116
S006;704;alpha;1;0.37459434399629116
S006;705;alpha;0;0.16335227272727273
S006;714;alpha;0;0.28258221680876977
S006;730;alpha;1;0.28258221680876977
S006;731;alpha;0;0.11368277739959155
S006;735;alpha;1;0.454396504642272
S006;736;alpha;0;0.22510334460729048
S006;746;alpha;0;0.06172049888071634
S006;795;alpha;0;0.37459434399629116
S006;800;alpha;0;0.014058679706601468
S006;817;alpha;1;0.22510334460729048
S006;818;alpha;1;0.454396504642272
S006;819;alpha;0;0.16335227272727273
S006;821;alpha;1;0.22510334460729048
S006;822;alpha;0;0.16335227272727273
S006;840;alpha;1;0.454396504642272
S006;841;alpha;1;0.28258221680876977
S006;842;alpha;0;0.22510334460729048
S006;844;alpha;0;0.28258221680876977
S006;857;alpha;0;0.06172049888071634
S006;881;alpha;0;0.454396504642272
S006;903;alpha;1;0.454396504642272
S006;904;alpha;1;0.22510334460729048
S006;905;alpha;0;0.16335227272727273
S006;956;alpha;0;0.454396504642272
S006;962;alpha;0;0.28258221680876977
S006;977;alpha;0;0.37459434399629116
S006;1004;alpha;0;0.37459434399629116
S006;1006;alpha;0;0.28258221680876977
S006;1033;alpha;0;0.454396504642272
S006;1035;alpha;0;0.16335227272727273
S006;1045;alpha;0;0.16335227272727273
S006;1072;alpha;0;0.454396504642272
S006;1113;alpha;0;0.454396504642272
S006;1115;alpha;0;0.22510334460729048
S006;1119;alpha;1;0.37459434399629116
S006;1120;alpha;0;0.454396504642272
S006;1153;alpha;0;0.454396504642272
S006;1177;alpha;1;0.22510334460729048
S006;1178;alpha;0;0.37459434399629116
S006;1193;alpha;0;0.16335227272727273
S006;1196;alpha;1;0.454396504642272
S006;1197;alpha;0;0.004512635379061372
S006;1216;alpha;1;0.454396504642272
S006;1217;alpha;0;0.454396504642272
S006;1220;alpha;0;0.454396504642272
S006;1232;alpha;0;0.454396504642272
S006;1247;alpha;1;0.454396504642272
S006;1248;alpha;1;0.454396504642272
S006;1249;alpha;1;0.22510334460729048
S006;1250;alpha;1;0.454396504642272
S006;1251;alpha;0;0.37459434399629116
S006;1255;alpha;0;0.06172049888071634
S006;1328;alpha;1;0.454396504642272
S006;1329;alpha;1;0.16335227272727273
S006;1330;alpha;1;0.454396504642272
S006;1331;alpha;0;0.22510334460729048
S006;1335;alpha;0;0.08973935994721215
S006;1347;alpha;0;0.454396504642272
S006;1354;alpha;0;0.454396504642272
S006;1380;alpha;0;0.03007751937984496
S006;1403;alpha;0;0.11368277739959155
S006;1408;alpha;1;0.28258221680876977
S006;1409;alpha;1;0.16335227272727273
S006;1410;alpha;0;0.11368277739959155
S006;1429;alpha;0;0.03007751937984496
S007;29;alpha;0;0.28258221680876977
S007;64;alpha;0;0.22510334460729048
S007;117;alpha;0;0.37459434399629116
S007;125;alpha;0;0.08973935994721215
S007;135;alpha;0;0.37459434399629116
S007;154;alpha;1;0.37459434399629116
S007;155;alpha;0;0.454396504642272
S007;157;alpha;1;0.454396504642272
S007;158;alpha;1;0.28258221680876977
S007;159;alpha;0;0.454396504642272
S007;208;alpha;0;0.37459434399629116
S007;216;alpha;0;0.454396504642272
S007;224;alpha;0;0.08973935994721215
S007;252;alpha;1;0.454396504642272
S007;253;alpha;0;0.22510334460729048
S007;255;alpha;0;0.37459434399629116
S007;284;alpha;0;0.37459434399629116
S007;291;alpha;0;0.16335227272727273
S007;304;alpha;0;0.454396504642272
S007;307;alpha;0;0.28258221680876977
S007;320;alpha;1;0.454396504642272
S007;321;alpha;0;0.454396504642272
S007;334;alpha;0;0.012198841110094541
S007;339;alpha;0;0.16335227272727273
S007;344;alpha;1;0.16335227272727273
S007;345;alpha;0;0.22510334460729048
S007;361;alpha;0;0.06172049888071634
S007;363;alpha;1;0.22510334460729048
S007;364;alpha;0;0.28258221680876977
S007;366;alpha;0;0.16335227272727273
S007;372;alpha;0;0.03007751937984496
S007;383;alpha;1;0.08973935994721215
S007;384;alpha;1;0.22510334460729048
S007;385;alpha;0;0.37459434399629116
S007;392;alpha;1;0.454396504642272
S007;393;alpha;0;0.16335227272727273
S007;410;alpha;0;0.28258221680876977
S007;418;alpha;0;0.06172049888071634
S007;422;alpha;0;0.03007751937984496
S007;430;alpha;0;0.05497957901350927
S007;439;alpha;0;0.454396504642272
S007;449;alpha;0;0.454396504642272
S007;454;alpha;1;0.22510334460729048
S007;455;alpha;0;0.03917267314321529
S007;498;alpha;0;0.454396504642272
S007;537;alpha;0;0.37459434399629116
S007;539;alpha;0;0.37459434399629116
S007;593;alpha;0;0.37459434399629116
S007;595;alpha;0;0.06172049888071634
S007;624;alpha;0;0.28258221680876977
S007;626;alpha;0;0.37459434399629116
S007;631;alpha;1;0.28258221680876977
S007;632;alpha;0;0.06172049888071634
S007;635;alpha;0;0.22510334460729048
S007;666;alpha;0;0.11368277739959155
S007;690;alpha;1;0.37459434399629116
S007;691;alpha;1;0.454396504642272
S007;692;alpha;0;0.37459434399629116
S007;716;alpha;0;0.454396504642272
S007;724;alpha;1;0.454396504642272
S007;725;alpha;0;0.37459434399629116
S007;728;alpha;0;0.37459434399629116
S007;750;alpha;1;0.454396504642272
S007;751;alpha;0;0.454396504642272
S007;753;alpha;1;0.05497957901350927
S007;754;alpha;1;0.16335227272727273
S007;755;alpha;0;0.01712014674411495
S007;764;alpha;0;0.454396504642272
S007;769;alpha;1;0.37459434399629116
S007;770;alpha;1;0.28258221680876977
S007;771;alpha;0;0.008179339594062406
S007;776;alpha;0;0.11368277739959155
S007;786;alpha;0;0.11368277739959155
S007;790;alpha;0;0.16335227272727273
S007;803;alpha;0;0.11368277739959155
S007;810;alpha;1;0.28258221680876977
S007;811;alpha;0;0.03007751937984496
S007;851;alpha;1;0.22510334460729048
S007;852;alpha;0;0.11368277739959155
S007;855;alpha;1;0.37459434399629116
S007;856;alpha;1;0.22510334460729048
S007;857;alpha;1;0.28258221680876977
S007;858;alpha;0;0.454396504642272
S007;862;alpha;1;0.08973935994721215
S007;863;alpha;1;0.03007751937984496
S007;864;alpha;0;0.02786282914880588
S007;891;alpha;0;0.28258221680876977
S007;896;alpha;1;0.11368277739959155
S007;897;alpha;0;0.012198841110094541
S007;908;alpha;0;0.014058679706601468
S007;916;alpha;0;0.454396504642272
S007;918;alpha;0;0.22510334460729048
S007;930;alpha;0;0.01712014674411495
S007;962;alpha;0;0.37459434399629116
S007;978;alpha;0;0.03007751937984496
S007;986;alpha;1;0.454396504642272
S007;987;alpha;0;0.22510334460729048
S007;1014;alpha;0;0.28258221680876977
S007;1032;alpha;0;0.08973935994721215
S007;1044;alpha;0;0.11368277739959155
S007;1065;alpha;0;0.22510334460729048
S007;1067;alpha;0;0.454396504642272
S007;1069;alpha;0;0.08973935994721215
S007;1072;alpha;0;0.454396504642272
S007;1139;alpha;0;0.454396504642272
S007;1157;alpha;0;0.37459434399629116
S007;1163;alpha;1;0.22510334460729048
S007;1164;alpha;1;0.454396504642272
S007;1165;alpha;1;0.454396504642272
S007;1166;alpha;0;0.16335227272727273
S007;1168;alpha;0;0.37459434399629116
S007;1171;alpha;1;0.454396504642272
S007;1172;alpha;0;0.02786282914880588
S007;1182;alpha;1;0.454396504642272
S007;1183;alpha;1;0.28258221680876977
S007;1184;alpha;0;0.454396504642272
S007;1228;alpha;0;0.454396504642272
S007;1231;alpha;0;0.37459434399629116
S007;1234;alpha;0;0.37459434399629116
S007;1236;alpha;1;0.28258221680876977
S007;1237;alpha;0;0.05497957901350927
S007;1249;alpha;1;0.454396504642272
S007;1250;alpha;0;0.28258221680876977
S007;1253;alpha;0;0.014058679706601468
S007;1320;alpha;0;0.005474452554744526
S007;1339;alpha;0;0.11368277739959155
S007;1365;alpha;0;0.37459434399629116
S007;1380;alpha;0;0.16335227272727273
S007;1405;alpha;1;0.454396504642272
S007;1406;alpha;0;0.03917267314321529
S007;1426;alpha;0;0.454396504642272
S008;19;alpha;0;0.454396504642272
S008;46;alpha;0;0.08973935994721215
S008;52;alpha;0;0.11368277739959155
S008;59;alpha;1;0.28258221680876977
S008;60;alpha;0;0.005474452554744526
S008;72;alpha;0;0.37459434399629116
S008;76;alpha;0;0.454396504642272
S008;79;alpha;0;0.28258221680876977
S008;82;alpha;0;0.454396504642272
S008;84;alpha;0;0.16335227272727273
S008;100;alpha;1;0.454396504642272
S008;101;alpha;0;0.11368277739959155
S008;103;alpha;0;0.454396504642272
S008;120;alpha;0;0.22510334460729048
S008;122;alpha;0;0.37459434399629116
S008;174;alpha;0;0.22510334460729048
S008;179;alpha;0;0.37459434399629116
S008;182;alpha;0;0.37459434399629116
S008;184;alpha;0;0.01712014674411495
S008;205;alpha;1;0.37459434399629116
S008;206;alpha;0;0.05497957901350927
S008;209;alpha;0;0.28258221680876977
S008;235;alpha;0;0.37459434399629116
S008;261;alpha;0;0.454396504642272
S008;288;alpha;0;0.06172049888071634
S008;296;alpha;0;0.03917267314321529
S008;300;alpha;0;0.454396504642272
S008;308;alpha;0;0.06172049888071634
S008;341;alpha;0;0.454396504642272
S008;343;alpha;0;0.37459434399629116
S008;348;alpha;0;0.454396504642272
S008;360;alpha;0;0.03917267314321529
S008;388;alpha;0;0.11368277739959155
S008;395;alpha;1;0.37459434399629116
S008;396;alpha;1;0.454396504642272
S008;397;alpha;1;0.454396504642272
S008;398;alpha;1;0.28258221680876977
S008;399;alpha;0;0.37459434399629116
S008;409;alpha;0;0.454396504642272
S008;412;alpha;0;0.28258221680876977
S008;416;alpha;0;0.454396504642272
S008;466;alpha;0;0.37459434399629116
S008;471;alpha;0;0.454396504642272
S008;502;alpha;1;0.37459434399629116
S008;503;alpha;1;0.28258221680876977
S008;504;alpha;0;0.01712014674411495
S008;526;alpha;0;0.22510334460729048
S008;553;alpha;0;0.454396504642272
S008;561;alpha;0;0.11368277739959155
S008;591;alpha;0;0.37459434399629116
S008;594;alpha;0;0.454396504642272
S008;629;alpha;0;0.22510334460729048
S008;636;alpha;0;0.22510334460729048
S008;640;alpha;0;0.05497957901350927
S008;651;alpha;0;0.08973935994721215
S008;690;alpha;0;0.454396504642272
S008;694;alpha;1;0.37459434399629116
S008;695;alpha;0;0.37459434399629116
S008;705;alpha;0;0.06172049888071634
S008;710;alpha;0;0.16335227272727273
S008;719;alpha;0;0.28258221680876977
S008;806;alpha;1;0.37459434399629116
S008;807;alpha;0;0.28258221680876977
S008;809;alpha;0;0.37459434399629116
S008;851;alpha;0;0.22510334460729048
S008;865;alpha;0;0.28258221680876977
S008;878;alpha;0;0.37459434399629116
S008;916;alpha;1;0.37459434399629116
S008;917;alpha;1;0.454396504642272
S008;918;alpha;0;0.02786282914880588
S008;925;alpha;1;0.37459434399629116
S008;926;alpha;0;0.08973935994721215
S008;939;alpha;0;0.22510334460729048
S008;947;alpha;0;0.454396504642272
S008;953;alpha;0;0.16335227272727273
S008;975;alpha;0;0.37459434399629116
S008;977;alpha;0;0.454396504642272
S008;980;alpha;0;0.06172049888071634
S008;1003;alpha;0;0.11368277739959155
S008;1032;alpha;1;0.454396504642272
S008;1033;alpha;0;0.03007751937984496
S008;1088;alpha;0;0.454396504642272
S008;1113;alpha;1;0.454396504642272
S008;1114;alpha;1;0.28258221680876977
S008;1115;alpha;0;0.22510334460729048
S008;1143;alpha;0;0.03007751937984496
S008;1146;alpha;0;0.08973935994721215
S008;1164;alpha;0;0.37459434399629116
S008;1182;alpha;1;0.37459434399629116
S008;1183;alpha;0;0.28258221680876977
S008;1187;alpha;0;0.454396504642272
S008;1191;alpha;0;0.08973935994721215
S008;1219;alpha;1;0.37459434399629116
S008;1220;alpha;0;0.454396504642272
S008;1222;alpha;0;0.28258221680876977
S008;1224;alpha;0;0.05497957901350927
S008;1238;alpha;0;0.37459434399629116
S008;1240;alpha;0;0.37459434399629116
S008;1245;alpha;1;0.454396504642272
S008;1246;alpha;0;0.22510334460729048
S008;1249;alpha;0;0.05497957901350927
S008;1252;alpha;0;0.28258221680876977
S008;1333;alpha;0;0.454396504642272
S008;1351;alpha;0;0.28258221680876977
S008;1364;alpha;0;0.28258221680876977
S008;1395;alpha;0;0.03007751937984496
S008;1438;alpha;0;0.11368277739959155
S009;1;alpha;0;0.03917267314321529
S009;4;alpha;0;0.22510334460729048
S009;7;alpha;1;0.37459434399629116
S009;8;alpha;0;0.012198841110094541
S009;12;alpha;0;0.454396504642272
S009;51;alpha;0;0.37459434399629116
S009;66;alpha;0;0.454396504642272
S009;79;alpha;0;0.28258221680876977
S009;89;alpha;0;0.28258221680876977
S009;91;alpha;0;0.22510334460729048
S009;93;alpha;0;0.01712014674411495
S009;111;alpha;1;0.454396504642272
S009;112;alpha;0;0.37459434399629116
S009;138;alpha;0;0.37459434399629116
S009;160;alpha;0;0.37459434399629116
S009;169;alpha;1;0.454396504642272
S009;170;alpha;0;0.28258221680876977
S009;176;alpha;1;0.454396504642272
S009;177;alpha;1;0.37459434399629116
S009;178;alpha;0;0.22510334460729048
S009;185;alpha;0;0.37459434399629116
S009;198;alpha;0;0.28258221680876977
S009;201;alpha;0;0.28258221680876977
S009;209;alpha;1;0.28258221680876977
S009;210;alpha;0;0.16335227272727273
S009;214;alpha;1;0.22510334460729048
S009;215;alpha;0;0.22510334460729048
S009;224;alpha;0;0.22510334460729048
S009;251;alpha;0;0.37459434399629116
S009;261;alpha;0;0.16335227272727273
S009;271;alpha;0;0.454396504642272
S009;284;alpha;0;0.454396504642272
S009;306;alpha;0;0.454396504642272
S009;308;alpha;0;0.03917267314321529
S009;316;alpha;0;0.08973935994721215
S009;327;alpha;1;0.22510334460729048
S009;328;alpha;0;0.06172049888071634
S009;334;alpha;1;0.37459434399629116
S009;335;alpha;0;0.012198841110094541
S009;354;alpha;0;0.22510334460729048
S009;359;alpha;0;0.454396504642272
S009;363;alpha;0;0.454396504642272
S009;365;alpha;0;0.28258221680876977
S009;367;alpha;0;0.454396504642272
S009;370;alpha;0;0.454396504642272
S009;387;alpha;0;0.11368277739959155
S009;391;alpha;1;0.11368277739959155
S009;392;alpha;1;0.22510334460729048
S009;393;alpha;0;0.37459434399629116
S009;399;alpha;1;0.28258221680876977
S009;400;alpha;1;0.28258221680876977
S009;401;alpha;0;0.11368277739959155
S009;413;alpha;0;0.03917267314321529
S009;426;alpha;0;0.37459434399629116
S009;433;alpha;0;0.454396504642272
S009;437;alpha;0;0.16335227272727273
S009;454;alpha;1;0.454396504642272
S009;455;alpha;1;0.454396504642272
S009;456;alpha;0;0.28258221680876977
S009;476;alpha;0;0.06172049888071634
S009;525;alpha;0;0.22510334460729048
S009;544;alpha;0;0.22510334460729048
S009;548;alpha;0;0.37459434399629116
S009;550;alpha;0;0.454396504642272
S009;553;alpha;0;0.28258221680876977
S009;556;alpha;1;0.11368277739959155
S009;557;alpha;0;0.05497957901350927
S009;560;alpha;0;0.05497957901350927
S009;575;alpha;0;0.005145278450363196
S009;595;alpha;0;0.454396504642272
S009;597;alpha;0;0.16335227272727273
S009;625;alpha;0;0.05497957901350927
S009;631;alpha;0;0.28258221680876977
S009;633;alpha;0;0.05497957901350927
S009;641;alpha;0;0.28258221680876977
S009;660;alpha;1;0.37459434399629116
S009;661;alpha;0;0.03917267314321529
S009;664;alpha;1;0.28258221680876977
S009;665;alpha;1;0.22510334460729048
S009;666;alpha;0;0.03917267314321529
S009;672;alpha;0;0.08973935994721215
S009;699;alpha;0;0.03007751937984496
S009;715;alpha;0;0.37459434399629116
S009;720;alpha;0;0.28258221680876977
S009;722;alpha;0;0.37459434399629116
S009;734;alpha;1;0.454396504642272
S009;735;alpha;1;0.28258221680876977
S009;736;alpha;1;0.22510334460729048
S009;737;alpha;1;0.03007751937984496
S009;738;alpha;0;0.005474452554744526
S009;740;alpha;0;0.012198841110094541
S009;747;alpha;0;0.37459434399629116
S009;798;alpha;0;0.454396504642272
S009;800;alpha;0;0.22510334460729048
S009;803;alpha;0;0.37459434399629116
S009;816;alpha;0;0.28258221680876977
S009;818;alpha;1;0.16335227272727273
S009;819;alpha;1;0.454396504642272
S009;820;alpha;0;0.03917267314321529
S009;843;alpha;0;0.16335227272727273
S009;864;alpha;0;0.454396504642272
S009;866;alpha;0;0.05497957901350927
S009;877;alpha;0;0.16335227272727273
S009;906;alpha;0;0.11368277739959155
S009;910;alpha;0;0.37459434399629116
S009;918;alpha;0;0.454396504642272
S009;967;alpha;0;0.454396504642272
S009;972;alpha;0;0.37459434399629116
S009;974;alpha;1;0.37459434399629116
S009;975;alpha;0;0.16335227272727273
S009;990;alpha;0;0.08973935994721215
S009;1024;alpha;0;0.454396504642272
S009;1032;alpha;1;0.454396504642272
S009;1033;alpha;1;0.11368277739959155
S009;1034;alpha;1;0.37459434399629116
S009;1035;alpha;0;0.005145278450363196
S009;1038;alpha;1;0.28258221680876977
S009;1039;alpha;0;0.37459434399629116
S009;1065;alpha;0;0.06172049888071634
S009;1073;alpha;0;0.16335227272727273
S009;1082;alpha;0;0.004512635379061372
S009;1089;alpha;1;0.37459434399629116
S009;1090;alpha;1;0.11368277739959155
S009;1091;alpha;0;0.06172049888071634
S009;1112;alpha;0;0.454396504642272
S009;1132;alpha;1;0.37459434399629116
S009;1133;alpha;1;0.454396504642272
S009;1134;alpha;0;0.454396504642272
S009;1138;alpha;1;0.454396504642272
S009;1139;alpha;0;0.22510334460729048
S009;1142;alpha;1;0.454396504642272
S009;1143;alpha;0;0.37459434399629116
S009;1145;alpha;1;0.37459434399629116
S009;1146;alpha;0;0.05497957901350927
S009;1168;alpha;0;0.11368277739959155
S009;1201;alpha;0;0.03917267314321529
S009;1209;alpha;1;0.454396504642272
S009;1210;alpha;0;0.37459434399629116
S009;1215;alpha;0;0.454396504642272
S009;1217;alpha;0;0.37459434399629116
S009;1219;alpha;1;0.454396504642272
S009;1220;alpha;0;0.37459434399629116
S009;1231;alpha;0;0.37459434399629116
S009;1256;alpha;0;0.454396504642272
S009;1329;alpha;0;0.28258221680876977
S009;1331;alpha;1;0.454396504642272
S009;1332;alpha;0;0.05497957901350927
S009;1349;alpha;0;0.454396504642272
S009;1366;alpha;0;0.22510334460729048
S009;1397;alpha;0;0.37459434399629116
S009;1414;alpha;0;0.008179339594062406
S010;13;alpha;0;0.11368277739959155
S010;25;alpha;0;0.37459434399629116
S010;36;alpha;1;0.454396504642272
S010;37;alpha;0;0.37459434399629116
S010;42;alpha;0;0.37459434399629116
S010;54;alpha;0;0.22510334460729048
S010;56;alpha;0;0.28258221680876977
S010;64;alpha;0;0.08973935994721215
S010;71;alpha;0;0.37459434399629116
S010;73;alpha;1;0.28258221680876977
S010;74;alpha;0;0.454396504642272
S010;85;alpha;0;0.454396504642272
S010;89;alpha;0;0.11368277739959155
S010;91;alpha;0;0.37459434399629116
S010;100;alpha;0;0.22510334460729048
S010;104;alpha;0;0.28258221680876977
S010;115;alpha;0;0.11368277739959155
S010;117;alpha;0;0.454396504642272
S010;119;alpha;0;0.11368277739959155
S010;125;alpha;0;0.11368277739959155
S010;185;alpha;0;0.28258221680876977
S010;203;alpha;0;0.454396504642272
S010;205;alpha;0;0.37459434399629116
S010;208;alpha;1;0.37459434399629116
S010;209;alpha;1;0.454396504642272
S010;210;alpha;1;0.37459434399629116
S010;211;alpha;1;0.37459434399629116
S010;212;alpha;1;0.28258221680876977
S010;213;alpha;0;0.08973935994721215
S010;215;alpha;1;0.22510334460729048
S010;216;alpha;0;0.16335227272727273
S010;245;alpha;0;0.454396504642272
S010;247;alpha;0;0.22510334460729048
S010;249;alpha;1;0.454396504642272
S010;250;alpha;0;0.06172049888071634
S010;272;alpha;0;0.28258221680876977
S010;284;alpha;0;0.06172049888071634
S010;305;alpha;0;0.16335227272727273
S010;307;alpha;0;0.37459434399629116
S010;338;alpha;0;0.05497957901350927
S010;354;alpha;1;0.22510334460729048
S010;355;alpha;0;0.16335227272727273
S010;367;alpha;1;0.37459434399629116
S010;368;alpha;0;0.11368277739959155
S010;375;alpha;0;0.22510334460729048
S010;377;alpha;0;0.37459434399629116
S010;380;alpha;0;0.05497957901350927
S010;411;alpha;1;0.454396504642272
S010;412;alpha;0;0.22510334460729048
S010;414;alpha;1;0.28258221680876977
S010;415;alpha;0;0.005474452554744526
S010;431;alpha;0;0.37459434399629116
S010;433;alpha;1;0.28258221680876977
S010;434;alpha;0;0.28258221680876977
S010;436;alpha;0;0.22510334460729048
S010;440;alpha;0;0.28258221680876977
S010;445;alpha;0;0.007541478129713424
S010;462;alpha;0;0.16335227272727273
S010;488;alpha;0;0.06172049888071634
S010;490;alpha;1;0.37459434399629116
S010;491;alpha;0;0.16335227272727273
S010;523;alpha;1;0.454396504642272
S010;524;alpha;0;0.007541478129713424
S010;528;alpha;0;0.454396504642272
S010;544;alpha;0;0.16335227272727273
S010;584;alpha;0;0.37459434399629116
S010;592;alpha;0;0.01712014674411495
S010;595;alpha;0;0.454396504642272
S010;606;alpha;0;0.06172049888071634
S010;617;alpha;0;0.454396504642272
S010;629;alpha;0;0.454396504642272
S010;643;alpha;1;0.454396504642272
S010;644;alpha;0;0.454396504642272
S010;648;alpha;1;0.454396504642272
S010;649;alpha;0;0.454396504642272
S010;672;alpha;0;0.03007751937984496
S010;679;alpha;0;0.22510334460729048
S010;681;alpha;1;0.37459434399629116
S010;682;alpha;0;0.16335227272727273
S010;688;alpha;1;0.37459434399629116
S010;689;alpha;0;0.22510334460729048
S010;697;alpha;0;0.37459434399629116
S010;725;alpha;0;0.11368277739959155
S010;738;alpha;0;0.22510334460729048
S010;748;alpha;1;0.37459434399629116
S010;749;alpha;1;0.454396504642272
S010;750;alpha;0;0.22510334460729048
S010;753;alpha;0;0.22510334460729048
S010;769;alpha;0;0.454396504642272
S010;788;alpha;0;0.28258221680876977
S010;792;alpha;1;0.454396504642272
S010;793;alpha;1;0.454396504642272
S010;794;alpha;0;0.37459434399629116
S010;798;alpha;0;0.01712014674411495
S010;800;alpha;0;0.16335227272727273
S010;813;alpha;0;0.08973935994721215
S010;822;alpha;0;0.01712014674411495
S010;870;alpha;0;0.37459434399629116
S010;885;alpha;0;0.37459434399629116
S010;898;alpha;0;0.28258221680876977
S010;916;alpha;0;0.454396504642272
S010;918;alpha;1;0.16335227272727273
S010;919;alpha;0;0.37459434399629116
S010;934;alpha;1;0.454396504642272
S010;935;alpha;0;0.16335227272727273
S010;951;alpha;0;0.16335227272727273
S010;956;alpha;0;0.28258221680876977
S010;962;alpha;0;0.22510334460729048
S010;964;alpha;1;0.37459434399629116
S010;965;alpha;0;0.16335227272727273
S010;971;alpha;1;0.454396504642272
S010;972;alpha;1;0.454396504642272
S010;973;alpha;0;0.22510334460729048
S010;980;alpha;0;0.03917267314321529
S010;990;alpha;0;0.01712014674411495
S010;994;alpha;0;0.22510334460729048
S010;1025;alpha;0;0.007541478129713424
S010;1031;alpha;0;0.16335227272727273
S010;1044;alpha;1;0.37459434399629116
S010;1045;alpha;0;0.06172049888071634
S010;1083;alpha;0;0.22510334460729048
S010;1096;alpha;0;0.06172049888071634
S010;1111;alpha;0;0.454396504642272
S010;1114;alpha;0;0.454396504642272
S010;1119;alpha;1;0.454396504642272
S010;1120;alpha;0;0.06172049888071634
S010;1123;alpha;1;0.454396504642272
S010;1124;alpha;0;0.08973935994721215
S010;1153;alpha;0;0.06172049888071634
S010;1157;alpha;1;0.454396504642272
S010;1158;alpha;0;0.37459434399629116
S010;1160;alpha;0;0.05497957901350927
S010;1167;alpha;1;0.37459434399629116
S010;1168;alpha;0;0.28258221680876977
S010;1172;alpha;0;0.06172049888071634
S010;1185;alpha;1;0.454396504642272
S010;1186;alpha;0;0.16335227272727273
S010;1205;alpha;0;0.11368277739959155
S010;1222;alpha;0;0.37459434399629116
S010;1232;alpha;0;0.37459434399629116
S010;1234;alpha;0;0.11368277739959155
S010;1236;alpha;1;0.37459434399629116
S010;1237;alpha;0;0.28258221680876977
S010;1239;alpha;1;0.454396504642272
S010;1240;alpha;0;0.28258221680876977
S011;2;alpha;0;0.37459434399629116
S011;4;alpha;0;0.22510334460729048
S011;18;alpha;1;0.37459434399629116
S011;19;alpha;0;0.03917267314321529
S011;35;alpha;0;0.05497957901350927
S011;60;alpha;0;0.28258221680876977
S011;65;alpha;0;0.08973935994721215
S011;68;alpha;0;0.22510334460729048
S011;83;alpha;1;0.454396504642272
S011;84;alpha;1;0.28258221680876977
S011;85;alpha;0;0.22510334460729048
S011;87;alpha;1;0.454396504642272
S011;88;alpha;1;0.454396504642272
S011;89;alpha;0;0.11368277739959155
S011;95;alpha;0;0.03007751937984496
S011;105;alpha;0;0.02786282914880588
S011;108;alpha;1;0.28258221680876977
S011;109;alpha;0;0.16335227272727273
S011;114;alpha;1;0.22510334460729048
S011;115;alpha;1;0.37459434399629116
S011;116;alpha;0;0.22510334460729048
S011;128;alpha;0;0.22510334460729048
S011;130;alpha;0;0.03007751937984496
S011;133;alpha;0;0.28258221680876977
S011;136;alpha;0;0.01712014674411495
S011;156;alpha;0;0.03007751937984496
S011;166;alpha;0;0.454396504642272
S011;170;alpha;0;0.454396504642272
S011;172;alpha;0;0.37459434399629116
S011;211;alpha;0;0.22510334460729048
S011;222;alpha;1;0.454396504642272
S011;223;alpha;0;0.22510334460729048
S011;231;alpha;0;0.28258221680876977
S011;236;alpha;1;0.37459434399629116
S011;237;alpha;0;0.37459434399629116
S011;240;alpha;0;0.454396504642272
S011;267;alpha;0;0.22510334460729048
S011;270;alpha;0;0.22510334460729048
S011;304;alpha;0;0.454396504642272
S011;307;alpha;0;0.28258221680876977
S011;313;alpha;0;0.11368277739959155
S011;322;alpha;0;0.454396504642272
S011;342;alpha;0;0.37459434399629116
S011;383;alpha;0;0.454396504642272
S011;386;alpha;0;0.014058679706601468
S011;392;alpha;0;0.454396504642272
S011;399;alpha;0;0.11368277739959155
S011;420;alpha;0;0.05497957901350927
S011;435;alpha;1;0.454396504642272
S011;436;alpha;0;0.03917267314321529
S011;443;alpha;0;0.08973935994721215
S011;460;alpha;1;0.454396504642272
S011;461;alpha;0;0.37459434399629116
S011;465;alpha;0;0.22510334460729048
S011;467;alpha;0;0.37459434399629116
S011;477;alpha;0;0.22510334460729048
S011;485;alpha;0;0.11368277739959155
S011;487;alpha;0;0.28258221680876977
S011;489;alpha;1;0.454396504642272
S011;490;alpha;1;0.37459434399629116
S011;491;alpha;0;0.28258221680876977
S011;493;alpha;0;0.28258221680876977
S011;496;alpha;0;0.37459434399629116
S011;500;alpha;0;0.05497957901350927
S011;510;alpha;0;0.012198841110094541
S011;515;alpha;0;0.37459434399629116
S011;547;alpha;0;0.454396504642272
S011;551;alpha;0;0.37459434399629116
S011;556;alpha;0;0.28258221680876977
S011;560;alpha;0;0.454396504642272
S011;610;alpha;0;0.37459434399629116
S011;632;alpha;0;0.11368277739959155
S011;636;alpha;0;0.454396504642272
S011;641;alpha;0;0.06172049888071634
S011;651;alpha;0;0.22510334460729048
S011;661;alpha;0;0.454396504642272
S011;663;alpha;0;0.28258221680876977
S011;665;alpha;1;0.37459434399629116
S011;666;alpha;0;0.28258221680876977
S011;670;alpha;0;0.16335227272727273
S011;691;alpha;0;0.05497957901350927
S011;696;alpha;1;0.37459434399629116
S011;697;alpha;0;0.454396504642272
S011;699;alpha;1;0.28258221680876977
S011;700;alpha;0;0.08973935994721215
S011;739;alpha;0;0.28258221680876977
S011;755;alpha;0;0.28258221680876977
S011;757;alpha;1;0.454396504642272
S011;758;alpha;0;0.16335227272727273
S011;761;alpha;1;0.28258221680876977
S011;762;alpha;0;0.454396504642272
S011;777;alpha;0;0.22510334460729048
S011;780;alpha;0;0.005474452554744526
S011;790;alpha;1;0.454396504642272
S011;791;alpha;0;0.37459434399629116
S011;797;alpha;1;0.454396504642272
S011;798;alpha;0;0.11368277739959155
S011;801;alpha;0;0.012198841110094541
S011;864;alpha;0;0.37459434399629116
S011;884;alpha;0;0.16335227272727273
S011;892;alpha;0;0.37459434399629116
S011;902;alpha;0;0.28258221680876977
S011;905;alpha;0;0.37459434399629116
S011;908;alpha;0;0.28258221680876977
S011;910;alpha;1;0.454396504642272
S011;911;alpha;0;0.11368277739959155
S011;915;alpha;0;0.05497957901350927
S011;919;alpha;0;0.05497957901350927
S011;929;alpha;0;0.05497957901350927
S011;935;alpha;0;0.22510334460729048
S011;939;alpha;0;0.37459434399629116
S011;943;alpha;1;0.37459434399629116
S011;944;alpha;0;0.22510334460729048
S011;965;alpha;0;0.16335227272727273
S011;967;alpha;1;0.28258221680876977
S011;968;alpha;1;0.454396504642272
S011;969;alpha;0;0.11368277739959155
S011;971;alpha;0;0.37459434399629116
S011;983;alpha;1;0.37459434399629116
S011;984;alpha;0;0.454396504642272
S011;1007;alpha;0;0.06172049888071634
S011;1043;alpha;0;0.37459434399629116
S011;1081;alpha;1;0.37459434399629116
S011;1082;alpha;0;0.03917267314321529
S011;1084;alpha;0;0.01712014674411495
S011;1107;alpha;0;0.03007751937984496
S011;1162;alpha;0;0.28258221680876977
S011;1188;alpha;0;0.454396504642272
S011;1215;alpha;0;0.008179339594062406
S011;1235;alpha;0;0.28258221680876977
S011;1252;alpha;0;0.05497957901350927
S011;1341;alpha;0;0.454396504642272
S011;1371;alpha;0;0.454396504642272
S011;1404;alpha;0;0.28258221680876977
S011;1411;alpha;1;0.16335227272727273
S011;1412;alpha;0;0.11368277739959155
S011;1418;alpha;1;0.37459434399629116
S011;1419;alpha;0;0.28258221680876977
S011;1430;alpha;1;0.22510334460729048
S011;1431;alpha;0;0.22510334460729048
S012;12;alpha;0;0.454396504642272
S012;14;alpha;0;0.16335227272727273
S012;80;alpha;0;0.37459434399629116
S012;82;alpha;1;0.454396504642272
S012;83;alpha;0;0.454396504642272
S012;100;alpha;0;0.16335227272727273
S012;119;alpha;1;0.454396504642272
S012;120;alpha;1;0.28258221680876977
S012;121;alpha;0;0.06172049888071634
S012;126;alpha;0;0.454396504642272
S012;143;alpha;0;0.37459434399629116
S012;146;alpha;1;0.37459434399629116
S012;147;alpha;0;0.37459434399629116
S012;150;alpha;0;0.16335227272727273
S012;158;alpha;0;0.05497957901350927
S012;162;alpha;0;0.16335227272727273
S012;166;alpha;1;0.06172049888071634
S012;167;alpha;1;0.454396504642272
S012;168;alpha;0;0.01712014674411495
S012;178;alpha;1;0.454396504642272
S012;179;alpha;0;0.28258221680876977
S012;204;alpha;0;0.11368277739959155
S012;225;alpha;0;0.22510334460729048
S012;287;alpha;0;0.37459434399629116
S012;289;alpha;0;0.28258221680876977
S012;293;alpha;0;0.37459434399629116
S012;306;alpha;0;0.014058679706601468
S012;309;alpha;0;0.454396504642272
S012;338;alpha;0;0.37459434399629116
S012;343;alpha;0;0.454396504642272
S012;346;alpha;1;0.37459434399629116
S012;347;alpha;0;0.16335227272727273
S012;352;alpha;0;0.28258221680876977
S012;356;alpha;0;0.08973935994721215
S012;360;alpha;0;0.02786282914880588
S012;420;alpha;0;0.22510334460729048
S012;422;alpha;1;0.454396504642272
S012;423;alpha;0;0.11368277739959155
S012;426;alpha;0;0.22510334460729048
S012;429;alpha;0;0.37459434399629116
S012;437;alpha;0;0.02786282914880588
S012;451;alpha;0;0.03917267314321529
S012;453;alpha;0;0.06172049888071634
S012;456;alpha;1;0.454396504642272
S012;457;alpha;0;0.37459434399629116
S012;460;alpha;1;0.454396504642272
S012;461;alpha;1;0.37459434399629116
S012;462;alpha;0;0.16335227272727273
S012;472;alpha;0;0.22510334460729048
S012;488;alpha;0;0.03007751937984496
S012;509;alpha;1;0.454396504642272
S012;510;alpha;0;0.454396504642272
S012;512;alpha;0;0.37459434399629116
S012;514;alpha;0;0.28258221680876977
S012;543;alpha;0;0.28258221680876977
S012;556;alpha;1;0.454396504642272
S012;557;alpha;0;0.28258221680876977
S012;566;alpha;0;0.454396504642272
S012;581;alpha;0;0.454396504642272
S012;583;alpha;1;0.454396504642272
S012;584;alpha;0;0.11368277739959155
S012;610;alpha;1;0.37459434399629116
S012;611;alpha;0;0.06172049888071634
S012;660;alpha;0;0.02786282914880588
S012;665;alpha;0;0.012198841110094541
S012;685;alpha;1;0.28258221680876977
S012;686;alpha;0;0.28258221680876977
S012;692;alpha;0;0.03917267314321529
S012;699;alpha;0;0.28258221680876977
S012;710;alpha;0;0.28258221680876977
S012;713;alpha;1;0.22510334460729048
S012;714;alpha;0;0.28258221680876977
S012;716;alpha;0;0.08973935994721215
S012;723;alpha;0;0.16335227272727273
S012;764;alpha;1;0.37459434399629116
S012;765;alpha;0;0.16335227272727273
S012;780;alpha;0;0.28258221680876977
S012;783;alpha;1;0.28258221680876977
S012;784;alpha;0;0.22510334460729048
S012;804;alpha;0;0.28258221680876977
S012;809;alpha;0;0.37459434399629116
S012;811;alpha;0;0.16335227272727273
S012;823;alpha;0;0.37459434399629116
S012;877;alpha;0;0.22510334460729048
S012;935;alpha;1;0.454396504642272
S012;936;alpha;1;0.16335227272727273
S012;937;alpha;0;0.37459434399629116
S012;940;alpha;0;0.28258221680876977
S012;943;alpha;0;0.16335227272727273
S012;957;alpha;0;0.28258221680876977
S012;974;alpha;1;0.454396504642272
S012;975;alpha;1;0.454396504642272
S012;976;alpha;1;0.37459434399629116
S012;977;alpha;1;0.16335227272727273
S012;978;alpha;0;0.37459434399629116
S012;987;alpha;1;0.37459434399629116
S012;988;alpha;0;0.16335227272727273
S012;996;alpha;0;0.014058679706601468
S012;999;alpha;1;0.16335227272727273
S012;1000;alpha;0;0.05497957901350927
S012;1002;alpha;0;0.007541478129713424
S012;1015;alpha;0;0.01712014674411495
S012;1037;alpha;0;0.37459434399629116
S012;1044;alpha;0;0.16335227272727273
S012;1048;alpha;0;0.22510334460729048
S012;1096;alpha;0;0.08973935994721215
S012;1099;alpha;1;0.11368277739959155
S012;1100;alpha;1;0.28258221680876977
S012;1101;alpha;1;0.01712014674411495
S012;1102;alpha;0;0.28258221680876977
S012;1105;alpha;1;0.454396504642272
S012;1106;alpha;0;0.03917267314321529
S012;1123;alpha;0;0.37459434399629116
S012;1125;alpha;0;0.08973935994721215
S012;1128;alpha;0;0.11368277739959155
S012;1138;alpha;0;0.454396504642272
S012;1181;alpha;1;0.454396504642272
S012;1182;alpha;0;0.05497957901350927
S012;1205;alpha;0;0.37459434399629116
S012;1219;alpha;0;0.28258221680876977
S012;1320;alpha;0;0.06172049888071634
S012;1341;alpha;0;0.22510334460729048
S012;1352;alpha;0;0.28258221680876977
S012;1364;alpha;1;0.28258221680876977
S012;1365;alpha;1;0.16335227272727273
S012;1366;alpha;0;0.454396504642272
S012;1385;alpha;0;0.08973935994721215
S012;1398;alpha;0;0.37459434399629116
S013;9;alpha;0;0.37459434399629116
S013;15;alpha;1;0.22510334460729048
S013;16;alpha;1;0.11368277739959155
S013;17;alpha;0;0.11368277739959155
S013;89;alpha;0;0.16335227272727273
S013;92;alpha;0;0.37459434399629116
S013;120;alpha;1;0.454396504642272
S013;121;alpha;0;0.03917267314321529
S013;133;alpha;0;0.28258221680876977
S013;161;alpha;1;0.454396504642272
S013;162;alpha;0;0.16335227272727273
S013;169;alpha;1;0.22510334460729048
S013;170;alpha;0;0.05497957901350927
S013;172;alpha;0;0.02786282914880588
S013;185;alpha;0;0.22510334460729048
S013;201;alpha;0;0.11368277739959155
S013;203;alpha;1;0.454396504642272
S013;204;alpha;0;0.454396504642272
S013;220;alpha;0;0.37459434399629116
S013;222;alpha;0;0.02786282914880588
S013;236;alpha;0;0.454396504642272
S013;241;alpha;0;0.03917267314321529
S013;263;alpha;0;0.454396504642272
S013;276;alpha;0;0.08973935994721215
S013;287;alpha;0;0.454396504642272
S013;299;alpha;0;0.28258221680876977
S013;323;alpha;0;0.37459434399629116
S013;341;alpha;1;0.22510334460729048
S013;342;alpha;1;0.28258221680876977
S013;343;alpha;1;0.454396504642272
S013;344;alpha;1;0.28258221680876977
S013;345;alpha;1;0.22510334460729048
S013;346;alpha;0;0.03917267314321529
S013;348;alpha;1;0.28258221680876977
S013;349;alpha;0;0.22510334460729048
S013;352;alpha;0;0.37459434399629116
S013;355;alpha;0;0.22510334460729048
S013;359;alpha;1;0.03917267314321529
S013;360;alpha;0;0.16335227272727273
S013;364;alpha;0;0.28258221680876977
S013;384;alpha;1;0.454396504642272
S013;385;alpha;0;0.28258221680876977
S013;388;alpha;1;0.454396504642272
S013;389;alpha;0;0.454396504642272
S013;397;alpha;0;0.28258221680876977
S013;421;alpha;0;0.37459434399629116
S013;439;alpha;0;0.06172049888071634
S013;449;alpha;0;0.22510334460729048
S013;455;alpha;0;0.37459434399629116
S013;482;alpha;0;0.454396504642272
S013;484;alpha;0;0.454396504642272
S013;487;alpha;0;0.22510334460729048
S013;492;alpha;0;0.22510334460729048
S013;513;alpha;1;0.454396504642272
S013;514;alpha;1;0.454396504642272
S013;515;alpha;0;0.22510334460729048
S013;533;alpha;0;0.37459434399629116
S013;536;alpha;0;0.11368277739959155
S013;543;alpha;1;0.37459434399629116
S013;544;alpha;0;0.37459434399629116
S013;552;alpha;0;0.454396504642272
S013;611;alpha;1;0.454396504642272
S013;612;alpha;1;0.37459434399629116
S013;613;alpha;0;0.37459434399629116
S013;628;alpha;0;0.454396504642272
S013;721;alpha;0;0.454396504642272
S013;739;alpha;1;0.22510334460729048
S013;740;alpha;1;0.454396504642272
S013;741;alpha;0;0.454396504642272
S013;756;alpha;0;0.454396504642272
S013;761;alpha;1;0.06172049888071634
S013;762;alpha;0;0.03917267314321529
S013;771;alpha;0;0.11368277739959155
S013;773;alpha;0;0.28258221680876977
S013;795;alpha;0;0.22510334460729048
S013;843;alpha;0;0.28258221680876977
S013;845;alpha;0;0.37459434399629116
S013;855;alpha;1;0.454396504642272
S013;856;alpha;0;0.28258221680876977
S013;881;alpha;0;0.11368277739959155
S013;917;alpha;1;0.08973935994721215
S013;918;alpha;0;0.37459434399629116
S013;943;alpha;0;0.37459434399629116
S013;955;alpha;0;0.28258221680876977
S013;960;alpha;0;0.014058679706601468
S013;970;alpha;0;0.16335227272727273
S013;972;alpha;1;0.454396504642272
S013;973;alpha;0;0.16335227272727273
S013;979;alpha;1;0.454396504642272
S013;980;alpha;0;0.37459434399629116
S013;1035;alpha;1;0.28258221680876977
S013;1036;alpha;0;0.37459434399629116
S013;1040;alpha;1;0.37459434399629116
S013;1041;alpha;1;0.08973935994721215
S013;1042;alpha;1;0.37459434399629116
S013;1043;alpha;0;0.37459434399629116
S013;1050;alpha;0;0.03917267314321529
S013;1052;alpha;1;0.16335227272727273
S013;1053;alpha;0;0.454396504642272
S013;1074;alpha;0;0.11368277739959155
S013;1093;alpha;1;0.454396504642272
S013;1094;alpha;0;0.22510334460729048
S013;1140;alpha;0;0.007541478129713424
S013;1158;alpha;0;0.28258221680876977
S013;1218;alpha;1;0.37459434399629116
S013;1219;alpha;1;0.454396504642272
S013;1220;alpha;0;0.37459434399629116
S013;1234;alpha;0;0.454396504642272
S013;1321;alpha;0;0.08973935994721215
S013;1337;alpha;1;0.37459434399629116
S013;1338;alpha;0;0.28258221680876977
S013;1351;alpha;1;0.28258221680876977
S013;1352;alpha;0;0.28258221680876977
S013;1385;alpha;0;0.37459434399629116
S013;1411;alpha;0;0.454396504642272
S013;1416;alpha;0;0.454396504642272
S013;1434;alpha;0;0.454396504642272
S013;1436;alpha;0;0.454396504642272
S014;5;alpha;0;0.11368277739959155
S014;37;alpha;0;0.16335227272727273
S014;46;alpha;0;0.37459434399629116
S014;80;alpha;0;0.11368277739959155
S014;108;alpha;0;0.16335227272727273
S014;118;alpha;0;0.11368277739959155
S014;135;alpha;0;0.11368277739959155
S014;159;alpha;1;0.454396504642272
S014;160;alpha;0;0.37459434399629116
S014;188;alpha;0;0.22510334460729048
S014;194;alpha;0;0.37459434399629116
S014;226;alpha;1;0.28258221680876977
S014;227;alpha;0;0.08973935994721215
S014;250;alpha;0;0.454396504642272
S014;291;alpha;0;0.22510334460729048
S014;294;alpha;1;0.454396504642272
S014;295;alpha;1;0.454396504642272
S014;296;alpha;0;0.05497957901350927
S014;321;alpha;0;0.37459434399629116
S014;329;alpha;1;0.11368277739959155
S014;330;alpha;0;0.014058679706601468
S014;332;alpha;0;0.08973935994721215
S014;337;alpha;0;0.005474452554744526
S014;349;alpha;1;0.454396504642272
S014;350;alpha;0;0.03007751937984496
S014;397;alpha;0;0.37459434399629116
S014;414;alpha;0;0.37459434399629116
S014;420;alpha;0;0.03917267314321529
S014;426;alpha;1;0.454396504642272
S014;427;alpha;1;0.454396504642272
S014;428;alpha;0;0.454396504642272
S014;431;alpha;0;0.454396504642272
S014;456;alpha;0;0.454396504642272
S014;473;alpha;0;0.37459434399629116
S014;485;alpha;0;0.37459434399629116
S014;487;alpha;1;0.454396504642272
S014;488;alpha;0;0.28258221680876977
S014;513;alpha;1;0.454396504642272
S014;514;alpha;0;0.16335227272727273
S014;518;alpha;1;0.37459434399629116
S014;519;alpha;0;0.06172049888071634
S014;526;alpha;1;0.22510334460729048
S014;527;alpha;0;0.05497957901350927
S014;531;alpha;0;0.454396504642272
S014;533;alpha;0;0.012198841110094541
S014;540;alpha;1;0.454396504642272
S014;541;alpha;1;0.16335227272727273
S014;542;alpha;0;0.08973935994721215
S014;581;alpha;0;0.11368277739959155
S014;592;alpha;0;0.454396504642272
S014;619;alpha;0;0.11368277739959155
S014;632;alpha;0;0.16335227272727273
S014;634;alpha;0;0.22510334460729048
S014;636;alpha;0;0.37459434399629116
S014;641;alpha;0;0.007541478129713424
S014;643;alpha;0;0.06172049888071634
S014;658;alpha;0;0.008179339594062406
S014;660;alpha;0;0.22510334460729048
S014;674;alpha;0;0.22510334460729048
S014;695;alpha;1;0.454396504642272
S014;696;alpha;0;0.22510334460729048
S014;717;alpha;0;0.37459434399629116
S014;725;alpha;0;0.28258221680876977
S014;731;alpha;0;0.28258221680876977
S014;740;alpha;0;0.28258221680876977
S014;742;alpha;0;0.37459434399629116
S014;744;alpha;0;0.28258221680876977
S014;747;alpha;0;0.454396504642272
S014;750;alpha;0;0.005474452554744526
S014;774;alpha;0;0.37459434399629116
S014;784;alpha;1;0.37459434399629116
S014;785;alpha;0;0.22510334460729048
S014;791;alpha;0;0.11368277739959155
S014;795;alpha;1;0.454396504642272
S014;796;alpha;1;0.28258221680876977
S014;797;alpha;0;0.37459434399629116
S014;812;alpha;0;0.01712014674411495
S014;840;alpha;0;0.16335227272727273
S014;856;alpha;1;0.16335227272727273
S014;857;alpha;0;0.22510334460729048
S014;889;alpha;0;0.01712014674411495
S014;905;alpha;0;0.454396504642272
S014;911;alpha;0;0.06172049888071634
S014;916;alpha;0;0.22510334460729048
S014;921;alpha;0;0.37459434399629116
S014;929;alpha;1;0.08973935994721215
S014;930;alpha;0;0.454396504642272
S014;940;alpha;1;0.22510334460729048
S014;941;alpha;0;0.37459434399629116
S014;943;alpha;0;0.37459434399629116
S014;945;alpha;0;0.16335227272727273
S014;951;alpha;0;0.014058679706601468
S014;954;alpha;1;0.22510334460729048
S014;955;alpha;0;0.28258221680876977
S014;958;alpha;0;0.16335227272727273
S014;962;alpha;0;0.012198841110094541
S014;1002;alpha;0;0.454396504642272
S014;1025;alpha;1;0.22510334460729048
S014;1026;alpha;0;0.22510334460729048
S014;1029;alpha;0;0.37459434399629116
S014;1033;alpha;0;0.22510334460729048
S014;1039;alpha;0;0.06172049888071634
S014;1082;alpha;0;0.11368277739959155
S014;1124;alpha;0;0.37459434399629116
S014;1130;alpha;0;0.454396504642272
S014;1133;alpha;0;0.11368277739959155
S014;1141;alpha;1;0.37459434399629116
S014;1142;alpha;0;0.22510334460729048
S014;1171;alpha;0;0.37459434399629116
S014;1175;alpha;0;0.37459434399629116
S014;1177;alpha;0;0.16335227272727273
S014;1213;alpha;0;0.454396504642272
S014;1216;alpha;1;0.454396504642272
S014;1217;alpha;1;0.11368277739959155
S014;1218;alpha;0;0.22510334460729048
S014;1238;alpha;0;0.37459434399629116
S014;1256;alpha;0;0.16335227272727273
S014;1342;alpha;0;0.03917267314321529
S014;1353;alpha;0;0.28258221680876977
S014;1360;alpha;0;0.16335227272727273
S014;1375;alpha;0;0.004512635379061372
S014;1378;alpha;1;0.454396504642272
S014;1379;alpha;0;0.16335227272727273
S014;1398;alpha;0;0.37459434399629116
S014;1400;alpha;1;0.454396504642272
S014;1401;alpha;1;0.454396504642272
S014;1402;alpha;0;0.007541478129713424
S014;1414;alpha;0;0.16335227272727273
S014;1425;alpha;0;0.06172049888071634
S014;1431;alpha;0;0.454396504642272
S014;1434;alpha;0;0.16335227272727273
S014;1437;alpha;0;0.37459434399629116
S015;2;alpha;0;0.16335227272727273
S015;7;alpha;0;0.37459434399629116
S015;9;alpha;1;0.22510334460729048
S015;10;alpha;0;0.28258221680876977
S015;13;alpha;0;0.005474452554744526
S015;32;alpha;1;0.454396504642272
S015;33;alpha;0;0.28258221680876977
S015;42;alpha;0;0.08973935994721215
S015;46;alpha;0;0.06172049888071634
S015;99;alpha;0;0.454396504642272
S015;119;alpha;0;0.454396504642272
S015;121;alpha;0;0.08973935994721215
S015;127;alpha;1;0.37459434399629116
S015;128;alpha;0;0.16335227272727273
S015;130;alpha;0;0.37459434399629116
S015;133;alpha;0;0.454396504642272
S015;135;alpha;0;0.22510334460729048
S015;138;alpha;0;0.03007751937984496
S015;141;alpha;1;0.454396504642272
S015;142;alpha;0;0.22510334460729048
S015;151;alpha;0;0.005145278450363196
S015;167;alpha;0;0.28258221680876977
S015;171;alpha;0;0.37459434399629116
S015;181;alpha;0;0.03007751937984496
S015;185;alpha;1;0.454396504642272
S015;186;alpha;0;0.05497957901350927
S015;191;alpha;1;0.454396504642272
S015;192;alpha;1;0.454396504642272
S015;193;alpha;0;0.16335227272727273
S015;195;alpha;0;0.16335227272727273
S015;208;alpha;1;0.11368277739959155
S015;209;alpha;0;0.454396504642272
S015;213;alpha;0;0.01712014674411495
S015;215;alpha;1;0.06172049888071634
S015;216;alpha;1;0.28258221680876977
S015;217;alpha;0;0.37459434399629116
S015;220;alpha;1;0.37459434399629116
S015;221;alpha;0;0.014058679706601468
S015;249;alpha;0;0.012198841110094541
S015;270;alpha;0;0.06172049888071634
S015;285;alpha;0;0.454396504642272
S015;287;alpha;0;0.11368277739959155
S015;296;alpha;0;0.03007751937984496
S015;316;alpha;0;0.08973935994721215
S015;318;alpha;0;0.37459434399629116
S015;320;alpha;0;0.08973935994721215
S015;330;alpha;0;0.03917267314321529
S015;338;alpha;0;0.014058679706601468
S015;390;alpha;0;0.28258221680876977
S015;416;alpha;1;0.454396504642272
S015;417;alpha;0;0.28258221680876977
S015;420;alpha;1;0.28258221680876977
S015;421;alpha;1;0.014058679706601468
S015;422;alpha;1;0.16335227272727273
S015;423;alpha;0;0.01712014674411495
S015;433;alpha;0;0.22510334460729048
S015;445;alpha;1;0.454396504642272
S015;446;alpha;0;0.454396504642272
S015;448;alpha;0;0.37459434399629116
S015;451;alpha;1;0.37459434399629116
S015;452;alpha;0;0.28258221680876977
S015;475;alpha;0;0.11368277739959155
S015;480;alpha;0;0.008179339594062406
S015;502;alpha;1;0.454396504642272
S015;503;alpha;0;0.22510334460729048
S015;505;alpha;0;0.22510334460729048
S015;512;alpha;0;0.16335227272727273
S015;518;alpha;0;0.454396504642272
S015;524;alpha;0;0.11368277739959155
S015;526;alpha;0;0.008179339594062406
S015;545;alpha;0;0.28258221680876977
S015;547;alpha;0;0.28258221680876977
S015;554;alpha;1;0.08973935994721215
S015;555;alpha;0;0.454396504642272
S015;585;alpha;0;0.37459434399629116
S015;629;alpha;0;0.28258221680876977
S015;651;alpha;0;0.22510334460729048
S015;653;alpha;0;0.08973935994721215
S015;655;alpha;0;0.37459434399629116
S015;660;alpha;1;0.08973935994721215
S015;661;alpha;0;0.37459434399629116
S015;709;alpha;0;0.06172049888071634
S015;727;alpha;0;0.454396504642272
S015;729;alpha;0;0.22510334460729048
S015;754;alpha;0;0.22510334460729048
S015;756;alpha;0;0.37459434399629116
S015;761;alpha;1;0.28258221680876977
S015;762;alpha;0;0.37459434399629116
S015;764;alpha;0;0.22510334460729048
S015;773;alpha;0;0.37459434399629116
S015;779;alpha;1;0.03007751937984496
S015;780;alpha;0;0.16335227272727273
S015;806;alpha;0;0.22510334460729048
S015;810;alpha;0;0.05497957901350927
S015;833;alpha;1;0.37459434399629116
S015;834;alpha;1;0.22510334460729048
S015;835;alpha;0;0.22510334460729048
S015;837;alpha;0;0.28258221680876977
S015;844;alpha;1;0.28258221680876977
S015;845;alpha;0;0.014058679706601468
S015;857;alpha;1;0.37459434399629116
S015;858;alpha;0;0.16335227272727273
S015;863;alpha;0;0.22510334460729048
S015;884;alpha;0;0.16335227272727273
S015;887;alpha;0;0.004512635379061372
S015;918;alpha;1;0.454396504642272
S015;919;alpha;1;0.22510334460729048
S015;920;alpha;0;0.11368277739959155
S015;947;alpha;0;0.06172049888071634
S015;950;alpha;0;0.37459434399629116
S015;979;alpha;0;0.454396504642272
S015;981;alpha;1;0.37459434399629116
S015;982;alpha;0;0.05497957901350927
S016;16;alpha;0;0.28258221680876977
S016;18;alpha;1;0.28258221680876977
S016;19;alpha;0;0.454396504642272
S016;22;alpha;1;0.37459434399629116
S016;23;alpha;1;0.37459434399629116
S016;24;alpha;0;0.454396504642272
S016;31;alpha;0;0.11368277739959155
S016;58;alpha;0;0.005474452554744526
S016;62;alpha;0;0.16335227272727273
S016;66;alpha;0;0.03007751937984496
S016;72;alpha;0;0.37459434399629116
S016;82;alpha;0;0.16335227272727273
S016;84;alpha;0;0.454396504642272
S016;110;alpha;0;0.37459434399629116
S016;140;alpha;0;0.28258221680876977
S016;142;alpha;0;0.22510334460729048
S016;171;alpha;0;0.454396504642272
S016;173;alpha;0;0.22510334460729048
S016;179;alpha;0;0.37459434399629116
S016;181;alpha;0;0.05497957901350927
S016;212;alpha;1;0.454396504642272
S016;213;alpha;1;0.37459434399629116
S016;214;alpha;0;0.454396504642272
S016;219;alpha;1;0.37459434399629116
S016;220;alpha;1;0.16335227272727273
S016;221;alpha;0;0.08973935994721215
S016;235;alpha;0;0.16335227272727273
S016;242;alpha;0;0.16335227272727273
S016;253;alpha;1;0.454396504642272
S016;254;alpha;1;0.28258221680876977
S016;255;alpha;0;0.37459434399629116
S016;257;alpha;1;0.454396504642272
S016;258;alpha;1;0.454396504642272
S016;259;alpha;0;0.454396504642272
S016;267;alpha;1;0.16335227272727273
S016;268;alpha;0;0.22510334460729048
S016;290;alpha;1;0.454396504642272
S016;291;alpha;1;0.08973935994721215
S016;292;alpha;1;0.37459434399629116
S016;293;alpha;0;0.012198841110094541
S016;296;alpha;0;0.01712014674411495
S016;298;alpha;1;0.28258221680876977
S016;299;alpha;1;0.37459434399629116
S016;300;alpha;0;0.008179339594062406
S016;328;alpha;1;0.22510334460729048
S016;329;alpha;1;0.37459434399629116
S016;330;alpha;1;0.03007751937984496
S016;331;alpha;1;0.11368277739959155
S016;332;alpha;0;0.008179339594062406
S016;346;alpha;0;0.16335227272727273
S016;348;alpha;1;0.454396504642272
S016;349;alpha;0;0.28258221680876977
S016;351;alpha;0;0.37459434399629116
S016;355;alpha;0;0.16335227272727273
S016;374;alpha;1;0.37459434399629116
S016;375;alpha;0;0.11368277739959155
S016;381;alpha;0;0.08973935994721215
S016;406;alpha;0;0.37459434399629116
S016;437;alpha;0;0.06172049888071634
S016;482;alpha;0;0.22510334460729048
S016;533;alpha;0;0.454396504642272
S016;537;alpha;0;0.28258221680876977
S016;547;alpha;0;0.22510334460729048
S016;550;alpha;0;0.11368277739959155
S016;590;alpha;0;0.11368277739959155
S016;655;alpha;1;0.22510334460729048
S016;656;alpha;0;0.16335227272727273
S016;661;alpha;0;0.008179339594062406
S016;673;alpha;0;0.11368277739959155
S016;689;alpha;1;0.454396504642272
S016;690;alpha;0;0.454396504642272
S016;696;alpha;0;0.16335227272727273
S016;714;alpha;0;0.37459434399629116
S016;716;alpha;0;0.22510334460729048
S016;719;alpha;0;0.22510334460729048
S016;730;alpha;0;0.454396504642272
S016;734;alpha;0;0.22510334460729048
S016;737;alpha;1;0.28258221680876977
S016;738;alpha;1;0.28258221680876977
S016;739;alpha;0;0.37459434399629116
S016;775;alpha;0;0.22510334460729048
S016;794;alpha;0;0.28258221680876977
S016;802;alpha;0;0.01712014674411495
S016;807;alpha;0;0.37459434399629116
S016;811;alpha;0;0.08973935994721215
S016;826;alpha;0;0.014058679706601468
S016;829;alpha;1;0.22510334460729048
S016;830;alpha;0;0.28258221680876977
S016;834;alpha;1;0.454396504642272
S016;835;alpha;0;0.02786282914880588
S016;850;alpha;1;0.22510334460729048
S016;851;alpha;0;0.37459434399629116
S016;853;alpha;1;0.37459434399629116
S016;854;alpha;0;0.22510334460729048
S016;873;alpha;0;0.11368277739959155
S016;879;alpha;1;0.454396504642272
S016;880;alpha;1;0.22510334460729048
S016;881;alpha;0;0.11368277739959155
S016;897;alpha;0;0.28258221680876977
S016;919;alpha;1;0.454396504642272
S016;920;alpha;0;0.454396504642272
S016;948;alpha;0;0.28258221680876977
S016;983;alpha;0;0.28258221680876977
S016;1034;alpha;1;0.37459434399629116
S016;1035;alpha;1;0.11368277739959155
S016;1036;alpha;0;0.06172049888071634
S016;1042;alpha;0;0.454396504642272
S016;1082;alpha;0;0.05497957901350927
S016;1095;alpha;0;0.03917267314321529
S016;1131;alpha;0;0.22510334460729048
S016;1160;alpha;0;0.28258221680876977
S016;1175;alpha;0;0.22510334460729048
S016;1185;alpha;0;0.05497957901350927
S016;1196;alpha;0;0.454396504642272
S016;1198;alpha;0;0.22510334460729048
S016;1205;alpha;0;0.454396504642272
S016;1224;alpha;0;0.454396504642272
S016;1255;alpha;1;0.454396504642272
S016;1256;alpha;0;0.28258221680876977
S016;1323;alpha;1;0.37459434399629116
S016;1324;alpha;0;0.22510334460729048
S016;1343;alpha;0;0.37459434399629116
S016;1349;alpha;0;0.37459434399629116
S016;1367;alpha;0;0.454396504642272
S016;1394;alpha;1;0.03007751937984496
S016;1395;alpha;0;0.08973935994721215
S016;1399;alpha;1;0.11368277739959155
S016;1400;alpha;0;0.05497957901350927
S016;1413;alpha;0;0.005145278450363196
S016;1415;alpha;0;0.28258221680876977
S016;1429;alpha;0;0.37459434399629116
S016;1431;alpha;0;0.06172049888071634
S017;20;alpha;0;0.08973935994721215
S017;34;alpha;0;0.37459434399629116
S017;91;alpha;0;0.454396504642272
S017;118;alpha;1;0.28258221680876977
S017;119;alpha;1;0.37459434399629116
S017;120;alpha;0;0.37459434399629116
S017;132;alpha;0;0.11368277739959155
S017;137;alpha;0;0.28258221680876977
S017;139;alpha;0;0.28258221680876977
S017;141;alpha;0;0.16335227272727273
S017;143;alpha;0;0.06172049888071634
S017;149;alpha;0;0.22510334460729048
S017;156;alpha;0;0.03917267314321529
S017;163;alpha;0;0.03917267314321529
S017;183;alpha;0;0.37459434399629116
S017;196;alpha;0;0.11368277739959155
S017;201;alpha;1;0.28258221680876977
S017;202;alpha;0;0.08973935994721215
S017;237;alpha;0;0.22510334460729048
S017;257;alpha;0;0.28258221680876977
S017;305;alpha;0;0.08973935994721215
S017;307;alpha;0;0.06172049888071634
S017;324;alpha;0;0.22510334460729048
S017;330;alpha;0;0.28258221680876977
S017;336;alpha;1;0.37459434399629116
S017;337;alpha;0;0.37459434399629116
S017;350;alpha;0;0.16335227272727273
S017;352;alpha;1;0.37459434399629116
S017;353;alpha;0;0.28258221680876977
S017;369;alpha;0;0.06172049888071634
S017;375;alpha;1;0.454396504642272
S017;376;alpha;1;0.37459434399629116
S017;377;alpha;1;0.11368277739959155
S017;378;alpha;0;0.16335227272727273
S017;380;alpha;0;0.08973935994721215
S017;412;alpha;1;0.454396504642272
S017;413;alpha;0;0.22510334460729048
S017;420;alpha;0;0.01712014674411495
S017;432;alpha;0;0.22510334460729048
S017;443;alpha;0;0.22510334460729048
S017;447;alpha;0;0.11368277739959155
S017;449;alpha;0;0.06172049888071634
S017;455;alpha;0;0.11368277739959155
S017;459;alpha;0;0.454396504642272
S017;463;alpha;0;0.008179339594062406
S017;468;alpha;0;0.454396504642272
S017;482;alpha;0;0.28258221680876977
S017;510;alpha;0;0.454396504642272
S017;548;alpha;1;0.22510334460729048
S017;549;alpha;1;0.37459434399629116
S017;550;alpha;0;0.37459434399629116
S017;560;alpha;0;0.37459434399629116
S017;565;alpha;0;0.37459434399629116
S017;567;alpha;0;0.005474452554744526
S017;574;alpha;0;0.28258221680876977
S017;589;alpha;0;0.37459434399629116
S017;592;alpha;0;0.454396504642272
S017;638;alpha;1;0.454396504642272
S017;639;alpha;0;0.22510334460729048
S017;643;alpha;0;0.454396504642272
S017;654;alpha;0;0.454396504642272
S017;657;alpha;0;0.454396504642272
S017;662;alpha;1;0.28258221680876977
S017;663;alpha;0;0.014058679706601468
S017;675;alpha;0;0.22510334460729048
S017;744;alpha;0;0.454396504642272
S017;748;alpha;1;0.16335227272727273
S017;749;alpha;1;0.454396504642272
S017;750;alpha;1;0.454396504642272
S017;751;alpha;0;0.08973935994721215
S017;764;alpha;0;0.16335227272727273
S017;768;alpha;1;0.16335227272727273
S017;769;alpha;0;0.37459434399629116
S017;784;alpha;0;0.11368277739959155
S017;792;alpha;0;0.28258221680876977
S017;804;alpha;0;0.08973935994721215
S017;811;alpha;0;0.05497957901350927
S017;818;alpha;1;0.37459434399629116
S017;819;alpha;0;0.22510334460729048
S017;827;alpha;1;0.454396504642272
S017;828;alpha;0;0.28258221680876977
S017;831;alpha;0;0.28258221680876977
S017;858;alpha;0;0.37459434399629116
S017;860;alpha;0;0.28258221680876977
S017;867;alpha;0;0.454396504642272
S017;872;alpha;0;0.22510334460729048
S017;885;alpha;0;0.16335227272727273
S017;900;alpha;1;0.37459434399629116
S017;901;alpha;1;0.16335227272727273
S017;902;alpha;0;0.08973935994721215
S017;907;alpha;1;0.28258221680876977
S017;908;alpha;0;0.11368277739959155
S017;939;alpha;0;0.28258221680876977
S017;949;alpha;0;0.004512635379061372
S017;966;alpha;1;0.37459434399629116
S017;967;alpha;0;0.454396504642272
S017;972;alpha;0;0.454396504642272
S017;1000;alpha;0;0.37459434399629116
S017;1003;alpha;1;0.37459434399629116
S017;1004;alpha;0;0.02786282914880588
S017;1009;alpha;0;0.28258221680876977
S017;1015;alpha;0;0.28258221680876977
S017;1019;alpha;0;0.05497957901350927
S017;1021;alpha;1;0.454396504642272
S017;1022;alpha;0;0.03007751937984496
S017;1030;alpha;0;0.37459434399629116
S017;1044;alpha;0;0.08973935994721215
S017;1067;alpha;1;0.454396504642272
S017;1068;alpha;1;0.08973935994721215
S017;1069;alpha;0;0.05497957901350927
S017;1102;alpha;0;0.01712014674411495
S017;1106;alpha;1;0.454396504642272
S017;1107;alpha;0;0.28258221680876977
S017;1109;alpha;0;0.16335227272727273
S017;1117;alpha;0;0.28258221680876977
S017;1119;alpha;0;0.454396504642272
S017;1124;alpha;0;0.22510334460729048
S017;1128;alpha;0;0.005145278450363196
S017;1170;alpha;0;0.16335227272727273
S017;1214;alpha;0;0.08973935994721215
S017;1257;alpha;1;0.16335227272727273
S017;1320;alpha;0;0.005474452554744526
S017;1324;alpha;1;0.37459434399629116
S017;1325;alpha;0;0.11368277739959155
S017;1333;alpha;0;0.454396504642272
S017;1337;alpha;0;0.454396504642272
S017;1342;alpha;1;0.454396504642272
S017;1343;alpha;0;0.16335227272727273
S017;1359;alpha;1;0.22510334460729048
S017;1360;alpha;0;0.06172049888071634
S017;1362;alpha;1;0.22510334460729048
S017;1363;alpha;0;0.37459434399629116
S017;1384;alpha;0;0.01712014674411495
S017;1400;alpha;0;0.454396504642272
S017;1404;alpha;0;0.22510334460729048
S017;1411;alpha;0;0.454396504642272
S018;1;alpha;0;0.16335227272727273
S018;7;alpha;0;0.454396504642272
S018;9;alpha;0;0.08973935994721215
S018;17;alpha;0;0.454396504642272
S018;19;alpha;0;0.008179339594062406
S018;54;alpha;0;0.37459434399629116
S018;80;alpha;0;0.454396504642272
S018;82;alpha;0;0.37459434399629116
S018;85;alpha;0;0.37459434399629116
S018;88;alpha;0;0.03917267314321529
S018;102;alpha;0;0.37459434399629116
S018;104;alpha;1;0.37459434399629116
S018;105;alpha;0;0.008179339594062406
S018;156;alpha;1;0.454396504642272
S018;157;alpha;0;0.22510334460729048
S018;166;alpha;0;0.03007751937984496
S018;180;alpha;0;0.02786282914880588
S018;215;alpha;0;0.454396504642272
S018;227;alpha;0;0.37459434399629116
S018;231;alpha;0;0.28258221680876977
S018;247;alpha;0;0.37459434399629116
S018;250;alpha;1;0.454396504642272
S018;251;alpha;0;0.16335227272727273
S018;253;alpha;0;0.16335227272727273
S018;261;alpha;0;0.06172049888071634
S018;278;alpha;1;0.454396504642272
S018;279;alpha;1;0.454396504642272
S018;280;alpha;0;0.28258221680876977
S018;285;alpha;0;0.16335227272727273
S018;287;alpha;1;0.08973935994721215
S018;288;alpha;1;0.16335227272727273
S018;289;alpha;0;0.03007751937984496
S018;291;alpha;1;0.37459434399629116
S018;292;alpha;1;0.454396504642272
S018;293;alpha;1;0.37459434399629116
S018;294;alpha;0;0.014058679706601468
S018;296;alpha;0;0.16335227272727273
S018;299;alpha;1;0.16335227272727273
S018;300;alpha;0;0.014058679706601468
S018;313;alpha;0;0.37459434399629116
S018;316;alpha;0;0.08973935994721215
S018;320;alpha;0;0.28258221680876977
S018;334;alpha;0;0.06172049888071634
S018;349;alpha;1;0.11368277739959155
S018;350;alpha;1;0.454396504642272
S018;351;alpha;0;0.08973935994721215
S018;355;alpha;0;0.37459434399629116
S018;360;alpha;1;0.11368277739959155
S018;361;alpha;1;0.16335227272727273
S018;362;alpha;0;0.012198841110094541
S018;372;alpha;0;0.005145278450363196
S018;391;alpha;0;0.22510334460729048
S018;444;alpha;1;0.454396504642272
S018;445;alpha;1;0.22510334460729048
S018;446;alpha;0;0.37459434399629116
S018;456;alpha;1;0.37459434399629116
S018;457;alpha;1;0.454396504642272
S018;458;alpha;1;0.22510334460729048
S018;459;alpha;0;0.37459434399629116
S018;472;alpha;0;0.28258221680876977
S018;495;alpha;1;0.28258221680876977
S018;496;alpha;0;0.005474452554744526
S018;555;alpha;1;0.37459434399629116
S018;556;alpha;1;0.37459434399629116
S018;557;alpha;0;0.454396504642272
S018;561;alpha;1;0.454396504642272
S018;562;alpha;0;0.03917267314321529
S018;570;alpha;0;0.03007751937984496
S018;574;alpha;0;0.22510334460729048
S018;576;alpha;0;0.37459434399629116
S018;617;alpha;0;0.16335227272727273
S018;651;alpha;0;0.454396504642272
S018;653;alpha;0;0.28258221680876977
S018;656;alpha;0;0.454396504642272
S018;662;alpha;1;0.03917267314321529
S018;663;alpha;0;0.05497957901350927
S018;676;alpha;1;0.37459434399629116
S018;677;alpha;0;0.37459434399629116
S018;703;alpha;0;0.005474452554744526
S018;744;alpha;1;0.28258221680876977
S018;745;alpha;0;0.37459434399629116
S018;748;alpha;1;0.454396504642272
S018;749;alpha;1;0.28258221680876977
S018;750;alpha;1;0.454396504642272
S018;751;alpha;1;0.16335227272727273
S018;752;alpha;0;0.454396504642272
S018;754;alpha;1;0.03917267314321529
S018;755;alpha;0;0.02786282914880588
S018;759;alpha;0;0.05497957901350927
S018;776;alpha;0;0.454396504642272
S018;784;alpha;0;0.28258221680876977
S018;786;alpha;0;0.37459434399629116
S018;811;alpha;0;0.16335227272727273
S018;822;alpha;0;0.08973935994721215
S018;825;alpha;0;0.37459434399629116
S018;828;alpha;0;0.28258221680876977
S018;865;alpha;0;0.22510334460729048
S018;868;alpha;0;0.37459434399629116
S018;905;alpha;1;0.16335227272727273
S018;906;alpha;0;0.454396504642272
S018;908;alpha;1;0.454396504642272
S018;909;alpha;1;0.37459434399629116
S018;910;alpha;1;0.16335227272727273
S018;911;alpha;0;0.05497957901350927
S018;938;alpha;0;0.28258221680876977
S018;996;alpha;0;0.37459434399629116
S018;999;alpha;0;0.008179339594062406
S018;1038;alpha;1;0.454396504642272
S018;1039;alpha;0;0.05497957901350927
S018;1060;alpha;0;0.37459434399629116
S018;1062;alpha;1;0.28258221680876977
S018;1063;alpha;0;0.28258221680876977
S018;1081;alpha;0;0.008179339594062406
S018;1086;alpha;0;0.28258221680876977
S018;1090;alpha;0;0.012198841110094541
S018;1100;alpha;0;0.454396504642272
S018;1102;alpha;0;0.28258221680876977
S018;1104;alpha;0;0.28258221680876977
S018;1115;alpha;0;0.37459434399629116
S018;1151;alpha;0;0.37459434399629116
S018;1154;alpha;1;0.37459434399629116
S018;1155;alpha;0;0.16335227272727273
S018;1158;alpha;0;0.454396504642272
S018;1162;alpha;0;0.37459434399629116
S018;1164;alpha;1;0.37459434399629116
S018;1165;alpha;0;0.03007751937984496
S018;1169;alpha;0;0.03917267314321529
S018;1174;alpha;1;0.28258221680876977
S018;1175;alpha;0;0.37459434399629116
S018;1178;alpha;0;0.22510334460729048
S018;1206;alpha;1;0.37459434399629116
S018;1207;alpha;0;0.11368277739959155
S018;1209;alpha;1;0.37459434399629116
S018;1210;alpha;0;0.454396504642272
S018;1230;alpha;1;0.37459434399629116
S018;1231;alpha;0;0.08973935994721215
S018;1242;alpha;1;0.28258221680876977
S018;1243;alpha;0;0.454396504642272
S018;1246;alpha;0;0.454396504642272
S018;1323;alpha;0;0.06172049888071634
S018;1326;alpha;0;0.05497957901350927
S018;1333;alpha;0;0.454396504642272
S018;1335;alpha;0;0.454396504642272
S018;1337;alpha;0;0.454396504642272
S018;1351;alpha;0;0.37459434399629116
S018;1358;alpha;1;0.16335227272727273
S018;1359;alpha;0;0.03917267314321529
S018;1376;alpha;0;0.37459434399629116
S018;1389;alpha;1;0.454396504642272
S018;1390;alpha;0;0.16335227272727273
S018;1393;alpha;0;0.454396504642272
S018;1396;alpha;0;0.37459434399629116
S018;1406;alpha;0;0.22510334460729048
S018;1410;alpha;0;0.06172049888071634
S018;1415;alpha;1;0.03917267314321529
S018;1416;alpha;0;0.37459434399629116
S018;1419;alpha;0;0.454396504642272
S018;1421;alpha;0;0.012198841110094541
S018;1425;alpha;1;0.37459434399629116
S018;1426;alpha;0;0.005474452554744526
S018;1433;alpha;0;0.06172049888071634
S019;22;alpha;0;0.06172049888071634
S019;36;alpha;1;0.37459434399629116
S019;37;alpha;0;0.37459434399629116
S019;70;alpha;0;0.454396504642272
S019;80;alpha;0;0.454396504642272
S019;82;alpha;0;0.37459434399629116
S019;85;alpha;0;0.37459434399629116
S019;93;alpha;1;0.454396504642272
S019;94;alpha;0;0.37459434399629116
S019;97;alpha;0;0.22510334460729048
S019;100;alpha;1;0.37459434399629116
S019;101;alpha;0;0.11368277739959155
S019;113;alpha;0;0.37459434399629116
S019;119;alpha;0;0.28258221680876977
S019;150;alpha;0;0.37459434399629116
S019;206;alpha;1;0.454396504642272
S019;207;alpha;0;0.37459434399629116
S019;212;alpha;0;0.02786282914880588
S019;220;alpha;1;0.454396504642272
S019;221;alpha;0;0.16335227272727273
S019;241;alpha;0;0.37459434399629116
S019;245;alpha;1;0.11368277739959155
S019;246;alpha;0;0.454396504642272
S019;249;alpha;1;0.454396504642272
S019;250;alpha;1;0.454396504642272
S019;251;alpha;0;0.08973935994721215
S019;254;alpha;0;0.008179339594062406
S019;270;alpha;0;0.08973935994721215
S019;282;alpha;0;0.05497957901350927
S019;289;alpha;0;0.28258221680876977
S019;324;alpha;1;0.454396504642272
S019;325;alpha;0;0.454396504642272
S019;330;alpha;0;0.01712014674411495
S019;334;alpha;0;0.05497957901350927
S019;399;alpha;0;0.454396504642272
S019;403;alpha;0;0.22510334460729048
S019;426;alpha;1;0.454396504642272
S019;427;alpha;0;0.22510334460729048
S019;432;alpha;0;0.11368277739959155
S019;444;alpha;0;0.22510334460729048
S019;451;alpha;1;0.28258221680876977
S019;452;alpha;0;0.22510334460729048
S019;466;alpha;0;0.37459434399629116
S019;468;alpha;0;0.012198841110094541
S019;475;alpha;0;0.08973935994721215
S019;486;alpha;0;0.22510334460729048
S019;492;alpha;0;0.454396504642272
S019;494;alpha;0;0.37459434399629116
S019;514;alpha;1;0.16335227272727273
S019;515;alpha;0;0.454396504642272
S019;523;alpha;1;0.454396504642272
S019;524;alpha;1;0.454396504642272
S019;525;alpha;0;0.014058679706601468
S019;552;alpha;0;0.28258221680876977
S019;554;alpha;1;0.454396504642272
S019;555;alpha;1;0.28258221680876977
S019;556;alpha;1;0.37459434399629116
S019;557;alpha;0;0.06172049888071634
S019;562;alpha;0;0.454396504642272
S019;566;alpha;1;0.28258221680876977
S019;567;alpha;0;0.22510334460729048
S019;594;alpha;0;0.37459434399629116
S019;596;alpha;1;0.454396504642272
S019;597;alpha;0;0.014058679706601468
S019;600;alpha;1;0.16335227272727273
S019;601;alpha;0;0.004512635379061372
S019;613;alpha;0;0.08973935994721215
S019;638;alpha;1;0.454396504642272
S019;639;alpha;0;0.22510334460729048
S019;661;alpha;0;0.28258221680876977
S019;683;alpha;0;0.06172049888071634
S019;698;alpha;0;0.28258221680876977
S019;723;alpha;1;0.28258221680876977
S019;724;alpha;1;0.28258221680876977
S019;725;alpha;1;0.11368277739959155
S019;726;alpha;0;0.03917267314321529
S019;737;alpha;1;0.454396504642272
S019;738;alpha;1;0.454396504642272
S019;739;alpha;0;0.08973935994721215
S019;751;alpha;0;0.454396504642272
S019;766;alpha;1;0.454396504642272
S019;767;alpha;0;0.454396504642272
S019;769;alpha;1;0.454396504642272
S019;770;alpha;1;0.28258221680876977
S019;771;alpha;0;0.454396504642272
S019;785;alpha;0;0.454396504642272
S019;820;alpha;0;0.28258221680876977
S019;822;alpha;0;0.11368277739959155
S019;826;alpha;0;0.08973935994721215
S019;831;alpha;0;0.11368277739959155
S019;833;alpha;0;0.06172049888071634
S019;840;alpha;0;0.008179339594062406
S019;850;alpha;0;0.08973935994721215
S019;868;alpha;0;0.28258221680876977
S019;871;alpha;1;0.28258221680876977
S019;872;alpha;0;0.37459434399629116
S019;880;alpha;1;0.37459434399629116
S019;881;alpha;0;0.37459434399629116
S019;887;alpha;0;0.22510334460729048
S019;894;alpha;0;0.11368277739959155
S019;930;alpha;0;0.37459434399629116
S019;932;alpha;1;0.37459434399629116
S019;933;alpha;0;0.37459434399629116
S019;936;alpha;1;0.37459434399629116
S019;937;alpha;1;0.37459434399629116
S019;938;alpha;0;0.007541478129713424
S019;953;alpha;0;0.06172049888071634
S019;961;alpha;1;0.28258221680876977
S019;962;alpha;0;0.28258221680876977
S019;969;alpha;0;0.37459434399629116
S019;1007;alpha;1;0.37459434399629116
S019;1008;alpha;1;0.37459434399629116
S019;1009;alpha;0;0.05497957901350927
S019;1043;alpha;0;0.28258221680876977
S019;1045;alpha;0;0.16335227272727273
S019;1048;alpha;0;0.005145278450363196
S019;1081;alpha;0;0.37459434399629116
S019;1122;alpha;0;0.28258221680876977
S019;1130;alpha;0;0.22510334460729048
S019;1136;alpha;0;0.012198841110094541
S019;1143;alpha;1;0.454396504642272
S019;1144;alpha;1;0.28258221680876977
S019;1145;alpha;1;0.454396504642272
S019;1146;alpha;0;0.11368277739959155
S019;1149;alpha;0;0.05497957901350927
S019;1154;alpha;0;0.22510334460729048
S019;1156;alpha;0;0.22510334460729048
S019;1158;alpha;1;0.37459434399629116
S019;1159;alpha;0;0.16335227272727273
S019;1188;alpha;0;0.05497957901350927
S019;1210;alpha;0;0.08973935994721215
S019;1219;alpha;0;0.454396504642272
S019;1223;alpha;0;0.08973935994721215
S019;1225;alpha;1;0.454396504642272
S019;1226;alpha;0;0.012198841110094541
S019;1233;alpha;0;0.005474452554744526
S019;1329;alpha;0;0.005145278450363196
S019;1336;alpha;1;0.28258221680876977
S019;1337;alpha;1;0.28258221680876977
S019;1338;alpha;1;0.37459434399629116
S019;1339;alpha;0;0.03917267314321529
S019;1346;alpha;1;0.22510334460729048
S019;1347;alpha;0;0.28258221680876977
S019;1353;alpha;1;0.454396504642272
S019;1354;alpha;1;0.08973935994721215
S019;1355;alpha;0;0.03007751937984496
S019;1360;alpha;0;0.03007751937984496
S019;1364;alpha;0;0.454396504642272
S019;1367;alpha;0;0.22510334460729048
S019;1384;alpha;0;0.03007751937984496
S019;1403;alpha;0;0.05497957901350927
S019;1421;alpha;1;0.454396504642272
S019;1422;alpha;0;0.37459434399629116
S019;1426;alpha;0;0.01712014674411495
S019;1435;alpha;1;0.454396504642272
S019;1436;alpha;0;0.06172049888071634
S020;3;alpha;0;0.11368277739959155
S020;7;alpha;0;0.06172049888071634
S020;17;alpha;1;0.11368277739959155
S020;18;alpha;0;0.01712014674411495
S020;41;alpha;0;0.28258221680876977
S020;63;alpha;0;0.05497957901350927
S020;68;alpha;0;0.454396504642272
S020;71;alpha;1;0.16335227272727273
S020;72;alpha;0;0.16335227272727273
S020;76;alpha;1;0.454396504642272
S020;77;alpha;0;0.28258221680876977
S020;81;alpha;0;0.05497957901350927
S020;113;alpha;0;0.37459434399629116
S020;115;alpha;1;0.454396504642272
S020;116;alpha;0;0.08973935994721215
S020;143;alpha;1;0.454396504642272
S020;144;alpha;0;0.28258221680876977
S020;153;alpha;0;0.22510334460729048
S020;162;alpha;0;0.28258221680876977
S020;165;alpha;0;0.37459434399629116
S020;167;alpha;1;0.11368277739959155
S020;168;alpha;1;0.454396504642272
S020;169;alpha;0;0.06172049888071634
S020;192;alpha;0;0.37459434399629116
S020;214;alpha;0;0.22510334460729048
S020;216;alpha;0;0.37459434399629116
S020;254;alpha;0;0.03917267314321529
S020;260;alpha;0;0.007541478129713424
S020;271;alpha;0;0.37459434399629116
S020;289;alpha;0;0.454396504642272
S020;316;alpha;0;0.16335227272727273
S020;323;alpha;0;0.014058679706601468
S020;325;alpha;1;0.02786282914880588
S020;326;alpha;0;0.16335227272727273
S020;344;alpha;1;0.28258221680876977
S020;345;alpha;0;0.08973935994721215
S020;351;alpha;0;0.16335227272727273
S020;374;alpha;0;0.37459434399629116
S020;376;alpha;0;0.454396504642272
S020;385;alpha;0;0.454396504642272
S020;413;alpha;1;0.454396504642272
S020;414;alpha;0;0.37459434399629116
S020;423;alpha;1;0.454396504642272
S020;424;alpha;0;0.28258221680876977
S020;426;alpha;1;0.28258221680876977
S020;427;alpha;0;0.08973935994721215
S020;438;alpha;0;0.11368277739959155
S020;456;alpha;0;0.28258221680876977
S020;479;alpha;1;0.454396504642272
S020;480;alpha;0;0.22510334460729048
S020;486;alpha;0;0.37459434399629116
S020;488;alpha;1;0.08973935994721215
S020;489;alpha;1;0.37459434399629116
S020;490;alpha;0;0.28258221680876977
S020;494;alpha;0;0.22510334460729048
S020;502;alpha;0;0.454396504642272
S020;545;alpha;0;0.22510334460729048
S020;550;alpha;0;0.454396504642272
S020;552;alpha;0;0.22510334460729048
S020;576;alpha;0;0.06172049888071634
S020;581;alpha;0;0.03007751937984496
S020;633;alpha;0;0.11368277739959155
S020;636;alpha;0;0.22510334460729048
S020;639;alpha;0;0.454396504642272
S020;642;alpha;1;0.454396504642272
S020;643;alpha;1;0.454396504642272
S020;644;alpha;1;0.16335227272727273
S020;645;alpha;0;0.11368277739959155
S020;653;alpha;0;0.22510334460729048
S020;656;alpha;0;0.01712014674411495
S020;663;alpha;1;0.37459434399629116
S020;664;alpha;0;0.16335227272727273
S020;671;alpha;0;0.11368277739959155
S020;673;alpha;0;0.454396504642272
S020;676;alpha;0;0.28258221680876977
S020;681;alpha;0;0.454396504642272
S020;684;alpha;1;0.01712014674411495
S020;685;alpha;0;0.01712014674411495
S020;702;alpha;0;0.22510334460729048
S020;717;alpha;0;0.454396504642272
S020;733;alpha;0;0.005474452554744526
S020;747;alpha;0;0.11368277739959155
S020;770;alpha;0;0.28258221680876977
S020;773;alpha;0;0.28258221680876977
S020;778;alpha;1;0.16335227272727273
S020;779;alpha;1;0.37459434399629116
S020;780;alpha;0;0.02786282914880588
S020;783;alpha;0;0.05497957901350927
S020;785;alpha;0;0.28258221680876977
S020;798;alpha;0;0.08973935994721215
S020;819;alpha;0;0.454396504642272
S020;840;alpha;1;0.454396504642272
S020;841;alpha;0;0.454396504642272
S020;849;alpha;1;0.37459434399629116
S020;850;alpha;1;0.22510334460729048
S020;851;alpha;1;0.08973935994721215
S020;852;alpha;0;0.28258221680876977
S020;854;alpha;0;0.16335227272727273
S020;858;alpha;0;0.16335227272727273
S020;872;alpha;0;0.005474452554744526
S020;883;alpha;1;0.454396504642272
S020;884;alpha;1;0.454396504642272
S020;885;alpha;0;0.454396504642272
S020;895;alpha;0;0.454396504642272
S020;912;alpha;0;0.37459434399629116
S020;914;alpha;1;0.28258221680876977
S020;915;alpha;0;0.16335227272727273
S020;971;alpha;0;0.05497957901350927
S020;975;alpha;0;0.03917267314321529
S020;978;alpha;0;0.28258221680876977
S020;985;alpha;0;0.08973935994721215
S020;1002;alpha;0;0.11368277739959155
S020;1036;alpha;0;0.37459434399629116
S020;1039;alpha;1;0.37459434399629116
S020;1040;alpha;0;0.01712014674411495
S020;1045;alpha;1;0.454396504642272
S020;1046;alpha;0;0.11368277739959155
S020;1054;alpha;0;0.454396504642272
S020;1072;alpha;1;0.37459434399629116
S020;1073;alpha;0;0.02786282914880588
S020;1088;alpha;0;0.37459434399629116
S020;1098;alpha;1;0.28258221680876977
S020;1099;alpha;0;0.28258221680876977
S020;1103;alpha;0;0.454396504642272
S020;1105;alpha;0;0.11368277739959155
S020;1109;alpha;0;0.16335227272727273
S020;1134;alpha;0;0.28258221680876977
S020;1137;alpha;1;0.454396504642272
S020;1138;alpha;0;0.37459434399629116
S020;1140;alpha;0;0.22510334460729048
S020;1147;alpha;0;0.007541478129713424
S020;1151;alpha;0;0.22510334460729048
S020;1153;alpha;0;0.06172049888071634
S020;1170;alpha;0;0.454396504642272
S020;1172;alpha;0;0.16335227272727273
S020;1174;alpha;0;0.37459434399629116
S020;1178;alpha;0;0.03917267314321529
S020;1225;alpha;0;0.454396504642272
S020;1233;alpha;0;0.06172049888071634
S020;1236;alpha;0;0.08973935994721215
S020;1239;alpha;1;0.454396504642272
S020;1240;alpha;1;0.16335227272727273
S020;1241;alpha;0;0.004512635379061372
S020;1243;alpha;1;0.03917267314321529
S020;1244;alpha;0;0.28258221680876977
S021;16;alpha;0;0.08973935994721215
S021;45;alpha;0;0.37459434399629116
S021;48;alpha;0;0.454396504642272
S021;50;alpha;0;0.454396504642272
S021;60;alpha;0;0.03917267314321529
S021;63;alpha;1;0.03917267314321529
S021;64;alpha;0;0.16335227272727273
S021;66;alpha;0;0.28258221680876977
S021;77;alpha;0;0.16335227272727273
S021;85;alpha;0;0.06172049888071634
S021;111;alpha;0;0.454396504642272
S021;139;alpha;1;0.22510334460729048
S021;140;alpha;1;0.08973935994721215
S021;141;alpha;0;0.454396504642272
S021;143;alpha;0;0.008179339594062406
S021;153;alpha;0;0.28258221680876977
S021;167;alpha;0;0.06172049888071634
S021;173;alpha;1;0.37459434399629116
S021;174;alpha;0;0.22510334460729048
S021;208;alpha;0;0.28258221680876977
S021;210;alpha;0;0.454396504642272
S021;218;alpha;0;0.37459434399629116
S021;220;alpha;0;0.11368277739959155
S021;228;alpha;0;0.08973935994721215
S021;231;alpha;0;0.454396504642272
S021;234;alpha;1;0.28258221680876977
S021;235;alpha;1;0.28258221680876977
S021;236;alpha;0;0.02786282914880588
S021;241;alpha;0;0.004512635379061372
S021;259;alpha;0;0.454396504642272
S021;263;alpha;1;0.454396504642272
S021;264;alpha;0;0.28258221680876977
S021;266;alpha;0;0.22510334460729048
S021;271;alpha;0;0.454396504642272
S021;277;alpha;1;0.28258221680876977
S021;278;alpha;0;0.16335227272727273
S021;280;alpha;0;0.454396504642272
S021;295;alpha;0;0.06172049888071634
S021;321;alpha;0;0.454396504642272
S021;336;alpha;0;0.454396504642272
S021;340;alpha;1;0.37459434399629116
S021;341;alpha;0;0.454396504642272
S021;346;alpha;1;0.11368277739959155
S021;347;alpha;1;0.37459434399629116
S021;348;alpha;1;0.05497957901350927
S021;349;alpha;0;0.16335227272727273
S021;352;alpha;0;0.16335227272727273
S021;378;alpha;0;0.37459434399629116
S021;406;alpha;0;0.22510334460729048
S021;428;alpha;0;0.01712014674411495
S021;450;alpha;0;0.28258221680876977
S021;452;alpha;0;0.08973935994721215
S021;464;alpha;1;0.06172049888071634
S021;465;alpha;1;0.454396504642272
S021;466;alpha;0;0.28258221680876977
S021;473;alpha;0;0.454396504642272
S021;510;alpha;1;0.454396504642272
S021;511;alpha;0;0.37459434399629116
S021;514;alpha;0;0.06172049888071634
S021;519;alpha;0;0.454396504642272
S021;521;alpha;0;0.37459434399629116
S021;523;alpha;0;0.454396504642272
S021;525;alpha;0;0.454396504642272
S021;528;alpha;0;0.37459434399629116
S021;537;alpha;0;0.454396504642272
S021;541;alpha;1;0.08973935994721215
S021;542;alpha;0;0.28258221680876977
S021;560;alpha;1;0.454396504642272
S021;561;alpha;0;0.16335227272727273
S021;564;alpha;0;0.28258221680876977
S021;567;alpha;0;0.37459434399629116
S021;584;alpha;0;0.37459434399629116
S021;586;alpha;0;0.454396504642272
S021;588;alpha;0;0.454396504642272
S021;590;alpha;0;0.014058679706601468
S021;595;alpha;1;0.22510334460729048
S021;596;alpha;0;0.005145278450363196
S021;637;alpha;0;0.06172049888071634
S021;639;alpha;0;0.37459434399629116
S021;656;alpha;0;0.454396504642272
S021;678;alpha;0;0.454396504642272
S021;687;alpha;1;0.454396504642272
S021;688;alpha;0;0.37459434399629116
S021;691;alpha;0;0.08973935994721215
S021;707;alpha;0;0.16335227272727273
S021;735;alpha;0;0.22510334460729048
S021;783;alpha;0;0.014058679706601468
S021;788;alpha;1;0.454396504642272
S021;789;alpha;0;0.11368277739959155
S021;802;alpha;1;0.454396504642272
S021;803;alpha;0;0.22510334460729048
S021;807;alpha;0;0.03917267314321529
S021;813;alpha;0;0.005474452554744526
S021;894;alpha;0;0.22510334460729048
S021;925;alpha;1;0.11368277739959155
S021;926;alpha;0;0.454396504642272
S021;934;alpha;0;0.16335227272727273
S021;937;alpha;1;0.16335227272727273
S021;938;alpha;0;0.28258221680876977
S021;959;alpha;0;0.014058679706601468
S021;973;alpha;0;0.22510334460729048
S021;1027;alpha;0;0.37459434399629116
S021;1045;alpha;1;0.37459434399629116
S021;1046;alpha;0;0.454396504642272
S021;1056;alpha;0;0.37459434399629116
S021;1065;alpha;1;0.16335227272727273
S021;1066;alpha;0;0.03007751937984496
S021;1094;alpha;1;0.28258221680876977
S021;1095;alpha;0;0.28258221680876977
S021;1103;alpha;0;0.03917267314321529
S021;1138;alpha;1;0.06172049888071634
S021;1139;alpha;1;0.11368277739959155
S021;1140;alpha;1;0.16335227272727273
S021;1141;alpha;0;0.454396504642272
S021;1147;alpha;0;0.03007751937984496
S021;1170;alpha;0;0.37459434399629116
S021;1174;alpha;0;0.37459434399629116
S021;1183;alpha;0;0.28258221680876977
S021;1187;alpha;0;0.16335227272727273
S021;1190;alpha;0;0.22510334460729048
S021;1212;alpha;0;0.37459434399629116
S021;1239;alpha;1;0.11368277739959155
S021;1240;alpha;0;0.28258221680876977
S021;1242;alpha;0;0.05497957901350927
S021;1251;alpha;0;0.02786282914880588
S021;1253;alpha;0;0.11368277739959155
S021;1350;alpha;0;0.454396504642272
S021;1354;alpha;0;0.37459434399629116
S021;1356;alpha;0;0.03917267314321529
S021;1367;alpha;0;0.03007751937984496
S021;1369;alpha;0;0.22510334460729048
S021;1428;alpha;0;0.03917267314321529
S021;1430;alpha;1;0.454396504642272
S021;1431;alpha;0;0.454396504642272
S022;2;alpha;0;0.22510334460729048
S022;10;alpha;0;0.16335227272727273
S022;12;alpha;0;0.08973935994721215
S022;28;alpha;0;0.05497957901350927
S022;60;alpha;0;0.005474452554744526
S022;77;alpha;0;0.08973935994721215
S022;82;alpha;0;0.454396504642272
S022;86;alpha;1;0.22510334460729048
S022;87;alpha;0;0.37459434399629116
S022;89;alpha;0;0.37459434399629116
S022;94;alpha;0;0.454396504642272
S022;101;alpha;0;0.11368277739959155
S022;153;alpha;0;0.454396504642272
S022;178;alpha;1;0.16335227272727273
S022;179;alpha;1;0.454396504642272
S022;180;alpha;0;0.01712014674411495
S022;197;alpha;0;0.16335227272727273
S022;203;alpha;0;0.007541478129713424
S022;216;alpha;1;0.454396504642272
S022;217;alpha;0;0.03917267314321529
S022;221;alpha;0;0.37459434399629116
S022;225;alpha;1;0.454396504642272
S022;226;alpha;1;0.37459434399629116
S022;227;alpha;0;0.454396504642272
S022;229;alpha;0;0.22510334460729048
S022;231;alpha;0;0.05497957901350927
S022;237;alpha;0;0.05497957901350927
S022;239;alpha;0;0.03917267314321529
S022;241;alpha;1;0.454396504642272
S022;242;alpha;0;0.08973935994721215
S022;248;alpha;0;0.16335227272727273
S022;265;alpha;0;0.28258221680876977
S022;289;alpha;0;0.11368277739959155
S022;298;alpha;1;0.454396504642272
S022;299;alpha;1;0.454396504642272
S022;300;alpha;0;0.03917267314321529
S022;302;alpha;1;0.454396504642272
S022;303;alpha;1;0.11368277739959155
S022;304;alpha;1;0.22510334460729048
S022;305;alpha;0;0.014058679706601468
S022;317;alpha;0;0.37459434399629116
S022;320;alpha;0;0.454396504642272
S022;322;alpha;0;0.454396504642272
S022;325;alpha;0;0.22510334460729048
S022;363;alpha;0;0.06172049888071634
S022;367;alpha;0;0.03007751937984496
S022;374;alpha;0;0.37459434399629116
S022;404;alpha;0;0.454396504642272
S022;408;alpha;0;0.03917267314321529
S022;410;alpha;0;0.16335227272727273
S022;413;alpha;0;0.37459434399629116
S022;424;alpha;0;0.02786282914880588
S022;433;alpha;0;0.454396504642272
S022;435;alpha;0;0.28258221680876977
S022;449;alpha;0;0.22510334460729048
S022;456;alpha;0;0.454396504642272
S022;459;alpha;0;0.454396504642272
S022;474;alpha;1;0.37459434399629116
S022;475;alpha;0;0.11368277739959155
S022;497;alpha;1;0.454396504642272
S022;498;alpha;0;0.454396504642272
S022;501;alpha;0;0.37459434399629116
S022;513;alpha;1;0.37459434399629116
S022;514;alpha;1;0.454396504642272
S022;515;alpha;1;0.454396504642272
S022;516;alpha;1;0.454396504642272
S022;517;alpha;0;0.37459434399629116
S022;520;alpha;0;0.28258221680876977
S022;522;alpha;0;0.454396504642272
S022;544;alpha;0;0.11368277739959155
S022;546;alpha;1;0.454396504642272
S022;547;alpha;0;0.08973935994721215
S022;563;alpha;0;0.37459434399629116
S022;585;alpha;0;0.16335227272727273
S022;602;alpha;0;0.454396504642272
S022;636;alpha;0;0.454396504642272
S022;666;alpha;0;0.454396504642272
S022;672;alpha;0;0.28258221680876977
S022;705;alpha;0;0.28258221680876977
S022;707;alpha;0;0.28258221680876977
S022;710;alpha;0;0.22510334460729048
S022;712;alpha;0;0.28258221680876977
S022;725;alpha;0;0.37459434399629116
S022;744;alpha;0;0.37459434399629116
S022;746;alpha;1;0.454396504642272
S022;747;alpha;0;0.16335227272727273
S022;772;alpha;0;0.454396504642272
S022;796;alpha;0;0.06172049888071634
S022;811;alpha;0;0.28258221680876977
S022;814;alpha;0;0.37459434399629116
S022;826;alpha;1;0.28258221680876977
S022;827;alpha;1;0.28258221680876977
S022;828;alpha;1;0.22510334460729048
S022;829;alpha;0;0.454396504642272
S022;831;alpha;0;0.28258221680876977
S022;847;alpha;0;0.454396504642272
S022;850;alpha;1;0.454396504642272
S022;851;alpha;0;0.37459434399629116
S022;855;alpha;0;0.02786282914880588
S022;861;alpha;0;0.37459434399629116
S022;865;alpha;1;0.08973935994721215
S022;866;alpha;1;0.37459434399629116
S022;867;alpha;0;0.28258221680876977
S022;872;alpha;1;0.28258221680876977
S022;873;alpha;1;0.28258221680876977
S022;874;alpha;0;0.08973935994721215
S022;877;alpha;1;0.37459434399629116
S022;878;alpha;0;0.06172049888071634
S022;890;alpha;1;0.37459434399629116
S022;891;alpha;0;0.008179339594062406
S022;901;alpha;0;0.22510334460729048
S022;904;alpha;0;0.005474452554744526
S022;918;alpha;0;0.454396504642272
S022;921;alpha;1;0.28258221680876977
S022;922;alpha;0;0.454396504642272
S022;976;alpha;1;0.454396504642272
S022;977;alpha;0;0.37459434399629116
S022;992;alpha;1;0.454396504642272
S022;993;alpha;0;0.02786282914880588
S022;1002;alpha;0;0.22510334460729048
S022;1005;alpha;0;0.454396504642272
S022;1011;alpha;0;0.454396504642272
S022;1024;alpha;0;0.28258221680876977
S022;1043;alpha;0;0.08973935994721215
S022;1062;alpha;0;0.28258221680876977
S022;1068;alpha;0;0.454396504642272
S022;1080;alpha;0;0.37459434399629116
S022;1084;alpha;1;0.37459434399629116
S022;1085;alpha;0;0.28258221680876977
S022;1095;alpha;1;0.454396504642272
S022;1096;alpha;1;0.11368277739959155
S022;1097;alpha;0;0.454396504642272
S022;1100;alpha;0;0.02786282914880588
S022;1135;alpha;0;0.37459434399629116
S022;1161;alpha;0;0.454396504642272
S022;1184;alpha;0;0.28258221680876977
S022;1210;alpha;0;0.454396504642272
S022;1212;alpha;0;0.28258221680876977
S022;1214;alpha;0;0.11368277739959155
S022;1252;alpha;0;0.16335227272727273
S022;1328;alpha;0;0.37459434399629116
S022;1341;alpha;1;0.454396504642272
S022;1342;alpha;0;0.37459434399629116
S022;1348;alpha;0;0.37459434399629116
S022;1356;alpha;1;0.28258221680876977
S022;1357;alpha;1;0.454396504642272
S022;1358;alpha;0;0.454396504642272
S022;1385;alpha;1;0.454396504642272
S022;1386;alpha;0;0.01712014674411495
S022;1389;alpha;1;0.08973935994721215
S022;1390;alpha;0;0.008179339594062406
S022;1402;alpha;0;0.03917267314321529
S022;1428;alpha;0;0.37459434399629116
S022;1433;alpha;0;0.28258221680876977
S022;1436;alpha;0;0.28258221680876977
S023;3;alpha;0;0.008179339594062406
S023;5;alpha;1;0.28258221680876977
S023;6;alpha;0;0.005145278450363196
S023;12;alpha;0;0.06172049888071634
S023;18;alpha;1;0.11368277739959155
S023;19;alpha;0;0.01712014674411495
S023;23;alpha;0;0.005145278450363196
S023;36;alpha;0;0.22510334460729048
S023;38;alpha;1;0.28258221680876977
S023;39;alpha;0;0.37459434399629116
S023;45;alpha;0;0.16335227272727273
S023;48;alpha;0;0.28258221680876977
S023;50;alpha;0;0.16335227272727273
S023;63;alpha;1;0.454396504642272
S023;64;alpha;1;0.11368277739959155
S023;65;alpha;1;0.37459434399629116
S023;66;alpha;0;0.014058679706601468
S023;69;alpha;1;0.22510334460729048
S023;70;alpha;1;0.22510334460729048
S023;71;alpha;1;0.454396504642272
S023;72;alpha;0;0.16335227272727273
S023;74;alpha;0;0.03007751937984496
S023;88;alpha;1;0.454396504642272
S023;89;alpha;0;0.05497957901350927
S023;125;alpha;0;0.22510334460729048
S023;131;alpha;0;0.05497957901350927
S023;150;alpha;1;0.28258221680876977
S023;151;alpha;0;0.28258221680876977
S023;153;alpha;0;0.28258221680876977
S023;171;alpha;0;0.37459434399629116
S023;176;alpha;0;0.08973935994721215
S023;178;alpha;0;0.37459434399629116
S023;182;alpha;1;0.28258221680876977
S023;183;alpha;1;0.37459434399629116
S023;184;alpha;0;0.11368277739959155
S023;187;alpha;0;0.16335227272727273
S023;214;alpha;0;0.37459434399629116
S023;220;alpha;0;0.05497957901350927
S023;228;alpha;0;0.22510334460729048
S023;234;alpha;1;0.454396504642272
S023;235;alpha;0;0.454396504642272
S023;239;alpha;1;0.28258221680876977
S023;240;alpha;0;0.06172049888071634
S023;245;alpha;0;0.08973935994721215
S023;248;alpha;0;0.16335227272727273
S023;254;alpha;0;0.28258221680876977
S023;256;alpha;0;0.008179339594062406
S023;274;alpha;0;0.008179339594062406
S023;287;alpha;0;0.08973935994721215
S023;289;alpha;1;0.16335227272727273
S023;290;alpha;0;0.28258221680876977
S023;297;alpha;1;0.28258221680876977
S023;298;alpha;0;0.16335227272727273
S023;304;alpha;0;0.37459434399629116
S023;307;alpha;1;0.454396504642272
S023;308;alpha;0;0.37459434399629116
S023;334;alpha;0;0.28258221680876977
S023;345;alpha;0;0.454396504642272
S023;347;alpha;0;0.28258221680876977
S023;365;alpha;0;0.22510334460729048
S023;392;alpha;1;0.37459434399629116
S023;393;alpha;1;0.37459434399629116
S023;394;alpha;0;0.11368277739959155
S023;420;alpha;0;0.454396504642272
S023;422;alpha;0;0.22510334460729048
S023;427;alpha;0;0.06172049888071634
S023;466;alpha;0;0.28258221680876977
S023;471;alpha;1;0.28258221680876977
S023;472;alpha;0;0.454396504642272
S023;480;alpha;0;0.11368277739959155
S023;482;alpha;0;0.06172049888071634
S023;487;alpha;0;0.06172049888071634
S023;498;alpha;0;0.08973935994721215
S023;551;alpha;0;0.37459434399629116
S023;560;alpha;1;0.37459434399629116
S023;561;alpha;0;0.454396504642272
S023;587;alpha;0;0.37459434399629116
S023;591;alpha;0;0.22510334460729048
S023;594;alpha;1;0.014058679706601468
S023;595;alpha;0;0.08973935994721215
S023;597;alpha;0;0.22510334460729048
S023;623;alpha;0;0.22510334460729048
S023;635;alpha;0;0.28258221680876977
S023;641;alpha;0;0.454396504642272
S023;644;alpha;0;0.454396504642272
S023;646;alpha;0;0.05497957901350927
S023;660;alpha;1;0.22510334460729048
S023;661;alpha;1;0.22510334460729048
S023;662;alpha;0;0.37459434399629116
S023;664;alpha;1;0.28258221680876977
S023;665;alpha;0;0.06172049888071634
S023;667;alpha;1;0.37459434399629116
S023;668;alpha;0;0.28258221680876977
S023;675;alpha;1;0.454396504642272
S023;676;alpha;1;0.22510334460729048
S023;677;alpha;1;0.37459434399629116
S023;678;alpha;1;0.454396504642272
S023;679;alpha;0;0.28258221680876977
S023;684;alpha;0;0.37459434399629116
S023;686;alpha;0;0.16335227272727273
S023;688;alpha;0;0.16335227272727273
S023;690;alpha;1;0.22510334460729048
S023;691;alpha;0;0.05497957901350927
S023;725;alpha;1;0.37459434399629116
S023;726;alpha;0;0.16335227272727273
S023;728;alpha;0;0.37459434399629116
S023;730;alpha;1;0.454396504642272
S023;731;alpha;0;0.37459434399629116
S023;735;alpha;0;0.03917267314321529
S023;745;alpha;0;0.11368277739959155
S023;749;alpha;0;0.08973935994721215
S023;790;alpha;0;0.28258221680876977
S023;819;alpha;0;0.37459434399629116
S023;822;alpha;1;0.28258221680876977
S023;823;alpha;0;0.11368277739959155
S023;825;alpha;0;0.37459434399629116
S023;832;alpha;1;0.16335227272727273
S023;833;alpha;0;0.03007751937984496
S023;835;alpha;0;0.06172049888071634
S023;857;alpha;0;0.22510334460729048
S023;859;alpha;1;0.454396504642272
S023;860;alpha;0;0.01712014674411495
S023;873;alpha;0;0.454396504642272
S023;882;alpha;0;0.22510334460729048
S023;889;alpha;1;0.28258221680876977
S023;890;alpha;0;0.37459434399629116
S023;897;alpha;0;0.22510334460729048
S023;905;alpha;0;0.28258221680876977
S023;907;alpha;1;0.454396504642272
S023;908;alpha;0;0.16335227272727273
S023;933;alpha;0;0.37459434399629116
S023;951;alpha;0;0.11368277739959155
S023;953;alpha;0;0.16335227272727273
S023;956;alpha;0;0.37459434399629116
S023;1006;alpha;1;0.06172049888071634
S023;1007;alpha;1;0.11368277739959155
S023;1008;alpha;0;0.454396504642272
S023;1016;alpha;0;0.08973935994721215
S023;1018;alpha;0;0.454396504642272
S023;1035;alpha;0;0.03917267314321529
S023;1038;alpha;0;0.454396504642272
S023;1119;alpha;0;0.454396504642272
S023;1190;alpha;0;0.37459434399629116
S023;1249;alpha;1;0.454396504642272
S023;1250;alpha;1;0.004512635379061372
S023;1251;alpha;0;0.16335227272727273
S023;1320;alpha;0;0.005474452554744526
S023;1324;alpha;1;0.08973935994721215
S023;1325;alpha;0;0.06172049888071634
S023;1342;alpha;0;0.28258221680876977
S023;1376;alpha;0;0.08973935994721215
S023;1379;alpha;0;0.22510334460729048
S023;1381;alpha;0;0.11368277739959155
S023;1384;alpha;0;0.454396504642272
S023;1386;alpha;0;0.16335227272727273
S023;1392;alpha;0;0.454396504642272
S023;1394;alpha;1;0.37459434399629116
S023;1395;alpha;0;0.28258221680876977
S023;1423;alpha;0;0.37459434399629116
S023;1425;alpha;1;0.03917267314321529
S023;1426;alpha;0;0.012198841110094541
S023;1428;alpha;1;0.11368277739959155
S023;1429;alpha;0;0.05497957901350927
S023;1432;alpha;0;0.22510334460729048
S023;1434;alpha;0;0.11368277739959155
S024;1;alpha;0;0.05497957901350927
S024;3;alpha;0;0.03917267314321529
S024;20;alpha;1;0.454396504642272
S024;21;alpha;1;0.454396504642272
S024;22;alpha;0;0.008179339594062406
S024;39;alpha;0;0.454396504642272
S024;49;alpha;1;0.28258221680876977
S024;50;alpha;1;0.37459434399629116
S024;51;alpha;0;0.06172049888071634
S024;53;alpha;0;0.008179339594062406
S024;94;alpha;0;0.454396504642272
S024;110;alpha;0;0.37459434399629116
S024;149;alpha;0;0.08973935994721215
S024;151;alpha;0;0.03007751937984496
S024;174;alpha;0;0.454396504642272
S024;191;alpha;1;0.454396504642272
S024;192;alpha;0;0.28258221680876977
S024;194;alpha;1;0.22510334460729048
S024;195;alpha;0;0.22510334460729048
S024;197;alpha;0;0.22510334460729048
S024;206;alpha;0;0.008179339594062406
S024;242;alpha;0;0.37459434399629116
S024;251;alpha;0;0.454396504642272
S024;257;alpha;0;0.03917267314321529
S024;260;alpha;0;0.37459434399629116
S024;262;alpha;0;0.28258221680876977
S024;271;alpha;1;0.03917267314321529
S024;272;alpha;0;0.03007751937984496
S024;281;alpha;1;0.28258221680876977
S024;282;alpha;0;0.06172049888071634
S024;285;alpha;0;0.11368277739959155
S024;297;alpha;1;0.37459434399629116
S024;298;alpha;1;0.37459434399629116
S024;299;alpha;0;0.06172049888071634
S024;332;alpha;0;0.03917267314321529
S024;335;alpha;1;0.16335227272727273
S024;336;alpha;0;0.03007751937984496
S024;338;alpha;1;0.11368277739959155
S024;339;alpha;1;0.28258221680876977
S024;340;alpha;0;0.06172049888071634
S024;342;alpha;0;0.454396504642272
S024;348;alpha;0;0.454396504642272
S024;360;alpha;0;0.11368277739959155
S024;376;alpha;0;0.22510334460729048
S024;408;alpha;0;0.454396504642272
S024;426;alpha;1;0.454396504642272
S024;427;alpha;1;0.454396504642272
S024;428;alpha;1;0.22510334460729048
S024;429;alpha;0;0.16335227272727273
S024;431;alpha;0;0.454396504642272
S024;458;alpha;0;0.28258221680876977
S024;486;alpha;1;0.454396504642272
S024;487;alpha;0;0.454396504642272
S024;489;alpha;0;0.11368277739959155
S024;499;alpha;0;0.37459434399629116
S024;534;alpha;0;0.22510334460729048
S024;537;alpha;0;0.37459434399629116
S024;560;alpha;0;0.28258221680876977
S024;582;alpha;0;0.37459434399629116
S024;585;alpha;0;0.008179339594062406
S024;587;alpha;0;0.454396504642272
S024;589;alpha;0;0.03917267314321529
S024;592;alpha;0;0.007541478129713424
S024;596;alpha;0;0.37459434399629116
S024;618;alpha;0;0.37459434399629116
S024;628;alpha;1;0.37459434399629116
S024;629;alpha;0;0.03917267314321529
S024;631;alpha;1;0.16335227272727273
S024;632;alpha;0;0.06172049888071634
S024;639;alpha;0;0.03007751937984496
S024;641;alpha;0;0.11368277739959155
S024;645;alpha;0;0.01712014674411495
S024;692;alpha;0;0.28258221680876977
S024;726;alpha;0;0.06172049888071634
S024;793;alpha;0;0.37459434399629116
S024;814;alpha;0;0.28258221680876977
S024;830;alpha;1;0.454396504642272
S024;831;alpha;1;0.454396504642272
S024;832;alpha;0;0.28258221680876977
S024;835;alpha;0;0.28258221680876977
S024;840;alpha;0;0.012198841110094541
S024;848;alpha;1;0.454396504642272
S024;849;alpha;1;0.454396504642272
S024;850;alpha;0;0.28258221680876977
S024;856;alpha;0;0.28258221680876977
S024;863;alpha;0;0.11368277739959155
S024;865;alpha;0;0.01712014674411495
S024;889;alpha;0;0.28258221680876977
S024;916;alpha;0;0.454396504642272
S024;945;alpha;0;0.454396504642272
S024;952;alpha;1;0.454396504642272
S024;953;alpha;0;0.02786282914880588
S024;995;alpha;0;0.16335227272727273
S024;1020;alpha;0;0.05497957901350927
S024;1049;alpha;0;0.454396504642272
S024;1051;alpha;0;0.16335227272727273
S024;1068;alpha;0;0.16335227272727273
S024;1077;alpha;1;0.454396504642272
S024;1078;alpha;0;0.16335227272727273
S024;1086;alpha;1;0.454396504642272
S024;1087;alpha;0;0.08973935994721215
S024;1094;alpha;0;0.11368277739959155
S024;1096;alpha;0;0.012198841110094541
S024;1105;alpha;0;0.22510334460729048
S024;1108;alpha;1;0.454396504642272
S024;1109;alpha;0;0.22510334460729048
S024;1125;alpha;0;0.454396504642272
S024;1127;alpha;0;0.37459434399629116
S024;1129;alpha;0;0.454396504642272
S024;1132;alpha;0;0.37459434399629116
S024;1135;alpha;1;0.37459434399629116
S024;1136;alpha;0;0.37459434399629116
S024;1140;alpha;0;0.16335227272727273
S024;1150;alpha;0;0.06172049888071634
S024;1158;alpha;0;0.454396504642272
S024;1160;alpha;1;0.454396504642272
S024;1161;alpha;1;0.03917267314321529
S024;1162;alpha;0;0.22510334460729048
S024;1191;alpha;0;0.08973935994721215
S024;1205;alpha;0;0.28258221680876977
S024;1229;alpha;1;0.37459434399629116
S024;1230;alpha;1;0.08973935994721215
S024;1231;alpha;1;0.454396504642272
S024;1232;alpha;0;0.37459434399629116
S024;1234;alpha;0;0.22510334460729048
S024;1249;alpha;0;0.454396504642272
S024;1252;alpha;0;0.08973935994721215
S024;1334;alpha;1;0.454396504642272
S024;1335;alpha;1;0.16335227272727273
S024;1336;alpha;0;0.22510334460729048
S024;1350;alpha;1;0.37459434399629116
S024;1351;alpha;0;0.37459434399629116
S024;1355;alpha;0;0.16335227272727273
S024;1362;alpha;0;0.454396504642272
S024;1375;alpha;0;0.03917267314321529
S024;1402;alpha;0;0.37459434399629116
S024;1406;alpha;0;0.005145278450363196
S024;1409;alpha;0;0.11368277739959155
S024;1415;alpha;0;0.08973935994721215
S024;1425;alpha;0;0.06172049888071634
S024;1430;alpha;0;0.16335227272727273
S025;25;alpha;0;0.28258221680876977
S025;46;alpha;0;0.05497957901350927
S025;83;alpha;0;0.16335227272727273
S025;88;alpha;1;0.454396504642272
S025;89;alpha;0;0.37459434399629116
S025;94;alpha;0;0.11368277739959155
S025;100;alpha;0;0.454396504642272
S025;102;alpha;0;0.08973935994721215
S025;104;alpha;0;0.37459434399629116
S025;135;alpha;0;0.454396504642272
S025;141;alpha;0;0.16335227272727273
S025;143;alpha;0;0.16335227272727273
S025;147;alpha;0;0.16335227272727273
S025;149;alpha;1;0.11368277739959155
S025;150;alpha;0;0.16335227272727273
S025;167;alpha;1;0.454396504642272
S025;168;alpha;0;0.37459434399629116
S025;172;alpha;0;0.454396504642272
S025;218;alpha;0;0.454396504642272
S025;304;alpha;1;0.03007751937984496
S025;305;alpha;0;0.004512635379061372
S025;326;alpha;0;0.37459434399629116
S025;345;alpha;0;0.454396504642272
S025;347;alpha;0;0.06172049888071634
S025;359;alpha;1;0.16335227272727273
S025;360;alpha;0;0.22510334460729048
S025;396;alpha;0;0.37459434399629116
S025;417;alpha;0;0.16335227272727273
S025;427;alpha;0;0.012198841110094541
S025;436;alpha;0;0.22510334460729048
S025;438;alpha;0;0.37459434399629116
S025;446;alpha;0;0.454396504642272
S025;448;alpha;0;0.22510334460729048
S025;451;alpha;0;0.28258221680876977
S025;454;alpha;0;0.454396504642272
S025;459;alpha;1;0.37459434399629116
S025;460;alpha;0;0.03917267314321529
S025;464;alpha;0;0.005145278450363196
S025;466;alpha;1;0.28258221680876977
S025;467;alpha;0;0.22510334460729048
S025;469;alpha;1;0.454396504642272
S025;470;alpha;1;0.454396504642272
S025;471;alpha;0;0.06172049888071634
S025;481;alpha;0;0.03007751937984496
S025;491;alpha;0;0.005145278450363196
S025;505;alpha;1;0.37459434399629116
S025;506;alpha;0;0.37459434399629116
S025;523;alpha;0;0.37459434399629116
S025;542;alpha;1;0.37459434399629116
S025;543;alpha;1;0.454396504642272
S025;544;alpha;1;0.454396504642272
S025;545;alpha;0;0.22510334460729048
S025;573;alpha;0;0.11368277739959155
S025;580;alpha;0;0.37459434399629116
S025;582;alpha;0;0.454396504642272
S025;592;alpha;0;0.28258221680876977
S025;596;alpha;1;0.454396504642272
S025;597;alpha;0;0.454396504642272
S025;601;alpha;0;0.03007751937984496
S025;608;alpha;0;0.22510334460729048
S025;616;alpha;0;0.08973935994721215
S025;620;alpha;1;0.008179339594062406
S025;621;alpha;1;0.37459434399629116
S025;622;alpha;1;0.37459434399629116
S025;623;alpha;0;0.37459434399629116
S025;627;alpha;0;0.37459434399629116
S025;629;alpha;0;0.37459434399629116
S025;631;alpha;0;0.22510334460729048
S025;633;alpha;1;0.01712014674411495
S025;634;alpha;1;0.22510334460729048
S025;635;alpha;0;0.03007751937984496
S025;643;alpha;0;0.454396504642272
S025;647;alpha;1;0.11368277739959155
S025;648;alpha;1;0.06172049888071634
S025;649;alpha;0;0.28258221680876977
S025;673;alpha;1;0.454396504642272
S025;674;alpha;0;0.22510334460729048
S025;678;alpha;0;0.08973935994721215
S025;693;alpha;0;0.16335227272727273
S025;698;alpha;0;0.454396504642272
S025;702;alpha;0;0.22510334460729048
S025;706;alpha;0;0.08973935994721215
S025;719;alpha;1;0.454396504642272
S025;720;alpha;0;0.11368277739959155
S025;723;alpha;0;0.06172049888071634
S025;784;alpha;0;0.05497957901350927
S025;790;alpha;0;0.06172049888071634
S025;793;alpha;0;0.22510334460729048
S025;803;alpha;0;0.22510334460729048
S025;805;alpha;0;0.05497957901350927
S025;807;alpha;0;0.16335227272727273
S025;812;alpha;1;0.11368277739959155
S025;813;alpha;0;0.007541478129713424
S025;815;alpha;0;0.16335227272727273
S025;870;alpha;0;0.37459434399629116
S025;875;alpha;1;0.454396504642272
S025;876;alpha;0;0.03007751937984496
S025;887;alpha;0;0.16335227272727273
S025;889;alpha;1;0.08973935994721215
S025;890;alpha;1;0.37459434399629116
S025;891;alpha;0;0.02786282914880588
S025;896;alpha;0;0.22510334460729048
S025;961;alpha;0;0.02786282914880588
S025;964;alpha;0;0.28258221680876977
S025;966;alpha;0;0.16335227272727273
S025;968;alpha;0;0.16335227272727273
S025;990;alpha;0;0.11368277739959155
S025;1008;alpha;0;0.454396504642272
S025;1014;alpha;0;0.22510334460729048
S025;1020;alpha;0;0.16335227272727273
S025;1025;alpha;1;0.37459434399629116
S025;1026;alpha;0;0.03917267314321529
S025;1031;alpha;0;0.08973935994721215
S025;1069;alpha;1;0.37459434399629116
S025;1070;alpha;0;0.03917267314321529
S025;1083;alpha;1;0.22510334460729048
S025;1084;alpha;0;0.11368277739959155
S025;1086;alpha;0;0.37459434399629116
S025;1093;alpha;1;0.454396504642272
S025;1094;alpha;1;0.454396504642272
S025;1095;alpha;1;0.06172049888071634
S025;1096;alpha;0;0.22510334460729048
S025;1115;alpha;0;0.454396504642272
S025;1117;alpha;0;0.37459434399629116
S025;1119;alpha;0;0.16335227272727273
S025;1136;alpha;0;0.454396504642272
S025;1140;alpha;0;0.37459434399629116
S025;1170;alpha;0;0.454396504642272
S025;1211;alpha;0;0.28258221680876977
S025;1238;alpha;0;0.37459434399629116
S026;12;alpha;0;0.454396504642272
S026;39;alpha;1;0.22510334460729048
S026;40;alpha;0;0.454396504642272
S026;43;alpha;0;0.454396504642272
S026;46;alpha;1;0.454396504642272
S026;47;alpha;0;0.11368277739959155
S026;54;alpha;0;0.37459434399629116
S026;58;alpha;1;0.16335227272727273
S026;59;alpha;0;0.005474452554744526
S026;77;alpha;0;0.37459434399629116
S026;105;alpha;1;0.454396504642272
S026;106;alpha;0;0.16335227272727273
S026;108;alpha;0;0.06172049888071634
S026;110;alpha;0;0.08973935994721215
S026;117;alpha;0;0.454396504642272
S026;185;alpha;0;0.454396504642272
S026;190;alpha;1;0.37459434399629116
S026;191;alpha;1;0.37459434399629116
S026;192;alpha;0;0.37459434399629116
S026;207;alpha;1;0.37459434399629116
S026;208;alpha;1;0.37459434399629116
S026;209;alpha;1;0.22510334460729048
S026;210;alpha;1;0.22510334460729048
S026;211;alpha;0;0.03007751937984496
S026;216;alpha;0;0.454396504642272
S026;218;alpha;1;0.454396504642272
S026;219;alpha;0;0.16335227272727273
S026;235;alpha;0;0.22510334460729048
S026;241;alpha;0;0.454396504642272
S026;247;alpha;0;0.11368277739959155
S026;260;alpha;1;0.37459434399629116
S026;261;alpha;0;0.11368277739959155
S026;267;alpha;0;0.37459434399629116
S026;272;alpha;0;0.454396504642272
S026;274;alpha;1;0.22510334460729048
S026;275;alpha;0;0.22510334460729048
S026;278;alpha;0;0.08973935994721215
S026;280;alpha;0;0.37459434399629116
S026;282;alpha;1;0.454396504642272
S026;283;alpha;0;0.16335227272727273
S026;340;alpha;1;0.454396504642272
S026;341;alpha;0;0.37459434399629116
S026;356;alpha;1;0.37459434399629116
S026;357;alpha;0;0.22510334460729048
S026;360;alpha;0;0.06172049888071634
S026;365;alpha;1;0.22510334460729048
S026;366;alpha;0;0.22510334460729048
S026;371;alpha;1;0.454396504642272
S026;372;alpha;1;0.454396504642272
S026;373;alpha;0;0.03917267314321529
S026;405;alpha;0;0.16335227272727273
S026;413;alpha;1;0.03007751937984496
S026;414;alpha;0;0.28258221680876977
S026;417;alpha;0;0.28258221680876977
S026;421;alpha;0;0.22510334460729048
S026;423;alpha;1;0.37459434399629116
S026;424;alpha;0;0.454396504642272
S026;430;alpha;0;0.37459434399629116
S026;442;alpha;0;0.004512635379061372
S026;445;alpha;1;0.454396504642272
S026;446;alpha;1;0.16335227272727273
S026;447;alpha;1;0.22510334460729048
S026;448;alpha;0;0.454396504642272
S026;488;alpha;1;0.454396504642272
S026;489;alpha;0;0.28258221680876977
S026;508;alpha;0;0.37459434399629116
S026;517;alpha;0;0.454396504642272
S026;522;alpha;0;0.22510334460729048
S026;552;alpha;0;0.16335227272727273
S026;565;alpha;0;0.37459434399629116
S026;575;alpha;1;0.11368277739959155
S026;576;alpha;0;0.28258221680876977
S026;579;alpha;0;0.11368277739959155
S026;586;alpha;1;0.37459434399629116
S026;587;alpha;0;0.02786282914880588
S026;595;alpha;1;0.454396504642272
S026;596;alpha;0;0.37459434399629116
S026;600;alpha;0;0.22510334460729048
S026;604;alpha;0;0.28258221680876977
S026;617;alpha;0;0.014058679706601468
S026;620;alpha;0;0.005474452554744526
S026;646;alpha;0;0.02786282914880588
S026;650;alpha;0;0.06172049888071634
S026;666;alpha;0;0.454396504642272
S026;668;alpha;1;0.37459434399629116
S026;669;alpha;0;0.22510334460729048
S026;687;alpha;1;0.16335227272727273
S026;688;alpha;0;0.28258221680876977
S026;690;alpha;0;0.005474452554744526
S026;708;alpha;0;0.37459434399629116
S026;750;alpha;1;0.22510334460729048
S026;751;alpha;1;0.454396504642272
S026;752;alpha;0;0.16335227272727273
S026;759;alpha;0;0.454396504642272
S026;765;alpha;0;0.28258221680876977
S026;770;alpha;0;0.16335227272727273
S026;780;alpha;1;0.28258221680876977
S026;781;alpha;1;0.28258221680876977
S026;782;alpha;0;0.22510334460729048
S026;786;alpha;0;0.16335227272727273
S026;796;alpha;1;0.03917267314321529
S026;797;alpha;0;0.28258221680876977
S026;799;alpha;0;0.454396504642272
S026;806;alpha;0;0.37459434399629116
S026;810;alpha;0;0.08973935994721215
S026;816;alpha;1;0.37459434399629116
S026;817;alpha;0;0.16335227272727273
S026;825;alpha;0;0.08973935994721215
S026;864;alpha;0;0.37459434399629116
S026;894;alpha;0;0.16335227272727273
S026;901;alpha;0;0.37459434399629116
S026;904;alpha;0;0.454396504642272
S026;908;alpha;0;0.008179339594062406
S026;933;alpha;0;0.454396504642272
S026;946;alpha;0;0.11368277739959155
S026;948;alpha;1;0.454396504642272
S026;949;alpha;0;0.16335227272727273
S026;957;alpha;0;0.28258221680876977
S026;962;alpha;0;0.06172049888071634
S026;973;alpha;0;0.05497957901350927
S026;1000;alpha;1;0.28258221680876977
S026;1001;alpha;0;0.005474452554744526
S026;1019;alpha;0;0.28258221680876977
S026;1035;alpha;1;0.22510334460729048
S026;1036;alpha;0;0.22510334460729048
S026;1039;alpha;1;0.454396504642272
S026;1040;alpha;0;0.454396504642272
S026;1048;alpha;1;0.454396504642272
S026;1049;alpha;1;0.03007751937984496
S026;1050;alpha;1;0.454396504642272
S026;1051;alpha;0;0.37459434399629116
S026;1059;alpha;0;0.012198841110094541
S026;1080;alpha;0;0.454396504642272
S026;1082;alpha;0;0.454396504642272
S026;1084;alpha;0;0.37459434399629116
S026;1101;alpha;0;0.28258221680876977
S026;1122;alpha;0;0.454396504642272
S026;1124;alpha;1;0.454396504642272
S026;1125;alpha;0;0.02786282914880588
S026;1135;alpha;0;0.16335227272727273
S026;1137;alpha;1;0.454396504642272
S026;1138;alpha;1;0.454396504642272
S026;1139;alpha;0;0.16335227272727273
S026;1142;alpha;0;0.22510334460729048
S026;1150;alpha;1;0.22510334460729048
S026;1151;alpha;0;0.02786282914880588
S026;1156;alpha;1;0.22510334460729048
S026;1157;alpha;1;0.16335227272727273
S026;1158;alpha;0;0.03917267314321529
S026;1182;alpha;0;0.454396504642272
S026;1216;alpha;0;0.37459434399629116
S026;1218;alpha;0;0.37459434399629116
S026;1220;alpha;0;0.11368277739959155
S026;1231;alpha;1;0.37459434399629116
S026;1232;alpha;0;0.01712014674411495
S026;1245;alpha;0;0.28258221680876977
S026;1253;alpha;1;0.454396504642272
S026;1254;alpha;0;0.11368277739959155
S026;1257;alpha;0;0.06172049888071634
S026;1324;alpha;0;0.11368277739959155
S026;1344;alpha;0;0.11368277739959155
S026;1355;alpha;0;0.28258221680876977
S026;1357;alpha;1;0.37459434399629116
S026;1358;alpha;1;0.05497957901350927
S026;1359;alpha;1;0.37459434399629116
S026;1360;alpha;0;0.06172049888071634
S026;1382;alpha;0;0.37459434399629116
S026;1390;alpha;0;0.08973935994721215
S026;1392;alpha;1;0.22510334460729048
S026;1393;alpha;1;0.454396504642272
S026;1394;alpha;0;0.454396504642272
S026;1405;alpha;0;0.22510334460729048
S026;1412;alpha;0;0.22510334460729048
S026;1419;alpha;0;0.28258221680876977
S026;1421;alpha;0;0.03007751937984496
S027;5;alpha;1;0.22510334460729048
S027;6;alpha;0;0.37459434399629116
S027;9;alpha;0;0.16335227272727273
S027;60;alpha;1;0.22510334460729048
S027;61;alpha;0;0.37459434399629116
S027;63;alpha;1;0.28258221680876977
S027;64;alpha;0;0.28258221680876977
S027;83;alpha;1;0.28258221680876977
S027;84;alpha;0;0.37459434399629116
S027;89;alpha;0;0.454396504642272
S027;91;alpha;0;0.22510334460729048
S027;93;alpha;1;0.22510334460729048
S027;94;alpha;1;0.16335227272727273
S027;95;alpha;0;0.16335227272727273
S027;114;alpha;1;0.08973935994721215
S027;115;alpha;0;0.28258221680876977
S027;126;alpha;0;0.05497957901350927
S027;130;alpha;1;0.37459434399629116
S027;131;alpha;1;0.11368277739959155
S027;132;alpha;0;0.454396504642272
S027;135;alpha;1;0.454396504642272
S027;136;alpha;1;0.454396504642272
S027;137;alpha;1;0.454396504642272
S027;138;alpha;0;0.11368277739959155
S027;141;alpha;0;0.06172049888071634
S027;171;alpha;0;0.454396504642272
S027;175;alpha;0;0.37459434399629116
S027;195;alpha;1;0.454396504642272
S027;196;alpha;1;0.37459434399629116
S027;197;alpha;0;0.37459434399629116
S027;203;alpha;0;0.454396504642272
S027;223;alpha;0;0.28258221680876977
S027;228;alpha;0;0.22510334460729048
S027;250;alpha;0;0.454396504642272
S027;275;alpha;1;0.28258221680876977
S027;276;alpha;1;0.37459434399629116
S027;277;alpha;0;0.014058679706601468
S027;306;alpha;1;0.37459434399629116
S027;307;alpha;0;0.02786282914880588
S027;320;alpha;1;0.11368277739959155
S027;321;alpha;1;0.454396504642272
S027;322;alpha;0;0.37459434399629116
S027;324;alpha;0;0.014058679706601468
S027;357;alpha;0;0.454396504642272
S027;360;alpha;0;0.37459434399629116
S027;420;alpha;1;0.454396504642272
S027;421;alpha;1;0.454396504642272
S027;422;alpha;0;0.454396504642272
S027;453;alpha;0;0.454396504642272
S027;464;alpha;1;0.454396504642272
S027;465;alpha;1;0.454396504642272
S027;466;alpha;0;0.22510334460729048
S027;468;alpha;0;0.28258221680876977
S027;472;alpha;0;0.28258221680876977
S027;532;alpha;1;0.454396504642272
S027;533;alpha;0;0.28258221680876977
S027;536;alpha;1;0.37459434399629116
S027;537;alpha;1;0.22510334460729048
S027;538;alpha;0;0.454396504642272
S027;567;alpha;0;0.06172049888071634
S027;586;alpha;0;0.28258221680876977
S027;604;alpha;0;0.11368277739959155
S027;611;alpha;0;0.03917267314321529
S027;615;alpha;1;0.28258221680876977
S027;616;alpha;0;0.37459434399629116
S027;640;alpha;1;0.454396504642272
S027;641;alpha;1;0.37459434399629116
S027;642;alpha;0;0.11368277739959155
S027;684;alpha;1;0.22510334460729048
S027;685;alpha;0;0.22510334460729048
S027;687;alpha;0;0.06172049888071634
S027;700;alpha;0;0.11368277739959155
S027;710;alpha;1;0.454396504642272
S027;711;alpha;0;0.11368277739959155
S027;720;alpha;1;0.28258221680876977
S027;721;alpha;1;0.22510334460729048
S027;722;alpha;0;0.28258221680876977
S027;730;alpha;1;0.37459434399629116
S027;731;alpha;0;0.37459434399629116
S027;735;alpha;1;0.11368277739959155
S027;736;alpha;0;0.454396504642272
S027;754;alpha;0;0.28258221680876977
S027;768;alpha;0;0.16335227272727273
S027;771;alpha;0;0.37459434399629116
S027;780;alpha;0;0.03917267314321529
S027;796;alpha;0;0.28258221680876977
S027;814;alpha;0;0.37459434399629116
S027;816;alpha;0;0.454396504642272
S027;833;alpha;0;0.28258221680876977
S027;876;alpha;0;0.37459434399629116
S027;883;alpha;0;0.37459434399629116
S027;893;alpha;1;0.37459434399629116
S027;894;alpha;0;0.11368277739959155
S027;905;alpha;0;0.22510334460729048
S027;909;alpha;0;0.05497957901350927
S027;941;alpha;1;0.454396504642272
S027;942;alpha;1;0.454396504642272
S027;943;alpha;0;0.37459434399629116
S027;963;alpha;0;0.454396504642272
S027;980;alpha;1;0.28258221680876977
S027;981;alpha;0;0.16335227272727273
S027;983;alpha;1;0.454396504642272
S027;984;alpha;1;0.06172049888071634
S027;985;alpha;0;0.37459434399629116
S027;1033;alpha;1;0.454396504642272
S027;1034;alpha;0;0.03007751937984496
S027;1041;alpha;1;0.454396504642272
S027;1042;alpha;1;0.22510334460729048
S027;1043;alpha;0;0.28258221680876977
S027;1052;alpha;0;0.454396504642272
S027;1079;alpha;0;0.28258221680876977
S027;1084;alpha;1;0.454396504642272
S027;1085;alpha;0;0.11368277739959155
S027;1126;alpha;0;0.454396504642272
S027;1135;alpha;0;0.08973935994721215
S027;1138;alpha;1;0.28258221680876977
S027;1139;alpha;0;0.37459434399629116
S027;1149;alpha;0;0.08973935994721215
S027;1156;alpha;1;0.454396504642272
S027;1157;alpha;1;0.28258221680876977
S027;1158;alpha;0;0.05497957901350927
S027;1175;alpha;0;0.22510334460729048
S027;1181;alpha;1;0.03917267314321529
S027;1182;alpha;0;0.454396504642272
S027;1187;alpha;0;0.005145278450363196
S027;1205;alpha;1;0.454396504642272
S027;1206;alpha;0;0.005474452554744526
S027;1212;alpha;0;0.03007751937984496
S027;1230;alpha;0;0.16335227272727273
S027;1234;alpha;0;0.16335227272727273
S027;1331;alpha;1;0.454396504642272
S027;1332;alpha;0;0.28258221680876977
S027;1334;alpha;0;0.11368277739959155
S027;1366;alpha;0;0.37459434399629116
S027;1391;alpha;0;0.454396504642272
S027;1409;alpha;0;0.28258221680876977
S027;1418;alpha;0;0.28258221680876977
S027;1421;alpha;0;0.05497957901350927
S027;1425;alpha;1;0.014058679706601468
S027;1426;alpha;1;0.012198841110094541
S027;1427;alpha;1;0.454396504642272
S027;1428;alpha;0;0.11368277739959155
S028;4;alpha;0;0.005145278450363196
S028;32;alpha;0;0.22510334460729048
S028;38;alpha;1;0.08973935994721215
S028;39;alpha;0;0.454396504642272
S028;48;alpha;0;0.06172049888071634
S028;52;alpha;1;0.37459434399629116
S028;53;alpha;1;0.454396504642272
S028;54;alpha;1;0.37459434399629116
S028;55;alpha;1;0.28258221680876977
S028;56;alpha;1;0.454396504642272
S028;57;alpha;0;0.08973935994721215
S028;90;alpha;0;0.454396504642272
S028;93;alpha;0;0.454396504642272
S028;115;alpha;1;0.22510334460729048
S028;116;alpha;0;0.28258221680876977
S028;123;alpha;1;0.22510334460729048
S028;124;alpha;1;0.06172049888071634
S028;125;alpha;0;0.16335227272727273
S028;129;alpha;0;0.16335227272727273
S028;139;alpha;1;0.28258221680876977
S028;140;alpha;0;0.11368277739959155
S028;159;alpha;1;0.454396504642272
S028;160;alpha;0;0.05497957901350927
S028;176;alpha;0;0.28258221680876977
S028;178;alpha;0;0.01712014674411495
S028;208;alpha;1;0.37459434399629116
S028;209;alpha;1;0.454396504642272
S028;210;alpha;0;0.11368277739959155
S028;262;alpha;0;0.37459434399629116
S028;265;alpha;0;0.28258221680876977
S028;269;alpha;1;0.22510334460729048
S028;270;alpha;1;0.28258221680876977
S028;271;alpha;1;0.37459434399629116
S028;272;alpha;0;0.012198841110094541
S028;297;alpha;0;0.28258221680876977
S028;316;alpha;0;0.005474452554744526
S028;330;alpha;0;0.22510334460729048
S028;354;alpha;0;0.37459434399629116
S028;360;alpha;0;0.008179339594062406
S028;366;alpha;1;0.37459434399629116
S028;367;alpha;1;0.37459434399629116
S028;368;alpha;0;0.28258221680876977
S028;378;alpha;1;0.28258221680876977
S028;379;alpha;0;0.11368277739959155
S028;432;alpha;1;0.37459434399629116
S028;433;alpha;1;0.37459434399629116
S028;434;alpha;0;0.11368277739959155
S028;455;alpha;0;0.28258221680876977
S028;480;alpha;1;0.37459434399629116
S028;481;alpha;0;0.28258221680876977
S028;483;alpha;0;0.28258221680876977
S028;521;alpha;0;0.37459434399629116
S028;533;alpha;0;0.08973935994721215
S028;561;alpha;1;0.22510334460729048
S028;562;alpha;0;0.08973935994721215
S028;566;alpha;0;0.22510334460729048
S028;596;alpha;1;0.22510334460729048
S028;597;alpha;0;0.014058679706601468
S028;600;alpha;0;0.16335227272727273
S028;604;alpha;1;0.37459434399629116
S028;605;alpha;0;0.11368277739959155
S028;609;alpha;1;0.37459434399629116
S028;610;alpha;0;0.16335227272727273
S028;635;alpha;0;0.06172049888071634
S028;649;alpha;0;0.28258221680876977
S028;653;alpha;0;0.454396504642272
S028;665;alpha;0;0.454396504642272
S028;667;alpha;0;0.16335227272727273
S028;669;alpha;0;0.03007751937984496
S028;686;alpha;0;0.06172049888071634
S028;691;alpha;1;0.454396504642272
S028;692;alpha;0;0.454396504642272
S028;694;alpha;1;0.454396504642272
S028;695;alpha;0;0.03917267314321529
S028;707;alpha;0;0.454396504642272
S028;754;alpha;0;0.37459434399629116
S028;788;alpha;0;0.454396504642272
S028;855;alpha;0;0.454396504642272
S028;878;alpha;0;0.28258221680876977
S028;881;alpha;1;0.03917267314321529
S028;882;alpha;0;0.06172049888071634
S028;887;alpha;0;0.11368277739959155
S028;900;alpha;0;0.02786282914880588
S028;934;alpha;1;0.37459434399629116
S028;935;alpha;0;0.16335227272727273
S028;938;alpha;0;0.11368277739959155
S028;940;alpha;0;0.02786282914880588
S028;956;alpha;0;0.37459434399629116
S028;1001;alpha;1;0.454396504642272
S028;1002;alpha;0;0.37459434399629116
S028;1017;alpha;0;0.06172049888071634
S028;1019;alpha;1;0.22510334460729048
S028;1020;alpha;1;0.37459434399629116
S028;1021;alpha;0;0.008179339594062406
S028;1043;alpha;1;0.454396504642272
S028;1044;alpha;0;0.03007751937984496
S028;1047;alpha;0;0.06172049888071634
S028;1056;alpha;0;0.007541478129713424
S028;1070;alpha;1;0.454396504642272
S028;1071;alpha;1;0.454396504642272
S028;1072;alpha;0;0.37459434399629116
S028;1074;alpha;1;0.37459434399629116
S028;1075;alpha;0;0.454396504642272
S028;1078;alpha;1;0.454396504642272
S028;1079;alpha;1;0.37459434399629116
S028;1080;alpha;0;0.16335227272727273
S028;1124;alpha;0;0.454396504642272
S028;1138;alpha;0;0.454396504642272
S028;1146;alpha;1;0.454396504642272
S028;1147;alpha;0;0.28258221680876977
S028;1173;alpha;0;0.16335227272727273
S028;1184;alpha;0;0.28258221680876977
S028;1188;alpha;0;0.16335227272727273
S028;1190;alpha;0;0.03917267314321529
S028;1201;alpha;1;0.22510334460729048
S028;1202;alpha;0;0.28258221680876977
S028;1207;alpha;0;0.454396504642272
S028;1210;alpha;1;0.454396504642272
S028;1211;alpha;1;0.37459434399629116
S028;1212;alpha;1;0.454396504642272
S028;1213;alpha;0;0.06172049888071634
S028;1235;alpha;0;0.11368277739959155
S028;1339;alpha;0;0.454396504642272
S028;1341;alpha;0;0.37459434399629116
S028;1343;alpha;0;0.28258221680876977
S028;1360;alpha;0;0.014058679706601468
S028;1371;alpha;0;0.454396504642272
S028;1373;alpha;0;0.37459434399629116
S028;1393;alpha;0;0.03007751937984496
S028;1399;alpha;1;0.454396504642272
S028;1400;alpha;1;0.37459434399629116
S028;1401;alpha;1;0.454396504642272
S028;1402;alpha;0;0.454396504642272
S028;1405;alpha;1;0.454396504642272
S028;1406;alpha;1;0.16335227272727273
S028;1407;alpha;1;0.37459434399629116
S028;1408;alpha;0;0.454396504642272
S028;1410;alpha;0;0.37459434399629116
S028;1412;alpha;0;0.454396504642272
S028;1415;alpha;1;0.454396504642272
S028;1416;alpha;0;0.22510334460729048
S029;7;alpha;0;0.28258221680876977
S029;22;alpha;0;0.11368277739959155
S029;39;alpha;0;0.06172049888071634
S029;54;alpha;1;0.454396504642272
S029;55;alpha;0;0.37459434399629116
S029;57;alpha;0;0.28258221680876977
S029;90;alpha;0;0.004512635379061372
S029;133;alpha;0;0.37459434399629116
S029;135;alpha;0;0.06172049888071634
S029;142;alpha;1;0.454396504642272
S029;143;alpha;1;0.22510334460729048
S029;144;alpha;1;0.28258221680876977
S029;145;alpha;1;0.16335227272727273
S029;146;alpha;1;0.28258221680876977
S029;147;alpha;1;0.28258221680876977
S029;148;alpha;0;0.11368277739959155
S029;152;alpha;0;0.28258221680876977
S029;154;alpha;1;0.16335227272727273
S029;155;alpha;1;0.11368277739959155
S029;156;alpha;0;0.11368277739959155
S029;189;alpha;0;0.28258221680876977
S029;191;alpha;1;0.454396504642272
S029;192;alpha;0;0.11368277739959155
S029;194;alpha;0;0.06172049888071634
S029;217;alpha;0;0.22510334460729048
S029;248;alpha;0;0.37459434399629116
S029;250;alpha;0;0.16335227272727273
S029;252;alpha;0;0.28258221680876977
S029;271;alpha;0;0.37459434399629116
S029;276;alpha;1;0.454396504642272
S029;277;alpha;0;0.454396504642272
S029;307;alpha;0;0.03007751937984496
S029;319;alpha;1;0.454396504642272
S029;320;alpha;1;0.454396504642272
S029;321;alpha;0;0.28258221680876977
S029;326;alpha;0;0.16335227272727273
S029;350;alpha;0;0.08973935994721215
S029;352;alpha;1;0.22510334460729048
S029;353;alpha;0;0.37459434399629116
S029;360;alpha;0;0.16335227272727273
S029;362;alpha;1;0.16335227272727273
S029;363;alpha;1;0.454396504642272
S029;364;alpha;0;0.06172049888071634
S029;376;alpha;0;0.454396504642272
S029;385;alpha;0;0.08973935994721215
S029;410;alpha;1;0.37459434399629116
S029;411;alpha;0;0.28258221680876977
S029;487;alpha;0;0.08973935994721215
S029;493;alpha;0;0.28258221680876977
S029;514;alpha;1;0.22510334460729048
S029;515;alpha;1;0.37459434399629116
S029;516;alpha;1;0.08973935994721215
S029;517;alpha;1;0.37459434399629116
S029;518;alpha;0;0.11368277739959155
S029;520;alpha;0;0.03917267314321529
S029;523;alpha;0;0.16335227272727273
S029;527;alpha;0;0.007541478129713424
S029;534;alpha;0;0.008179339594062406
S029;556;alpha;1;0.454396504642272
S029;557;alpha;1;0.28258221680876977
S029;558;alpha;1;0.28258221680876977
S029;559;alpha;1;0.16335227272727273
S029;560;alpha;0;0.16335227272727273
S029;585;alpha;0;0.03917267314321529
S029;591;alpha;1;0.16335227272727273
S029;592;alpha;0;0.454396504642272
S029;596;alpha;0;0.16335227272727273
S029;612;alpha;1;0.37459434399629116
S029;613;alpha;1;0.08973935994721215
S029;614;alpha;0;0.454396504642272
S029;619;alpha;0;0.014058679706601468
S029;629;alpha;0;0.37459434399629116
S029;632;alpha;1;0.37459434399629116
S029;633;alpha;1;0.37459434399629116
S029;634;alpha;0;0.01712014674411495
S029;637;alpha;1;0.28258221680876977
S029;638;alpha;1;0.454396504642272
S029;639;alpha;1;0.28258221680876977
S029;640;alpha;0;0.11368277739959155
S029;644;alpha;1;0.37459434399629116
S029;645;alpha;0;0.03917267314321529
S029;647;alpha;0;0.08973935994721215
S029;665;alpha;0;0.454396504642272
S029;708;alpha;0;0.37459434399629116
S029;733;alpha;0;0.03007751937984496
S029;801;alpha;0;0.454396504642272
S029;824;alpha;0;0.37459434399629116
S029;853;alpha;1;0.454396504642272
S029;854;alpha;0;0.454396504642272
S029;856;alpha;0;0.454396504642272
S029;858;alpha;0;0.05497957901350927
S029;861;alpha;0;0.454396504642272
S029;894;alpha;1;0.37459434399629116
S029;895;alpha;1;0.22510334460729048
S029;896;alpha;1;0.454396504642272
S029;897;alpha;0;0.06172049888071634
S029;899;alpha;1;0.454396504642272
S029;900;alpha;1;0.37459434399629116
S029;901;alpha;0;0.05497957901350927
S029;917;alpha;1;0.454396504642272
S029;918;alpha;0;0.05497957901350927
S029;940;alpha;0;0.37459434399629116
S029;944;alpha;1;0.22510334460729048
S029;945;alpha;0;0.37459434399629116
S029;951;alpha;0;0.22510334460729048
S029;953;alpha;0;0.28258221680876977
S029;957;alpha;0;0.08973935994721215
S029;960;alpha;0;0.22510334460729048
S029;964;alpha;0;0.05497957901350927
S029;968;alpha;1;0.37459434399629116
S029;969;alpha;0;0.28258221680876977
S029;971;alpha;1;0.08973935994721215
S029;972;alpha;1;0.454396504642272
S029;973;alpha;0;0.16335227272727273
S029;976;alpha;0;0.08973935994721215
S029;980;alpha;0;0.16335227272727273
S029;984;alpha;1;0.22510334460729048
S029;985;alpha;0;0.16335227272727273
S029;993;alpha;0;0.454396504642272
S029;998;alpha;0;0.03007751937984496
S029;1008;alpha;0;0.16335227272727273
S029;1015;alpha;0;0.02786282914880588
S029;1026;alpha;0;0.454396504642272
S029;1086;alpha;1;0.16335227272727273
S029;1087;alpha;1;0.454396504642272
S029;1088;alpha;0;0.03917267314321529
S029;1090;alpha;1;0.454396504642272
S029;1091;alpha;0;0.28258221680876977
S029;1093;alpha;0;0.03917267314321529
S029;1096;alpha;0;0.16335227272727273
S029;1100;alpha;0;0.37459434399629116
S029;1106;alpha;0;0.28258221680876977
S029;1137;alpha;0;0.03917267314321529
S029;1140;alpha;0;0.008179339594062406
S029;1144;alpha;0;0.012198841110094541
S029;1160;alpha;0;0.28258221680876977
S029;1182;alpha;0;0.454396504642272
S029;1191;alpha;0;0.005474452554744526
S029;1205;alpha;1;0.454396504642272
S029;1206;alpha;0;0.28258221680876977
S029;1215;alpha;0;0.37459434399629116
S029;1225;alpha;0;0.16335227272727273
S029;1245;alpha;0;0.28258221680876977
S029;1248;alpha;1;0.37459434399629116
S029;1249;alpha;0;0.28258221680876977
S029;1321;alpha;1;0.28258221680876977
S029;1322;alpha;0;0.37459434399629116
S029;1327;alpha;0;0.02786282914880588
S029;1329;alpha;1;0.22510334460729048
S029;1330;alpha;0;0.454396504642272
S029;1333;alpha;0;0.37459434399629116
S029;1335;alpha;0;0.06172049888071634
S029;1348;alpha;1;0.28258221680876977
S029;1349;alpha;0;0.03007751937984496
S029;1360;alpha;1;0.11368277739959155
S029;1361;alpha;1;0.454396504642272
S029;1362;alpha;0;0.08973935994721215
S029;1370;alpha;1;0.06172049888071634
S029;1371;alpha;1;0.454396504642272
S029;1372;alpha;0;0.22510334460729048
S029;1374;alpha;1;0.28258221680876977
S029;1375;alpha;0;0.16335227272727273
S029;1377;alpha;0;0.01712014674411495
S029;1381;alpha;1;0.454396504642272
S029;1382;alpha;0;0.16335227272727273
S029;1401;alpha;0;0.28258221680876977
S029;1403;alpha;1;0.28258221680876977
S029;1404;alpha;0;0.08973935994721215
S029;1419;alpha;0;0.08973935994721215
S029;1428;alpha;1;0.08973935994721215
S029;1429;alpha;0;0.28258221680876977
S030;1;alpha;0;0.03917267314321529
S030;4;alpha;0;0.014058679706601468
S030;22;alpha;0;0.37459434399629116
S030;26;alpha;0;0.37459434399629116
S030;29;alpha;0;0.05497957901350927
S030;60;alpha;0;0.014058679706601468
S030;84;alpha;0;0.16335227272727273
S030;89;alpha;0;0.22510334460729048
S030;93;alpha;0;0.02786282914880588
S030;95;alpha;1;0.16335227272727273
S030;96;alpha;0;0.22510334460729048
S030;115;alpha;0;0.37459434399629116
S030;133;alpha;0;0.454396504642272
S030;141;alpha;0;0.28258221680876977
S030;143;alpha;0;0.11368277739959155
S030;153;alpha;0;0.22510334460729048
S030;191;alpha;0;0.454396504642272
S030;223;alpha;1;0.37459434399629116
S030;224;alpha;1;0.28258221680876977
S030;225;alpha;0;0.05497957901350927
S030;228;alpha;0;0.22510334460729048
S030;230;alpha;1;0.06172049888071634
S030;231;alpha;1;0.37459434399629116
S030;232;alpha;0;0.37459434399629116
S030;261;alpha;0;0.22510334460729048
S030;275;alpha;0;0.16335227272727273
S030;297;alpha;0;0.16335227272727273
S030;299;alpha;0;0.454396504642272
S030;303;alpha;0;0.02786282914880588
S030;314;alpha;0;0.454396504642272
S030;323;alpha;1;0.06172049888071634
S030;324;alpha;0;0.37459434399629116
S030;330;alpha;0;0.454396504642272
S030;338;alpha;0;0.454396504642272
S030;341;alpha;1;0.22510334460729048
S030;342;alpha;0;0.37459434399629116
S030;347;alpha;0;0.11368277739959155
S030;350;alpha;0;0.454396504642272
S030;366;alpha;0;0.28258221680876977
S030;403;alpha;0;0.16335227272727273
S030;405;alpha;0;0.08973935994721215
S030;408;alpha;0;0.03917267314321529
S030;414;alpha;0;0.22510334460729048
S030;459;alpha;0;0.08973935994721215
S030;477;alpha;0;0.11368277739959155
S030;479;alpha;1;0.454396504642272
S030;480;alpha;0;0.454396504642272
S030;482;alpha;0;0.05497957901350927
S030;496;alpha;1;0.37459434399629116
S030;497;alpha;0;0.02786282914880588
S030;500;alpha;1;0.28258221680876977
S030;501;alpha;1;0.16335227272727273
S030;502;alpha;0;0.28258221680876977
S030;504;alpha;0;0.454396504642272
S030;506;alpha;0;0.007541478129713424
S030;545;alpha;1;0.454396504642272
S030;546;alpha;0;0.454396504642272
S030;551;alpha;0;0.08973935994721215
S030;577;alpha;0;0.11368277739959155
S030;613;alpha;0;0.37459434399629116
S030;615;alpha;0;0.22510334460729048
S030;638;alpha;0;0.37459434399629116
S030;658;alpha;0;0.28258221680876977
S030;660;alpha;1;0.28258221680876977
S030;661;alpha;0;0.012198841110094541
S030;682;alpha;1;0.37459434399629116
S030;683;alpha;0;0.08973935994721215
S030;685;alpha;0;0.22510334460729048
S030;718;alpha;0;0.11368277739959155
S030;721;alpha;0;0.08973935994721215
S030;726;alpha;0;0.454396504642272
S030;742;alpha;1;0.454396504642272
S030;743;alpha;0;0.02786282914880588
S030;751;alpha;1;0.37459434399629116
S030;752;alpha;0;0.454396504642272
S030;754;alpha;1;0.454396504642272
S030;755;alpha;1;0.06172049888071634
S030;756;alpha;0;0.37459434399629116
S030;779;alpha;0;0.08973935994721215
S030;781;alpha;0;0.05497957901350927
S030;807;alpha;1;0.454396504642272
S030;808;alpha;0;0.37459434399629116
S030;811;alpha;0;0.007541478129713424
S030;847;alpha;0;0.28258221680876977
S030;849;alpha;0;0.16335227272727273
S030;852;alpha;0;0.22510334460729048
S030;862;alpha;0;0.454396504642272
S030;877;alpha;0;0.454396504642272
S030;890;alpha;0;0.37459434399629116
S030;892;alpha;0;0.11368277739959155
S030;896;alpha;0;0.11368277739959155
S030;906;alpha;0;0.37459434399629116
S030;909;alpha;0;0.28258221680876977
S030;935;alpha;1;0.37459434399629116
S030;936;alpha;0;0.28258221680876977
S030;942;alpha;0;0.03917267314321529
S030;953;alpha;0;0.22510334460729048
S030;973;alpha;0;0.28258221680876977
S030;975;alpha;1;0.454396504642272
S030;976;alpha;0;0.012198841110094541
S030;983;alpha;0;0.16335227272727273
S030;988;alpha;0;0.012198841110094541
S030;1021;alpha;0;0.22510334460729048
S030;1025;alpha;0;0.16335227272727273
S030;1039;alpha;0;0.11368277739959155
S030;1043;alpha;1;0.28258221680876977
S030;1044;alpha;0;0.004512635379061372
S030;1063;alpha;0;0.11368277739959155
S030;1131;alpha;0;0.22510334460729048
S030;1140;alpha;0;0.012198841110094541
S030;1142;alpha;0;0.08973935994721215
S030;1146;alpha;0;0.28258221680876977
S030;1151;alpha;1;0.454396504642272
S030;1152;alpha;0;0.22510334460729048
S030;1172;alpha;0;0.06172049888071634
S030;1190;alpha;1;0.454396504642272
S030;1191;alpha;1;0.454396504642272
S030;1192;alpha;1;0.454396504642272
S030;1193;alpha;0;0.28258221680876977
S030;1195;alpha;0;0.16335227272727273
S030;1223;alpha;0;0.454396504642272
S030;1234;alpha;1;0.02786282914880588
S030;1235;alpha;0;0.014058679706601468
S030;1251;alpha;0;0.08973935994721215
S031;22;alpha;0;0.37459434399629116
S031;42;alpha;1;0.454396504642272
S031;43;alpha;1;0.454396504642272
S031;44;alpha;0;0.454396504642272
S031;59;alpha;1;0.11368277739959155
S031;60;alpha;0;0.01712014674411495
S031;77;alpha;0;0.16335227272727273
S031;98;alpha;0;0.454396504642272
S031;126;alpha;0;0.16335227272727273
S031;214;alpha;1;0.454396504642272
S031;215;alpha;0;0.11368277739959155
S031;220;alpha;0;0.37459434399629116
S031;227;alpha;1;0.37459434399629116
S031;228;alpha;0;0.22510334460729048
S031;249;alpha;0;0.08973935994721215
S031;270;alpha;0;0.37459434399629116
S031;289;alpha;0;0.37459434399629116
S031;303;alpha;1;0.16335227272727273
S031;304;alpha;0;0.454396504642272
S031;306;alpha;0;0.014058679706601468
S031;320;alpha;0;0.37459434399629116
S031;352;alpha;1;0.22510334460729048
S031;353;alpha;1;0.454396504642272
S031;354;alpha;0;0.02786282914880588
S031;380;alpha;0;0.28258221680876977
S031;383;alpha;0;0.28258221680876977
S031;410;alpha;0;0.08973935994721215
S031;413;alpha;1;0.28258221680876977
S031;414;alpha;0;0.22510334460729048
S031;420;alpha;0;0.008179339594062406
S031;427;alpha;1;0.28258221680876977
S031;428;alpha;0;0.37459434399629116
S031;452;alpha;0;0.454396504642272
S031;454;alpha;0;0.37459434399629116
S031;456;alpha;0;0.08973935994721215
S031;499;alpha;1;0.37459434399629116
S031;500;alpha;0;0.05497957901350927
S031;503;alpha;0;0.11368277739959155
S031;509;alpha;0;0.454396504642272
S031;521;alpha;0;0.014058679706601468
S031;550;alpha;1;0.454396504642272
S031;551;alpha;0;0.28258221680876977
S031;554;alpha;0;0.08973935994721215
S031;566;alpha;1;0.37459434399629116
S031;567;alpha;0;0.22510334460729048
S031;583;alpha;0;0.014058679706601468
S031;600;alpha;0;0.37459434399629116
S031;602;alpha;0;0.454396504642272
S031;604;alpha;0;0.28258221680876977
S031;625;alpha;0;0.37459434399629116
S031;662;alpha;0;0.02786282914880588
S031;668;alpha;0;0.005145278450363196
S031;679;alpha;1;0.454396504642272
S031;680;alpha;1;0.454396504642272
S031;681;alpha;1;0.28258221680876977
S031;682;alpha;1;0.28258221680876977
S031;683;alpha;0;0.454396504642272
S031;721;alpha;0;0.37459434399629116
S031;725;alpha;0;0.06172049888071634
S031;754;alpha;1;0.454396504642272
S031;755;alpha;0;0.37459434399629116
S031;758;alpha;0;0.11368277739959155
S031;760;alpha;0;0.22510334460729048
S031;763;alpha;0;0.08973935994721215
S031;766;alpha;0;0.22510334460729048
S031;778;alpha;1;0.11368277739959155
S031;779;alpha;1;0.03917267314321529
S031;780;alpha;1;0.28258221680876977
S031;781;alpha;1;0.11368277739959155
S031;782;alpha;1;0.007541478129713424
S031;783;alpha;0;0.16335227272727273
S031;792;alpha;0;0.005145278450363196
S031;796;alpha;0;0.22510334460729048
S031;803;alpha;1;0.28258221680876977
S031;804;alpha;0;0.22510334460729048
S031;816;alpha;1;0.454396504642272
S031;817;alpha;1;0.28258221680876977
S031;818;alpha;0;0.03917267314321529
S031;835;alpha;0;0.03917267314321529
S031;857;alpha;1;0.37459434399629116
S031;858;alpha;0;0.454396504642272
S031;886;alpha;0;0.05497957901350927
S031;909;alpha;0;0.454396504642272
S031;911;alpha;1;0.37459434399629116
S031;912;alpha;1;0.37459434399629116
S031;913;alpha;0;0.05497957901350927
S031;925;alpha;1;0.454396504642272
S031;926;alpha;0;0.28258221680876977
S031;930;alpha;1;0.454396504642272
S031;931;alpha;1;0.08973935994721215
S031;932;alpha;0;0.02786282914880588
S031;944;alpha;0;0.22510334460729048
S031;1005;alpha;0;0.454396504642272
S031;1047;alpha;0;0.28258221680876977
S031;1054;alpha;0;0.16335227272727273
S031;1061;alpha;1;0.28258221680876977
S031;1062;alpha;0;0.28258221680876977
S031;1066;alpha;1;0.22510334460729048
S031;1067;alpha;1;0.37459434399629116
S031;1068;alpha;0;0.22510334460729048
S031;1093;alpha;0;0.454396504642272
S031;1109;alpha;0;0.28258221680876977
S031;1113;alpha;0;0.454396504642272
S031;1121;alpha;0;0.005145278450363196
S031;1126;alpha;1;0.28258221680876977
S031;1127;alpha;1;0.37459434399629116
S031;1128;alpha;0;0.454396504642272
S031;1131;alpha;0;0.28258221680876977
S031;1145;alpha;1;0.22510334460729048
S031;1146;alpha;0;0.03917267314321529
S031;1196;alpha;0;0.28258221680876977
S031;1320;alpha;0;0.005474452554744526
S031;1331;alpha;0;0.22510334460729048
S031;1357;alpha;1;0.454396504642272
S031;1358;alpha;0;0.454396504642272
S031;1361;alpha;0;0.28258221680876977
S031;1368;alpha;1;0.454396504642272
S031;1369;alpha;0;0.16335227272727273
S031;1374;alpha;0;0.28258221680876977
S031;1376;alpha;1;0.11368277739959155
S031;1377;alpha;0;0.37459434399629116
S031;1386;alpha;0;0.28258221680876977
S031;1389;alpha;0;0.22510334460729048
S031;1392;alpha;0;0.454396504642272
S031;1396;alpha;1;0.22510334460729048
S031;1397;alpha;0;0.03917267314321529
S031;1399;alpha;0;0.03917267314321529
S031;1418;alpha;1;0.22510334460729048
S031;1419;alpha;0;0.37459434399629116
S031;1431;alpha;1;0.454396504642272
S031;1432;alpha;1;0.28258221680876977
S031;1433;alpha;1;0.454396504642272
S031;1434;alpha;0;0.37459434399629116
S031;1437;alpha;0;0.22510334460729048
S032;34;alpha;0;0.37459434399629116
S032;40;alpha;1;0.22510334460729048
S032;41;alpha;0;0.16335227272727273
S032;46;alpha;0;0.16335227272727273
S032;75;alpha;1;0.37459434399629116
S032;76;alpha;0;0.11368277739959155
S032;129;alpha;0;0.11368277739959155
S032;149;alpha;1;0.454396504642272
S032;150;alpha;1;0.16335227272727273
S032;151;alpha;0;0.22510334460729048
S032;156;alpha;1;0.28258221680876977
S032;157;alpha;0;0.014058679706601468
S032;184;alpha;0;0.28258221680876977
S032;221;alpha;0;0.16335227272727273
S032;228;alpha;0;0.005145278450363196
S032;230;alpha;1;0.37459434399629116
S032;231;alpha;0;0.454396504642272
S032;235;alpha;1;0.454396504642272
S032;236;alpha;1;0.03007751937984496
S032;237;alpha;1;0.06172049888071634
S032;238;alpha;0;0.454396504642272
S032;240;alpha;1;0.454396504642272
S032;241;alpha;0;0.37459434399629116
S032;244;alpha;0;0.008179339594062406
S032;259;alpha;1;0.454396504642272
S032;260;alpha;1;0.28258221680876977
S032;261;alpha;0;0.454396504642272
S032;264;alpha;0;0.37459434399629116
S032;274;alpha;0;0.06172049888071634
S032;279;alpha;0;0.22510334460729048
S032;281;alpha;0;0.37459434399629116
S032;288;alpha;0;0.005474452554744526
S032;310;alpha;1;0.37459434399629116
S032;311;alpha;0;0.11368277739959155
S032;315;alpha;0;0.16335227272727273
S032;325;alpha;0;0.02786282914880588
S032;329;alpha;0;0.03917267314321529
S032;331;alpha;0;0.005474452554744526
S032;342;alpha;0;0.37459434399629116
S032;370;alpha;1;0.37459434399629116
S032;371;alpha;0;0.28258221680876977
S032;374;alpha;1;0.37459434399629116
S032;375;alpha;0;0.01712014674411495
S032;378;alpha;1;0.16335227272727273
S032;379;alpha;0;0.28258221680876977
S032;383;alpha;0;0.22510334460729048
S032;385;alpha;0;0.454396504642272
S032;407;alpha;1;0.37459434399629116
S032;408;alpha;0;0.28258221680876977
S032;416;alpha;0;0.22510334460729048
S032;422;alpha;1;0.454396504642272
S032;423;alpha;0;0.05497957901350927
S032;428;alpha;0;0.28258221680876977
S032;433;alpha;0;0.454396504642272
S032;436;alpha;0;0.03007751937984496
S032;450;alpha;1;0.454396504642272
S032;451;alpha;1;0.28258221680876977
S032;452;alpha;0;0.37459434399629116
S032;459;alpha;1;0.37459434399629116
S032;460;alpha;0;0.03917267314321529
S032;481;alpha;0;0.08973935994721215
S032;489;alpha;0;0.28258221680876977
S032;495;alpha;1;0.37459434399629116
S032;496;alpha;0;0.28258221680876977
S032;499;alpha;0;0.454396504642272
S032;510;alpha;0;0.08973935994721215
S032;539;alpha;0;0.03007751937984496
S032;543;alpha;0;0.37459434399629116
S032;559;alpha;0;0.28258221680876977
S032;561;alpha;0;0.454396504642272
S032;617;alpha;1;0.454396504642272
S032;618;alpha;0;0.37459434399629116
S032;632;alpha;0;0.16335227272727273
S032;640;alpha;1;0.454396504642272
S032;641;alpha;0;0.454396504642272
S032;672;alpha;0;0.08973935994721215
S032;675;alpha;0;0.007541478129713424
S032;687;alpha;0;0.37459434399629116
S032;691;alpha;1;0.28258221680876977
S032;692;alpha;0;0.11368277739959155
S032;696;alpha;0;0.05497957901350927
S032;702;alpha;0;0.16335227272727273
S032;719;alpha;1;0.16335227272727273
S032;720;alpha;0;0.012198841110094541
S032;725;alpha;0;0.11368277739959155
S032;729;alpha;0;0.454396504642272
S032;733;alpha;0;0.012198841110094541
S032;752;alpha;0;0.37459434399629116
S032;760;alpha;0;0.37459434399629116
S032;773;alpha;1;0.454396504642272
S032;774;alpha;0;0.454396504642272
S032;776;alpha;0;0.22510334460729048
S032;780;alpha;1;0.454396504642272
S032;781;alpha;1;0.454396504642272
S032;782;alpha;0;0.28258221680876977
S032;785;alpha;1;0.16335227272727273
S032;786;alpha;0;0.37459434399629116
S032;789;alpha;1;0.454396504642272
S032;790;alpha;0;0.37459434399629116
S032;792;alpha;1;0.454396504642272
S032;793;alpha;0;0.37459434399629116
S032;795;alpha;0;0.03917267314321529
S032;800;alpha;0;0.03917267314321529
S032;807;alpha;0;0.03007751937984496
S032;832;alpha;0;0.22510334460729048
S032;835;alpha;0;0.16335227272727273
S032;840;alpha;0;0.16335227272727273
S032;842;alpha;1;0.454396504642272
S032;843;alpha;0;0.08973935994721215
S032;854;alpha;0;0.28258221680876977
S032;871;alpha;0;0.37459434399629116
S032;874;alpha;0;0.16335227272727273
S032;876;alpha;0;0.454396504642272
S032;878;alpha;0;0.454396504642272
S032;881;alpha;0;0.22510334460729048
S032;904;alpha;0;0.454396504642272
S032;908;alpha;0;0.454396504642272
S032;934;alpha;0;0.37459434399629116
S032;936;alpha;0;0.08973935994721215
S032;964;alpha;0;0.37459434399629116
S032;966;alpha;1;0.37459434399629116
S032;967;alpha;1;0.454396504642272
S032;968;alpha;1;0.454396504642272
S032;969;alpha;0;0.22510334460729048
S032;971;alpha;0;0.03917267314321529
S032;976;alpha;0;0.22510334460729048
S032;979;alpha;0;0.16335227272727273
S032;983;alpha;0;0.22510334460729048
S032;1024;alpha;0;0.22510334460729048
S032;1029;alpha;1;0.37459434399629116
S032;1030;alpha;1;0.28258221680876977
S032;1031;alpha;0;0.11368277739959155
S032;1040;alpha;0;0.005145278450363196
S032;1043;alpha;0;0.11368277739959155
S032;1046;alpha;0;0.37459434399629116
S032;1048;alpha;0;0.22510334460729048
S032;1083;alpha;0;0.37459434399629116
S032;1091;alpha;1;0.16335227272727273
S032;1092;alpha;0;0.28258221680876977
S032;1094;alpha;1;0.454396504642272
S032;1095;alpha;0;0.01712014674411495
S032;1101;alpha;0;0.22510334460729048
S032;1126;alpha;1;0.454396504642272
S032;1127;alpha;0;0.11368277739959155
S032;1143;alpha;0;0.03007751937984496
S032;1152;alpha;1;0.37459434399629116
S032;1153;alpha;0;0.03007751937984496
S032;1160;alpha;0;0.16335227272727273
S032;1170;alpha;0;0.008179339594062406
S032;1200;alpha;0;0.005145278450363196
S032;1216;alpha;0;0.28258221680876977
S032;1249;alpha;0;0.22510334460729048
S032;1255;alpha;0;0.11368277739959155
S032;1320;alpha;0;0.03917267314321529
S032;1368;alpha;1;0.454396504642272
S032;1369;alpha;0;0.28258221680876977
S032;1371;alpha;0;0.454396504642272
S032;1383;alpha;0;0.28258221680876977
S032;1387;alpha;0;0.37459434399629116
S032;1395;alpha;0;0.454396504642272
S032;1404;alpha;1;0.28258221680876977
S032;1405;alpha;0;0.05497957901350927
S032;1408;alpha;0;0.454396504642272
S032;1412;alpha;0;0.28258221680876977
S032;1415;alpha;0;0.16335227272727273
S033;4;alpha;1;0.454396504642272
S033;5;alpha;1;0.28258221680876977
S033;6;alpha;0;0.37459434399629116
S033;8;alpha;0;0.03007751937984496
S033;15;alpha;0;0.16335227272727273
S033;28;alpha;0;0.37459434399629116
S033;33;alpha;0;0.22510334460729048
S033;46;alpha;0;0.08973935994721215
S033;85;alpha;0;0.16335227272727273
S033;111;alpha;0;0.454396504642272
S033;116;alpha;1;0.454396504642272
S033;117;alpha;1;0.37459434399629116
S033;118;alpha;0;0.454396504642272
S033;127;alpha;0;0.01712014674411495
S033;130;alpha;0;0.11368277739959155
S033;167;alpha;1;0.454396504642272
S033;168;alpha;1;0.454396504642272
S033;169;alpha;1;0.22510334460729048
S033;170;alpha;1;0.454396504642272
S033;171;alpha;0;0.02786282914880588
S033;215;alpha;0;0.11368277739959155
S033;221;alpha;0;0.012198841110094541
S033;227;alpha;1;0.37459434399629116
S033;228;alpha;0;0.454396504642272
S033;261;alpha;0;0.28258221680876977
S033;288;alpha;0;0.05497957901350927
S033;290;alpha;0;0.08973935994721215
S033;318;alpha;0;0.454396504642272
S033;320;alpha;1;0.37459434399629116
S033;321;alpha;1;0.28258221680876977
S033;322;alpha;0;0.01712014674411495
S033;355;alpha;0;0.454396504642272
S033;358;alpha;1;0.454396504642272
S033;359;alpha;1;0.28258221680876977
S033;360;alpha;0;0.014058679706601468
S033;369;alpha;1;0.454396504642272
S033;370;alpha;0;0.03007751937984496
S033;408;alpha;0;0.28258221680876977
S033;410;alpha;1;0.454396504642272
S033;411;alpha;0;0.28258221680876977
S033;421;alpha;0;0.08973935994721215
S033;448;alpha;1;0.454396504642272
S033;449;alpha;0;0.11368277739959155
S033;454;alpha;1;0.37459434399629116
S033;455;alpha;0;0.22510334460729048
S033;464;alpha;1;0.454396504642272
S033;465;alpha;1;0.28258221680876977
S033;466;alpha;0;0.28258221680876977
S033;520;alpha;1;0.37459434399629116
S033;521;alpha;1;0.28258221680876977
S033;522;alpha;0;0.454396504642272
S033;538;alpha;0;0.08973935994721215
S033;585;alpha;0;0.454396504642272
S033;595;alpha;0;0.22510334460729048
S033;628;alpha;0;0.16335227272727273
S033;636;alpha;0;0.08973935994721215
S033;660;alpha;0;0.454396504642272
S033;665;alpha;0;0.22510334460729048
S033;671;alpha;0;0.08973935994721215
S033;695;alpha;0;0.454396504642272
S033;698;alpha;0;0.37459434399629116
S033;700;alpha;1;0.454396504642272
S033;701;alpha;1;0.37459434399629116
S033;702;alpha;0;0.37459434399629116
S033;707;alpha;0;0.007541478129713424
S033;714;alpha;0;0.37459434399629116
S033;716;alpha;1;0.454396504642272
S033;717;alpha;0;0.16335227272727273
S033;719;alpha;1;0.22510334460729048
S033;720;alpha;0;0.03007751937984496
S033;758;alpha;0;0.37459434399629116
S033;783;alpha;0;0.06172049888071634
S033;801;alpha;0;0.37459434399629116
S033;808;alpha;0;0.454396504642272
S033;858;alpha;0;0.01712014674411495
S033;878;alpha;0;0.454396504642272
S033;893;alpha;0;0.28258221680876977
S033;897;alpha;1;0.28258221680876977
S033;898;alpha;0;0.454396504642272
S033;900;alpha;1;0.454396504642272
S033;901;alpha;0;0.012198841110094541
S033;919;alpha;0;0.06172049888071634
S033;922;alpha;0;0.03007751937984496
S033;938;alpha;0;0.37459434399629116
S033;944;alpha;0;0.16335227272727273
S033;955;alpha;0;0.454396504642272
S033;965;alpha;0;0.454396504642272
S033;972;alpha;1;0.37459434399629116
S033;973;alpha;1;0.37459434399629116
S033;974;alpha;0;0.08973935994721215
S033;979;alpha;0;0.22510334460729048
S033;1005;alpha;0;0.454396504642272
S033;1007;alpha;0;0.22510334460729048
S033;1048;alpha;0;0.08973935994721215
S033;1061;alpha;0;0.37459434399629116
S033;1076;alpha;0;0.454396504642272
S033;1078;alpha;0;0.454396504642272
S033;1102;alpha;0;0.454396504642272
S033;1119;alpha;0;0.22510334460729048
S033;1148;alpha;0;0.22510334460729048
S033;1155;alpha;1;0.28258221680876977
S033;1156;alpha;0;0.11368277739959155
S033;1228;alpha;0;0.007541478129713424
S033;1327;alpha;1;0.11368277739959155
S033;1328;alpha;0;0.37459434399629116
S033;1346;alpha;1;0.454396504642272
S033;1347;alpha;1;0.28258221680876977
S033;1348;alpha;1;0.37459434399629116
S033;1349;alpha;0;0.11368277739959155
S033;1395;alpha;1;0.454396504642272
S033;1396;alpha;0;0.37459434399629116
S033;1402;alpha;1;0.454396504642272
S033;1403;alpha;1;0.37459434399629116
S033;1404;alpha;0;0.22510334460729048
S033;1406;alpha;1;0.37459434399629116
S033;1407;alpha;0;0.454396504642272
S033;1415;alpha;0;0.11368277739959155
S033;1419;alpha;0;0.16335227272727273
S034;58;alpha;0;0.37459434399629116
S034;74;alpha;0;0.454396504642272
S034;84;alpha;0;0.454396504642272
S034;89;alpha;1;0.454396504642272
S034;90;alpha;0;0.454396504642272
S034;117;alpha;0;0.16335227272727273
S034;120;alpha;1;0.05497957901350927
S034;121;alpha;0;0.03917267314321529
S034;123;alpha;0;0.03007751937984496
S034;130;alpha;0;0.014058679706601468
S034;225;alpha;0;0.28258221680876977
S034;245;alpha;0;0.28258221680876977
S034;314;alpha;0;0.28258221680876977
S034;317;alpha;0;0.008179339594062406
S034;323;alpha;0;0.454396504642272
S034;325;alpha;0;0.454396504642272
S034;327;alpha;0;0.03917267314321529
S034;335;alpha;0;0.11368277739959155
S034;360;alpha;0;0.28258221680876977
S034;371;alpha;0;0.37459434399629116
S034;381;alpha;0;0.16335227272727273
S034;385;alpha;0;0.454396504642272
S034;392;alpha;0;0.16335227272727273
S034;416;alpha;0;0.454396504642272
S034;419;alpha;0;0.454396504642272
S034;447;alpha;0;0.08973935994721215
S034;463;alpha;0;0.22510334460729048
S034;467;alpha;1;0.16335227272727273
S034;468;alpha;1;0.454396504642272
S034;469;alpha;0;0.16335227272727273
S034;471;alpha;1;0.28258221680876977
S034;472;alpha;1;0.454396504642272
S034;473;alpha;1;0.01712014674411495
S034;474;alpha;0;0.05497957901350927
S034;484;alpha;0;0.012198841110094541
S034;528;alpha;0;0.22510334460729048
S034;542;alpha;0;0.22510334460729048
S034;569;alpha;0;0.37459434399629116
S034;576;alpha;1;0.28258221680876977
S034;577;alpha;0;0.37459434399629116
S034;588;alpha;0;0.454396504642272
S034;596;alpha;0;0.16335227272727273
S034;601;alpha;0;0.454396504642272
S034;604;alpha;0;0.08973935994721215
S034;606;alpha;0;0.22510334460729048
S034;612;alpha;1;0.37459434399629116
S034;613;alpha;0;0.454396504642272
S034;654;alpha;0;0.454396504642272
S034;665;alpha;0;0.37459434399629116
S034;673;alpha;1;0.22510334460729048
S034;674;alpha;0;0.454396504642272
S034;678;alpha;0;0.37459434399629116
S034;684;alpha;0;0.03917267314321529
S034;686;alpha;0;0.007541478129713424
S034;698;alpha;1;0.37459434399629116
S034;699;alpha;0;0.16335227272727273
S034;703;alpha;1;0.11368277739959155
S034;704;alpha;0;0.16335227272727273
S034;712;alpha;0;0.05497957901350927
S034;717;alpha;0;0.22510334460729048
S034;724;alpha;0;0.16335227272727273
S034;731;alpha;0;0.03007751937984496
S034;734;alpha;1;0.37459434399629116
S034;735;alpha;0;0.012198841110094541
S034;745;alpha;0;0.16335227272727273
S034;749;alpha;1;0.454396504642272
S034;750;alpha;1;0.08973935994721215
S034;751;alpha;0;0.014058679706601468
S034;758;alpha;0;0.28258221680876977
S034;760;alpha;1;0.11368277739959155
S034;761;alpha;0;0.05497957901350927
S034;767;alpha;0;0.08973935994721215
S034;787;alpha;0;0.05497957901350927
S034;790;alpha;0;0.16335227272727273
S034;792;alpha;0;0.22510334460729048
S034;814;alpha;1;0.28258221680876977
S034;815;alpha;0;0.16335227272727273
S034;847;alpha;0;0.11368277739959155
S034;870;alpha;0;0.454396504642272
S034;890;alpha;1;0.37459434399629116
S034;891;alpha;1;0.37459434399629116
S034;892;alpha;0;0.22510334460729048
S034;919;alpha;0;0.37459434399629116
S034;925;alpha;1;0.37459434399629116
S034;926;alpha;0;0.22510334460729048
S034;993;alpha;0;0.37459434399629116
S034;1019;alpha;1;0.22510334460729048
S034;1020;alpha;0;0.16335227272727273
S034;1044;alpha;1;0.28258221680876977
S034;1045;alpha;0;0.06172049888071634
S034;1056;alpha;0;0.11368277739959155
S034;1058;alpha;0;0.22510334460729048
S034;1060;alpha;0;0.28258221680876977
S034;1062;alpha;1;0.16335227272727273
S034;1063;alpha;0;0.28258221680876977
S034;1069;alpha;0;0.454396504642272
S034;1071;alpha;1;0.37459434399629116
S034;1072;alpha;0;0.454396504642272
S034;1081;alpha;0;0.454396504642272
S034;1096;alpha;0;0.16335227272727273
S034;1098;alpha;1;0.454396504642272
S034;1099;alpha;0;0.22510334460729048
S034;1101;alpha;1;0.22510334460729048
S034;1102;alpha;0;0.012198841110094541
S034;1110;alpha;0;0.454396504642272
S034;1122;alpha;1;0.37459434399629116
S034;1123;alpha;0;0.37459434399629116
S034;1126;alpha;0;0.16335227272727273
S034;1143;alpha;0;0.454396504642272
S034;1182;alpha;1;0.37459434399629116
S034;1183;alpha;1;0.11368277739959155
S034;1184;alpha;0;0.28258221680876977
S034;1188;alpha;1;0.28258221680876977
S034;1189;alpha;0;0.28258221680876977
S034;1199;alpha;1;0.454396504642272
S034;1200;alpha;1;0.02786282914880588
S034;1201;alpha;0;0.005474452554744526
S034;1221;alpha;0;0.22510334460729048
S034;1320;alpha;0;0.22510334460729048
S034;1324;alpha;0;0.28258221680876977
S034;1326;alpha;0;0.37459434399629116
S034;1377;alpha;0;0.37459434399629116
S034;1380;alpha;0;0.22510334460729048
S034;1388;alpha;0;0.05497957901350927
S034;1419;alpha;0;0.37459434399629116
S034;1422;alpha;1;0.454396504642272
S034;1423;alpha;0;0.28258221680876977
S034;1438;alpha;0;0.37459434399629116
S035;23;alpha;0;0.37459434399629116
S035;25;alpha;0;0.22510334460729048
S035;52;alpha;0;0.37459434399629116
S035;54;alpha;1;0.454396504642272
S035;55;alpha;0;0.16335227272727273
S035;57;alpha;1;0.37459434399629116
S035;58;alpha;0;0.11368277739959155
S035;70;alpha;0;0.28258221680876977
S035;80;alpha;1;0.454396504642272
S035;81;alpha;0;0.16335227272727273
S035;116;alpha;0;0.28258221680876977
S035;119;alpha;0;0.02786282914880588
S035;124;alpha;0;0.37459434399629116
S035;134;alpha;0;0.454396504642272
S035;205;alpha;1;0.454396504642272
S035;206;alpha;0;0.11368277739959155
S035;208;alpha;0;0.08973935994721215
S035;229;alpha;0;0.37459434399629116
S035;231;alpha;1;0.454396504642272
S035;232;alpha;0;0.16335227272727273
S035;250;alpha;1;0.37459434399629116
S035;251;alpha;0;0.06172049888071634
S035;253;alpha;0;0.16335227272727273
S035;260;alpha;1;0.454396504642272
S035;261;alpha;1;0.08973935994721215
S035;262;alpha;1;0.28258221680876977
S035;263;alpha;0;0.03007751937984496
S035;285;alpha;0;0.37459434399629116
S035;297;alpha;1;0.454396504642272
S035;298;alpha;1;0.28258221680876977
S035;299;alpha;0;0.08973935994721215
S035;322;alpha;1;0.454396504642272
S035;323;alpha;0;0.11368277739959155
S035;326;alpha;0;0.03917267314321529
S035;335;alpha;1;0.454396504642272
S035;336;alpha;0;0.06172049888071634
S035;364;alpha;0;0.01712014674411495
S035;390;alpha;1;0.28258221680876977
S035;391;alpha;1;0.28258221680876977
S035;392;alpha;0;0.11368277739959155
S035;417;alpha;1;0.454396504642272
S035;418;alpha;0;0.16335227272727273
S035;429;alpha;1;0.22510334460729048
S035;430;alpha;0;0.22510334460729048
S035;435;alpha;1;0.03007751937984496
S035;436;alpha;1;0.03917267314321529
S035;437;alpha;1;0.454396504642272
S035;438;alpha;1;0.03917267314321529
S035;439;alpha;1;0.01712014674411495
S035;440;alpha;0;0.02786282914880588
S035;468;alpha;1;0.28258221680876977
S035;469;alpha;0;0.28258221680876977
S035;478;alpha;1;0.37459434399629116
S035;479;alpha;0;0.005474452554744526
S035;499;alpha;1;0.454396504642272
S035;500;alpha;0;0.37459434399629116
S035;520;alpha;1;0.454396504642272
S035;521;alpha;0;0.08973935994721215
S035;526;alpha;0;0.22510334460729048
S035;534;alpha;1;0.08973935994721215
S035;535;alpha;0;0.03917267314321529
S035;544;alpha;0;0.454396504642272
S035;546;alpha;1;0.28258221680876977
S035;547;alpha;0;0.08973935994721215
S035;584;alpha;1;0.454396504642272
S035;585;alpha;1;0.37459434399629116
S035;586;alpha;0;0.11368277739959155
S035;600;alpha;1;0.37459434399629116
S035;601;alpha;0;0.03917267314321529
S035;613;alpha;0;0.37459434399629116
S035;630;alpha;0;0.22510334460729048
S035;637;alpha;0;0.37459434399629116
S035;642;alpha;0;0.37459434399629116
S035;653;alpha;0;0.22510334460729048
S035;656;alpha;1;0.28258221680876977
S035;657;alpha;0;0.06172049888071634
S035;664;alpha;1;0.08973935994721215
S035;665;alpha;0;0.11368277739959155
S035;667;alpha;0;0.012198841110094541
S035;690;alpha;0;0.08973935994721215
S035;714;alpha;0;0.16335227272727273
S035;720;alpha;0;0.37459434399629116
S035;722;alpha;0;0.012198841110094541
S035;740;alpha;0;0.08973935994721215
S035;773;alpha;1;0.454396504642272
S035;774;alpha;0;0.37459434399629116
S035;801;alpha;0;0.28258221680876977
S035;811;alpha;0;0.28258221680876977
S035;836;alpha;0;0.37459434399629116
S035;838;alpha;0;0.28258221680876977
S035;841;alpha;0;0.06172049888071634
S035;847;alpha;0;0.012198841110094541
S035;851;alpha;0;0.28258221680876977
S035;910;alpha;0;0.454396504642272
S035;914;alpha;0;0.11368277739959155
S035;917;alpha;0;0.007541478129713424
S035;940;alpha;0;0.37459434399629116
S035;942;alpha;0;0.22510334460729048
S035;944;alpha;0;0.28258221680876977
S035;947;alpha;1;0.28258221680876977
S035;948;alpha;1;0.37459434399629116
S035;949;alpha;1;0.11368277739959155
S035;950;alpha;0;0.08973935994721215
S035;965;alpha;0;0.16335227272727273
S035;969;alpha;0;0.28258221680876977
S035;975;alpha;0;0.22510334460729048
S035;977;alpha;0;0.06172049888071634
S035;999;alpha;0;0.454396504642272
S035;1021;alpha;0;0.37459434399629116
S035;1023;alpha;0;0.28258221680876977
S035;1025;alpha;1;0.28258221680876977
S035;1026;alpha;0;0.37459434399629116
S035;1034;alpha;0;0.005145278450363196
S035;1084;alpha;0;0.454396504642272
S035;1104;alpha;0;0.28258221680876977
S035;1106;alpha;0;0.454396504642272
S035;1109;alpha;0;0.16335227272727273
S035;1112;alpha;0;0.28258221680876977
S035;1117;alpha;0;0.454396504642272
S035;1124;alpha;0;0.03917267314321529
S035;1130;alpha;0;0.012198841110094541
S035;1132;alpha;1;0.37459434399629116
S035;1133;alpha;0;0.11368277739959155
S035;1137;alpha;1;0.28258221680876977
S035;1138;alpha;0;0.28258221680876977
S035;1141;alpha;0;0.03917267314321529
S035;1161;alpha;1;0.454396504642272
S035;1162;alpha;1;0.37459434399629116
S035;1163;alpha;0;0.37459434399629116
S035;1192;alpha;1;0.454396504642272
S035;1193;alpha;1;0.22510334460729048
S035;1194;alpha;0;0.28258221680876977
S035;1197;alpha;0;0.454396504642272
S035;1199;alpha;0;0.11368277739959155
S035;1223;alpha;1;0.37459434399629116
S035;1224;alpha;0;0.454396504642272
S035;1229;alpha;0;0.08973935994721215
S035;1253;alpha;0;0.008179339594062406
S036;10;alpha;0;0.37459434399629116
S036;61;alpha;1;0.012198841110094541
S036;62;alpha;0;0.16335227272727273
S036;65;alpha;0;0.007541478129713424
S036;71;alpha;0;0.08973935994721215
S036;94;alpha;0;0.37459434399629116
S036;101;alpha;0;0.22510334460729048
S036;107;alpha;0;0.22510334460729048
S036;113;alpha;0;0.22510334460729048
S036;115;alpha;0;0.03917267314321529
S036;130;alpha;0;0.454396504642272
S036;138;alpha;0;0.22510334460729048
S036;142;alpha;0;0.454396504642272
S036;147;alpha;0;0.06172049888071634
S036;151;alpha;0;0.16335227272727273
S036;159;alpha;0;0.08973935994721215
S036;202;alpha;0;0.03007751937984496
S036;206;alpha;1;0.454396504642272
S036;207;alpha;0;0.37459434399629116
S036;212;alpha;1;0.454396504642272
S036;213;alpha;0;0.16335227272727273
S036;230;alpha;0;0.11368277739959155
S036;277;alpha;1;0.454396504642272
S036;278;alpha;0;0.22510334460729048
S036;280;alpha;1;0.37459434399629116
S036;281;alpha;1;0.37459434399629116
S036;282;alpha;1;0.28258221680876977
S036;283;alpha;0;0.454396504642272
S036;286;alpha;0;0.37459434399629116
S036;288;alpha;0;0.005145278450363196
S036;291;alpha;0;0.06172049888071634
S036;325;alpha;0;0.37459434399629116
S036;334;alpha;0;0.03917267314321529
S036;338;alpha;1;0.28258221680876977
S036;339;alpha;1;0.11368277739959155
S036;340;alpha;0;0.28258221680876977
S036;350;alpha;0;0.454396504642272
S036;352;alpha;0;0.01712014674411495
S036;386;alpha;0;0.01712014674411495
S036;388;alpha;0;0.22510334460729048
S036;390;alpha;0;0.454396504642272
S036;406;alpha;1;0.454396504642272
S036;407;alpha;0;0.22510334460729048
S036;417;alpha;0;0.06172049888071634
S036;419;alpha;0;0.11368277739959155
S036;430;alpha;1;0.454396504642272
S036;431;alpha;1;0.16335227272727273
S036;432;alpha;1;0.454396504642272
S036;433;alpha;0;0.28258221680876977
S036;450;alpha;1;0.37459434399629116
S036;451;alpha;1;0.454396504642272
S036;452;alpha;0;0.37459434399629116
S036;456;alpha;0;0.37459434399629116
S036;458;alpha;0;0.454396504642272
S036;481;alpha;0;0.37459434399629116
S036;484;alpha;0;0.11368277739959155
S036;488;alpha;1;0.454396504642272
S036;489;alpha;1;0.16335227272727273
S036;490;alpha;1;0.22510334460729048
S036;491;alpha;1;0.11368277739959155
S036;492;alpha;1;0.28258221680876977
S036;493;alpha;0;0.014058679706601468
S036;497;alpha;0;0.007541478129713424
S036;515;alpha;0;0.454396504642272
S036;517;alpha;1;0.28258221680876977
S036;518;alpha;0;0.37459434399629116
S036;525;alpha;1;0.28258221680876977
S036;526;alpha;0;0.16335227272727273
S036;541;alpha;0;0.007541478129713424
S036;546;alpha;1;0.454396504642272
S036;547;alpha;0;0.22510334460729048
S036;549;alpha;0;0.03917267314321529
S036;557;alpha;0;0.37459434399629116
S036;584;alpha;0;0.28258221680876977
S036;604;alpha;0;0.37459434399629116
S036;610;alpha;1;0.37459434399629116
S036;611;alpha;1;0.37459434399629116
S036;612;alpha;0;0.05497957901350927
S036;615;alpha;1;0.28258221680876977
S036;616;alpha;1;0.22510334460729048
S036;617;alpha;0;0.03007751937984496
S036;663;alpha;0;0.05497957901350927
S036;672;alpha;1;0.28258221680876977
S036;673;alpha;0;0.28258221680876977
S036;675;alpha;0;0.28258221680876977
S036;686;alpha;0;0.16335227272727273
S036;688;alpha;0;0.37459434399629116
S036;691;alpha;0;0.16335227272727273
S036;727;alpha;0;0.454396504642272
S036;729;alpha;1;0.37459434399629116
S036;730;alpha;0;0.22510334460729048
S036;776;alpha;0;0.28258221680876977
S036;781;alpha;0;0.28258221680876977
S036;785;alpha;1;0.28258221680876977
S036;786;alpha;0;0.05497957901350927
S036;822;alpha;0;0.454396504642272
S036;824;alpha;1;0.454396504642272
S036;825;alpha;1;0.11368277739959155
S036;826;alpha;0;0.11368277739959155
S036;828;alpha;1;0.454396504642272
S036;829;alpha;1;0.22510334460729048
S036;830;alpha;0;0.454396504642272
S036;833;alpha;0;0.37459434399629116
S036;835;alpha;1;0.37459434399629116
S036;836;alpha;1;0.454396504642272
S036;837;alpha;0;0.16335227272727273
S036;840;alpha;1;0.06172049888071634
S036;841;alpha;0;0.11368277739959155
S036;843;alpha;0;0.16335227272727273
S036;853;alpha;0;0.16335227272727273
S036;879;alpha;1;0.22510334460729048
S036;880;alpha;0;0.06172049888071634
S036;888;alpha;1;0.08973935994721215
S036;889;alpha;0;0.11368277739959155
S036;892;alpha;1;0.37459434399629116
S036;893;alpha;0;0.05497957901350927
S036;900;alpha;0;0.28258221680876977
S036;908;alpha;1;0.11368277739959155
S036;909;alpha;1;0.28258221680876977
S036;910;alpha;1;0.454396504642272
S036;911;alpha;0;0.16335227272727273
S036;916;alpha;0;0.08973935994721215
S036;925;alpha;0;0.37459434399629116
S036;936;alpha;0;0.22510334460729048
S036;958;alpha;0;0.37459434399629116
S036;980;alpha;1;0.22510334460729048
S036;981;alpha;0;0.16335227272727273
S036;984;alpha;0;0.005474452554744526
S036;1009;alpha;0;0.22510334460729048
S036;1011;alpha;1;0.16335227272727273
S036;1012;alpha;0;0.014058679706601468
S036;1038;alpha;0;0.007541478129713424
S036;1040;alpha;1;0.08973935994721215
S036;1041;alpha;0;0.28258221680876977
S036;1043;alpha;0;0.08973935994721215
S036;1045;alpha;0;0.454396504642272
S036;1048;alpha;0;0.37459434399629116
S036;1055;alpha;0;0.11368277739959155
S036;1068;alpha;0;0.22510334460729048
S036;1087;alpha;0;0.37459434399629116
S036;1195;alpha;0;0.012198841110094541
S036;1215;alpha;0;0.454396504642272
S036;1217;alpha;0;0.454396504642272
S036;1222;alpha;1;0.37459434399629116
S036;1223;alpha;1;0.37459434399629116
S036;1224;alpha;0;0.005474452554744526
S036;1251;alpha;0;0.37459434399629116
S036;1342;alpha;0;0.454396504642272
S036;1345;alpha;0;0.454396504642272
S036;1347;alpha;0;0.37459434399629116
S036;1368;alpha;0;0.454396504642272
S036;1376;alpha;0;0.37459434399629116
S036;1380;alpha;1;0.37459434399629116
S036;1381;alpha;1;0.454396504642272
S036;1382;alpha;0;0.03007751937984496
S036;1384;alpha;1;0.22510334460729048
S036;1385;alpha;1;0.37459434399629116
S036;1386;alpha;0;0.004512635379061372
S036;1389;alpha;0;0.11368277739959155
S036;1399;alpha;0;0.11368277739959155
S036;1404;alpha;0;0.454396504642272
S036;1407;alpha;1;0.454396504642272
S036;1408;alpha;0;0.08973935994721215
S036;1418;alpha;0;0.11368277739959155
S036;1420;alpha;0;0.16335227272727273
S036;1423;alpha;0;0.28258221680876977
S036;1429;alpha;1;0.454396504642272
S036;1430;alpha;0;0.28258221680876977
S037;22;alpha;0;0.37459434399629116
S037;77;alpha;0;0.454396504642272
S037;120;alpha;1;0.454396504642272
S037;121;alpha;0;0.01712014674411495
S037;123;alpha;0;0.22510334460729048
S037;134;alpha;1;0.454396504642272
S037;135;alpha;1;0.454396504642272
S037;136;alpha;1;0.11368277739959155
S037;137;alpha;1;0.37459434399629116
S037;138;alpha;0;0.16335227272727273
S037;140;alpha;1;0.28258221680876977
S037;141;alpha;0;0.05497957901350927
S037;143;alpha;0;0.08973935994721215
S037;152;alpha;0;0.28258221680876977
S037;154;alpha;1;0.454396504642272
S037;155;alpha;0;0.014058679706601468
S037;174;alpha;1;0.454396504642272
S037;175;alpha;0;0.28258221680876977
S037;177;alpha;0;0.11368277739959155
S037;195;alpha;0;0.454396504642272
S037;203;alpha;1;0.454396504642272
S037;204;alpha;0;0.03917267314321529
S037;206;alpha;0;0.28258221680876977
S037;236;alpha;1;0.454396504642272
S037;237;alpha;0;0.03917267314321529
S037;247;alpha;0;0.28258221680876977
S037;299;alpha;0;0.454396504642272
S037;319;alpha;0;0.454396504642272
S037;337;alpha;0;0.11368277739959155
S037;344;alpha;0;0.28258221680876977
S037;347;alpha;0;0.454396504642272
S037;359;alpha;0;0.08973935994721215
S037;377;alpha;0;0.454396504642272
S037;380;alpha;0;0.37459434399629116
S037;384;alpha;0;0.08973935994721215
S037;404;alpha;0;0.454396504642272
S037;432;alpha;0;0.454396504642272
S037;438;alpha;0;0.08973935994721215
S037;441;alpha;0;0.37459434399629116
S037;443;alpha;0;0.06172049888071634
S037;447;alpha;0;0.11368277739959155
S037;450;alpha;1;0.37459434399629116
S037;451;alpha;1;0.454396504642272
S037;452;alpha;0;0.02786282914880588
S037;458;alpha;0;0.06172049888071634
S037;460;alpha;0;0.28258221680876977
S037;462;alpha;0;0.02786282914880588
S037;467;alpha;0;0.454396504642272
S037;469;alpha;1;0.454396504642272
S037;470;alpha;0;0.454396504642272
S037;497;alpha;1;0.37459434399629116
S037;498;alpha;1;0.454396504642272
S037;499;alpha;0;0.28258221680876977
S037;568;alpha;1;0.16335227272727273
S037;569;alpha;0;0.28258221680876977
S037;572;alpha;0;0.37459434399629116
S037;574;alpha;0;0.01712014674411495
S037;583;alpha;0;0.454396504642272
S037;585;alpha;0;0.37459434399629116
S037;588;alpha;0;0.08973935994721215
S037;591;alpha;0;0.28258221680876977
S037;597;alpha;0;0.28258221680876977
S037;606;alpha;0;0.012198841110094541
S037;614;alpha;1;0.454396504642272
S037;615;alpha;0;0.11368277739959155
S037;621;alpha;0;0.37459434399629116
S037;623;alpha;1;0.08973935994721215
S037;624;alpha;0;0.454396504642272
S037;642;alpha;0;0.11368277739959155
S037;644;alpha;0;0.005474452554744526
S037;660;alpha;0;0.454396504642272
S037;662;alpha;0;0.454396504642272
S037;665;alpha;0;0.37459434399629116
S037;669;alpha;0;0.37459434399629116
S037;721;alpha;0;0.16335227272727273
S037;741;alpha;0;0.22510334460729048
S037;771;alpha;0;0.454396504642272
S037;800;alpha;0;0.014058679706601468
S037;835;alpha;1;0.28258221680876977
S037;836;alpha;1;0.454396504642272
S037;837;alpha;0;0.37459434399629116
S037;842;alpha;0;0.28258221680876977
S037;856;alpha;0;0.22510334460729048
S037;890;alpha;0;0.11368277739959155
S037;905;alpha;1;0.454396504642272
S037;906;alpha;1;0.16335227272727273
S037;907;alpha;0;0.37459434399629116
S037;909;alpha;0;0.005145278450363196
S037;915;alpha;0;0.454396504642272
S037;938;alpha;0;0.007541478129713424
S037;965;alpha;0;0.16335227272727273
S037;967;alpha;0;0.454396504642272
S037;971;alpha;0;0.11368277739959155
S037;983;alpha;0;0.22510334460729048
S037;996;alpha;0;0.16335227272727273
S037;1002;alpha;0;0.08973935994721215
S037;1045;alpha;0;0.37459434399629116
S037;1066;alpha;1;0.454396504642272
S037;1067;alpha;0;0.08973935994721215
S037;1102;alpha;0;0.11368277739959155
S037;1104;alpha;1;0.11368277739959155
S037;1105;alpha;1;0.22510334460729048
S037;1106;alpha;0;0.08973935994721215
S037;1135;alpha;0;0.454396504642272
S037;1164;alpha;0;0.02786282914880588
S037;1180;alpha;0;0.22510334460729048
S037;1188;alpha;0;0.16335227272727273
S037;1207;alpha;0;0.28258221680876977
S037;1215;alpha;0;0.454396504642272
S037;1234;alpha;0;0.454396504642272
S037;1248;alpha;1;0.37459434399629116
S037;1249;alpha;0;0.16335227272727273
S037;1322;alpha;1;0.05497957901350927
S037;1323;alpha;0;0.16335227272727273
S037;1327;alpha;0;0.454396504642272
S037;1330;alpha;0;0.11368277739959155
S037;1332;alpha;0;0.014058679706601468
S037;1344;alpha;0;0.22510334460729048
S037;1373;alpha;0;0.08973935994721215
S037;1422;alpha;1;0.454396504642272
S037;1423;alpha;1;0.28258221680876977
S037;1424;alpha;0;0.37459434399629116
S038;10;alpha;0;0.37459434399629116
S038;12;alpha;0;0.28258221680876977
S038;14;alpha;0;0.11368277739959155
S038;17;alpha;0;0.014058679706601468
S038;44;alpha;0;0.37459434399629116
S038;48;alpha;1;0.28258221680876977
S038;49;alpha;1;0.37459434399629116
S038;50;alpha;0;0.16335227272727273
S038;61;alpha;0;0.01712014674411495
S038;65;alpha;0;0.454396504642272
S038;86;alpha;0;0.37459434399629116
S038;89;alpha;0;0.454396504642272
S038;91;alpha;0;0.06172049888071634
S038;95;alpha;0;0.03007751937984496
S038;137;alpha;0;0.37459434399629116
S038;140;alpha;0;0.005474452554744526
S038;199;alpha;0;0.28258221680876977
S038;204;alpha;0;0.454396504642272
S038;206;alpha;0;0.22510334460729048
S038;225;alpha;1;0.28258221680876977
S038;226;alpha;0;0.28258221680876977
S038;236;alpha;0;0.28258221680876977
S038;268;alpha;0;0.37459434399629116
S038;298;alpha;0;0.454396504642272
S038;317;alpha;1;0.28258221680876977
S038;318;alpha;0;0.08973935994721215
S038;363;alpha;1;0.37459434399629116
S038;364;alpha;1;0.454396504642272
S038;365;alpha;1;0.37459434399629116
S038;366;alpha;0;0.37459434399629116
S038;379;alpha;1;0.37459434399629116
S038;380;alpha;1;0.454396504642272
S038;381;alpha;0;0.03917267314321529
S038;389;alpha;1;0.22510334460729048
S038;390;alpha;1;0.454396504642272
S038;391;alpha;0;0.08973935994721215
S038;422;alpha;0;0.28258221680876977
S038;463;alpha;0;0.454396504642272
S038;468;alpha;1;0.37459434399629116
S038;469;alpha;0;0.11368277739959155
S038;492;alpha;1;0.454396504642272
S038;493;alpha;1;0.37459434399629116
S038;494;alpha;0;0.012198841110094541
S038;523;alpha;0;0.012198841110094541
S038;525;alpha;0;0.16335227272727273
S038;541;alpha;0;0.454396504642272
S038;555;alpha;0;0.11368277739959155
S038;578;alpha;1;0.454396504642272
S038;579;alpha;0;0.22510334460729048
S038;584;alpha;0;0.22510334460729048
S038;592;alpha;1;0.16335227272727273
S038;593;alpha;0;0.16335227272727273
S038;595;alpha;0;0.11368277739959155
S038;597;alpha;0;0.37459434399629116
S038;600;alpha;0;0.37459434399629116
S038;618;alpha;0;0.454396504642272
S038;635;alpha;0;0.37459434399629116
S038;638;alpha;0;0.22510334460729048
S038;640;alpha;1;0.454396504642272
S038;641;alpha;0;0.11368277739959155
S038;643;alpha;0;0.03917267314321529
S038;645;alpha;1;0.28258221680876977
S038;646;alpha;0;0.28258221680876977
S038;653;alpha;0;0.454396504642272
S038;751;alpha;0;0.08973935994721215
S038;783;alpha;0;0.16335227272727273
S038;792;alpha;0;0.28258221680876977
S038;799;alpha;0;0.37459434399629116
S038;825;alpha;0;0.03007751937984496
S038;832;alpha;0;0.16335227272727273
S038;874;alpha;0;0.11368277739959155
S038;882;alpha;0;0.03917267314321529
S038;893;alpha;1;0.22510334460729048
S038;894;alpha;0;0.454396504642272
S038;929;alpha;0;0.37459434399629116
S038;932;alpha;1;0.37459434399629116
S038;933;alpha;0;0.28258221680876977
S038;938;alpha;1;0.22510334460729048
S038;939;alpha;0;0.37459434399629116
S038;976;alpha;0;0.454396504642272
S038;979;alpha;1;0.37459434399629116
S038;980;alpha;0;0.16335227272727273
S038;1007;alpha;1;0.454396504642272
S038;1008;alpha;0;0.22510334460729048
S038;1015;alpha;0;0.03007751937984496
S038;1024;alpha;0;0.28258221680876977
S038;1026;alpha;1;0.22510334460729048
S038;1027;alpha;1;0.16335227272727273
S038;1028;alpha;0;0.22510334460729048
S038;1031;alpha;0;0.03917267314321529
S038;1033;alpha;0;0.28258221680876977
S038;1047;alpha;0;0.11368277739959155
S038;1113;alpha;0;0.22510334460729048
S038;1120;alpha;1;0.454396504642272
S038;1121;alpha;1;0.37459434399629116
S038;1122;alpha;1;0.37459434399629116
S038;1123;alpha;0;0.454396504642272
S038;1125;alpha;0;0.454396504642272
S038;1127;alpha;0;0.22510334460729048
S038;1130;alpha;0;0.06172049888071634
S038;1142;alpha;0;0.454396504642272
S038;1144;alpha;0;0.03917267314321529
S038;1146;alpha;0;0.06172049888071634
S038;1182;alpha;1;0.454396504642272
S038;1183;alpha;1;0.16335227272727273
S038;1184;alpha;0;0.22510334460729048
S038;1186;alpha;0;0.16335227272727273
S038;1212;alpha;0;0.37459434399629116
S038;1215;alpha;0;0.05497957901350927
S038;1232;alpha;0;0.16335227272727273
S038;1239;alpha;1;0.22510334460729048
S038;1240;alpha;1;0.37459434399629116
S038;1241;alpha;0;0.16335227272727273
S038;1257;alpha;0;0.37459434399629116
S038;1343;alpha;1;0.37459434399629116
S038;1344;alpha;1;0.37459434399629116
S038;1345;alpha;0;0.16335227272727273
S038;1349;alpha;0;0.22510334460729048
S038;1363;alpha;0;0.454396504642272
S038;1367;alpha;0;0.28258221680876977
S038;1369;alpha;0;0.28258221680876977
S038;1372;alpha;1;0.22510334460729048
S038;1373;alpha;0;0.37459434399629116
S038;1379;alpha;0;0.005145278450363196
S038;1437;alpha;1;0.454396504642272
S038;1438;alpha;0;0.06172049888071634
S039;8;alpha;1;0.11368277739959155
S039;9;alpha;0;0.16335227272727273
S039;15;alpha;0;0.37459434399629116
S039;28;alpha;1;0.454396504642272
S039;29;alpha;0;0.454396504642272
S039;65;alpha;0;0.06172049888071634
S039;67;alpha;0;0.28258221680876977
S039;71;alpha;0;0.005145278450363196
S039;91;alpha;1;0.28258221680876977
S039;92;alpha;0;0.454396504642272
S039;94;alpha;1;0.454396504642272
S039;95;alpha;1;0.37459434399629116
S039;96;alpha;0;0.11368277739959155
S039;115;alpha;0;0.454396504642272
S039;121;alpha;0;0.22510334460729048
S039;139;alpha;0;0.454396504642272
S039;185;alpha;1;0.454396504642272
S039;186;alpha;0;0.37459434399629116
S039;189;alpha;0;0.454396504642272
S039;192;alpha;0;0.37459434399629116
S039;234;alpha;1;0.454396504642272
S039;235;alpha;1;0.454396504642272
S039;236;alpha;0;0.28258221680876977
S039;240;alpha;0;0.454396504642272
S039;244;alpha;1;0.005145278450363196
S039;245;alpha;1;0.454396504642272
S039;246;alpha;0;0.11368277739959155
S039;253;alpha;0;0.16335227272727273
S039;282;alpha;1;0.22510334460729048
S039;283;alpha;0;0.08973935994721215
S039;287;alpha;0;0.22510334460729048
S039;304;alpha;0;0.37459434399629116
S039;334;alpha;0;0.11368277739959155
S039;368;alpha;0;0.28258221680876977
S039;404;alpha;0;0.11368277739959155
S039;408;alpha;0;0.16335227272727273
S039;418;alpha;0;0.08973935994721215
S039;421;alpha;0;0.28258221680876977
S039;423;alpha;0;0.06172049888071634
S039;450;alpha;1;0.28258221680876977
S039;451;alpha;1;0.454396504642272
S039;452;alpha;0;0.454396504642272
S039;474;alpha;0;0.08973935994721215
S039;503;alpha;0;0.28258221680876977
S039;507;alpha;0;0.06172049888071634
S039;553;alpha;1;0.454396504642272
S039;554;alpha;0;0.03007751937984496
S039;567;alpha;1;0.22510334460729048
S039;568;alpha;0;0.11368277739959155
S039;573;alpha;0;0.05497957901350927
S039;624;alpha;0;0.16335227272727273
S039;626;alpha;0;0.05497957901350927
S039;632;alpha;1;0.454396504642272
S039;633;alpha;0;0.11368277739959155
S039;648;alpha;0;0.28258221680876977
S039;664;alpha;1;0.28258221680876977
S039;665;alpha;1;0.37459434399629116
S039;666;alpha;1;0.16335227272727273
S039;667;alpha;1;0.37459434399629116
S039;668;alpha;0;0.454396504642272
S039;675;alpha;0;0.16335227272727273
S039;677;alpha;0;0.22510334460729048
S039;716;alpha;0;0.28258221680876977
S039;728;alpha;0;0.28258221680876977
S039;740;alpha;0;0.05497957901350927
S039;745;alpha;0;0.11368277739959155
S039;747;alpha;0;0.37459434399629116
S039;766;alpha;0;0.28258221680876977
S039;800;alpha;0;0.28258221680876977
S039;804;alpha;0;0.37459434399629116
S039;806;alpha;0;0.28258221680876977
S039;844;alpha;1;0.454396504642272
S039;845;alpha;1;0.16335227272727273
S039;846;alpha;1;0.28258221680876977
S039;847;alpha;0;0.03917267314321529
S039;849;alpha;1;0.03007751937984496
S039;850;alpha;0;0.22510334460729048
S039;855;alpha;0;0.03917267314321529
S039;868;alpha;1;0.454396504642272
S039;869;alpha;1;0.22510334460729048
S039;870;alpha;0;0.08973935994721215
S039;888;alpha;0;0.454396504642272
S039;894;alpha;0;0.28258221680876977
S039;896;alpha;0;0.28258221680876977
S039;899;alpha;0;0.05497957901350927
S039;901;alpha;0;0.37459434399629116
S039;904;alpha;1;0.454396504642272
S039;905;alpha;0;0.454396504642272
S039;907;alpha;1;0.37459434399629116
S039;908;alpha;0;0.37459434399629116
S039;990;alpha;1;0.37459434399629116
S039;991;alpha;1;0.454396504642272
S039;992;alpha;0;0.37459434399629116
S039;1035;alpha;0;0.22510334460729048
S039;1039;alpha;0;0.37459434399629116
S039;1041;alpha;0;0.005145278450363196
S039;1045;alpha;0;0.16335227272727273
S039;1048;alpha;1;0.22510334460729048
S039;1049;alpha;1;0.37459434399629116
S039;1050;alpha;0;0.16335227272727273
S039;1058;alpha;0;0.008179339594062406
S039;1067;alpha;1;0.08973935994721215
S039;1068;alpha;0;0.05497957901350927
S039;1103;alpha;1;0.28258221680876977
S039;1104;alpha;0;0.11368277739959155
S039;1107;alpha;0;0.22510334460729048
S039;1129;alpha;0;0.37459434399629116
S039;1131;alpha;0;0.454396504642272
S039;1139;alpha;0;0.16335227272727273
S039;1158;alpha;0;0.37459434399629116
S039;1161;alpha;1;0.454396504642272
S039;1162;alpha;0;0.11368277739959155
S039;1187;alpha;0;0.454396504642272
S039;1213;alpha;0;0.16335227272727273
S039;1215;alpha;1;0.454396504642272
S039;1216;alpha;0;0.11368277739959155
S039;1252;alpha;0;0.454396504642272
S039;1320;alpha;1;0.454396504642272
S039;1321;alpha;1;0.22510334460729048
S039;1322;alpha;0;0.28258221680876977
S039;1333;alpha;0;0.22510334460729048
S039;1355;alpha;1;0.454396504642272
S039;1356;alpha;1;0.454396504642272
S039;1357;alpha;0;0.37459434399629116
S039;1366;alpha;0;0.37459434399629116
S039;1376;alpha;0;0.28258221680876977
S039;1380;alpha;0;0.37459434399629116
S039;1383;alpha;1;0.06172049888071634
S039;1384;alpha;0;0.02786282914880588
S039;1408;alpha;1;0.06172049888071634
S039;1409;alpha;0;0.22510334460729048
S039;1423;alpha;1;0.06172049888071634
S039;1424;alpha;1;0.11368277739959155
S039;1425;alpha;1;0.22510334460729048
S039;1426;alpha;0;0.05497957901350927
S040;1;alpha;1;0.454396504642272
S040;2;alpha;1;0.454396504642272
S040;3;alpha;0;0.454396504642272
S040;7;alpha;1;0.37459434399629116
S040;8;alpha;1;0.37459434399629116
S040;9;alpha;0;0.37459434399629116
S040;60;alpha;0;0.01712014674411495
S040;84;alpha;0;0.454396504642272
S040;87;alpha;0;0.05497957901350927
S040;90;alpha;0;0.005145278450363196
S040;92;alpha;1;0.37459434399629116
S040;93;alpha;0;0.03917267314321529
S040;97;alpha;1;0.28258221680876977
S040;98;alpha;1;0.08973935994721215
S040;99;alpha;0;0.014058679706601468
S040;139;alpha;0;0.37459434399629116
S040;143;alpha;0;0.08973935994721215
S040;150;alpha;0;0.008179339594062406
S040;174;alpha;0;0.28258221680876977
S040;177;alpha;0;0.16335227272727273
S040;182;alpha;0;0.02786282914880588
S040;196;alpha;0;0.22510334460729048
S040;201;alpha;0;0.22510334460729048
S040;204;alpha;0;0.454396504642272
S040;206;alpha;0;0.16335227272727273
S040;232;alpha;0;0.454396504642272
S040;234;alpha;0;0.11368277739959155
S040;257;alpha;0;0.28258221680876977
S040;262;alpha;0;0.01712014674411495
S040;266;alpha;1;0.22510334460729048
S040;267;alpha;0;0.28258221680876977
S040;269;alpha;1;0.28258221680876977
S040;270;alpha;0;0.22510334460729048
S040;278;alpha;0;0.16335227272727273
S040;282;alpha;1;0.37459434399629116
S040;283;alpha;0;0.11368277739959155
S040;290;alpha;0;0.22510334460729048
S040;292;alpha;1;0.454396504642272
S040;293;alpha;0;0.37459434399629116
S040;299;alpha;0;0.22510334460729048
S040;303;alpha;0;0.08973935994721215
S040;305;alpha;0;0.02786282914880588
S040;309;alpha;0;0.008179339594062406
S040;324;alpha;0;0.37459434399629116
S040;330;alpha;0;0.28258221680876977
S040;386;alpha;0;0.37459434399629116
S040;393;alpha;1;0.28258221680876977
S040;394;alpha;0;0.454396504642272
S040;396;alpha;0;0.01712014674411495
S040;425;alpha;0;0.03007751937984496
S040;472;alpha;0;0.16335227272727273
S040;503;alpha;0;0.28258221680876977
S040;511;alpha;0;0.008179339594062406
S040;533;alpha;0;0.454396504642272
S040;535;alpha;1;0.22510334460729048
S040;536;alpha;0;0.37459434399629116
S040;552;alpha;0;0.454396504642272
S040;555;alpha;1;0.454396504642272
S040;556;alpha;0;0.11368277739959155
S040;568;alpha;0;0.28258221680876977
S040;578;alpha;0;0.28258221680876977
S040;605;alpha;0;0.22510334460729048
S040;625;alpha;1;0.22510334460729048
S040;626;alpha;1;0.454396504642272
S040;627;alpha;0;0.37459434399629116
S040;656;alpha;0;0.454396504642272
S040;660;alpha;0;0.012198841110094541
S040;674;alpha;0;0.454396504642272
S040;679;alpha;0;0.454396504642272
S040;696;alpha;0;0.454396504642272
S040;698;alpha;0;0.454396504642272
S040;702;alpha;1;0.454396504642272
S040;703;alpha;1;0.454396504642272
S040;704;alpha;0;0.08973935994721215
S040;708;alpha;1;0.37459434399629116
S040;709;alpha;1;0.28258221680876977
S040;710;alpha;1;0.014058679706601468
S040;711;alpha;0;0.014058679706601468
S040;714;alpha;0;0.05497957901350927
S040;717;alpha;0;0.11368277739959155
S040;722;alpha;1;0.16335227272727273
S040;723;alpha;0;0.28258221680876977
S040;731;alpha;1;0.37459434399629116
S040;732;alpha;0;0.22510334460729048
S040;750;alpha;0;0.005474452554744526
S040;776;alpha;0;0.03007751937984496
S040;804;alpha;1;0.454396504642272
S040;805;alpha;1;0.454396504642272
S040;806;alpha;0;0.012198841110094541
S040;826;alpha;1;0.454396504642272
S040;827;alpha;1;0.37459434399629116
S040;828;alpha;0;0.454396504642272
S040;858;alpha;0;0.16335227272727273
S040;878;alpha;0;0.454396504642272
S040;880;alpha;0;0.16335227272727273
S040;882;alpha;0;0.454396504642272
S040;890;alpha;1;0.454396504642272
S040;891;alpha;0;0.16335227272727273
S040;900;alpha;0;0.06172049888071634
S040;902;alpha;0;0.16335227272727273
S040;904;alpha;0;0.454396504642272
S040;929;alpha;0;0.28258221680876977
S040;967;alpha;0;0.11368277739959155
S040;979;alpha;1;0.05497957901350927
S040;980;alpha;1;0.22510334460729048
S040;981;alpha;0;0.16335227272727273
S040;998;alpha;1;0.454396504642272
S040;999;alpha;0;0.454396504642272
S040;1001;alpha;1;0.28258221680876977
S040;1002;alpha;0;0.22510334460729048
S040;1005;alpha;0;0.03007751937984496
S040;1010;alpha;0;0.37459434399629116
S040;1025;alpha;0;0.37459434399629116
S040;1051;alpha;0;0.37459434399629116
S040;1053;alpha;1;0.16335227272727273
S040;1054;alpha;0;0.28258221680876977
S040;1062;alpha;0;0.11368277739959155
S040;1064;alpha;0;0.28258221680876977
S040;1068;alpha;1;0.454396504642272
S040;1069;alpha;1;0.454396504642272
S040;1070;alpha;0;0.03007751937984496
S040;1092;alpha;0;0.454396504642272
S040;1112;alpha;0;0.37459434399629116
S040;1123;alpha;0;0.454396504642272
S040;1125;alpha;0;0.03917267314321529
S040;1132;alpha;0;0.11368277739959155
S040;1140;alpha;0;0.014058679706601468
S040;1172;alpha;0;0.454396504642272
S040;1182;alpha;0;0.37459434399629116
S040;1193;alpha;0;0.005145278450363196
S040;1235;alpha;0;0.16335227272727273
S041;4;alpha;0;0.28258221680876977
S041;21;alpha;1;0.454396504642272
S041;22;alpha;1;0.37459434399629116
S041;23;alpha;0;0.454396504642272
S041;61;alpha;0;0.008179339594062406
S041;63;alpha;0;0.454396504642272
S041;84;alpha;1;0.22510334460729048
S041;85;alpha;0;0.454396504642272
S041;108;alpha;0;0.22510334460729048
S041;117;alpha;1;0.454396504642272
S041;118;alpha;0;0.16335227272727273
S041;125;alpha;1;0.454396504642272
S041;126;alpha;0;0.28258221680876977
S041;158;alpha;0;0.16335227272727273
S041;162;alpha;0;0.01712014674411495
S041;164;alpha;0;0.11368277739959155
S041;195;alpha;0;0.22510334460729048
S041;221;alpha;0;0.37459434399629116
S041;227;alpha;0;0.22510334460729048
S041;236;alpha;1;0.22510334460729048
S041;237;alpha;0;0.454396504642272
S041;239;alpha;1;0.37459434399629116
S041;240;alpha;1;0.05497957901350927
S041;241;alpha;0;0.16335227272727273
S041;248;alpha;0;0.11368277739959155
S041;279;alpha;0;0.28258221680876977
S041;287;alpha;0;0.22510334460729048
S041;289;alpha;1;0.37459434399629116
S041;290;alpha;0;0.454396504642272
S041;311;alpha;0;0.28258221680876977
S041;331;alpha;0;0.11368277739959155
S041;364;alpha;0;0.06172049888071634
S041;370;alpha;0;0.16335227272727273
S041;377;alpha;0;0.28258221680876977
S041;388;alpha;0;0.16335227272727273
S041;422;alpha;1;0.454396504642272
S041;423;alpha;1;0.454396504642272
S041;424;alpha;0;0.454396504642272
S041;437;alpha;0;0.28258221680876977
S041;439;alpha;0;0.454396504642272
S041;443;alpha;0;0.05497957901350927
S041;446;alpha;0;0.28258221680876977
S041;448;alpha;0;0.454396504642272
S041;450;alpha;0;0.22510334460729048
S041;455;alpha;0;0.16335227272727273
S041;471;alpha;1;0.37459434399629116
S041;472;alpha;1;0.454396504642272
S041;473;alpha;0;0.22510334460729048
S041;498;alpha;0;0.37459434399629116
S041;500;alpha;0;0.11368277739959155
S041;507;alpha;0;0.16335227272727273
S041;511;alpha;0;0.28258221680876977
S041;542;alpha;0;0.28258221680876977
S041;546;alpha;1;0.11368277739959155
S041;547;alpha;1;0.22510334460729048
S041;548;alpha;1;0.37459434399629116
S041;549;alpha;0;0.03917267314321529
S041;559;alpha;0;0.28258221680876977
S041;562;alpha;0;0.28258221680876977
S041;567;alpha;0;0.03007751937984496
S041;619;alpha;0;0.16335227272727273
S041;632;alpha;0;0.454396504642272
S041;634;alpha;1;0.22510334460729048
S041;635;alpha;0;0.08973935994721215
S041;684;alpha;0;0.454396504642272
S041;708;alpha;0;0.014058679706601468
S041;727;alpha;1;0.08973935994721215
S041;728;alpha;1;0.16335227272727273
S041;729;alpha;1;0.454396504642272
S041;730;alpha;0;0.28258221680876977
S041;751;alpha;0;0.37459434399629116
S041;753;alpha;0;0.11368277739959155
S041;756;alpha;0;0.28258221680876977
S041;764;alpha;1;0.454396504642272
S041;765;alpha;0;0.03007751937984496
S041;780;alpha;0;0.22510334460729048
S041;789;alpha;0;0.008179339594062406
S041;802;alpha;0;0.03917267314321529
S041;806;alpha;1;0.37459434399629116
S041;807;alpha;0;0.37459434399629116
S041;809;alpha;0;0.16335227272727273
S041;811;alpha;1;0.454396504642272
S041;812;alpha;0;0.06172049888071634
S041;820;alpha;1;0.454396504642272
S041;821;alpha;0;0.16335227272727273
S041;823;alpha;0;0.03917267314321529
S041;850;alpha;0;0.28258221680876977
S041;890;alpha;0;0.11368277739959155
S041;903;alpha;0;0.01712014674411495
S041;908;alpha;0;0.22510334460729048
S041;912;alpha;0;0.37459434399629116
S041;934;alpha;1;0.37459434399629116
S041;935;alpha;0;0.03007751937984496
S041;945;alpha;1;0.03007751937984496
S041;946;alpha;0;0.37459434399629116
S041;990;alpha;0;0.22510334460729048
S041;1018;alpha;0;0.16335227272727273
S041;1025;alpha;0;0.22510334460729048
S041;1028;alpha;0;0.06172049888071634
S041;1063;alpha;0;0.37459434399629116
S041;1080;alpha;0;0.06172049888071634
S041;1132;alpha;0;0.454396504642272
S041;1135;alpha;0;0.454396504642272
S041;1195;alpha;0;0.454396504642272
S041;1200;alpha;1;0.37459434399629116
S041;1201;alpha;0;0.11368277739959155
S041;1212;alpha;0;0.454396504642272
S041;1214;alpha;1;0.37459434399629116
S041;1215;alpha;0;0.28258221680876977
S041;1220;alpha;0;0.454396504642272
S041;1225;alpha;0;0.37459434399629116
S041;1244;alpha;0;0.28258221680876977
S041;1246;alpha;1;0.454396504642272
S041;1247;alpha;0;0.11368277739959155
S041;1325;alpha;0;0.11368277739959155
S041;1352;alpha;1;0.454396504642272
S041;1353;alpha;0;0.005145278450363196
S041;1388;alpha;0;0.454396504642272
S041;1415;alpha;0;0.005145278450363196
S041;1430;alpha;1;0.454396504642272
S041;1431;alpha;0;0.11368277739959155
S042;2;alpha;1;0.11368277739959155
S042;3;alpha;0;0.005145278450363196
S042;40;alpha;0;0.11368277739959155
S042;43;alpha;0;0.454396504642272
S042;48;alpha;1;0.05497957901350927
S042;49;alpha;1;0.28258221680876977
S042;50;alpha;0;0.28258221680876977
S042;57;alpha;1;0.454396504642272
S042;58;alpha;0;0.16335227272727273
S042;70;alpha;0;0.37459434399629116
S042;101;alpha;1;0.454396504642272
S042;102;alpha;0;0.08973935994721215
S042;104;alpha;1;0.01712014674411495
S042;105;alpha;0;0.28258221680876977
S042;123;alpha;1;0.454396504642272
S042;124;alpha;0;0.22510334460729048
S042;127;alpha;0;0.28258221680876977
S042;131;alpha;0;0.37459434399629116
S042;142;alpha;0;0.37459434399629116
S042;146;alpha;0;0.454396504642272
S042;149;alpha;0;0.454396504642272
S042;189;alpha;0;0.454396504642272
S042;223;alpha;0;0.06172049888071634
S042;233;alpha;1;0.454396504642272
S042;234;alpha;0;0.08973935994721215
S042;238;alpha;1;0.454396504642272
S042;239;alpha;1;0.28258221680876977
S042;240;alpha;0;0.37459434399629116
S042;247;alpha;0;0.014058679706601468
S042;268;alpha;0;0.16335227272727273
S042;270;alpha;1;0.11368277739959155
S042;271;alpha;0;0.014058679706601468
S042;275;alpha;0;0.454396504642272
S042;278;alpha;0;0.454396504642272
S042;280;alpha;0;0.28258221680876977
S042;361;alpha;0;0.22510334460729048
S042;374;alpha;0;0.11368277739959155
S042;409;alpha;0;0.454396504642272
S042;412;alpha;0;0.28258221680876977
S042;419;alpha;0;0.22510334460729048
S042;421;alpha;1;0.22510334460729048
S042;422;alpha;1;0.454396504642272
S042;423;alpha;0;0.007541478129713424
S042;433;alpha;1;0.454396504642272
S042;434;alpha;0;0.22510334460729048
S042;446;alpha;0;0.014058679706601468
S042;451;alpha;0;0.08973935994721215
S042;455;alpha;0;0.22510334460729048
S042;457;alpha;0;0.37459434399629116
S042;472;alpha;1;0.28258221680876977
S042;473;alpha;0;0.454396504642272
S042;481;alpha;0;0.16335227272727273
S042;497;alpha;0;0.28258221680876977
S042;502;alpha;0;0.454396504642272
S042;534;alpha;0;0.08973935994721215
S042;553;alpha;0;0.22510334460729048
S042;569;alpha;0;0.28258221680876977
S042;571;alpha;0;0.03007751937984496
S042;582;alpha;0;0.007541478129713424
S042;588;alpha;0;0.05497957901350927
S042;590;alpha;0;0.22510334460729048
S042;600;alpha;0;0.08973935994721215
S042;602;alpha;0;0.05497957901350927
S042;605;alpha;0;0.11368277739959155
S042;607;alpha;1;0.37459434399629116
S042;608;alpha;0;0.03007751937984496
S042;619;alpha;0;0.06172049888071634
S042;621;alpha;0;0.454396504642272
S042;657;alpha;1;0.454396504642272
S042;658;alpha;0;0.37459434399629116
S042;681;alpha;0;0.37459434399629116
S042;705;alpha;0;0.02786282914880588
S042;720;alpha;0;0.22510334460729048
S042;723;alpha;1;0.454396504642272
S042;724;alpha;1;0.06172049888071634
S042;725;alpha;0;0.005145278450363196
S042;743;alpha;0;0.08973935994721215
S042;748;alpha;1;0.454396504642272
S042;749;alpha;0;0.22510334460729048
S042;752;alpha;1;0.22510334460729048
S042;753;alpha;0;0.08973935994721215
S042;761;alpha;0;0.03917267314321529
S042;778;alpha;0;0.454396504642272
S042;780;alpha;0;0.05497957901350927
S042;784;alpha;0;0.05497957901350927
S042;788;alpha;0;0.28258221680876977
S042;794;alpha;0;0.05497957901350927
S042;800;alpha;0;0.16335227272727273
S042;811;alpha;0;0.454396504642272
S042;817;alpha;1;0.08973935994721215
S042;818;alpha;1;0.454396504642272
S042;819;alpha;0;0.03007751937984496
S042;827;alpha;0;0.28258221680876977
S042;857;alpha;1;0.11368277739959155
S042;858;alpha;0;0.03007751937984496
S042;860;alpha;1;0.16335227272727273
S042;861;alpha;0;0.37459434399629116
S042;868;alpha;1;0.03007751937984496
S042;869;alpha;1;0.06172049888071634
S042;870;alpha;0;0.22510334460729048
S042;906;alpha;0;0.454396504642272
S042;954;alpha;0;0.16335227272727273
S042;972;alpha;0;0.37459434399629116
S042;976;alpha;0;0.454396504642272
S042;978;alpha;0;0.11368277739959155
S042;982;alpha;0;0.05497957901350927
S042;986;alpha;1;0.454396504642272
S042;987;alpha;0;0.007541478129713424
S042;992;alpha;1;0.08973935994721215
S042;993;alpha;0;0.454396504642272
S042;1010;alpha;0;0.16335227272727273
S042;1016;alpha;0;0.454396504642272
S042;1022;alpha;1;0.16335227272727273
S042;1023;alpha;0;0.454396504642272
S042;1025;alpha;0;0.03007751937984496
S042;1027;alpha;0;0.37459434399629116
S042;1031;alpha;0;0.454396504642272
S042;1037;alpha;1;0.28258221680876977
S042;1038;alpha;1;0.11368277739959155
S042;1039;alpha;0;0.37459434399629116
S042;1042;alpha;0;0.008179339594062406
S042;1099;alpha;1;0.454396504642272
S042;1100;alpha;0;0.08973935994721215
S042;1105;alpha;1;0.22510334460729048
S042;1106;alpha;0;0.454396504642272
S042;1111;alpha;0;0.28258221680876977
S042;1140;alpha;0;0.37459434399629116
S042;1164;alpha;0;0.05497957901350927
S042;1183;alpha;0;0.22510334460729048
S042;1189;alpha;1;0.22510334460729048
S042;1190;alpha;0;0.454396504642272
S042;1195;alpha;0;0.03917267314321529
S042;1202;alpha;0;0.28258221680876977
S042;1204;alpha;0;0.28258221680876977
S042;1215;alpha;0;0.28258221680876977
S042;1224;alpha;0;0.37459434399629116
S042;1233;alpha;0;0.37459434399629116
S042;1238;alpha;1;0.16335227272727273
S042;1239;alpha;0;0.454396504642272
S042;1255;alpha;1;0.37459434399629116
S042;1256;alpha;0;0.22510334460729048
S042;1320;alpha;0;0.005474452554744526
S042;1363;alpha;0;0.014058679706601468
S042;1365;alpha;0;0.007541478129713424
S042;1369;alpha;0;0.007541478129713424
S042;1396;alpha;0;0.06172049888071634
S042;1412;alpha;0;0.22510334460729048
S042;1434;alpha;0;0.22510334460729048
S043;3;alpha;1;0.014058679706601468
S043;4;alpha;1;0.37459434399629116
S043;5;alpha;0;0.22510334460729048
S043;50;alpha;0;0.37459434399629116
S043;63;alpha;0;0.005474452554744526
S043;92;alpha;0;0.05497957901350927
S043;102;alpha;0;0.16335227272727273
S043;151;alpha;0;0.454396504642272
S043;160;alpha;0;0.22510334460729048
S043;185;alpha;1;0.454396504642272
S043;186;alpha;0;0.37459434399629116
S043;194;alpha;0;0.06172049888071634
S043;244;alpha;1;0.16335227272727273
S043;245;alpha;0;0.03917267314321529
S043;269;alpha;1;0.37459434399629116
S043;270;alpha;0;0.22510334460729048
S043;273;alpha;0;0.37459434399629116
S043;280;alpha;0;0.014058679706601468
S043;283;alpha;0;0.02786282914880588
S043;314;alpha;0;0.22510334460729048
S043;356;alpha;0;0.454396504642272
S043;362;alpha;0;0.16335227272727273
S043;376;alpha;0;0.454396504642272
S043;380;alpha;1;0.454396504642272
S043;381;alpha;1;0.16335227272727273
S043;382;alpha;0;0.28258221680876977
S043;384;alpha;0;0.22510334460729048
S043;434;alpha;0;0.11368277739959155
S043;447;alpha;0;0.28258221680876977
S043;476;alpha;0;0.16335227272727273
S043;481;alpha;0;0.06172049888071634
S043;489;alpha;1;0.28258221680876977
S043;490;alpha;0;0.28258221680876977
S043;495;alpha;0;0.06172049888071634
S043;500;alpha;0;0.11368277739959155
S043;505;alpha;0;0.28258221680876977
S043;542;alpha;0;0.11368277739959155
S043;569;alpha;0;0.454396504642272
S043;572;alpha;1;0.28258221680876977
S043;573;alpha;0;0.454396504642272
S043;577;alpha;1;0.37459434399629116
S043;578;alpha;1;0.454396504642272
S043;579;alpha;0;0.37459434399629116
S043;582;alpha;0;0.454396504642272
S043;590;alpha;1;0.11368277739959155
S043;591;alpha;0;0.03917267314321529
S043;597;alpha;0;0.11368277739959155
S043;630;alpha;1;0.37459434399629116
S043;631;alpha;1;0.08973935994721215
S043;632;alpha;0;0.28258221680876977
S043;660;alpha;0;0.16335227272727273
S043;663;alpha;0;0.37459434399629116
S043;680;alpha;1;0.454396504642272
S043;681;alpha;0;0.37459434399629116
S043;683;alpha;0;0.28258221680876977
S043;697;alpha;1;0.37459434399629116
S043;698;alpha;0;0.454396504642272
S043;717;alpha;1;0.22510334460729048
S043;718;alpha;1;0.08973935994721215
S043;719;alpha;0;0.11368277739959155
S043;746;alpha;0;0.22510334460729048
S043;750;alpha;0;0.005474452554744526
S043;752;alpha;0;0.012198841110094541
S043;792;alpha;0;0.11368277739959155
S043;823;alpha;1;0.454396504642272
S043;824;alpha;1;0.28258221680876977
S043;825;alpha;0;0.08973935994721215
S043;842;alpha;1;0.454396504642272
S043;843;alpha;0;0.28258221680876977
S043;869;alpha;0;0.22510334460729048
S043;885;alpha;0;0.454396504642272
S043;887;alpha;0;0.11368277739959155
S043;899;alpha;1;0.37459434399629116
S043;900;alpha;1;0.37459434399629116
S043;901;alpha;1;0.22510334460729048
S043;902;alpha;0;0.28258221680876977
S043;909;alpha;0;0.37459434399629116
S043;927;alpha;0;0.454396504642272
S043;930;alpha;1;0.16335227272727273
S043;931;alpha;0;0.28258221680876977
S043;956;alpha;0;0.37459434399629116
S043;970;alpha;1;0.22510334460729048
S043;971;alpha;0;0.16335227272727273
S043;990;alpha;0;0.28258221680876977
S043;1026;alpha;0;0.454396504642272
S043;1034;alpha;0;0.28258221680876977
S043;1040;alpha;0;0.11368277739959155
S043;1058;alpha;0;0.16335227272727273
S043;1087;alpha;0;0.454396504642272
S043;1137;alpha;0;0.454396504642272
S043;1140;alpha;0;0.012198841110094541
S043;1164;alpha;1;0.454396504642272
S043;1165;alpha;1;0.16335227272727273
S043;1166;alpha;0;0.08973935994721215
S043;1169;alpha;1;0.454396504642272
S043;1170;alpha;0;0.02786282914880588
S043;1196;alpha;1;0.37459434399629116
S043;1197;alpha;0;0.11368277739959155
S043;1199;alpha;0;0.012198841110094541
S043;1203;alpha;0;0.28258221680876977
S043;1236;alpha;0;0.454396504642272
S043;1243;alpha;1;0.37459434399629116
S043;1244;alpha;1;0.06172049888071634
S043;1245;alpha;0;0.03007751937984496
S043;1248;alpha;0;0.28258221680876977
S043;1252;alpha;0;0.454396504642272
S043;1255;alpha;1;0.22510334460729048
S043;1256;alpha;1;0.28258221680876977
S043;1257;alpha;0;0.007541478129713424
S043;1323;alpha;0;0.005474452554744526
S043;1365;alpha;0;0.454396504642272
S043;1420;alpha;0;0.16335227272727273
S043;1423;alpha;0;0.03917267314321529
S043;1429;alpha;0;0.454396504642272
S043;1432;alpha;0;0.11368277739959155
S044;49;alpha;0;0.02786282914880588
S044;65;alpha;0;0.28258221680876977
S044;67;alpha;1;0.454396504642272
S044;68;alpha;0;0.454396504642272
S044;71;alpha;1;0.22510334460729048
S044;72;alpha;1;0.28258221680876977
S044;73;alpha;0;0.22510334460729048
S044;75;alpha;0;0.08973935994721215
S044;78;alpha;0;0.03917267314321529
S044;92;alpha;0;0.454396504642272
S044;97;alpha;0;0.37459434399629116
S044;129;alpha;0;0.22510334460729048
S044;134;alpha;1;0.454396504642272
S044;135;alpha;1;0.37459434399629116
S044;136;alpha;1;0.37459434399629116
S044;137;alpha;0;0.28258221680876977
S044;142;alpha;0;0.454396504642272
S044;159;alpha;1;0.22510334460729048
S044;160;alpha;1;0.454396504642272
S044;161;alpha;0;0.37459434399629116
S044;174;alpha;1;0.22510334460729048
S044;175;alpha;0;0.28258221680876977
S044;179;alpha;1;0.454396504642272
S044;180;alpha;0;0.03007751937984496
S044;188;alpha;0;0.22510334460729048
S044;190;alpha;1;0.37459434399629116
S044;191;alpha;0;0.005145278450363196
S044;198;alpha;0;0.454396504642272
S044;200;alpha;0;0.22510334460729048
S044;204;alpha;0;0.16335227272727273
S044;206;alpha;0;0.37459434399629116
S044;208;alpha;0;0.08973935994721215
S044;220;alpha;0;0.37459434399629116
S044;264;alpha;0;0.06172049888071634
S044;283;alpha;0;0.37459434399629116
S044;285;alpha;0;0.454396504642272
S044;287;alpha;0;0.16335227272727273
S044;298;alpha;0;0.22510334460729048
S044;300;alpha;0;0.08973935994721215
S044;306;alpha;1;0.37459434399629116
S044;307;alpha;0;0.11368277739959155
S044;309;alpha;0;0.454396504642272
S044;330;alpha;0;0.454396504642272
S044;384;alpha;1;0.454396504642272
S044;385;alpha;0;0.11368277739959155
S044;392;alpha;1;0.37459434399629116
S044;393;alpha;0;0.005474452554744526
S044;405;alpha;0;0.11368277739959155
S044;426;alpha;1;0.454396504642272
S044;427;alpha;0;0.16335227272727273
S044;429;alpha;0;0.28258221680876977
S044;457;alpha;1;0.28258221680876977
S044;458;alpha;0;0.02786282914880588
S044;461;alpha;0;0.01712014674411495
S044;465;alpha;1;0.454396504642272
S044;466;alpha;1;0.28258221680876977
S044;467;alpha;0;0.08973935994721215
S044;501;alpha;0;0.22510334460729048
S044;542;alpha;0;0.16335227272727273
S044;548;alpha;0;0.02786282914880588
S044;581;alpha;1;0.08973935994721215
S044;582;alpha;1;0.454396504642272
S044;583;alpha;0;0.454396504642272
S044;586;alpha;1;0.37459434399629116
S044;587;alpha;0;0.007541478129713424
S044;595;alpha;0;0.03917267314321529
S044;613;alpha;0;0.454396504642272
S044;617;alpha;0;0.28258221680876977
S044;662;alpha;0;0.454396504642272
S044;667;alpha;0;0.454396504642272
S044;669;alpha;1;0.28258221680876977
S044;670;alpha;0;0.28258221680876977
S044;685;alpha;0;0.37459434399629116
S044;718;alpha;0;0.11368277739959155
S044;735;alpha;0;0.37459434399629116
S044;740;alpha;1;0.06172049888071634
S044;741;alpha;0;0.08973935994721215
S044;749;alpha;0;0.008179339594062406
S044;751;alpha;0;0.007541478129713424
S044;753;alpha;0;0.08973935994721215
S044;760;alpha;1;0.28258221680876977
S044;761;alpha;0;0.014058679706601468
S044;782;alpha;0;0.454396504642272
S044;784;alpha;0;0.454396504642272
S044;786;alpha;1;0.28258221680876977
S044;787;alpha;0;0.03007751937984496
S044;789;alpha;0;0.11368277739959155
S044;846;alpha;0;0.37459434399629116
S044;848;alpha;0;0.005145278450363196
S044;857;alpha;0;0.02786282914880588
S044;863;alpha;1;0.05497957901350927
S044;864;alpha;0;0.28258221680876977
S044;867;alpha;0;0.03917267314321529
S044;873;alpha;0;0.06172049888071634
S044;903;alpha;0;0.454396504642272
S044;938;alpha;0;0.16335227272727273
S044;952;alpha;0;0.454396504642272
S044;956;alpha;1;0.28258221680876977
S044;957;alpha;0;0.16335227272727273
S044;985;alpha;1;0.454396504642272
S044;986;alpha;0;0.22510334460729048
S044;988;alpha;0;0.37459434399629116
S044;1037;alpha;0;0.08973935994721215
S044;1081;alpha;0;0.454396504642272
S044;1083;alpha;1;0.28258221680876977
S044;1084;alpha;0;0.454396504642272
S044;1086;alpha;1;0.22510334460729048
S044;1087;alpha;0;0.28258221680876977
S044;1104;alpha;0;0.02786282914880588
S044;1118;alpha;0;0.454396504642272
S044;1121;alpha;0;0.22510334460729048
S044;1142;alpha;0;0.28258221680876977
S044;1146;alpha;0;0.37459434399629116
S044;1169;alpha;0;0.454396504642272
S044;1171;alpha;0;0.28258221680876977
S044;1173;alpha;0;0.11368277739959155
S044;1185;alpha;0;0.05497957901350927
S044;1209;alpha;0;0.11368277739959155
S044;1223;alpha;1;0.454396504642272
S044;1224;alpha;0;0.37459434399629116
S044;1231;alpha;0;0.16335227272727273
S044;1242;alpha;1;0.454396504642272
S044;1243;alpha;0;0.16335227272727273
S044;1245;alpha;1;0.37459434399629116
S044;1246;alpha;1;0.08973935994721215
S044;1247;alpha;0;0.454396504642272
S044;1249;alpha;1;0.37459434399629116
S044;1250;alpha;1;0.454396504642272
S044;1251;alpha;0;0.28258221680876977
S044;1256;alpha;0;0.28258221680876977
S044;1337;alpha;0;0.454396504642272
S044;1339;alpha;0;0.454396504642272
S044;1368;alpha;0;0.22510334460729048
S044;1389;alpha;0;0.02786282914880588
S044;1421;alpha;0;0.03917267314321529
S044;1425;alpha;0;0.11368277739959155
S044;1430;alpha;0;0.02786282914880588
S045;2;alpha;0;0.11368277739959155
S045;5;alpha;0;0.012198841110094541
S045;54;alpha;0;0.28258221680876977
S045;61;alpha;0;0.014058679706601468
S045;101;alpha;0;0.28258221680876977
S045;107;alpha;0;0.22510334460729048
S045;113;alpha;0;0.37459434399629116
S045;124;alpha;0;0.05497957901350927
S045;126;alpha;0;0.22510334460729048
S045;128;alpha;0;0.28258221680876977
S045;146;alpha;1;0.454396504642272
S045;147;alpha;0;0.03917267314321529
S045;150;alpha;0;0.012198841110094541
S045;167;alpha;0;0.03917267314321529
S045;184;alpha;0;0.11368277739959155
S045;231;alpha;0;0.014058679706601468
S045;251;alpha;0;0.37459434399629116
S045;268;alpha;0;0.28258221680876977
S045;281;alpha;1;0.454396504642272
S045;282;alpha;0;0.28258221680876977
S045;292;alpha;1;0.37459434399629116
S045;293;alpha;0;0.37459434399629116
S045;295;alpha;1;0.28258221680876977
S045;296;alpha;1;0.454396504642272
S045;297;alpha;0;0.004512635379061372
S045;300;alpha;0;0.454396504642272
S045;303;alpha;1;0.22510334460729048
S045;304;alpha;0;0.37459434399629116
S045;336;alpha;0;0.08973935994721215
S045;344;alpha;1;0.28258221680876977
S045;345;alpha;0;0.02786282914880588
S045;378;alpha;0;0.22510334460729048
S045;402;alpha;0;0.37459434399629116
S045;427;alpha;0;0.454396504642272
S045;429;alpha;1;0.37459434399629116
S045;430;alpha;1;0.007541478129713424
S045;431;alpha;0;0.28258221680876977
S045;433;alpha;0;0.005474452554744526
S045;442;alpha;1;0.16335227272727273
S045;443;alpha;1;0.06172049888071634
S045;444;alpha;0;0.005145278450363196
S045;446;alpha;0;0.22510334460729048
S045;453;alpha;0;0.28258221680876977
S045;501;alpha;0;0.454396504642272
S045;507;alpha;0;0.37459434399629116
S045;512;alpha;0;0.16335227272727273
S045;516;alpha;0;0.06172049888071634
S045;523;alpha;0;0.37459434399629116
S045;531;alpha;0;0.37459434399629116
S045;614;alpha;0;0.03007751937984496
S045;644;alpha;0;0.16335227272727273
S045;655;alpha;0;0.08973935994721215
S045;662;alpha;1;0.37459434399629116
S045;663;alpha;0;0.02786282914880588
S045;668;alpha;0;0.08973935994721215
S045;674;alpha;1;0.454396504642272
S045;675;alpha;0;0.08973935994721215
S045;733;alpha;1;0.37459434399629116
S045;734;alpha;0;0.16335227272727273
S045;737;alpha;1;0.454396504642272
S045;738;alpha;0;0.37459434399629116
S045;760;alpha;0;0.08973935994721215
S045;783;alpha;0;0.005474452554744526
S045;794;alpha;1;0.22510334460729048
S045;795;alpha;0;0.06172049888071634
S045;828;alpha;0;0.454396504642272
S045;840;alpha;1;0.16335227272727273
S045;841;alpha;1;0.28258221680876977
S045;842;alpha;1;0.454396504642272
S045;843;alpha;1;0.454396504642272
S045;844;alpha;0;0.16335227272727273
S045;850;alpha;1;0.37459434399629116
S045;851;alpha;0;0.11368277739959155
S045;859;alpha;0;0.06172049888071634
S045;863;alpha;0;0.28258221680876977
S045;870;alpha;1;0.06172049888071634
S045;871;alpha;1;0.37459434399629116
S045;872;alpha;0;0.37459434399629116
S045;900;alpha;0;0.28258221680876977
S045;919;alpha;1;0.454396504642272
S045;920;alpha;1;0.454396504642272
S045;921;alpha;0;0.22510334460729048
S045;930;alpha;1;0.454396504642272
S045;931;alpha;0;0.16335227272727273
S045;934;alpha;0;0.28258221680876977
S045;938;alpha;1;0.454396504642272
S045;939;alpha;0;0.28258221680876977
S045;964;alpha;1;0.37459434399629116
S045;965;alpha;0;0.08973935994721215
S045;968;alpha;0;0.22510334460729048
S045;977;alpha;0;0.22510334460729048
S045;982;alpha;0;0.37459434399629116
S045;1009;alpha;1;0.37459434399629116
S045;1010;alpha;1;0.22510334460729048
S045;1011;alpha;0;0.454396504642272
S045;1013;alpha;1;0.454396504642272
S045;1014;alpha;0;0.37459434399629116
S045;1016;alpha;0;0.22510334460729048
S045;1020;alpha;1;0.454396504642272
S045;1021;alpha;0;0.005474452554744526
S045;1054;alpha;1;0.03917267314321529
S045;1055;alpha;0;0.05497957901350927
S045;1079;alpha;1;0.454396504642272
S045;1080;alpha;0;0.11368277739959155
S045;1083;alpha;0;0.03007751937984496
S045;1092;alpha;0;0.37459434399629116
S045;1097;alpha;1;0.454396504642272
S045;1098;alpha;1;0.22510334460729048
S045;1099;alpha;0;0.454396504642272
S045;1108;alpha;0;0.11368277739959155
S045;1116;alpha;0;0.012198841110094541
S045;1123;alpha;0;0.37459434399629116
S045;1148;alpha;0;0.37459434399629116
S045;1177;alpha;1;0.16335227272727273
S045;1178;alpha;1;0.37459434399629116
S045;1179;alpha;1;0.37459434399629116
S045;1180;alpha;0;0.05497957901350927
S045;1184;alpha;0;0.005145278450363196
S045;1191;alpha;0;0.22510334460729048
S045;1195;alpha;0;0.004512635379061372
S045;1221;alpha;0;0.37459434399629116
S045;1223;alpha;1;0.06172049888071634
S045;1224;alpha;0;0.28258221680876977
S046;2;alpha;0;0.005145278450363196
S046;89;alpha;0;0.11368277739959155
S046;136;alpha;1;0.22510334460729048
S046;137;alpha;0;0.08973935994721215
S046;143;alpha;0;0.454396504642272
S046;153;alpha;0;0.22510334460729048
S046;157;alpha;1;0.22510334460729048
S046;158;alpha;0;0.06172049888071634
S046;163;alpha;1;0.454396504642272
S046;164;alpha;0;0.08973935994721215
S046;179;alpha;0;0.16335227272727273
S046;185;alpha;1;0.28258221680876977
S046;186;alpha;0;0.22510334460729048
S046;188;alpha;0;0.37459434399629116
S046;209;alpha;0;0.012198841110094541
S046;236;alpha;1;0.454396504642272
S046;237;alpha;0;0.16335227272727273
S046;258;alpha;0;0.37459434399629116
S046;280;alpha;0;0.454396504642272
S046;296;alpha;0;0.37459434399629116
S046;318;alpha;0;0.22510334460729048
S046;335;alpha;0;0.37459434399629116
S046;337;alpha;0;0.37459434399629116
S046;340;alpha;1;0.454396504642272
S046;341;alpha;0;0.16335227272727273
S046;343;alpha;0;0.22510334460729048
S046;348;alpha;0;0.22510334460729048
S046;350;alpha;0;0.28258221680876977
S046;360;alpha;0;0.37459434399629116
S046;369;alpha;0;0.454396504642272
S046;374;alpha;0;0.05497957901350927
S046;377;alpha;0;0.08973935994721215
S046;380;alpha;1;0.454396504642272
S046;381;alpha;1;0.37459434399629116
S046;382;alpha;0;0.08973935994721215
S046;384;alpha;1;0.28258221680876977
S046;385;alpha;0;0.03007751937984496
S046;392;alpha;0;0.37459434399629116
S046;394;alpha;1;0.454396504642272
S046;395;alpha;0;0.05497957901350927
S046;404;alpha;0;0.22510334460729048
S046;427;alpha;0;0.37459434399629116
S046;447;alpha;0;0.37459434399629116
S046;471;alpha;0;0.28258221680876977
S046;495;alpha;1;0.37459434399629116
S046;496;alpha;0;0.454396504642272
S046;500;alpha;0;0.454396504642272
S046;510;alpha;0;0.16335227272727273
S046;518;alpha;1;0.454396504642272
S046;519;alpha;0;0.28258221680876977
S046;544;alpha;0;0.37459434399629116
S046;564;alpha;0;0.28258221680876977
S046;598;alpha;0;0.454396504642272
S046;602;alpha;0;0.01712014674411495
S046;605;alpha;1;0.03007751937984496
S046;606;alpha;1;0.22510334460729048
S046;607;alpha;0;0.008179339594062406
S046;609;alpha;1;0.22510334460729048
S046;610;alpha;0;0.03917267314321529
S046;626;alpha;0;0.005145278450363196
S046;629;alpha;0;0.005474452554744526
S046;636;alpha;1;0.454396504642272
S046;637;alpha;1;0.454396504642272
S046;638;alpha;0;0.37459434399629116
S046;641;alpha;0;0.22510334460729048
S046;649;alpha;1;0.37459434399629116
S046;650;alpha;0;0.37459434399629116
S046;653;alpha;0;0.28258221680876977
S046;656;alpha;0;0.28258221680876977
S046;675;alpha;0;0.11368277739959155
S046;680;alpha;0;0.16335227272727273
S046;701;alpha;0;0.37459434399629116
S046;739;alpha;0;0.454396504642272
S046;741;alpha;0;0.05497957901350927
S046;772;alpha;0;0.28258221680876977
S046;795;alpha;0;0.05497957901350927
S046;799;alpha;0;0.28258221680876977
S046;820;alpha;1;0.454396504642272
S046;821;alpha;1;0.28258221680876977
S046;822;alpha;0;0.37459434399629116
S046;826;alpha;0;0.05497957901350927
S046;878;alpha;0;0.28258221680876977
S046;890;alpha;0;0.22510334460729048
S046;892;alpha;0;0.454396504642272
S046;902;alpha;1;0.22510334460729048
S046;903;alpha;1;0.37459434399629116
S046;904;alpha;0;0.08973935994721215
S046;909;alpha;1;0.37459434399629116
S046;910;alpha;0;0.01712014674411495
S046;936;alpha;1;0.11368277739959155
S046;937;alpha;1;0.16335227272727273
S046;938;alpha;0;0.454396504642272
S046;948;alpha;0;0.05497957901350927
S046;977;alpha;0;0.28258221680876977
S046;981;alpha;0;0.11368277739959155
S046;983;alpha;0;0.05497957901350927
S046;996;alpha;0;0.454396504642272
S046;1004;alpha;0;0.28258221680876977
S046;1010;alpha;1;0.22510334460729048
S046;1011;alpha;0;0.454396504642272
S046;1015;alpha;0;0.454396504642272
S046;1019;alpha;0;0.16335227272727273
S046;1021;alpha;0;0.22510334460729048
S046;1025;alpha;0;0.007541478129713424
S046;1064;alpha;0;0.22510334460729048
S046;1076;alpha;0;0.16335227272727273
S046;1096;alpha;0;0.28258221680876977
S046;1100;alpha;0;0.37459434399629116
S046;1102;alpha;0;0.22510334460729048
S046;1104;alpha;0;0.004512635379061372
S046;1128;alpha;0;0.37459434399629116
S046;1142;alpha;0;0.37459434399629116
S046;1150;alpha;0;0.28258221680876977
S046;1205;alpha;0;0.06172049888071634
S046;1246;alpha;0;0.06172049888071634
S046;1253;alpha;1;0.28258221680876977
S046;1254;alpha;0;0.11368277739959155
S046;1326;alpha;0;0.16335227272727273
S046;1331;alpha;0;0.11368277739959155
S046;1338;alpha;0;0.37459434399629116
S046;1340;alpha;1;0.22510334460729048
S046;1341;alpha;0;0.08973935994721215
S046;1362;alpha;0;0.454396504642272
S046;1374;alpha;0;0.007541478129713424
S046;1384;alpha;1;0.454396504642272
S046;1385;alpha;1;0.454396504642272
S046;1386;alpha;0;0.22510334460729048
S046;1390;alpha;1;0.454396504642272
S046;1391;alpha;0;0.11368277739959155
S047;1;alpha;0;0.08973935994721215
S047;3;alpha;0;0.08973935994721215
S047;8;alpha;0;0.01712014674411495
S047;15;alpha;1;0.454396504642272
S047;16;alpha;1;0.37459434399629116
S047;17;alpha;0;0.012198841110094541
S047;45;alpha;0;0.454396504642272
S047;56;alpha;1;0.37459434399629116
S047;57;alpha;1;0.05497957901350927
S047;58;alpha;0;0.11368277739959155
S047;68;alpha;0;0.454396504642272
S047;138;alpha;0;0.28258221680876977
S047;140;alpha;0;0.454396504642272
S047;143;alpha;0;0.22510334460729048
S047;149;alpha;0;0.454396504642272
S047;172;alpha;0;0.454396504642272
S047;196;alpha;0;0.08973935994721215
S047;252;alpha;0;0.37459434399629116
S047;258;alpha;0;0.454396504642272
S047;262;alpha;1;0.11368277739959155
S047;263;alpha;1;0.454396504642272
S047;264;alpha;0;0.01712014674411495
S047;273;alpha;1;0.28258221680876977
S047;274;alpha;0;0.454396504642272
S047;276;alpha;0;0.005145278450363196
S047;281;alpha;0;0.06172049888071634
S047;301;alpha;0;0.11368277739959155
S047;308;alpha;0;0.16335227272727273
S047;310;alpha;0;0.014058679706601468
S047;317;alpha;0;0.28258221680876977
S047;329;alpha;0;0.02786282914880588
S047;344;alpha;0;0.11368277739959155
S047;360;alpha;0;0.16335227272727273
S047;370;alpha;0;0.37459434399629116
S047;394;alpha;0;0.28258221680876977
S047;396;alpha;0;0.37459434399629116
S047;398;alpha;1;0.454396504642272
S047;399;alpha;0;0.28258221680876977
S047;404;alpha;1;0.454396504642272
S047;405;alpha;0;0.05497957901350927
S047;418;alpha;1;0.37459434399629116
S047;419;alpha;0;0.01712014674411495
S047;421;alpha;1;0.11368277739959155
S047;422;alpha;0;0.012198841110094541
S047;427;alpha;0;0.28258221680876977
S047;431;alpha;0;0.16335227272727273
S047;433;alpha;0;0.01712014674411495
S047;435;alpha;0;0.005474452554744526
S047;454;alpha;0;0.008179339594062406
S047;457;alpha;0;0.454396504642272
S047;468;alpha;0;0.11368277739959155
S047;512;alpha;0;0.06172049888071634
S047;529;alpha;0;0.454396504642272
S047;554;alpha;1;0.37459434399629116
S047;555;alpha;0;0.02786282914880588
S047;573;alpha;0;0.012198841110094541
S047;579;alpha;0;0.37459434399629116
S047;588;alpha;0;0.22510334460729048
S047;613;alpha;1;0.454396504642272
S047;614;alpha;0;0.03917267314321529
S047;621;alpha;0;0.03917267314321529
S047;631;alpha;1;0.22510334460729048
S047;632;alpha;1;0.454396504642272
S047;633;alpha;0;0.28258221680876977
S047;663;alpha;0;0.004512635379061372
S047;700;alpha;0;0.28258221680876977
S047;704;alpha;1;0.28258221680876977
S047;705;alpha;0;0.008179339594062406
S047;713;alpha;0;0.28258221680876977
S047;715;alpha;0;0.22510334460729048
S047;727;alpha;0;0.37459434399629116
S047;734;alpha;1;0.454396504642272
S047;735;alpha;0;0.16335227272727273
S047;739;alpha;0;0.454396504642272
S047;747;alpha;1;0.16335227272727273
S047;748;alpha;0;0.37459434399629116
S047;750;alpha;1;0.37459434399629116
S047;751;alpha;0;0.16335227272727273
S047;757;alpha;0;0.11368277739959155
S047;767;alpha;0;0.22510334460729048
S047;774;alpha;0;0.05497957901350927
S047;783;alpha;0;0.08973935994721215
S047;786;alpha;0;0.28258221680876977
S047;792;alpha;1;0.28258221680876977
S047;793;alpha;1;0.28258221680876977
S047;794;alpha;0;0.03917267314321529
S047;796;alpha;0;0.007541478129713424
S047;800;alpha;1;0.454396504642272
S047;801;alpha;0;0.454396504642272
S047;811;alpha;0;0.08973935994721215
S047;826;alpha;1;0.28258221680876977
S047;827;alpha;1;0.37459434399629116
S047;828;alpha;0;0.37459434399629116
S047;830;alpha;1;0.37459434399629116
S047;831;alpha;0;0.03917267314321529
S047;840;alpha;0;0.16335227272727273
S047;851;alpha;0;0.08973935994721215
S047;855;alpha;0;0.28258221680876977
S047;861;alpha;1;0.37459434399629116
S047;862;alpha;1;0.37459434399629116
S047;863;alpha;0;0.28258221680876977
S047;935;alpha;1;0.37459434399629116
S047;936;alpha;0;0.37459434399629116
S047;938;alpha;0;0.08973935994721215
S047;943;alpha;1;0.37459434399629116
S047;944;alpha;0;0.16335227272727273
S047;975;alpha;1;0.28258221680876977
S047;976;alpha;1;0.454396504642272
S047;977;alpha;0;0.22510334460729048
S047;980;alpha;0;0.08973935994721215
S047;983;alpha;1;0.454396504642272
S047;984;alpha;0;0.28258221680876977
S047;986;alpha;0;0.03917267314321529
S047;1000;alpha;0;0.11368277739959155
S047;1003;alpha;1;0.37459434399629116
S047;1004;alpha;1;0.11368277739959155
S047;1005;alpha;1;0.37459434399629116
S047;1006;alpha;1;0.22510334460729048
S047;1007;alpha;0;0.06172049888071634
S047;1011;alpha;0;0.22510334460729048
S047;1017;alpha;0;0.01712014674411495
S047;1028;alpha;0;0.37459434399629116
S047;1037;alpha;0;0.28258221680876977
S047;1041;alpha;0;0.05497957901350927
S047;1046;alpha;0;0.454396504642272
S047;1048;alpha;1;0.22510334460729048
S047;1049;alpha;0;0.28258221680876977
S047;1093;alpha;0;0.22510334460729048
S047;1103;alpha;1;0.37459434399629116
S047;1104;alpha;0;0.22510334460729048
S047;1120;alpha;0;0.05497957901350927
S047;1141;alpha;0;0.11368277739959155
S047;1158;alpha;0;0.454396504642272
S047;1171;alpha;0;0.454396504642272
S047;1173;alpha;0;0.37459434399629116
S047;1178;alpha;1;0.454396504642272
S047;1179;alpha;1;0.454396504642272
S047;1180;alpha;0;0.08973935994721215
S047;1183;alpha;0;0.454396504642272
S047;1324;alpha;0;0.005145278450363196
S047;1341;alpha;0;0.11368277739959155
S047;1373;alpha;0;0.454396504642272
S047;1375;alpha;1;0.28258221680876977
S047;1376;alpha;1;0.37459434399629116
S047;1377;alpha;0;0.014058679706601468
S047;1380;alpha;0;0.28258221680876977
S047;1390;alpha;0;0.22510334460729048
S047;1401;alpha;0;0.37459434399629116
S047;1403;alpha;0;0.03917267314321529
S047;1425;alpha;0;0.22510334460729048
S047;1427;alpha;1;0.22510334460729048
S047;1428;alpha;0;0.37459434399629116
S048;27;alpha;1;0.28258221680876977
S048;28;alpha;0;0.454396504642272
S048;33;alpha;0;0.02786282914880588
S048;35;alpha;0;0.37459434399629116
S048;45;alpha;0;0.22510334460729048
S048;52;alpha;0;0.22510334460729048
S048;54;alpha;0;0.012198841110094541
S048;68;alpha;0;0.11368277739959155
S048;70;alpha;0;0.454396504642272
S048;72;alpha;0;0.28258221680876977
S048;78;alpha;0;0.16335227272727273
S048;80;alpha;1;0.28258221680876977
S048;81;alpha;0;0.03007751937984496
S048;87;alpha;0;0.22510334460729048
S048;122;alpha;0;0.08973935994721215
S048;124;alpha;0;0.454396504642272
S048;126;alpha;1;0.11368277739959155
S048;127;alpha;0;0.454396504642272
S048;132;alpha;0;0.16335227272727273
S048;136;alpha;0;0.007541478129713424
S048;151;alpha;0;0.37459434399629116
S048;153;alpha;1;0.454396504642272
S048;154;alpha;0;0.28258221680876977
S048;184;alpha;1;0.16335227272727273
S048;185;alpha;0;0.01712014674411495
S048;191;alpha;0;0.37459434399629116
S048;193;alpha;1;0.22510334460729048
S048;194;alpha;0;0.454396504642272
S048;196;alpha;0;0.22510334460729048
S048;203;alpha;0;0.28258221680876977
S048;228;alpha;1;0.22510334460729048
S048;229;alpha;0;0.22510334460729048
S048;233;alpha;0;0.03917267314321529
S048;297;alpha;0;0.22510334460729048
S048;306;alpha;0;0.007541478129713424
S048;327;alpha;0;0.454396504642272
S048;330;alpha;0;0.22510334460729048
S048;333;alpha;1;0.16335227272727273
S048;334;alpha;0;0.05497957901350927
S048;336;alpha;1;0.28258221680876977
S048;337;alpha;0;0.08973935994721215
S048;339;alpha;0;0.01712014674411495
S048;345;alpha;0;0.05497957901350927
S048;360;alpha;1;0.08973935994721215
S048;361;alpha;1;0.06172049888071634
S048;362;alpha;1;0.454396504642272
S048;363;alpha;0;0.08973935994721215
S048;368;alpha;0;0.22510334460729048
S048;373;alpha;0;0.37459434399629116
S048;375;alpha;0;0.005145278450363196
S048;388;alpha;1;0.454396504642272
S048;389;alpha;1;0.22510334460729048
S048;390;alpha;0;0.11368277739959155
S048;397;alpha;0;0.08973935994721215
S048;401;alpha;0;0.37459434399629116
S048;403;alpha;1;0.454396504642272
S048;404;alpha;0;0.22510334460729048
S048;407;alpha;0;0.28258221680876977
S048;435;alpha;0;0.22510334460729048
S048;437;alpha;0;0.454396504642272
S048;463;alpha;0;0.08973935994721215
S048;468;alpha;1;0.37459434399629116
S048;469;alpha;0;0.37459434399629116
S048;484;alpha;0;0.03917267314321529
S048;501;alpha;0;0.454396504642272
S048;503;alpha;0;0.454396504642272
S048;508;alpha;1;0.454396504642272
S048;509;alpha;0;0.05497957901350927
S048;512;alpha;0;0.012198841110094541
S048;517;alpha;0;0.06172049888071634
S048;531;alpha;0;0.454396504642272
S048;564;alpha;0;0.37459434399629116
S048;566;alpha;0;0.16335227272727273
S048;569;alpha;0;0.22510334460729048
S048;639;alpha;0;0.37459434399629116
S048;641;alpha;0;0.06172049888071634
S048;651;alpha;0;0.28258221680876977
S048;660;alpha;0;0.014058679706601468
S048;677;alpha;1;0.454396504642272
S048;678;alpha;0;0.454396504642272
S048;680;alpha;0;0.28258221680876977
S048;682;alpha;1;0.37459434399629116
S048;683;alpha;0;0.28258221680876977
S048;685;alpha;0;0.11368277739959155
S048;688;alpha;0;0.37459434399629116
S048;725;alpha;1;0.454396504642272
S048;726;alpha;1;0.28258221680876977
S048;727;alpha;0;0.03007751937984496
S048;815;alpha;0;0.05497957901350927
S048;823;alpha;0;0.02786282914880588
S048;827;alpha;0;0.11368277739959155
S048;837;alpha;0;0.22510334460729048
S048;886;alpha;0;0.16335227272727273
S048;896;alpha;0;0.16335227272727273
S048;900;alpha;0;0.08973935994721215
S048;906;alpha;0;0.37459434399629116
S048;908;alpha;0;0.28258221680876977
S048;912;alpha;0;0.37459434399629116
S048;917;alpha;1;0.454396504642272
S048;918;alpha;0;0.28258221680876977
S048;922;alpha;0;0.454396504642272
S048;933;alpha;0;0.06172049888071634
S048;980;alpha;0;0.28258221680876977
S048;994;alpha;1;0.37459434399629116
S048;995;alpha;0;0.22510334460729048
S048;998;alpha;0;0.28258221680876977
S048;1015;alpha;0;0.11368277739959155
S048;1017;alpha;0;0.22510334460729048
S048;1019;alpha;1;0.007541478129713424
S048;1020;alpha;0;0.004512635379061372
S048;1027;alpha;0;0.014058679706601468
S048;1056;alpha;0;0.22510334460729048
S048;1058;alpha;0;0.454396504642272
S048;1061;alpha;0;0.007541478129713424
S048;1064;alpha;0;0.454396504642272
S048;1070;alpha;0;0.454396504642272
S048;1072;alpha;0;0.08973935994721215
S048;1080;alpha;0;0.01712014674411495
S048;1090;alpha;0;0.454396504642272
S048;1093;alpha;1;0.37459434399629116
S048;1094;alpha;0;0.37459434399629116
S048;1119;alpha;0;0.08973935994721215
S048;1177;alpha;0;0.16335227272727273
S048;1179;alpha;0;0.37459434399629116
S048;1181;alpha;0;0.06172049888071634
S048;1183;alpha;0;0.37459434399629116
S048;1185;alpha;1;0.454396504642272
S048;1186;alpha;0;0.454396504642272
S048;1205;alpha;0;0.37459434399629116
S048;1207;alpha;0;0.37459434399629116
S048;1212;alpha;0;0.012198841110094541
S048;1218;alpha;0;0.37459434399629116
S048;1322;alpha;1;0.454396504642272
S048;1323;alpha;1;0.08973935994721215
S048;1324;alpha;1;0.37459434399629116
S048;1325;alpha;0;0.22510334460729048
S048;1328;alpha;0;0.16335227272727273
S048;1344;alpha;1;0.37459434399629116
S048;1345;alpha;0;0.37459434399629116
S048;1349;alpha;0;0.37459434399629116
S048;1352;alpha;0;0.005145278450363196
S048;1367;alpha;0;0.28258221680876977
S048;1373;alpha;1;0.28258221680876977
S048;1374;alpha;0;0.37459434399629116
S048;1376;alpha;1;0.37459434399629116
S048;1377;alpha;0;0.37459434399629116
S048;1379;alpha;1;0.22510334460729048
S048;1380;alpha;0;0.03007751937984496
S048;1382;alpha;1;0.03007751937984496
S048;1383;alpha;0;0.06172049888071634
S048;1390;alpha;0;0.454396504642272
S048;1425;alpha;1;0.22510334460729048
S048;1426;alpha;0;0.06172049888071634
S049;1;alpha;0;0.02786282914880588
S049;10;alpha;1;0.37459434399629116
S049;11;alpha;1;0.454396504642272
S049;12;alpha;0;0.11368277739959155
S049;14;alpha;0;0.03007751937984496
S049;21;alpha;0;0.008179339594062406
S049;57;alpha;0;0.37459434399629116
S049;59;alpha;0;0.014058679706601468
S049;80;alpha;0;0.16335227272727273
S049;96;alpha;0;0.28258221680876977
S049;121;alpha;0;0.37459434399629116
S049;138;alpha;0;0.16335227272727273
S049;161;alpha;1;0.08973935994721215
S049;162;alpha;0;0.02786282914880588
S049;170;alpha;1;0.05497957901350927
S049;171;alpha;0;0.05497957901350927
S049;174;alpha;0;0.02786282914880588
S049;176;alpha;0;0.11368277739959155
S049;178;alpha;1;0.28258221680876977
S049;179;alpha;1;0.08973935994721215
S049;180;alpha;0;0.11368277739959155
S049;189;alpha;0;0.28258221680876977
S049;202;alpha;0;0.22510334460729048
S049;209;alpha;0;0.454396504642272
S049;211;alpha;0;0.014058679706601468
S049;241;alpha;1;0.454396504642272
S049;242;alpha;1;0.16335227272727273
S049;243;alpha;0;0.014058679706601468
S049;289;alpha;0;0.37459434399629116
S049;297;alpha;1;0.454396504642272
S049;298;alpha;1;0.28258221680876977
S049;299;alpha;1;0.28258221680876977
S049;300;alpha;0;0.22510334460729048
S049;312;alpha;0;0.03007751937984496
S049;358;alpha;0;0.014058679706601468
S049;360;alpha;1;0.22510334460729048
S049;361;alpha;0;0.02786282914880588
S049;399;alpha;0;0.22510334460729048
S049;405;alpha;0;0.014058679706601468
S049;409;alpha;0;0.03917267314321529
S049;418;alpha;0;0.22510334460729048
S049;420;alpha;0;0.08973935994721215
S049;454;alpha;0;0.01712014674411495
S049;478;alpha;1;0.11368277739959155
S049;479;alpha;0;0.28258221680876977
S049;506;alpha;0;0.06172049888071634
S049;515;alpha;0;0.454396504642272
S049;519;alpha;0;0.11368277739959155
S049;533;alpha;0;0.454396504642272
S049;535;alpha;0;0.22510334460729048
S049;544;alpha;1;0.28258221680876977
S049;545;alpha;1;0.11368277739959155
S049;546;alpha;0;0.11368277739959155
S049;558;alpha;0;0.454396504642272
S049;561;alpha;0;0.05497957901350927
S049;563;alpha;0;0.37459434399629116
S049;583;alpha;0;0.08973935994721215
S049;586;alpha;0;0.16335227272727273
S049;605;alpha;0;0.22510334460729048
S049;622;alpha;0;0.454396504642272
S049;624;alpha;0;0.16335227272727273
S049;639;alpha;0;0.37459434399629116
S049;644;alpha;1;0.454396504642272
S049;645;alpha;0;0.37459434399629116
S049;661;alpha;0;0.28258221680876977
S049;664;alpha;0;0.014058679706601468
S049;684;alpha;0;0.22510334460729048
S049;688;alpha;0;0.16335227272727273
S049;695;alpha;1;0.11368277739959155
S049;696;alpha;0;0.014058679706601468
S049;733;alpha;1;0.28258221680876977
S049;734;alpha;1;0.37459434399629116
S049;735;alpha;0;0.454396504642272
S049;745;alpha;0;0.11368277739959155
S049;759;alpha;0;0.08973935994721215
S049;762;alpha;1;0.454396504642272
S049;763;alpha;0;0.014058679706601468
S049;789;alpha;0;0.454396504642272
S049;813;alpha;0;0.05497957901350927
S049;837;alpha;0;0.28258221680876977
S049;840;alpha;0;0.005145278450363196
S049;844;alpha;0;0.28258221680876977
S049;847;alpha;0;0.454396504642272
S049;859;alpha;1;0.02786282914880588
S049;860;alpha;0;0.06172049888071634
S049;922;alpha;0;0.28258221680876977
S049;926;alpha;0;0.454396504642272
S049;930;alpha;0;0.22510334460729048
S049;956;alpha;0;0.28258221680876977
S049;970;alpha;0;0.28258221680876977
S049;995;alpha;0;0.454396504642272
S049;997;alpha;0;0.28258221680876977
S049;1000;alpha;1;0.454396504642272
S049;1001;alpha;0;0.454396504642272
S049;1004;alpha;1;0.454396504642272
S049;1005;alpha;1;0.454396504642272
S049;1006;alpha;0;0.012198841110094541
S049;1016;alpha;1;0.454396504642272
S049;1017;alpha;1;0.28258221680876977
S049;1018;alpha;1;0.28258221680876977
S049;1019;alpha;0;0.37459434399629116
S049;1028;alpha;0;0.01712014674411495
S049;1036;alpha;0;0.22510334460729048
S049;1039;alpha;1;0.03007751937984496
S049;1040;alpha;0;0.28258221680876977
S049;1047;alpha;1;0.454396504642272
S049;1048;alpha;0;0.03007751937984496
S049;1087;alpha;0;0.02786282914880588
S049;1102;alpha;1;0.37459434399629116
S049;1103;alpha;1;0.454396504642272
S049;1104;alpha;0;0.454396504642272
S049;1125;alpha;0;0.37459434399629116
S049;1128;alpha;0;0.37459434399629116
S049;1140;alpha;0;0.28258221680876977
S049;1143;alpha;1;0.454396504642272
S049;1144;alpha;1;0.37459434399629116
S049;1145;alpha;0;0.454396504642272
S049;1168;alpha;0;0.11368277739959155
S049;1177;alpha;0;0.06172049888071634
S049;1201;alpha;0;0.03917267314321529
S049;1251;alpha;0;0.014058679706601468
S049;1257;alpha;1;0.454396504642272
S049;1320;alpha;0;0.008179339594062406
S049;1329;alpha;0;0.014058679706601468
S049;1335;alpha;0;0.28258221680876977
S049;1341;alpha;0;0.08973935994721215
S049;1345;alpha;1;0.454396504642272
S049;1346;alpha;1;0.22510334460729048
S049;1347;alpha;1;0.11368277739959155
S049;1348;alpha;1;0.37459434399629116
S049;1349;alpha;0;0.22510334460729048
S049;1367;alpha;0;0.454396504642272
S049;1369;alpha;0;0.05497957901350927
S049;1406;alpha;0;0.08973935994721215
S049;1429;alpha;0;0.06172049888071634
S050;3;alpha;0;0.02786282914880588
S050;26;alpha;1;0.37459434399629116
S050;27;alpha;0;0.16335227272727273
S050;60;alpha;0;0.08973935994721215
S050;100;alpha;0;0.06172049888071634
S050;107;alpha;0;0.28258221680876977
S050;110;alpha;0;0.16335227272727273
S050;119;alpha;0;0.28258221680876977
S050;121;alpha;0;0.37459434399629116
S050;142;alpha;0;0.454396504642272
S050;178;alpha;0;0.454396504642272
S050;182;alpha;0;0.28258221680876977
S050;184;alpha;0;0.05497957901350927
S050;212;alpha;0;0.03007751937984496
S050;215;alpha;0;0.28258221680876977
S050;228;alpha;0;0.08973935994721215
S050;278;alpha;0;0.28258221680876977
S050;332;alpha;0;0.11368277739959155
S050;368;alpha;1;0.37459434399629116
S050;369;alpha;1;0.454396504642272
S050;370;alpha;0;0.454396504642272
S050;375;alpha;0;0.05497957901350927
S050;383;alpha;0;0.454396504642272
S050;385;alpha;0;0.16335227272727273
S050;417;alpha;0;0.454396504642272
S050;424;alpha;0;0.03007751937984496
S050;426;alpha;0;0.37459434399629116
S050;437;alpha;0;0.06172049888071634
S050;446;alpha;0;0.11368277739959155
S050;450;alpha;1;0.37459434399629116
S050;451;alpha;0;0.28258221680876977
S050;458;alpha;0;0.08973935994721215
S050;472;alpha;0;0.28258221680876977
S050;477;alpha;1;0.28258221680876977
S050;478;alpha;1;0.28258221680876977
S050;479;alpha;0;0.28258221680876977
S050;483;alpha;0;0.06172049888071634
S050;491;alpha;0;0.22510334460729048
S050;535;alpha;0;0.28258221680876977
S050;537;alpha;0;0.01712014674411495
S050;561;alpha;0;0.28258221680876977
S050;594;alpha;0;0.11368277739959155
S050;598;alpha;0;0.02786282914880588
S050;601;alpha;0;0.005145278450363196
S050;605;alpha;1;0.37459434399629116
S050;606;alpha;0;0.06172049888071634
S050;609;alpha;0;0.37459434399629116
S050;617;alpha;0;0.37459434399629116
S050;650;alpha;1;0.454396504642272
S050;651;alpha;1;0.37459434399629116
S050;652;alpha;1;0.37459434399629116
S050;653;alpha;1;0.22510334460729048
S050;654;alpha;0;0.28258221680876977
S050;662;alpha;0;0.454396504642272
S050;672;alpha;0;0.11368277739959155
S050;675;alpha;0;0.08973935994721215
S050;692;alpha;1;0.22510334460729048
S050;693;alpha;0;0.28258221680876977
S050;700;alpha;0;0.16335227272727273
S050;705;alpha;0;0.454396504642272
S050;712;alpha;0;0.37459434399629116
S050;714;alpha;1;0.37459434399629116
S050;715;alpha;1;0.454396504642272
S050;716;alpha;0;0.454396504642272
S050;718;alpha;0;0.37459434399629116
S050;721;alpha;1;0.012198841110094541
S050;722;alpha;0;0.454396504642272
S050;768;alpha;0;0.37459434399629116
S050;798;alpha;0;0.37459434399629116
S050;800;alpha;0;0.11368277739959155
S050;806;alpha;0;0.22510334460729048
S050;808;alpha;0;0.08973935994721215
S050;810;alpha;0;0.22510334460729048
S050;812;alpha;1;0.08973935994721215
S050;813;alpha;0;0.005474452554744526
S050;817;alpha;0;0.008179339594062406
S050;832;alpha;0;0.11368277739959155
S050;842;alpha;1;0.37459434399629116
S050;843;alpha;1;0.37459434399629116
S050;844;alpha;0;0.08973935994721215
S050;847;alpha;1;0.08973935994721215
S050;848;alpha;0;0.37459434399629116
S050;874;alpha;0;0.11368277739959155
S050;890;alpha;0;0.22510334460729048
S050;892;alpha;0;0.37459434399629116
S050;896;alpha;0;0.454396504642272
S050;968;alpha;0;0.08973935994721215
S050;970;alpha;0;0.22510334460729048
S050;980;alpha;0;0.014058679706601468
S050;983;alpha;1;0.28258221680876977
S050;984;alpha;0;0.11368277739959155
S050;989;alpha;0;0.454396504642272
S050;991;alpha;1;0.05497957901350927
S050;992;alpha;0;0.014058679706601468
S050;1032;alpha;0;0.11368277739959155
S050;1055;alpha;0;0.22510334460729048
S050;1064;alpha;0;0.06172049888071634
S050;1077;alpha;1;0.37459434399629116
S050;1078;alpha;0;0.37459434399629116
S050;1080;alpha;0;0.11368277739959155
S050;1107;alpha;0;0.37459434399629116
S050;1127;alpha;0;0.454396504642272
S050;1141;alpha;1;0.37459434399629116
S050;1142;alpha;0;0.03917267314321529
S050;1144;alpha;0;0.22510334460729048
S050;1160;alpha;1;0.454396504642272
S050;1161;alpha;1;0.37459434399629116
S050;1162;alpha;0;0.37459434399629116
S050;1167;alpha;0;0.16335227272727273
S050;1187;alpha;0;0.05497957901350927
S050;1197;alpha;0;0.28258221680876977
S001;60;beta;1;0.1711054359722729
S001;61;beta;0;0.09226770630279402
S001;63;beta;1;0.040413533834586464
S001;64;beta;1;0.33653846153846156
S001;65;beta;0;0.09226770630279402
S001;67;beta;0;0.09226770630279402
S001;69;beta;1;0.09226770630279402
S001;70;beta;0;0.1711054359722729
S001;75;beta;1;0.09226770630279402
S001;76;beta;0;0.040413533834586464
S001;244;beta;1;0.33653846153846156
S001;245;beta;0;0.33653846153846156
S001;257;beta;1;0.33653846153846156
S001;258;beta;1;0.33653846153846156
S001;259;beta;0;0.1711054359722729
S001;267;beta;0;0.1711054359722729
S001;305;beta;0;0.1711054359722729
S001;309;beta;0;0.018490451652015762
S001;316;beta;1;0.1711054359722729
S001;317;beta;0;0.1711054359722729
S001;333;beta;1;0.03341508277130595
S001;334;beta;1;0.09226770630279402
S001;335;beta;0;0.03341508277130595
S001;441;beta;0;0.1711054359722729
S001;452;beta;0;0.1711054359722729
S001;459;beta;0;0.1711054359722729
S001;467;beta;0;0.33653846153846156
S001;470;beta;0;0.1711054359722729
S001;654;beta;0;0.33653846153846156
S001;656;beta;0;0.33653846153846156
S001;658;beta;0;0.33653846153846156
S001;666;beta;1;0.33653846153846156
S001;667;beta;0;0.33653846153846156
S001;679;beta;1;0.1711054359722729
S001;680;beta;0;0.002094554159186116
S001;688;beta;0;0.00089632506722438
S001;704;beta;0;0.1711054359722729
S001;750;beta;0;0.018490451652015762
S001;901;beta;0;0.1711054359722729
S001;903;beta;0;0.1711054359722729
S001;909;beta;0;0.33653846153846156
S001;915;beta;1;0.33653846153846156
S001;916;beta;0;0.09226770630279402
S001;923;beta;0;0.33653846153846156
S001;926;beta;0;0.33653846153846156
S001;942;beta;0;0.09226770630279402
S001;949;beta;0;0.33653846153846156
S001;957;beta;0;0.1711054359722729
S001;959;beta;0;0.040413533834586464
S001;1382;beta;0;0.33653846153846156
S001;1394;beta;0;0.33653846153846156
S001;1397;beta;1;0.1711054359722729
S001;1398;beta;0;0.09226770630279402
S001;1401;beta;1;0.33653846153846156
S001;1402;beta;1;0.33653846153846156
S001;1403;beta;0;0.33653846153846156
S002;17;beta;0;0.018490451652015762
S002;52;beta;0;0.33653846153846156
S002;95;beta;0;0.1711054359722729
S002;97;beta;0;0.03341508277130595
S002;101;beta;0;0.1711054359722729
S002;106;beta;0;0.1711054359722729
S002;111;beta;0;0.1711054359722729
S002;150;beta;0;0.33653846153846156
S002;158;beta;0;0.33653846153846156
S002;172;beta;0;0.33653846153846156
S002;332;beta;0;0.33653846153846156
S002;416;beta;0;0.09226770630279402
S002;664;beta;1;0.33653846153846156
S002;665;beta;1;0.1711054359722729
S002;666;beta;0;0.33653846153846156
S002;728;beta;1;0.040413533834586464
S002;729;beta;1;0.33653846153846156
S002;730;beta;0;0.09226770630279402
S002;732;beta;0;0.1711054359722729
S002;734;beta;0;0.03341508277130595
S002;736;beta;0;0.1711054359722729
S002;749;beta;0;0.09226770630279402
S002;756;beta;1;0.33653846153846156
S002;757;beta;0;0.005394066526820497
S002;789;beta;0;0.1711054359722729
S002;791;beta;0;0.33653846153846156
S002;795;beta;0;0.1711054359722729
S002;952;beta;0;0.1711054359722729
S002;1037;beta;0;0.33653846153846156
S002;1049;beta;0;0.33653846153846156
S002;1118;beta;0;0.33653846153846156
S002;1127;beta;1;0.33653846153846156
S002;1128;beta;0;0.1711054359722729
S002;1143;beta;0;0.040413533834586464
S002;1155;beta;0;0.03341508277130595
S002;1160;beta;0;0.040413533834586464
S002;1175;beta;0;0.33653846153846156
S002;1177;beta;1;0.33653846153846156
S002;1178;beta;0;0.33653846153846156
S002;1180;beta;0;0.33653846153846156
S002;1182;beta;1;0.33653846153846156
S002;1183;beta;1;0.33653846153846156
S002;1184;beta;1;0.33653846153846156
S002;1185;beta;0;0.1711054359722729
S002;1187;beta;0;0.1711054359722729
S002;1374;beta;1;0.33653846153846156
S002;1375;beta;1;0.33653846153846156
S002;1376;beta;0;0.33653846153846156
S002;1425;beta;1;0.09226770630279402
S002;1426;beta;0;0.040413533834586464
S002;1430;beta;0;0.002094554159186116
S003;3;beta;0;0.018490451652015762
S003;45;beta;0;0.1711054359722729
S003;47;beta;1;0.1711054359722729
S003;48;beta;0;0.1711054359722729
S003;51;beta;0;0.33653846153846156
S003;109;beta;1;0.1711054359722729
S003;110;beta;0;0.03341508277130595
S003;158;beta;0;0.1711054359722729
S003;160;beta;0;0.33653846153846156
S003;163;beta;0;0.33653846153846156
S003;330;beta;0;0.006015037593984963
S003;332;beta;1;0.33653846153846156
S003;333;beta;0;0.1711054359722729
S003;335;beta;0;0.33653846153846156
S003;338;beta;1;0.33653846153846156
S003;339;beta;0;0.33653846153846156
S003;341;beta;1;0.33653846153846156
S003;342;beta;1;0.33653846153846156
S003;343;beta;0;0.1711054359722729
S003;355;beta;0;0.09226770630279402
S003;365;beta;0;0.1711054359722729
S003;369;beta;0;0.33653846153846156
S003;371;beta;0;0.33653846153846156
S003;376;beta;0;0.040413533834586464
S003;402;beta;0;0.040413533834586464
S003;453;beta;0;0.1711054359722729
S003;458;beta;0;0.03341508277130595
S003;469;beta;0;0.03341508277130595
S003;555;beta;0;0.33653846153846156
S003;690;beta;0;0.03341508277130595
S003;751;beta;1;0.040413533834586464
S003;752;beta;1;0.33653846153846156
S003;753;beta;0;0.09226770630279402
S003;785;beta;0;0.09226770630279402
S003;790;beta;0;0.33653846153846156
S003;887;beta;1;0.33653846153846156
S003;888;beta;0;0.005394066526820497
S003;1023;beta;0;0.1711054359722729
S003;1025;beta;0;0.09226770630279402
S003;1080;beta;0;0.0
S003;1326;beta;0;0.33653846153846156
S004;166;beta;0;0.33653846153846156
S004;211;beta;0;0.33653846153846156
S004;223;beta;0;0.1711054359722729
S004;225;beta;0;0.09226770630279402
S004;227;beta;1;0.33653846153846156
S004;228;beta;1;0.33653846153846156
S004;229;beta;0;0.1711054359722729
S004;232;beta;1;0.33653846153846156
S004;233;beta;0;0.1711054359722729
S004;236;beta;0;0.09226770630279402
S004;247;beta;0;0.33653846153846156
S004;255;beta;1;0.33653846153846156
S004;256;beta;0;0.09226770630279402
S004;307;beta;0;0.33653846153846156
S004;313;beta;1;0.33653846153846156
S004;314;beta;0;0.33653846153846156
S004;342;beta;0;0.03341508277130595
S004;733;beta;1;0.33653846153846156
S004;734;beta;1;0.33653846153846156
S004;735;beta;1;0.1711054359722729
S004;736;beta;1;0.1711054359722729
S004;737;beta;0;0.33653846153846156
S004;747;beta;0;0.1711054359722729
S004;751;beta;0;0.1711054359722729
S004;753;beta;0;0.040413533834586464
S004;788;beta;0;0.33653846153846156
S004;840;beta;0;0.09226770630279402
S004;863;beta;0;0.1711054359722729
S004;866;beta;0;0.33653846153846156
S004;898;beta;0;0.1711054359722729
S004;903;beta;0;0.09226770630279402
S004;906;beta;0;0.33653846153846156
S004;913;beta;0;0.09226770630279402
S004;1064;beta;1;0.33653846153846156
S004;1065;beta;1;0.33653846153846156
S004;1066;beta;1;0.33653846153846156
S004;1067;beta;1;0.33653846153846156
S004;1068;beta;0;0.33653846153846156
S004;1110;beta;0;0.1711054359722729
S004;1228;beta;0;0.33653846153846156
S004;1230;beta;0;0.33653846153846156
S004;1237;beta;1;0.33653846153846156
S004;1238;beta;0;0.09226770630279402
S004;1371;beta;1;0.33653846153846156
S004;1372;beta;0;0.1711054359722729
S005;369;beta;1;0.1711054359722729
S005;370;beta;1;0.33653846153846156
S005;371;beta;0;0.1711054359722729
S005;393;beta;1;0.1711054359722729
S005;394;beta;1;0.33653846153846156
S005;395;beta;0;0.33653846153846156
S005;407;beta;0;0.09226770630279402
S005;584;beta;1;0.33653846153846156
S005;585;beta;0;0.33653846153846156
S005;598;beta;0;0.1711054359722729
S005;720;beta;0;0.1711054359722729
S005;725;beta;0;0.33653846153846156
S005;727;beta;0;0.1711054359722729
S005;747;beta;0;0.1711054359722729
S005;753;beta;0;0.33653846153846156
S005;755;beta;0;0.33653846153846156
S005;761;beta;0;0.33653846153846156
S005;765;beta;1;0.33653846153846156
S005;766;beta;1;0.33653846153846156
S005;767;beta;0;0.006015037593984963
S005;770;beta;0;0.0005970149253731343
S005;828;beta;1;0.1711054359722729
S005;829;beta;0;0.33653846153846156
S005;836;beta;0;0.33653846153846156
S005;994;beta;0;0.33653846153846156
S005;996;beta;0;0.33653846153846156
S005;998;beta;0;0.006015037593984963
S006;11;beta;0;0.09226770630279402
S006;167;beta;1;0.33653846153846156
S006;168;beta;0;0.33653846153846156
S006;170;beta;1;0.33653846153846156
S006;171;beta;1;0.33653846153846156
S006;172;beta;0;0.33653846153846156
S006;299;beta;0;0.33653846153846156
S006;301;beta;1;0.33653846153846156
S006;302;beta;0;0.33653846153846156
S006;305;beta;1;0.1711054359722729
S006;306;beta;0;0.33653846153846156
S006;459;beta;0;0.33653846153846156
S006;533;beta;1;0.09226770630279402
S006;534;beta;0;0.33653846153846156
S006;536;beta;1;0.1711054359722729
S006;537;beta;0;0.09226770630279402
S006;539;beta;0;0.09226770630279402
S006;685;beta;0;0.1711054359722729
S006;722;beta;0;0.040413533834586464
S006;728;beta;1;0.09226770630279402
S006;729;beta;1;0.33653846153846156
S006;730;beta;0;0.005394066526820497
S006;732;beta;0;0.018490451652015762
S006;734;beta;0;0.1711054359722729
S006;737;beta;1;0.33653846153846156
S006;738;beta;0;0.1711054359722729
S006;741;beta;0;0.018490451652015762
S006;746;beta;0;0.09226770630279402
S006;748;beta;0;0.33653846153846156
S006;750;beta;0;0.00089632506722438
S006;830;beta;1;0.1711054359722729
S006;831;beta;0;0.33653846153846156
S006;833;beta;0;0.33653846153846156
S006;838;beta;0;0.33653846153846156
S006;847;beta;0;0.018490451652015762
S006;857;beta;0;0.1711054359722729
S006;886;beta;0;0.018490451652015762
S006;894;beta;0;0.33653846153846156
S006;896;beta;0;0.33653846153846156
S006;905;beta;0;0.33653846153846156
S006;908;beta;1;0.09226770630279402
S006;909;beta;1;0.1711054359722729
S006;910;beta;0;0.33653846153846156
S006;916;beta;0;0.1711054359722729
S006;1018;beta;0;0.09226770630279402
S006;1026;beta;0;0.33653846153846156
S006;1029;beta;0;0.33653846153846156
S006;1034;beta;1;0.33653846153846156
S006;1035;beta;0;0.1711054359722729
S006;1048;beta;0;0.1711054359722729
S006;1081;beta;0;0.09226770630279402
S006;1171;beta;1;0.09226770630279402
S006;1172;beta;0;0.33653846153846156
S006;1175;beta;1;0.33653846153846156
S006;1176;beta;0;0.33653846153846156
S006;1181;beta;0;0.1711054359722729
S006;1193;beta;0;0.33653846153846156
S006;1196;beta;1;0.33653846153846156
S006;1197;beta;0;0.006015037593984963
S006;1357;beta;1;0.1711054359722729
S006;1358;beta;0;0.040413533834586464
S006;1360;beta;1;0.33653846153846156
S006;1361;beta;0;0.33653846153846156
S006;1363;beta;0;0.33653846153846156
S006;1380;beta;0;0.040413533834586464
S006;1403;beta;0;0.33653846153846156
S006;1407;beta;0;0.33653846153846156
S006;1409;beta;1;0.33653846153846156
S006;1410;beta;0;0.1711054359722729
S006;1429;beta;0;0.03341508277130595
S007;44;beta;0;0.006015037593984963
S007;65;beta;0;0.33653846153846156
S007;67;beta;0;0.33653846153846156
S007;69;beta;0;0.1711054359722729
S007;544;beta;0;0.1711054359722729
S007;697;beta;1;0.33653846153846156
S007;698;beta;0;0.040413533834586464
S007;702;beta;0;0.1711054359722729
S007;717;beta;1;0.09226770630279402
S007;718;beta;0;0.33653846153846156
S007;720;beta;0;0.040413533834586464
S007;724;beta;0;0.09226770630279402
S007;812;beta;1;0.33653846153846156
S007;813;beta;1;0.33653846153846156
S007;814;beta;1;0.03341508277130595
S007;815;beta;1;0.33653846153846156
S007;816;beta;0;0.018490451652015762
S007;818;beta;0;0.33653846153846156
S007;820;beta;0;0.0020870602265951103
S007;909;beta;1;0.33653846153846156
S007;910;beta;0;0.1711054359722729
S007;921;beta;0;0.33653846153846156
S007;925;beta;0;0.33653846153846156
S007;1017;beta;0;0.33653846153846156
S007;1019;beta;1;0.1711054359722729
S007;1020;beta;1;0.1711054359722729
S007;1021;beta;1;0.33653846153846156
S007;1022;beta;0;0.1711054359722729
S007;1026;beta;0;0.33653846153846156
S007;1028;beta;0;0.040413533834586464
S007;1030;beta;0;0.33653846153846156
S007;1044;beta;0;0.33653846153846156
S008;1;beta;1;0.33653846153846156
S008;2;beta;0;0.1711054359722729
S008;6;beta;0;0.1711054359722729
S008;21;beta;0;0.1711054359722729
S008;88;beta;0;0.33653846153846156
S008;91;beta;1;0.1711054359722729
S008;92;beta;0;0.1711054359722729
S008;96;beta;0;0.33653846153846156
S008;101;beta;0;0.33653846153846156
S008;103;beta;0;0.09226770630279402
S008;121;beta;1;0.33653846153846156
S008;122;beta;0;0.018490451652015762
S008;273;beta;1;0.33653846153846156
S008;274;beta;0;0.33653846153846156
S008;276;beta;0;0.33653846153846156
S008;284;beta;1;0.33653846153846156
S008;285;beta;0;0.33653846153846156
S008;288;beta;1;0.33653846153846156
S008;289;beta;1;0.33653846153846156
S008;290;beta;0;0.33653846153846156
S008;294;beta;0;0.1711054359722729
S008;304;beta;1;0.33653846153846156
S008;305;beta;0;0.33653846153846156
S008;454;beta;0;0.33653846153846156
S008;464;beta;1;0.33653846153846156
S008;465;beta;1;0.33653846153846156
S008;466;beta;0;0.33653846153846156
S008;471;beta;0;0.33653846153846156
S008;510;beta;0;0.33653846153846156
S008;515;beta;0;0.33653846153846156
S008;829;beta;0;0.33653846153846156
S008;890;beta;0;0.33653846153846156
S008;918;beta;0;0.33653846153846156
S008;925;beta;1;0.33653846153846156
S008;926;beta;0;0.33653846153846156
S008;940;beta;0;0.33653846153846156
S008;945;beta;1;0.33653846153846156
S008;946;beta;1;0.33653846153846156
S008;947;beta;0;0.33653846153846156
S008;953;beta;0;0.33653846153846156
S008;986;beta;0;0.1711054359722729
S008;1003;beta;0;0.1711054359722729
S008;1023;beta;1;0.33653846153846156
S008;1024;beta;0;0.33653846153846156
S008;1191;beta;0;0.33653846153846156
S008;1382;beta;0;0.33653846153846156
S008;1395;beta;0;0.1711054359722729
S009;17;beta;0;0.33653846153846156
S009;20;beta;1;0.1711054359722729
S009;21;beta;1;0.09226770630279402
S009;22;beta;0;0.33653846153846156
S009;24;beta;0;0.09226770630279402
S009;62;beta;1;0.040413533834586464
S009;63;beta;0;0.1711054359722729
S009;181;beta;1;0.33653846153846156
S009;182;beta;0;0.09226770630279402
S009;226;beta;0;0.33653846153846156
S009;336;beta;0;0.33653846153846156
S009;355;beta;0;0.1711054359722729
S009;359;beta;0;0.09226770630279402
S009;447;beta;0;0.09226770630279402
S009;449;beta;1;0.33653846153846156
S009;450;beta;0;0.33653846153846156
S009;453;beta;0;0.09226770630279402
S009;478;beta;0;0.004784688995215311
S009;576;beta;1;0.33653846153846156
S009;577;beta;0;0.040413533834586464
S009;583;beta;0;0.33653846153846156
S009;586;beta;1;0.33653846153846156
S009;587;beta;1;0.33653846153846156
S009;588;beta;1;0.33653846153846156
S009;589;beta;1;0.33653846153846156
S009;590;beta;0;0.1711054359722729
S009;598;beta;0;0.33653846153846156
S009;705;beta;1;0.33653846153846156
S009;706;beta;0;0.09226770630279402
S009;738;beta;1;0.1711054359722729
S009;739;beta;0;0.09226770630279402
S009;748;beta;1;0.1711054359722729
S009;749;beta;1;0.33653846153846156
S009;750;beta;0;0.00029895366218236175
S009;897;beta;0;0.1711054359722729
S009;904;beta;0;0.33653846153846156
S009;910;beta;0;0.1711054359722729
S009;921;beta;0;0.00089632506722438
S009;1005;beta;0;0.1711054359722729
S009;1007;beta;0;0.33653846153846156
S009;1020;beta;1;0.33653846153846156
S009;1021;beta;0;0.1711054359722729
S009;1066;beta;0;0.33653846153846156
S009;1070;beta;0;0.1711054359722729
S009;1082;beta;0;0.005394066526820497
S009;1091;beta;0;0.1711054359722729
S009;1093;beta;0;0.33653846153846156
S009;1095;beta;0;0.1711054359722729
S009;1114;beta;1;0.33653846153846156
S009;1115;beta;0;0.09226770630279402
S009;1121;beta;0;0.1711054359722729
S009;1132;beta;0;0.03341508277130595
S009;1171;beta;0;0.1711054359722729
S009;1175;beta;1;0.09226770630279402
S009;1176;beta;1;0.33653846153846156
S009;1177;beta;1;0.33653846153846156
S009;1178;beta;1;0.1711054359722729
S009;1179;beta;0;0.1711054359722729
S009;1181;beta;1;0.33653846153846156
S009;1182;beta;0;0.1711054359722729
S009;1185;beta;0;0.0005970149253731343
S009;1201;beta;1;0.33653846153846156
S009;1202;beta;0;0.33653846153846156
S009;1353;beta;1;0.33653846153846156
S009;1354;beta;1;0.33653846153846156
S009;1355;beta;0;0.03341508277130595
S009;1364;beta;0;0.1711054359722729
S009;1401;beta;0;0.33653846153846156
S009;1413;beta;0;0.33653846153846156
S010;46;beta;0;0.33653846153846156
S010;48;beta;0;0.1711054359722729
S010;58;beta;1;0.040413533834586464
S010;59;beta;1;0.09226770630279402
S010;60;beta;0;0.018490451652015762
S010;62;beta;0;0.09226770630279402
S010;75;beta;0;0.09226770630279402
S010;87;beta;0;0.040413533834586464
S010;89;beta;0;0.040413533834586464
S010;91;beta;1;0.33653846153846156
S010;92;beta;0;0.33653846153846156
S010;94;beta;0;0.33653846153846156
S010;99;beta;0;0.1711054359722729
S010;105;beta;0;0.33653846153846156
S010;115;beta;1;0.09226770630279402
S010;116;beta;0;0.1711054359722729
S010;119;beta;1;0.1711054359722729
S010;120;beta;0;0.33653846153846156
S010;122;beta;0;0.1711054359722729
S010;125;beta;0;0.040413533834586464
S010;251;beta;0;0.1711054359722729
S010;371;beta;0;0.33653846153846156
S010;373;beta;0;0.33653846153846156
S010;540;beta;1;0.33653846153846156
S010;541;beta;0;0.040413533834586464
S010;703;beta;0;0.09226770630279402
S010;735;beta;1;0.018490451652015762
S010;736;beta;0;0.33653846153846156
S010;777;beta;0;0.0002979737783075089
S010;787;beta;0;0.33653846153846156
S010;792;beta;0;0.1711054359722729
S010;798;beta;1;0.004784688995215311
S010;799;beta;0;0.03341508277130595
S010;813;beta;1;0.33653846153846156
S010;814;beta;0;0.09226770630279402
S010;816;beta;0;0.018490451652015762
S010;820;beta;0;0.09226770630279402
S010;999;beta;0;0.33653846153846156
S010;1005;beta;1;0.1711054359722729
S010;1006;beta;0;0.1711054359722729
S010;1025;beta;0;0.33653846153846156
S010;1031;beta;0;0.09226770630279402
S010;1193;beta;0;0.33653846153846156
S010;1199;beta;0;0.1711054359722729
S010;1224;beta;0;0.33653846153846156
S010;1230;beta;0;0.33653846153846156
S010;1238;beta;1;0.33653846153846156
S010;1239;beta;0;0.09226770630279402
S010;1244;beta;0;0.1711054359722729
S011;40;beta;1;0.09226770630279402
S011;41;beta;1;0.33653846153846156
S011;42;beta;0;0.018490451652015762
S011;62;beta;1;0.33653846153846156
S011;63;beta;0;0.33653846153846156
S011;71;beta;0;0.33653846153846156
S011;83;beta;1;0.1711054359722729
S011;84;beta;1;0.33653846153846156
S011;85;beta;0;0.040413533834586464
S011;87;beta;1;0.33653846153846156
S011;88;beta;1;0.33653846153846156
S011;89;beta;0;0.03341508277130595
S011;95;beta;0;0.09226770630279402
S011;97;beta;1;0.33653846153846156
S011;98;beta;0;0.09226770630279402
S011;105;beta;0;0.03341508277130595
S011;108;beta;1;0.1711054359722729
S011;109;beta;0;0.1711054359722729
S011;114;beta;1;0.1711054359722729
S011;115;beta;1;0.33653846153846156
S011;116;beta;0;0.09226770630279402
S011;128;beta;1;0.33653846153846156
S011;129;beta;0;0.1711054359722729
S011;134;beta;1;0.33653846153846156
S011;135;beta;0;0.1711054359722729
S011;157;beta;0;0.1711054359722729
S011;166;beta;0;0.006015037593984963
S011;241;beta;1;0.33653846153846156
S011;242;beta;0;0.1711054359722729
S011;250;beta;0;0.1711054359722729
S011;366;beta;0;0.33653846153846156
S011;373;beta;1;0.33653846153846156
S011;374;beta;0;0.1711054359722729
S011;376;beta;1;0.33653846153846156
S011;377;beta;0;0.33653846153846156
S011;393;beta;0;0.1711054359722729
S011;396;beta;0;0.1711054359722729
S011;398;beta;1;0.33653846153846156
S011;399;beta;0;0.040413533834586464
S011;518;beta;1;0.1711054359722729
S011;519;beta;0;0.040413533834586464
S011;521;beta;0;0.006015037593984963
S011;710;beta;0;0.33653846153846156
S011;712;beta;0;0.33653846153846156
S011;714;beta;0;0.33653846153846156
S011;808;beta;0;0.1711054359722729
S011;810;beta;0;0.33653846153846156
S011;816;beta;0;0.09226770630279402
S011;822;beta;1;0.33653846153846156
S011;823;beta;0;0.09226770630279402
S011;953;beta;0;0.1711054359722729
S011;957;beta;1;0.33653846153846156
S011;958;beta;0;0.33653846153846156
S011;960;beta;1;0.33653846153846156
S011;961;beta;0;0.33653846153846156
S011;964;beta;0;0.33653846153846156
S011;967;beta;0;0.33653846153846156
S011;974;beta;0;0.1711054359722729
S011;979;beta;0;0.1711054359722729
S011;988;beta;0;0.33653846153846156
S011;1007;beta;0;0.09226770630279402
S011;1046;beta;1;0.1711054359722729
S011;1047;beta;0;0.040413533834586464
S011;1049;beta;0;0.09226770630279402
S011;1062;beta;1;0.33653846153846156
S011;1063;beta;0;0.040413533834586464
S011;1098;beta;1;0.33653846153846156
S011;1099;beta;1;0.33653846153846156
S011;1100;beta;1;0.33653846153846156
S011;1101;beta;0;0.09226770630279402
S011;1103;beta;1;0.33653846153846156
S011;1104;beta;0;0.33653846153846156
S011;1228;beta;0;0.33653846153846156
S011;1230;beta;0;0.33653846153846156
S011;1232;beta;1;0.33653846153846156
S011;1233;beta;0;0.33653846153846156
S011;1252;beta;0;0.33653846153846156
S011;1350;beta;0;0.09226770630279402
S011;1380;beta;0;0.040413533834586464
S011;1408;beta;1;0.33653846153846156
S011;1409;beta;0;0.1711054359722729
S011;1420;beta;0;0.33653846153846156
S011;1430;beta;1;0.040413533834586464
S011;1431;beta;0;0.1711054359722729
S012;196;beta;1;0.33653846153846156
S012;197;beta;0;0.33653846153846156
S012;199;beta;0;0.33653846153846156
S012;201;beta;1;0.33653846153846156
S012;202;beta;1;0.33653846153846156
S012;203;beta;0;0.33653846153846156
S012;225;beta;0;0.33653846153846156
S012;518;beta;0;0.33653846153846156
S012;599;beta;0;0.1711054359722729
S012;607;beta;1;0.33653846153846156
S012;608;beta;0;0.33653846153846156
S012;610;beta;1;0.1711054359722729
S012;611;beta;0;0.09226770630279402
S012;731;beta;1;0.1711054359722729
S012;732;beta;0;0.1711054359722729
S012;734;beta;1;0.1711054359722729
S012;735;beta;1;0.33653846153846156
S012;736;beta;0;0.1711054359722729
S012;798;beta;0;0.09226770630279402
S012;803;beta;0;0.040413533834586464
S012;810;beta;1;0.33653846153846156
S012;811;beta;0;0.03341508277130595
S012;824;beta;1;0.33653846153846156
S012;825;beta;1;0.1711054359722729
S012;826;beta;1;0.09226770630279402
S012;827;beta;1;0.33653846153846156
S012;828;beta;1;0.1711054359722729
S012;829;beta;1;0.1711054359722729
S012;830;beta;0;0.040413533834586464
S012;917;beta;0;0.09226770630279402
S012;1062;beta;0;0.33653846153846156
S012;1121;beta;1;0.33653846153846156
S012;1122;beta;0;0.1711054359722729
S012;1139;beta;0;0.1711054359722729
S012;1386;beta;0;0.09226770630279402
S012;1393;beta;0;0.1711054359722729
S013;188;beta;0;0.33653846153846156
S013;190;beta;1;0.33653846153846156
S013;191;beta;0;0.33653846153846156
S013;194;beta;1;0.33653846153846156
S013;195;beta;0;0.33653846153846156
S013;201;beta;0;0.09226770630279402
S013;203;beta;1;0.33653846153846156
S013;204;beta;0;0.33653846153846156
S013;219;beta;0;0.33653846153846156
S013;222;beta;0;0.018490451652015762
S013;239;beta;1;0.33653846153846156
S013;240;beta;0;0.1711054359722729
S013;271;beta;0;0.09226770630279402
S013;273;beta;0;0.040413533834586464
S013;289;beta;0;0.33653846153846156
S013;292;beta;1;0.33653846153846156
S013;293;beta;0;0.33653846153846156
S013;297;beta;0;0.040413533834586464
S013;357;beta;1;0.1711054359722729
S013;358;beta;0;0.09226770630279402
S013;464;beta;0;0.1711054359722729
S013;467;beta;1;0.33653846153846156
S013;468;beta;0;0.33653846153846156
S013;787;beta;0;0.33653846153846156
S013;789;beta;1;0.33653846153846156
S013;790;beta;1;0.33653846153846156
S013;791;beta;0;0.1711054359722729
S013;955;beta;0;0.33653846153846156
S013;960;beta;0;0.33653846153846156
S013;968;beta;0;0.1711054359722729
S013;1367;beta;1;0.33653846153846156
S013;1368;beta;1;0.33653846153846156
S013;1369;beta;0;0.33653846153846156
S013;1393;beta;0;0.1711054359722729
S013;1410;beta;0;0.33653846153846156
S013;1418;beta;0;0.040413533834586464
S014;7;beta;0;0.09226770630279402
S014;42;beta;1;0.040413533834586464
S014;43;beta;1;0.1711054359722729
S014;44;beta;1;0.33653846153846156
S014;45;beta;0;0.018490451652015762
S014;122;beta;0;0.33653846153846156
S014;124;beta;1;0.33653846153846156
S014;125;beta;0;0.040413533834586464
S014;134;beta;0;0.33653846153846156
S014;298;beta;0;0.33653846153846156
S014;337;beta;0;0.1711054359722729
S014;339;beta;0;0.33653846153846156
S014;341;beta;1;0.33653846153846156
S014;342;beta;0;0.09226770630279402
S014;345;beta;1;0.09226770630279402
S014;346;beta;0;0.33653846153846156
S014;350;beta;0;0.33653846153846156
S014;439;beta;0;0.1711054359722729
S014;457;beta;0;0.33653846153846156
S014;473;beta;0;0.33653846153846156
S014;485;beta;0;0.1711054359722729
S014;487;beta;1;0.33653846153846156
S014;488;beta;0;0.33653846153846156
S014;547;beta;0;0.33653846153846156
S014;549;beta;1;0.33653846153846156
S014;550;beta;1;0.33653846153846156
S014;551;beta;0;0.33653846153846156
S014;556;beta;1;0.1711054359722729
S014;557;beta;0;0.1711054359722729
S014;561;beta;0;0.33653846153846156
S014;582;beta;1;0.09226770630279402
S014;583;beta;0;0.09226770630279402
S014;585;beta;0;0.33653846153846156
S014;588;beta;0;0.33653846153846156
S014;699;beta;1;0.33653846153846156
S014;700;beta;1;0.1711054359722729
S014;701;beta;0;0.1711054359722729
S014;719;beta;0;0.1711054359722729
S014;724;beta;0;0.03341508277130595
S014;733;beta;0;0.03341508277130595
S014;740;beta;0;0.006015037593984963
S014;748;beta;0;0.1711054359722729
S014;750;beta;0;0.00029895366218236175
S014;905;beta;0;0.33653846153846156
S014;911;beta;0;0.09226770630279402
S014;915;beta;0;0.33653846153846156
S014;921;beta;0;0.33653846153846156
S014;929;beta;1;0.09226770630279402
S014;930;beta;0;0.33653846153846156
S014;944;beta;1;0.33653846153846156
S014;945;beta;0;0.040413533834586464
S014;951;beta;0;0.1711054359722729
S014;954;beta;0;0.09226770630279402
S014;962;beta;0;0.1711054359722729
S014;1086;beta;0;0.33653846153846156
S014;1097;beta;0;0.33653846153846156
S014;1099;beta;0;0.33653846153846156
S014;1101;beta;0;0.33653846153846156
S014;1103;beta;0;0.33653846153846156
S014;1150;beta;0;0.33653846153846156
S014;1190;beta;0;0.040413533834586464
S014;1418;beta;0;0.040413533834586464
S014;1420;beta;1;0.1711054359722729
S014;1421;beta;0;0.33653846153846156
S014;1423;beta;0;0.006015037593984963
S015;221;beta;1;0.33653846153846156
S015;222;beta;1;0.33653846153846156
S015;223;beta;0;0.03341508277130595
S015;259;beta;0;0.040413533834586464
S015;262;beta;0;0.33653846153846156
S015;300;beta;1;0.33653846153846156
S015;301;beta;0;0.03341508277130595
S015;304;beta;0;0.040413533834586464
S015;309;beta;0;0.33653846153846156
S015;330;beta;0;0.040413533834586464
S015;335;beta;0;0.1711054359722729
S015;418;beta;1;0.33653846153846156
S015;419;beta;0;0.33653846153846156
S015;421;beta;1;0.33653846153846156
S015;422;beta;1;0.040413533834586464
S015;423;beta;0;0.33653846153846156
S015;433;beta;1;0.33653846153846156
S015;434;beta;1;0.1711054359722729
S015;435;beta;0;0.33653846153846156
S015;445;beta;0;0.09226770630279402
S015;549;beta;0;0.33653846153846156
S015;551;beta;0;0.33653846153846156
S015;556;beta;0;0.03341508277130595
S015;608;beta;0;0.1711054359722729
S015;630;beta;1;0.33653846153846156
S015;631;beta;1;0.1711054359722729
S015;632;beta;0;0.1711054359722729
S015;651;beta;1;0.33653846153846156
S015;652;beta;0;0.1711054359722729
S015;664;beta;0;0.09226770630279402
S015;734;beta;0;0.09226770630279402
S015;898;beta;0;0.1711054359722729
S015;927;beta;0;0.33653846153846156
S015;930;beta;1;0.1711054359722729
S015;931;beta;0;0.040413533834586464
S015;936;beta;1;0.1711054359722729
S015;937;beta;0;0.33653846153846156
S015;940;beta;0;0.33653846153846156
S015;942;beta;1;0.33653846153846156
S015;943;beta;0;0.09226770630279402
S015;951;beta;0;0.09226770630279402
S015;984;beta;1;0.1711054359722729
S015;985;beta;0;0.33653846153846156
S015;988;beta;0;0.33653846153846156
S016;39;beta;1;0.33653846153846156
S016;40;beta;1;0.33653846153846156
S016;41;beta;0;0.33653846153846156
S016;48;beta;1;0.33653846153846156
S016;49;beta;1;0.33653846153846156
S016;50;beta;0;0.33653846153846156
S016;55;beta;0;0.09226770630279402
S016;57;beta;0;0.33653846153846156
S016;62;beta;0;0.33653846153846156
S016;65;beta;0;0.33653846153846156
S016;73;beta;0;0.09226770630279402
S016;81;beta;0;0.33653846153846156
S016;86;beta;0;0.33653846153846156
S016;119;beta;1;0.33653846153846156
S016;120;beta;1;0.33653846153846156
S016;121;beta;1;0.33653846153846156
S016;122;beta;1;0.33653846153846156
S016;123;beta;0;0.1711054359722729
S016;140;beta;1;0.33653846153846156
S016;141;beta;0;0.33653846153846156
S016;390;beta;0;0.1711054359722729
S016;399;beta;1;0.33653846153846156
S016;400;beta;1;0.33653846153846156
S016;401;beta;0;0.09226770630279402
S016;444;beta;1;0.1711054359722729
S016;445;beta;0;0.1711054359722729
S016;448;beta;1;0.33653846153846156
S016;449;beta;1;0.1711054359722729
S016;450;beta;0;0.1711054359722729
S016;496;beta;0;0.33653846153846156
S016;498;beta;0;0.1711054359722729
S016;503;beta;0;0.1711054359722729
S016;505;beta;0;0.33653846153846156
S016;508;beta;1;0.33653846153846156
S016;509;beta;1;0.33653846153846156
S016;510;beta;0;0.33653846153846156
S016;630;beta;0;0.33653846153846156
S016;741;beta;0;0.09226770630279402
S016;820;beta;1;0.33653846153846156
S016;821;beta;0;0.1711054359722729
S016;904;beta;0;0.018490451652015762
S016;912;beta;0;0.1711054359722729
S016;915;beta;1;0.1711054359722729
S016;916;beta;1;0.33653846153846156
S016;917;beta;0;0.09226770630279402
S016;919;beta;0;0.33653846153846156
S016;921;beta;0;0.1711054359722729
S016;974;beta;0;0.09226770630279402
S016;977;beta;0;0.33653846153846156
S016;1214;beta;0;0.33653846153846156
S016;1217;beta;0;0.33653846153846156
S016;1220;beta;1;0.33653846153846156
S016;1221;beta;1;0.33653846153846156
S016;1222;beta;0;0.33653846153846156
S016;1224;beta;0;0.09226770630279402
S016;1387;beta;0;0.09226770630279402
S016;1389;beta;1;0.33653846153846156
S016;1390;beta;0;0.33653846153846156
S016;1393;beta;0;0.1711054359722729
S016;1395;beta;1;0.33653846153846156
S016;1396;beta;0;0.1711054359722729
S016;1400;beta;0;0.1711054359722729
S016;1413;beta;0;0.040413533834586464
S016;1415;beta;0;0.09226770630279402
S017;248;beta;0;0.33653846153846156
S017;254;beta;0;0.1711054359722729
S017;384;beta;0;0.33653846153846156
S017;387;beta;0;0.33653846153846156
S017;393;beta;0;0.09226770630279402
S017;398;beta;1;0.33653846153846156
S017;399;beta;0;0.33653846153846156
S017;422;beta;0;0.1711054359722729
S017;424;beta;1;0.33653846153846156
S017;425;beta;0;0.040413533834586464
S017;430;beta;1;0.33653846153846156
S017;431;beta;1;0.33653846153846156
S017;432;beta;0;0.005394066526820497
S017;451;beta;1;0.33653846153846156
S017;452;beta;0;0.33653846153846156
S017;472;beta;1;0.33653846153846156
S017;473;beta;0;0.09226770630279402
S017;475;beta;0;0.018490451652015762
S017;480;beta;0;0.33653846153846156
S017;527;beta;0;0.33653846153846156
S017;558;beta;1;0.33653846153846156
S017;559;beta;0;0.1711054359722729
S017;575;beta;0;0.03341508277130595
S017;587;beta;0;0.33653846153846156
S017;594;beta;0;0.1711054359722729
S017;837;beta;0;0.1711054359722729
S017;840;beta;1;0.33653846153846156
S017;841;beta;0;0.33653846153846156
S017;1047;beta;1;0.1711054359722729
S017;1048;beta;1;0.33653846153846156
S017;1049;beta;0;0.1711054359722729
S017;1070;beta;0;0.33653846153846156
S017;1072;beta;1;0.33653846153846156
S017;1073;beta;0;0.040413533834586464
S017;1075;beta;0;0.33653846153846156
S017;1080;beta;0;0.33653846153846156
S017;1102;beta;0;0.1711054359722729
S017;1104;beta;0;0.09226770630279402
S017;1388;beta;1;0.33653846153846156
S017;1389;beta;1;0.33653846153846156
S017;1390;beta;0;0.1711054359722729
S017;1394;beta;0;0.33653846153846156
S017;1408;beta;1;0.33653846153846156
S017;1409;beta;1;0.33653846153846156
S017;1410;beta;1;0.33653846153846156
S017;1411;beta;0;0.1711054359722729
S018;12;beta;0;0.040413533834586464
S018;14;beta;1;0.018490451652015762
S018;15;beta;1;0.09226770630279402
S018;16;beta;0;0.1711054359722729
S018;19;beta;1;0.03341508277130595
S018;20;beta;1;0.1711054359722729
S018;21;beta;0;0.018490451652015762
S018;65;beta;0;0.040413533834586464
S018;68;beta;1;0.1711054359722729
S018;69;beta;1;0.33653846153846156
S018;70;beta;0;0.33653846153846156
S018;88;beta;0;0.1711054359722729
S018;105;beta;0;0.018490451652015762
S018;112;beta;1;0.1711054359722729
S018;113;beta;0;0.040413533834586464
S018;321;beta;0;0.09226770630279402
S018;326;beta;1;0.33653846153846156
S018;327;beta;0;0.03341508277130595
S018;331;beta;0;0.1711054359722729
S018;333;beta;1;0.1711054359722729
S018;334;beta;0;0.018490451652015762
S018;349;beta;1;0.03341508277130595
S018;350;beta;1;0.1711054359722729
S018;351;beta;0;0.018490451652015762
S018;354;beta;0;0.1711054359722729
S018;362;beta;0;0.03341508277130595
S018;372;beta;0;0.0011922503725782414
S018;392;beta;1;0.33653846153846156
S018;393;beta;1;0.33653846153846156
S018;394;beta;1;0.1711054359722729
S018;395;beta;1;0.1711054359722729
S018;396;beta;0;0.33653846153846156
S018;400;beta;1;0.33653846153846156
S018;401;beta;0;0.33653846153846156
S018;403;beta;1;0.1711054359722729
S018;404;beta;0;0.33653846153846156
S018;464;beta;0;0.03341508277130595
S018;468;beta;0;0.1711054359722729
S018;703;beta;0;0.0002981514609421586
S018;841;beta;0;0.33653846153846156
S018;990;beta;0;0.33653846153846156
S018;994;beta;0;0.1711054359722729
S018;999;beta;0;0.1711054359722729
S018;1201;beta;1;0.33653846153846156
S018;1202;beta;0;0.1711054359722729
S018;1216;beta;0;0.1711054359722729
S018;1408;beta;0;0.33653846153846156
S018;1410;beta;0;0.018490451652015762
S018;1415;beta;1;0.33653846153846156
S018;1416;beta;0;0.040413533834586464
S018;1420;beta;1;0.33653846153846156
S018;1421;beta;0;0.005394066526820497
S018;1433;beta;1;0.1711054359722729
S018;1434;beta;1;0.040413533834586464
S018;1435;beta;0;0.1711054359722729
S018;1438;beta;1;0.33653846153846156
S019;25;beta;0;0.006015037593984963
S019;29;beta;0;0.09226770630279402
S019;35;beta;1;0.33653846153846156
S019;36;beta;0;0.0002981514609421586
S019;41;beta;0;0.33653846153846156
S019;47;beta;0;0.1711054359722729
S019;49;beta;0;0.33653846153846156
S019;123;beta;1;0.33653846153846156
S019;124;beta;0;0.33653846153846156
S019;130;beta;0;0.018490451652015762
S019;153;beta;0;0.09226770630279402
S019;300;beta;0;0.1711054359722729
S019;540;beta;1;0.33653846153846156
S019;541;beta;0;0.33653846153846156
S019;547;beta;0;0.1711054359722729
S019;550;beta;0;0.1711054359722729
S019;564;beta;1;0.1711054359722729
S019;565;beta;0;0.33653846153846156
S019;567;beta;0;0.33653846153846156
S019;604;beta;1;0.040413533834586464
S019;605;beta;0;0.33653846153846156
S019;676;beta;0;0.1711054359722729
S019;678;beta;0;0.09226770630279402
S019;699;beta;0;0.1711054359722729
S019;860;beta;1;0.1711054359722729
S019;861;beta;0;0.33653846153846156
S019;1020;beta;0;0.040413533834586464
S019;1022;beta;0;0.33653846153846156
S019;1025;beta;0;0.33653846153846156
S019;1048;beta;0;0.33653846153846156
S019;1085;beta;1;0.33653846153846156
S019;1086;beta;0;0.09226770630279402
S019;1090;beta;0;0.005394066526820497
S019;1235;beta;0;0.33653846153846156
S019;1239;beta;1;0.33653846153846156
S019;1240;beta;0;0.33653846153846156
S019;1246;beta;1;0.33653846153846156
S019;1247;beta;0;0.33653846153846156
S019;1329;beta;1;0.1711054359722729
S019;1330;beta;1;0.040413533834586464
S019;1331;beta;0;0.1711054359722729
S019;1333;beta;0;0.1711054359722729
S019;1340;beta;1;0.33653846153846156
S019;1341;beta;0;0.1711054359722729
S019;1345;beta;1;0.1711054359722729
S019;1346;beta;0;0.004784688995215311
S019;1361;beta;1;0.33653846153846156
S019;1362;beta;0;0.09226770630279402
S019;1368;beta;0;0.03341508277130595
S019;1374;beta;1;0.33653846153846156
S019;1375;beta;0;0.33653846153846156
S019;1384;beta;0;0.018490451652015762
S019;1403;beta;0;0.09226770630279402
S019;1406;beta;1;0.33653846153846156
S019;1407;beta;0;0.004784688995215311
S019;1426;beta;0;0.03341508277130595
S019;1435;beta;1;0.09226770630279402
S019;1436;beta;0;0.040413533834586464
S019;1438;beta;1;0.33653846153846156
S020;3;beta;0;0.040413533834586464
S020;7;beta;0;0.005394066526820497
S020;17;beta;1;0.33653846153846156
S020;18;beta;0;0.0
S020;43;beta;0;0.040413533834586464
S020;48;beta;1;0.33653846153846156
S020;49;beta;0;0.002094554159186116
S020;53;beta;1;0.1711054359722729
S020;54;beta;0;0.33653846153846156
S020;63;beta;0;0.005394066526820497
S020;68;beta;0;0.006015037593984963
S020;81;beta;0;0.33653846153846156
S020;90;beta;1;0.33653846153846156
S020;91;beta;0;0.1711054359722729
S020;128;beta;0;0.004784688995215311
S020;203;beta;0;0.33653846153846156
S020;205;beta;0;0.09226770630279402
S020;218;beta;0;0.33653846153846156
S020;363;beta;0;0.1711054359722729
S020;367;beta;1;0.33653846153846156
S020;368;beta;0;0.33653846153846156
S020;371;beta;0;0.33653846153846156
S020;377;beta;0;0.1711054359722729
S020;387;beta;0;0.33653846153846156
S020;441;beta;1;0.09226770630279402
S020;442;beta;0;0.018490451652015762
S020;597;beta;1;0.33653846153846156
S020;598;beta;0;0.33653846153846156
S020;600;beta;0;0.040413533834586464
S020;687;beta;0;0.09226770630279402
S020;702;beta;0;0.33653846153846156
S020;716;beta;0;0.040413533834586464
S020;733;beta;0;0.00029895366218236175
S020;747;beta;0;0.006015037593984963
S020;789;beta;1;0.1711054359722729
S020;790;beta;0;0.03341508277130595
S020;793;beta;1;0.1711054359722729
S020;794;beta;1;0.33653846153846156
S020;795;beta;0;0.03341508277130595
S020;797;beta;0;0.03341508277130595
S020;831;beta;0;0.33653846153846156
S020;835;beta;0;0.09226770630279402
S020;845;beta;1;0.1711054359722729
S020;846;beta;1;0.1711054359722729
S020;847;beta;1;0.1711054359722729
S020;848;beta;0;0.1711054359722729
S020;853;beta;1;0.1711054359722729
S020;854;beta;0;0.09226770630279402
S020;859;beta;0;0.03341508277130595
S020;872;beta;0;0.00029895366218236175
S020;886;beta;0;0.33653846153846156
S020;893;beta;1;0.33653846153846156
S020;894;beta;1;0.33653846153846156
S020;895;beta;0;0.040413533834586464
S020;913;beta;1;0.33653846153846156
S020;914;beta;1;0.03341508277130595
S020;915;beta;0;0.1711054359722729
S020;918;beta;0;0.33653846153846156
S020;920;beta;0;0.1711054359722729
S020;1019;beta;0;0.33653846153846156
S020;1028;beta;1;0.33653846153846156
S020;1029;beta;0;0.1711054359722729
S020;1037;beta;1;0.33653846153846156
S020;1038;beta;0;0.33653846153846156
S020;1040;beta;0;0.33653846153846156
S020;1044;beta;0;0.33653846153846156
S020;1051;beta;1;0.33653846153846156
S020;1052;beta;0;0.33653846153846156
S020;1182;beta;0;0.09226770630279402
S021;5;beta;0;0.33653846153846156
S021;8;beta;1;0.33653846153846156
S021;9;beta;0;0.1711054359722729
S021;15;beta;0;0.33653846153846156
S021;67;beta;0;0.040413533834586464
S021;77;beta;0;0.03341508277130595
S021;85;beta;0;0.040413533834586464
S021;114;beta;0;0.03341508277130595
S021;305;beta;0;0.1711054359722729
S021;328;beta;0;0.1711054359722729
S021;333;beta;0;0.33653846153846156
S021;353;beta;0;0.09226770630279402
S021;385;beta;0;0.1711054359722729
S021;387;beta;1;0.1711054359722729
S021;388;beta;0;0.1711054359722729
S021;406;beta;1;0.33653846153846156
S021;407;beta;1;0.33653846153846156
S021;408;beta;0;0.1711054359722729
S021;428;beta;0;0.09226770630279402
S021;431;beta;0;0.33653846153846156
S021;442;beta;0;0.1711054359722729
S021;444;beta;0;0.1711054359722729
S021;449;beta;1;0.1711054359722729
S021;450;beta;0;0.040413533834586464
S021;452;beta;1;0.33653846153846156
S021;453;beta;1;0.33653846153846156
S021;454;beta;0;0.09226770630279402
S021;464;beta;1;0.1711054359722729
S021;465;beta;1;0.33653846153846156
S021;466;beta;0;0.33653846153846156
S021;468;beta;1;0.33653846153846156
S021;469;beta;0;0.09226770630279402
S021;472;beta;0;0.33653846153846156
S021;598;beta;0;0.33653846153846156
S021;602;beta;1;0.33653846153846156
S021;603;beta;1;0.33653846153846156
S021;604;beta;1;0.33653846153846156
S021;605;beta;0;0.33653846153846156
S021;694;beta;1;0.33653846153846156
S021;695;beta;0;0.33653846153846156
S021;754;beta;1;0.33653846153846156
S021;755;beta;0;0.33653846153846156
S021;760;beta;0;0.1711054359722729
S021;762;beta;1;0.1711054359722729
S021;763;beta;0;0.040413533834586464
S021;783;beta;1;0.33653846153846156
S021;784;beta;0;0.09226770630279402
S021;790;beta;0;0.09226770630279402
S021;793;beta;0;0.33653846153846156
S021;795;beta;0;0.040413533834586464
S021;800;beta;0;0.33653846153846156
S021;813;beta;0;0.0005964807634953773
S021;1115;beta;0;0.33653846153846156
S021;1117;beta;0;0.33653846153846156
S021;1121;beta;0;0.1711054359722729
S021;1175;beta;0;0.09226770630279402
S021;1183;beta;0;0.040413533834586464
S021;1187;beta;0;0.33653846153846156
S021;1190;beta;0;0.09226770630279402
S021;1215;beta;1;0.33653846153846156
S021;1216;beta;0;0.1711054359722729
S021;1236;beta;1;0.1711054359722729
S021;1237;beta;1;0.33653846153846156
S021;1238;beta;1;0.33653846153846156
S021;1239;beta;0;0.09226770630279402
S021;1251;beta;0;0.33653846153846156
S021;1253;beta;0;0.1711054359722729
S021;1379;beta;0;0.33653846153846156
S021;1382;beta;0;0.006015037593984963
S021;1384;beta;1;0.33653846153846156
S021;1385;beta;0;0.1711054359722729
S021;1393;beta;0;0.09226770630279402
S022;2;beta;0;0.0005964807634953773
S022;32;beta;0;0.33653846153846156
S022;60;beta;0;0.1711054359722729
S022;76;beta;0;0.33653846153846156
S022;82;beta;0;0.33653846153846156
S022;90;beta;0;0.09226770630279402
S022;95;beta;0;0.018490451652015762
S022;101;beta;0;0.040413533834586464
S022;398;beta;1;0.33653846153846156
S022;399;beta;1;0.33653846153846156
S022;400;beta;0;0.1711054359722729
S022;403;beta;0;0.33653846153846156
S022;408;beta;1;0.33653846153846156
S022;409;beta;0;0.33653846153846156
S022;414;beta;0;0.1711054359722729
S022;424;beta;0;0.1711054359722729
S022;433;beta;0;0.33653846153846156
S022;435;beta;0;0.33653846153846156
S022;450;beta;0;0.1711054359722729
S022;456;beta;0;0.1711054359722729
S022;460;beta;0;0.1711054359722729
S022;551;beta;1;0.09226770630279402
S022;552;beta;0;0.33653846153846156
S022;588;beta;0;0.33653846153846156
S022;594;beta;0;0.33653846153846156
S022;597;beta;0;0.33653846153846156
S022;602;beta;0;0.040413533834586464
S022;639;beta;0;0.33653846153846156
S022;641;beta;0;0.1711054359722729
S022;644;beta;0;0.1711054359722729
S022;668;beta;0;0.00089632506722438
S022;672;beta;0;0.006015037593984963
S022;935;beta;0;0.09226770630279402
S022;1099;beta;1;0.1711054359722729
S022;1100;beta;0;0.040413533834586464
S022;1353;beta;1;0.33653846153846156
S022;1354;beta;0;0.09226770630279402
S022;1405;beta;0;0.1711054359722729
S022;1407;beta;0;0.1711054359722729
S022;1409;beta;0;0.00089632506722438
S023;14;beta;1;0.33653846153846156
S023;15;beta;0;0.005394066526820497
S023;81;beta;1;0.33653846153846156
S023;82;beta;0;0.33653846153846156
S023;90;beta;0;0.09226770630279402
S023;268;beta;1;0.33653846153846156
S023;269;beta;0;0.09226770630279402
S023;273;beta;1;0.33653846153846156
S023;274;beta;0;0.005394066526820497
S023;292;beta;0;0.33653846153846156
S023;294;beta;0;0.040413533834586464
S023;300;beta;0;0.018490451652015762
S023;302;beta;0;0.1711054359722729
S023;340;beta;0;0.1711054359722729
S023;344;beta;0;0.018490451652015762
S023;356;beta;0;0.004784688995215311
S023;365;beta;0;0.09226770630279402
S023;401;beta;1;0.1711054359722729
S023;402;beta;1;0.33653846153846156
S023;403;beta;0;0.040413533834586464
S023;407;beta;1;0.33653846153846156
S023;408;beta;1;0.33653846153846156
S023;409;beta;1;0.33653846153846156
S023;410;beta;0;0.09226770630279402
S023;429;beta;1;0.1711054359722729
S023;430;beta;0;0.1711054359722729
S023;433;beta;0;0.09226770630279402
S023;510;beta;1;0.33653846153846156
S023;511;beta;1;0.1711054359722729
S023;512;beta;0;0.09226770630279402
S023;515;beta;0;0.33653846153846156
S023;520;beta;0;0.33653846153846156
S023;522;beta;1;0.33653846153846156
S023;523;beta;0;0.03341508277130595
S023;574;beta;0;0.33653846153846156
S023;580;beta;0;0.33653846153846156
S023;585;beta;0;0.33653846153846156
S023;587;beta;0;0.040413533834586464
S023;596;beta;1;0.33653846153846156
S023;597;beta;0;0.09226770630279402
S023;627;beta;1;0.33653846153846156
S023;628;beta;0;0.33653846153846156
S023;647;beta;0;0.09226770630279402
S023;654;beta;1;0.33653846153846156
S023;655;beta;0;0.040413533834586464
S023;660;beta;1;0.03341508277130595
S023;661;beta;1;0.33653846153846156
S023;662;beta;0;0.09226770630279402
S023;664;beta;1;0.1711054359722729
S023;665;beta;0;0.03341508277130595
S023;667;beta;1;0.1711054359722729
S023;668;beta;0;0.33653846153846156
S023;675;beta;1;0.1711054359722729
S023;676;beta;1;0.1711054359722729
S023;677;beta;0;0.1711054359722729
S023;684;beta;0;0.1711054359722729
S023;686;beta;1;0.33653846153846156
S023;687;beta;0;0.33653846153846156
S023;690;beta;1;0.33653846153846156
S023;691;beta;0;0.03341508277130595
S023;884;beta;0;0.33653846153846156
S023;889;beta;0;0.1711054359722729
S023;891;beta;0;0.1711054359722729
S023;897;beta;0;0.33653846153846156
S023;903;beta;0;0.33653846153846156
S023;1049;beta;0;0.03341508277130595
S023;1160;beta;0;0.33653846153846156
S023;1167;beta;1;0.33653846153846156
S023;1168;beta;0;0.33653846153846156
S023;1170;beta;1;0.33653846153846156
S023;1171;beta;0;0.33653846153846156
S023;1227;beta;1;0.33653846153846156
S023;1228;beta;0;0.33653846153846156
S023;1232;beta;1;0.33653846153846156
S023;1233;beta;0;0.33653846153846156
S023;1235;beta;0;0.33653846153846156
S023;1243;beta;1;0.33653846153846156
S023;1244;beta;0;0.33653846153846156
S023;1256;beta;0;0.33653846153846156
S023;1320;beta;0;0.03341508277130595
S023;1372;beta;1;0.33653846153846156
S023;1373;beta;0;0.33653846153846156
S023;1396;beta;1;0.1711054359722729
S023;1397;beta;1;0.33653846153846156
S023;1398;beta;0;0.1711054359722729
S024;23;beta;1;0.33653846153846156
S024;24;beta;1;0.018490451652015762
S024;25;beta;1;0.33653846153846156
S024;26;beta;0;0.09226770630279402
S024;30;beta;0;0.1711054359722729
S024;32;beta;0;0.1711054359722729
S024;34;beta;0;0.040413533834586464
S024;38;beta;0;0.040413533834586464
S024;51;beta;1;0.09226770630279402
S024;52;beta;0;0.1711054359722729
S024;230;beta;0;0.09226770630279402
S024;244;beta;0;0.33653846153846156
S024;250;beta;0;0.33653846153846156
S024;257;beta;1;0.33653846153846156
S024;258;beta;1;0.33653846153846156
S024;259;beta;1;0.33653846153846156
S024;260;beta;0;0.09226770630279402
S024;267;beta;0;0.33653846153846156
S024;269;beta;0;0.1711054359722729
S024;272;beta;0;0.33653846153846156
S024;274;beta;0;0.33653846153846156
S024;276;beta;1;0.1711054359722729
S024;277;beta;0;0.1711054359722729
S024;301;beta;0;0.09226770630279402
S024;362;beta;0;0.33653846153846156
S024;364;beta;1;0.040413533834586464
S024;365;beta;0;0.00089632506722438
S024;372;beta;0;0.040413533834586464
S024;416;beta;1;0.33653846153846156
S024;417;beta;0;0.33653846153846156
S024;466;beta;0;0.09226770630279402
S024;472;beta;0;0.018490451652015762
S024;475;beta;0;0.09226770630279402
S024;489;beta;0;0.33653846153846156
S024;497;beta;1;0.33653846153846156
S024;498;beta;1;0.09226770630279402
S024;499;beta;0;0.09226770630279402
S024;601;beta;0;0.33653846153846156
S024;606;beta;0;0.33653846153846156
S024;610;beta;0;0.040413533834586464
S024;618;beta;0;0.33653846153846156
S024;627;beta;0;0.1711054359722729
S024;629;beta;0;0.1711054359722729
S024;631;beta;1;0.09226770630279402
S024;632;beta;0;0.33653846153846156
S024;639;beta;0;0.040413533834586464
S024;641;beta;0;0.1711054359722729
S024;645;beta;0;0.09226770630279402
S024;702;beta;0;0.1711054359722729
S024;730;beta;0;0.09226770630279402
S024;882;beta;0;0.33653846153846156
S024;889;beta;0;0.33653846153846156
S024;917;beta;0;0.1711054359722729
S024;966;beta;0;0.33653846153846156
S024;1323;beta;0;0.09226770630279402
S024;1325;beta;0;0.09226770630279402
S024;1375;beta;1;0.33653846153846156
S024;1376;beta;0;0.33653846153846156
S024;1378;beta;0;0.03341508277130595
S024;1412;beta;1;0.1711054359722729
S024;1413;beta;0;0.03341508277130595
S025;109;beta;0;0.1711054359722729
S025;120;beta;1;0.33653846153846156
S025;121;beta;0;0.1711054359722729
S025;182;beta;0;0.33653846153846156
S025;263;beta;0;0.1711054359722729
S025;271;beta;1;0.33653846153846156
S025;272;beta;0;0.1711054359722729
S025;341;beta;0;0.1711054359722729
S025;343;beta;0;0.1711054359722729
S025;348;beta;0;0.33653846153846156
S025;350;beta;1;0.33653846153846156
S025;351;beta;0;0.1711054359722729
S025;357;beta;0;0.33653846153846156
S025;361;beta;0;0.33653846153846156
S025;476;beta;0;0.33653846153846156
S025;481;beta;0;0.040413533834586464
S025;491;beta;0;0.03341508277130595
S025;528;beta;0;0.1711054359722729
S025;531;beta;0;0.09226770630279402
S025;535;beta;0;0.09226770630279402
S025;538;beta;0;0.09226770630279402
S025;547;beta;0;0.33653846153846156
S025;549;beta;0;0.33653846153846156
S025;551;beta;0;0.33653846153846156
S025;586;beta;0;0.1711054359722729
S025;591;beta;0;0.1711054359722729
S025;606;beta;1;0.1711054359722729
S025;607;beta;0;0.33653846153846156
S025;617;beta;1;0.33653846153846156
S025;618;beta;1;0.33653846153846156
S025;619;beta;1;0.09226770630279402
S025;620;beta;0;0.002094554159186116
S025;624;beta;1;0.1711054359722729
S025;625;beta;0;0.1711054359722729
S025;633;beta;1;0.33653846153846156
S025;634;beta;0;0.040413533834586464
S025;636;beta;0;0.33653846153846156
S025;638;beta;0;0.33653846153846156
S025;640;beta;0;0.1711054359722729
S025;642;beta;0;0.33653846153846156
S025;650;beta;0;0.005394066526820497
S025;681;beta;1;0.1711054359722729
S025;682;beta;0;0.040413533834586464
S025;689;beta;1;0.33653846153846156
S025;690;beta;0;0.018490451652015762
S025;713;beta;0;0.1711054359722729
S025;718;beta;0;0.040413533834586464
S025;818;beta;0;0.006015037593984963
S025;826;beta;1;0.33653846153846156
S025;827;beta;0;0.040413533834586464
S025;1051;beta;0;0.33653846153846156
S025;1109;beta;0;0.1711054359722729
S025;1111;beta;0;0.1711054359722729
S025;1187;beta;1;0.33653846153846156
S025;1188;beta;1;0.09226770630279402
S025;1189;beta;0;0.33653846153846156
S025;1219;beta;0;0.1711054359722729
S025;1221;beta;1;0.33653846153846156
S025;1222;beta;1;0.33653846153846156
S025;1223;beta;0;0.1711054359722729
S025;1225;beta;0;0.1711054359722729
S025;1228;beta;0;0.1711054359722729
S025;1232;beta;0;0.040413533834586464
S025;1236;beta;0;0.33653846153846156
S026;17;beta;1;0.1711054359722729
S026;18;beta;1;0.33653846153846156
S026;19;beta;0;0.09226770630279402
S026;103;beta;0;0.1711054359722729
S026;105;beta;0;0.03341508277130595
S026;112;beta;0;0.33653846153846156
S026;116;beta;0;0.33653846153846156
S026;295;beta;0;0.1711054359722729
S026;452;beta;0;0.33653846153846156
S026;570;beta;0;0.33653846153846156
S026;572;beta;0;0.33653846153846156
S026;617;beta;0;0.040413533834586464
S026;620;beta;0;0.005394066526820497
S026;672;beta;1;0.33653846153846156
S026;673;beta;0;0.040413533834586464
S026;686;beta;1;0.09226770630279402
S026;687;beta;0;0.00089632506722438
S026;720;beta;0;0.005394066526820497
S026;885;beta;0;0.33653846153846156
S026;894;beta;0;0.09226770630279402
S026;901;beta;0;0.1711054359722729
S026;905;beta;0;0.040413533834586464
S026;907;beta;0;0.33653846153846156
S026;994;beta;0;0.1711054359722729
S026;996;beta;0;0.33653846153846156
S026;1001;beta;0;0.002094554159186116
S026;1020;beta;1;0.1711054359722729
S026;1021;beta;1;0.33653846153846156
S026;1022;beta;0;0.33653846153846156
S026;1024;beta;0;0.33653846153846156
S026;1029;beta;1;0.33653846153846156
S026;1030;beta;0;0.33653846153846156
S026;1041;beta;0;0.33653846153846156
S026;1043;beta;0;0.1711054359722729
S026;1045;beta;0;0.33653846153846156
S026;1048;beta;1;0.09226770630279402
S026;1049;beta;1;0.33653846153846156
S026;1050;beta;0;0.09226770630279402
S026;1053;beta;0;0.33653846153846156
S026;1057;beta;0;0.1711054359722729
S026;1097;beta;1;0.1711054359722729
S026;1098;beta;0;0.03341508277130595
S026;1160;beta;0;0.03341508277130595
S026;1164;beta;0;0.33653846153846156
S026;1169;beta;0;0.0005970149253731343
S026;1183;beta;0;0.09226770630279402
S026;1186;beta;0;0.1711054359722729
S026;1188;beta;1;0.33653846153846156
S026;1189;beta;0;0.1711054359722729
S026;1195;beta;0;0.040413533834586464
S026;1200;beta;0;0.33653846153846156
S026;1202;beta;1;0.33653846153846156
S026;1203;beta;0;0.33653846153846156
S026;1205;beta;0;0.33653846153846156
S026;1216;beta;0;0.33653846153846156
S026;1218;beta;0;0.1711054359722729
S026;1220;beta;0;0.1711054359722729
S026;1231;beta;1;0.33653846153846156
S026;1232;beta;0;0.03341508277130595
S026;1250;beta;0;0.33653846153846156
S026;1253;beta;0;0.09226770630279402
S026;1255;beta;0;0.33653846153846156
S026;1257;beta;0;0.03341508277130595
S026;1325;beta;0;0.1711054359722729
S026;1344;beta;0;0.33653846153846156
S026;1354;beta;0;0.33653846153846156
S026;1386;beta;0;0.33653846153846156
S026;1390;beta;0;0.0
S026;1413;beta;1;0.09226770630279402
S026;1414;beta;1;0.1711054359722729
S026;1415;beta;0;0.1711054359722729
S026;1418;beta;0;0.1711054359722729
S026;1421;beta;0;0.33653846153846156
S026;1425;beta;0;0.1711054359722729
S026;1427;beta;0;0.040413533834586464
S026;1431;beta;1;0.1711054359722729
S026;1432;beta;0;0.040413533834586464
S027;5;beta;0;0.09226770630279402
S027;7;beta;0;0.1711054359722729
S027;9;beta;0;0.040413533834586464
S027;481;beta;0;0.1711054359722729
S027;591;beta;0;0.1711054359722729
S027;599;beta;0;0.33653846153846156
S027;601;beta;0;0.1711054359722729
S027;603;beta;0;0.33653846153846156
S027;611;beta;0;0.018490451652015762
S027;615;beta;1;0.33653846153846156
S027;616;beta;0;0.1711054359722729
S027;647;beta;0;0.040413533834586464
S027;653;beta;1;0.1711054359722729
S027;654;beta;0;0.33653846153846156
S027;743;beta;0;0.33653846153846156
S027;745;beta;1;0.1711054359722729
S027;746;beta;1;0.09226770630279402
S027;747;beta;0;0.33653846153846156
S027;750;beta;0;0.33653846153846156
S027;753;beta;0;0.1711054359722729
S027;794;beta;0;0.33653846153846156
S027;796;beta;0;0.018490451652015762
S027;844;beta;0;0.33653846153846156
S027;847;beta;0;0.33653846153846156
S027;850;beta;0;0.004784688995215311
S027;1004;beta;1;0.33653846153846156
S027;1005;beta;1;0.33653846153846156
S027;1006;beta;0;0.33653846153846156
S027;1010;beta;0;0.33653846153846156
S027;1015;beta;0;0.1711054359722729
S027;1097;beta;0;0.1711054359722729
S027;1241;beta;0;0.33653846153846156
S027;1349;beta;0;0.1711054359722729
S027;1368;beta;0;0.1711054359722729
S027;1398;beta;0;0.1711054359722729
S027;1400;beta;0;0.33653846153846156
S027;1403;beta;0;0.1711054359722729
S027;1405;beta;0;0.33653846153846156
S027;1419;beta;0;0.33653846153846156
S027;1421;beta;0;0.09226770630279402
S027;1425;beta;1;0.040413533834586464
S027;1426;beta;0;0.006015037593984963
S028;4;beta;0;0.004784688995215311
S028;250;beta;0;0.33653846153846156
S028;255;beta;0;0.33653846153846156
S028;257;beta;1;0.33653846153846156
S028;258;beta;1;0.33653846153846156
S028;259;beta;0;0.33653846153846156
S028;262;beta;0;0.33653846153846156
S028;265;beta;0;0.33653846153846156
S028;337;beta;0;0.09226770630279402
S028;354;beta;0;0.33653846153846156
S028;358;beta;0;0.33653846153846156
S028;383;beta;0;0.002094554159186116
S028;533;beta;0;0.33653846153846156
S028;578;beta;0;0.1711054359722729
S028;580;beta;0;0.33653846153846156
S028;584;beta;0;0.1711054359722729
S028;587;beta;1;0.09226770630279402
S028;588;beta;1;0.33653846153846156
S028;589;beta;0;0.33653846153846156
S028;591;beta;0;0.1711054359722729
S028;595;beta;0;0.33653846153846156
S028;597;beta;0;0.03341508277130595
S028;600;beta;0;0.33653846153846156
S028;604;beta;1;0.1711054359722729
S028;605;beta;0;0.1711054359722729
S028;609;beta;1;0.33653846153846156
S028;610;beta;0;0.1711054359722729
S028;639;beta;1;0.33653846153846156
S028;640;beta;1;0.33653846153846156
S028;641;beta;0;0.040413533834586464
S028;648;beta;0;0.1711054359722729
S028;655;beta;0;0.09226770630279402
S028;666;beta;1;0.1711054359722729
S028;667;beta;0;0.040413533834586464
S028;669;beta;0;0.040413533834586464
S028;686;beta;0;0.09226770630279402
S028;688;beta;0;0.1711054359722729
S028;695;beta;1;0.33653846153846156
S028;696;beta;1;0.1711054359722729
S028;697;beta;1;0.040413533834586464
S028;698;beta;0;0.1711054359722729
S028;700;beta;0;0.004784688995215311
S028;707;beta;0;0.33653846153846156
S028;768;beta;0;0.1711054359722729
S028;789;beta;0;0.33653846153846156
S028;976;beta;1;0.33653846153846156
S028;977;beta;0;0.33653846153846156
S028;982;beta;0;0.33653846153846156
S028;1218;beta;1;0.33653846153846156
S028;1219;beta;0;0.1711054359722729
S028;1224;beta;0;0.1711054359722729
S028;1234;beta;0;0.33653846153846156
S028;1426;beta;0;0.03341508277130595
S029;96;beta;0;0.09226770630279402
S029;173;beta;1;0.33653846153846156
S029;174;beta;1;0.33653846153846156
S029;175;beta;0;0.33653846153846156
S029;185;beta;1;0.33653846153846156
S029;186;beta;0;0.1711054359722729
S029;189;beta;0;0.33653846153846156
S029;191;beta;1;0.33653846153846156
S029;192;beta;1;0.33653846153846156
S029;193;beta;0;0.33653846153846156
S029;236;beta;1;0.33653846153846156
S029;237;beta;0;0.1711054359722729
S029;240;beta;1;0.33653846153846156
S029;241;beta;0;0.33653846153846156
S029;243;beta;0;0.1711054359722729
S029;247;beta;0;0.33653846153846156
S029;281;beta;0;0.33653846153846156
S029;329;beta;0;0.33653846153846156
S029;340;beta;0;0.1711054359722729
S029;344;beta;0;0.018490451652015762
S029;350;beta;0;0.040413533834586464
S029;352;beta;0;0.040413533834586464
S029;354;beta;0;0.1711054359722729
S029;360;beta;0;0.040413533834586464
S029;362;beta;1;0.09226770630279402
S029;363;beta;1;0.1711054359722729
S029;364;beta;0;0.03341508277130595
S029;377;beta;0;0.33653846153846156
S029;382;beta;0;0.1711054359722729
S029;384;beta;1;0.1711054359722729
S029;385;beta;0;0.03341508277130595
S029;649;beta;0;0.018490451652015762
S029;663;beta;1;0.1711054359722729
S029;664;beta;1;0.33653846153846156
S029;665;beta;0;0.1711054359722729
S029;886;beta;0;0.33653846153846156
S029;891;beta;1;0.33653846153846156
S029;892;beta;0;0.33653846153846156
S029;894;beta;1;0.33653846153846156
S029;895;beta;1;0.33653846153846156
S029;896;beta;1;0.33653846153846156
S029;897;beta;0;0.1711054359722729
S029;901;beta;1;0.33653846153846156
S029;902;beta;0;0.33653846153846156
S029;904;beta;0;0.33653846153846156
S029;907;beta;1;0.33653846153846156
S029;908;beta;0;0.33653846153846156
S029;917;beta;1;0.33653846153846156
S029;918;beta;0;0.09226770630279402
S029;1017;beta;1;0.33653846153846156
S029;1018;beta;0;0.1711054359722729
S029;1021;beta;0;0.03341508277130595
S029;1024;beta;1;0.33653846153846156
S029;1025;beta;1;0.09226770630279402
S029;1026;beta;0;0.09226770630279402
S029;1126;beta;0;0.33653846153846156
S029;1131;beta;1;0.33653846153846156
S029;1132;beta;1;0.33653846153846156
S029;1133;beta;0;0.1711054359722729
S029;1135;beta;1;0.33653846153846156
S029;1136;beta;0;0.33653846153846156
S029;1140;beta;0;0.09226770630279402
S029;1143;beta;0;0.33653846153846156
S029;1161;beta;0;0.09226770630279402
S029;1184;beta;1;0.33653846153846156
S029;1185;beta;1;0.1711054359722729
S029;1186;beta;1;0.1711054359722729
S029;1187;beta;1;0.040413533834586464
S029;1188;beta;1;0.33653846153846156
S029;1189;beta;0;0.1711054359722729
S029;1384;beta;1;0.33653846153846156
S029;1385;beta;1;0.33653846153846156
S029;1386;beta;0;0.1711054359722729
S029;1405;beta;1;0.040413533834586464
S029;1406;beta;0;0.33653846153846156
S029;1410;beta;0;0.040413533834586464
S029;1415;beta;0;0.33653846153846156
S029;1418;beta;1;0.1711054359722729
S029;1419;beta;0;0.0005964807634953773
S029;1428;beta;1;0.040413533834586464
S029;1429;beta;0;0.006015037593984963
S030;37;beta;0;0.040413533834586464
S030;41;beta;1;0.1711054359722729
S030;42;beta;0;0.040413533834586464
S030;60;beta;0;0.03341508277130595
S030;102;beta;0;0.1711054359722729
S030;110;beta;0;0.1711054359722729
S030;112;beta;1;0.1711054359722729
S030;113;beta;0;0.09226770630279402
S030;144;beta;0;0.09226770630279402
S030;153;beta;0;0.09226770630279402
S030;310;beta;1;0.1711054359722729
S030;311;beta;0;0.33653846153846156
S030;323;beta;1;0.33653846153846156
S030;324;beta;0;0.018490451652015762
S030;331;beta;0;0.1711054359722729
S030;337;beta;0;0.09226770630279402
S030;372;beta;0;0.002094554159186116
S030;698;beta;0;0.1711054359722729
S030;747;beta;0;0.09226770630279402
S030;751;beta;0;0.006015037593984963
S030;818;beta;0;0.33653846153846156
S030;820;beta;0;0.1711054359722729
S030;826;beta;0;0.1711054359722729
S030;998;beta;0;0.1711054359722729
S030;1243;beta;0;0.33653846153846156
S030;1248;beta;0;0.33653846153846156
S031;143;beta;1;0.33653846153846156
S031;144;beta;0;0.1711054359722729
S031;147;beta;0;0.33653846153846156
S031;307;beta;0;0.33653846153846156
S031;321;beta;0;0.33653846153846156
S031;357;beta;0;0.018490451652015762
S031;474;beta;0;0.1711054359722729
S031;537;beta;0;0.1711054359722729
S031;539;beta;0;0.33653846153846156
S031;544;beta;0;0.33653846153846156
S031;548;beta;0;0.33653846153846156
S031;586;beta;0;0.33653846153846156
S031;606;beta;0;0.1711054359722729
S031;627;beta;1;0.33653846153846156
S031;628;beta;0;0.33653846153846156
S031;630;beta;0;0.040413533834586464
S031;703;beta;0;0.33653846153846156
S031;710;beta;1;0.1711054359722729
S031;711;beta;0;0.09226770630279402
S031;722;beta;0;0.09226770630279402
S031;724;beta;0;0.33653846153846156
S031;950;beta;0;0.1711054359722729
S031;1022;beta;0;0.33653846153846156
S031;1135;beta;0;0.33653846153846156
S031;1137;beta;0;0.1711054359722729
S031;1142;beta;1;0.33653846153846156
S031;1143;beta;0;0.1711054359722729
S031;1146;beta;0;0.33653846153846156
S031;1222;beta;0;0.1711054359722729
S031;1224;beta;0;0.33653846153846156
S031;1226;beta;0;0.33653846153846156
S031;1320;beta;0;0.03341508277130595
S031;1323;beta;1;0.33653846153846156
S031;1324;beta;1;0.33653846153846156
S031;1325;beta;0;0.33653846153846156
S032;210;beta;0;0.1711054359722729
S032;246;beta;0;0.33653846153846156
S032;257;beta;0;0.33653846153846156
S032;267;beta;0;0.33653846153846156
S032;274;beta;0;0.1711054359722729
S032;276;beta;0;0.1711054359722729
S032;282;beta;0;0.33653846153846156
S032;287;beta;0;0.33653846153846156
S032;357;beta;0;0.33653846153846156
S032;367;beta;1;0.33653846153846156
S032;368;beta;1;0.33653846153846156
S032;369;beta;0;0.33653846153846156
S032;373;beta;1;0.33653846153846156
S032;374;beta;1;0.1711054359722729
S032;375;beta;0;0.018490451652015762
S032;378;beta;1;0.33653846153846156
S032;379;beta;0;0.09226770630279402
S032;490;beta;0;0.040413533834586464
S032;495;beta;0;0.03341508277130595
S032;510;beta;0;0.018490451652015762
S032;698;beta;1;0.33653846153846156
S032;699;beta;0;0.33653846153846156
S032;719;beta;1;0.33653846153846156
S032;720;beta;0;0.03341508277130595
S032;725;beta;0;0.33653846153846156
S032;727;beta;0;0.33653846153846156
S032;733;beta;0;0.09226770630279402
S032;809;beta;1;0.33653846153846156
S032;810;beta;0;0.040413533834586464
S032;816;beta;0;0.002094554159186116
S032;845;beta;0;0.1711054359722729
S032;847;beta;1;0.33653846153846156
S032;848;beta;0;0.09226770630279402
S032;853;beta;0;0.09226770630279402
S032;889;beta;1;0.33653846153846156
S032;890;beta;1;0.33653846153846156
S032;891;beta;1;0.33653846153846156
S032;892;beta;1;0.09226770630279402
S032;893;beta;1;0.33653846153846156
S032;894;beta;0;0.33653846153846156
S032;900;beta;1;0.1711054359722729
S032;901;beta;0;0.33653846153846156
S032;909;beta;0;0.33653846153846156
S032;1035;beta;0;0.33653846153846156
S032;1040;beta;0;0.03341508277130595
S032;1043;beta;0;0.33653846153846156
S032;1046;beta;0;0.33653846153846156
S032;1048;beta;0;0.33653846153846156
S032;1218;beta;0;0.1711054359722729
S032;1223;beta;1;0.33653846153846156
S032;1224;beta;0;0.33653846153846156
S032;1334;beta;0;0.03341508277130595
S032;1424;beta;1;0.1711054359722729
S032;1425;beta;0;0.09226770630279402
S032;1429;beta;0;0.33653846153846156
S032;1431;beta;1;0.33653846153846156
S032;1432;beta;0;0.03341508277130595
S033;6;beta;0;0.33653846153846156
S033;8;beta;0;0.040413533834586464
S033;15;beta;0;0.09226770630279402
S033;60;beta;0;0.03341508277130595
S033;91;beta;0;0.1711054359722729
S033;93;beta;1;0.040413533834586464
S033;94;beta;0;0.0020870602265951103
S033;212;beta;1;0.33653846153846156
S033;213;beta;0;0.33653846153846156
S033;221;beta;0;0.33653846153846156
S033;227;beta;0;0.33653846153846156
S033;229;beta;0;0.33653846153846156
S033;299;beta;1;0.33653846153846156
S033;300;beta;1;0.33653846153846156
S033;301;beta;0;0.1711054359722729
S033;491;beta;0;0.33653846153846156
S033;497;beta;1;0.1711054359722729
S033;498;beta;0;0.33653846153846156
S033;688;beta;1;0.1711054359722729
S033;689;beta;0;0.33653846153846156
S033;707;beta;0;0.040413533834586464
S033;715;beta;1;0.33653846153846156
S033;716;beta;1;0.1711054359722729
S033;717;beta;1;0.33653846153846156
S033;718;beta;0;0.1711054359722729
S033;720;beta;0;0.09226770630279402
S033;928;beta;0;0.33653846153846156
S033;938;beta;0;0.1711054359722729
S033;944;beta;0;0.1711054359722729
S033;960;beta;1;0.33653846153846156
S033;961;beta;0;0.33653846153846156
S033;963;beta;1;0.33653846153846156
S033;964;beta;0;0.1711054359722729
S033;1185;beta;0;0.33653846153846156
S033;1188;beta;0;0.33653846153846156
S033;1190;beta;0;0.33653846153846156
S033;1322;beta;0;0.33653846153846156
S033;1325;beta;0;0.33653846153846156
S033;1331;beta;0;0.33653846153846156
S033;1346;beta;1;0.33653846153846156
S033;1347;beta;1;0.33653846153846156
S033;1348;beta;1;0.33653846153846156
S033;1349;beta;0;0.33653846153846156
S034;11;beta;1;0.33653846153846156
S034;12;beta;0;0.33653846153846156
S034;17;beta;0;0.33653846153846156
S034;63;beta;0;0.1711054359722729
S034;72;beta;0;0.09226770630279402
S034;91;beta;0;0.33653846153846156
S034;135;beta;0;0.1711054359722729
S034;139;beta;0;0.33653846153846156
S034;141;beta;1;0.33653846153846156
S034;142;beta;0;0.33653846153846156
S034;146;beta;0;0.33653846153846156
S034;148;beta;0;0.1711054359722729
S034;151;beta;0;0.09226770630279402
S034;421;beta;0;0.09226770630279402
S034;457;beta;0;0.33653846153846156
S034;459;beta;0;0.33653846153846156
S034;476;beta;0;0.1711054359722729
S034;478;beta;1;0.33653846153846156
S034;479;beta;0;0.1711054359722729
S034;481;beta;0;0.33653846153846156
S034;735;beta;0;0.33653846153846156
S034;744;beta;0;0.33653846153846156
S034;751;beta;0;0.005394066526820497
S034;759;beta;1;0.1711054359722729
S034;760;beta;1;0.018490451652015762
S034;761;beta;0;0.09226770630279402
S034;766;beta;0;0.1711054359722729
S034;801;beta;0;0.006015037593984963
S034;807;beta;0;0.03341508277130595
S034;809;beta;0;0.004784688995215311
S034;814;beta;1;0.09226770630279402
S034;815;beta;0;0.03341508277130595
S034;911;beta;0;0.33653846153846156
S034;915;beta;0;0.33653846153846156
S034;1034;beta;0;0.33653846153846156
S034;1036;beta;0;0.33653846153846156
S034;1046;beta;1;0.33653846153846156
S034;1047;beta;1;0.33653846153846156
S034;1048;beta;0;0.33653846153846156
S034;1056;beta;1;0.1711054359722729
S034;1057;beta;0;0.33653846153846156
S034;1061;beta;1;0.33653846153846156
S034;1062;beta;0;0.09226770630279402
S034;1064;beta;0;0.33653846153846156
S034;1069;beta;0;0.1711054359722729
S034;1156;beta;0;0.0020870602265951103
S034;1235;beta;0;0.1711054359722729
S034;1336;beta;1;0.33653846153846156
S034;1337;beta;0;0.1711054359722729
S034;1339;beta;1;0.33653846153846156
S034;1340;beta;0;0.33653846153846156
S034;1356;beta;0;0.33653846153846156
S034;1377;beta;0;0.33653846153846156
S034;1380;beta;0;0.1711054359722729
S034;1389;beta;0;0.33653846153846156
S034;1425;beta;0;0.09226770630279402
S034;1430;beta;1;0.040413533834586464
S034;1431;beta;0;0.09226770630279402
S034;1433;beta;0;0.09226770630279402
S035;267;beta;0;0.1711054359722729
S035;289;beta;0;0.03341508277130595
S035;294;beta;0;0.1711054359722729
S035;344;beta;0;0.040413533834586464
S035;364;beta;0;0.33653846153846156
S035;394;beta;1;0.1711054359722729
S035;395;beta;0;0.33653846153846156
S035;398;beta;0;0.040413533834586464
S035;405;beta;0;0.33653846153846156
S035;408;beta;0;0.09226770630279402
S035;667;beta;0;0.33653846153846156
S035;675;beta;0;0.33653846153846156
S035;677;beta;0;0.1711054359722729
S035;691;beta;0;0.040413533834586464
S035;716;beta;1;0.33653846153846156
S035;717;beta;0;0.1711054359722729
S035;722;beta;0;0.33653846153846156
S035;740;beta;0;0.09226770630279402
S035;875;beta;0;0.33653846153846156
S035;878;beta;1;0.33653846153846156
S035;879;beta;0;0.33653846153846156
S035;1003;beta;1;0.33653846153846156
S035;1004;beta;0;0.33653846153846156
S035;1015;beta;0;0.33653846153846156
S035;1018;beta;1;0.33653846153846156
S035;1019;beta;1;0.33653846153846156
S035;1020;beta;0;0.33653846153846156
S035;1024;beta;1;0.09226770630279402
S035;1025;beta;1;0.33653846153846156
S035;1026;beta;0;0.1711054359722729
S035;1034;beta;0;0.03341508277130595
S035;1151;beta;0;0.040413533834586464
S035;1159;beta;1;0.33653846153846156
S035;1160;beta;1;0.33653846153846156
S035;1161;beta;0;0.33653846153846156
S035;1171;beta;1;0.33653846153846156
S035;1172;beta;0;0.1711054359722729
S035;1202;beta;0;0.1711054359722729
S035;1233;beta;0;0.33653846153846156
S035;1253;beta;0;0.002094554159186116
S036;24;beta;0;0.33653846153846156
S036;30;beta;1;0.1711054359722729
S036;31;beta;0;0.33653846153846156
S036;162;beta;0;0.33653846153846156
S036;299;beta;0;0.33653846153846156
S036;302;beta;1;0.09226770630279402
S036;303;beta;0;0.09226770630279402
S036;354;beta;0;0.1711054359722729
S036;394;beta;0;0.002094554159186116
S036;396;beta;0;0.1711054359722729
S036;401;beta;1;0.33653846153846156
S036;402;beta;0;0.1711054359722729
S036;405;beta;1;0.33653846153846156
S036;406;beta;0;0.040413533834586464
S036;408;beta;0;0.09226770630279402
S036;417;beta;0;0.1711054359722729
S036;419;beta;0;0.1711054359722729
S036;474;beta;1;0.33653846153846156
S036;475;beta;0;0.1711054359722729
S036;552;beta;0;0.09226770630279402
S036;556;beta;0;0.33653846153846156
S036;701;beta;0;0.1711054359722729
S036;739;beta;0;0.03341508277130595
S036;916;beta;0;0.33653846153846156
S036;925;beta;0;0.1711054359722729
S036;936;beta;0;0.1711054359722729
S036;1020;beta;0;0.1711054359722729
S036;1038;beta;0;0.018490451652015762
S036;1040;beta;0;0.004784688995215311
S036;1046;beta;1;0.33653846153846156
S036;1047;beta;0;0.03341508277130595
S036;1056;beta;0;0.33653846153846156
S036;1060;beta;1;0.33653846153846156
S036;1061;beta;1;0.33653846153846156
S036;1062;beta;0;0.33653846153846156
S036;1089;beta;0;0.09226770630279402
S036;1094;beta;1;0.09226770630279402
S036;1095;beta;0;0.1711054359722729
S036;1326;beta;1;0.33653846153846156
S036;1327;beta;0;0.1711054359722729
S036;1346;beta;1;0.33653846153846156
S036;1347;beta;0;0.33653846153846156
S036;1368;beta;0;0.33653846153846156
S036;1378;beta;1;0.1711054359722729
S036;1379;beta;0;0.1711054359722729
S036;1386;beta;1;0.040413533834586464
S036;1387;beta;0;0.33653846153846156
S036;1401;beta;0;0.1711054359722729
S036;1403;beta;0;0.040413533834586464
S036;1427;beta;0;0.09226770630279402
S036;1429;beta;0;0.03341508277130595
S036;1437;beta;0;0.33653846153846156
S037;56;beta;0;0.09226770630279402
S037;96;beta;0;0.1711054359722729
S037;99;beta;1;0.1711054359722729
S037;100;beta;0;0.33653846153846156
S037;220;beta;0;0.33653846153846156
S037;256;beta;0;0.1711054359722729
S037;259;beta;0;0.040413533834586464
S037;264;beta;0;0.33653846153846156
S037;312;beta;0;0.09226770630279402
S037;317;beta;0;0.33653846153846156
S037;354;beta;1;0.33653846153846156
S037;355;beta;1;0.33653846153846156
S037;356;beta;1;0.33653846153846156
S037;357;beta;0;0.040413533834586464
S037;389;beta;0;0.1711054359722729
S037;406;beta;1;0.1711054359722729
S037;407;beta;0;0.33653846153846156
S037;409;beta;0;0.09226770630279402
S037;414;beta;0;0.03341508277130595
S037;418;beta;0;0.33653846153846156
S037;433;beta;0;0.33653846153846156
S037;436;beta;1;0.33653846153846156
S037;437;beta;1;0.33653846153846156
S037;438;beta;0;0.004784688995215311
S037;503;beta;0;0.09226770630279402
S037;511;beta;1;0.33653846153846156
S037;512;beta;0;0.006015037593984963
S037;515;beta;1;0.33653846153846156
S037;516;beta;0;0.005394066526820497
S037;645;beta;0;0.040413533834586464
S037;785;beta;0;0.33653846153846156
S037;787;beta;0;0.1711054359722729
S037;791;beta;0;0.33653846153846156
S037;800;beta;0;0.005394066526820497
S037;877;beta;1;0.33653846153846156
S037;878;beta;0;0.33653846153846156
S037;916;beta;0;0.1711054359722729
S037;938;beta;0;0.03341508277130595
S037;979;beta;1;0.33653846153846156
S037;980;beta;0;0.1711054359722729
S037;1077;beta;0;0.33653846153846156
S037;1347;beta;1;0.1711054359722729
S037;1348;beta;1;0.33653846153846156
S037;1349;beta;0;0.09226770630279402
S037;1376;beta;0;0.33653846153846156
S038;18;beta;1;0.33653846153846156
S038;19;beta;0;0.33653846153846156
S038;21;beta;0;0.33653846153846156
S038;494;beta;0;0.09226770630279402
S038;655;beta;0;0.1711054359722729
S038;830;beta;1;0.33653846153846156
S038;831;beta;0;0.33653846153846156
S038;962;beta;0;0.33653846153846156
S038;967;beta;1;0.33653846153846156
S038;968;beta;1;0.33653846153846156
S038;969;beta;0;0.33653846153846156
S038;971;beta;0;0.33653846153846156
S038;976;beta;0;0.33653846153846156
S038;978;beta;0;0.33653846153846156
S038;982;beta;0;0.33653846153846156
S038;1006;beta;0;0.33653846153846156
S038;1011;beta;0;0.33653846153846156
S038;1015;beta;0;0.09226770630279402
S038;1048;beta;1;0.33653846153846156
S038;1049;beta;0;0.33653846153846156
S038;1053;beta;0;0.33653846153846156
S038;1160;beta;1;0.33653846153846156
S038;1161;beta;0;0.33653846153846156
S038;1171;beta;0;0.1711054359722729
S038;1180;beta;1;0.33653846153846156
S038;1181;beta;0;0.33653846153846156
S038;1184;beta;1;0.33653846153846156
S038;1185;beta;0;0.33653846153846156
S038;1321;beta;1;0.33653846153846156
S038;1322;beta;0;0.1711054359722729
S038;1372;beta;1;0.33653846153846156
S038;1373;beta;0;0.33653846153846156
S038;1377;beta;0;0.33653846153846156
S039;150;beta;0;0.1711054359722729
S039;158;beta;1;0.33653846153846156
S039;159;beta;0;0.33653846153846156
S039;341;beta;0;0.33653846153846156
S039;370;beta;0;0.33653846153846156
S039;428;beta;0;0.33653846153846156
S039;455;beta;0;0.33653846153846156
S039;474;beta;0;0.1711054359722729
S039;605;beta;1;0.33653846153846156
S039;606;beta;1;0.33653846153846156
S039;607;beta;0;0.33653846153846156
S039;609;beta;1;0.33653846153846156
S039;610;beta;0;0.1711054359722729
S039;751;beta;0;0.09226770630279402
S039;766;beta;0;0.1711054359722729
S039;817;beta;0;0.1711054359722729
S039;916;beta;0;0.33653846153846156
S039;1070;beta;0;0.33653846153846156
S039;1164;beta;0;0.005394066526820497
S039;1193;beta;0;0.0002981514609421586
S039;1213;beta;1;0.1711054359722729
S039;1214;beta;0;0.1711054359722729
S039;1220;beta;0;0.1711054359722729
S039;1344;beta;0;0.33653846153846156
S039;1354;beta;0;0.33653846153846156
S039;1368;beta;1;0.33653846153846156
S039;1369;beta;1;0.33653846153846156
S039;1370;beta;0;0.33653846153846156
S039;1376;beta;0;0.33653846153846156
S039;1380;beta;0;0.33653846153846156
S039;1383;beta;1;0.1711054359722729
S039;1384;beta;0;0.040413533834586464
S040;15;beta;0;0.33653846153846156
S040;17;beta;1;0.33653846153846156
S040;18;beta;0;0.040413533834586464
S040;20;beta;0;0.040413533834586464
S040;23;beta;0;0.03341508277130595
S040;29;beta;1;0.33653846153846156
S040;30;beta;0;0.040413533834586464
S040;67;beta;0;0.040413533834586464
S040;69;beta;0;0.33653846153846156
S040;73;beta;0;0.33653846153846156
S040;84;beta;0;0.09226770630279402
S040;87;beta;0;0.040413533834586464
S040;90;beta;0;0.006015037593984963
S040;92;beta;1;0.33653846153846156
S040;93;beta;0;0.09226770630279402
S040;97;beta;1;0.1711054359722729
S040;98;beta;1;0.09226770630279402
S040;99;beta;0;0.018490451652015762
S040;725;beta;1;0.33653846153846156
S040;726;beta;1;0.33653846153846156
S040;727;beta;0;0.1711054359722729
S040;729;beta;0;0.1711054359722729
S040;733;beta;0;0.33653846153846156
S040;750;beta;0;0.00029895366218236175
S040;842;beta;0;0.33653846153846156
S040;858;beta;0;0.1711054359722729
S040;878;beta;0;0.33653846153846156
S040;880;beta;0;0.1711054359722729
S040;884;beta;1;0.33653846153846156
S040;885;beta;1;0.33653846153846156
S040;886;beta;0;0.33653846153846156
S040;890;beta;1;0.33653846153846156
S040;891;beta;0;0.33653846153846156
S040;913;beta;0;0.33653846153846156
S040;930;beta;0;0.33653846153846156
S040;932;beta;1;0.33653846153846156
S040;933;beta;0;0.33653846153846156
S040;935;beta;0;0.1711054359722729
S040;951;beta;0;0.03341508277130595
S040;968;beta;1;0.33653846153846156
S040;969;beta;0;0.1711054359722729
S040;1075;beta;0;0.33653846153846156
S040;1077;beta;0;0.33653846153846156
S040;1085;beta;0;0.33653846153846156
S040;1092;beta;0;0.33653846153846156
S040;1116;beta;1;0.33653846153846156
S040;1117;beta;0;0.33653846153846156
S040;1140;beta;0;0.09226770630279402
S040;1210;beta;0;0.1711054359722729
S040;1212;beta;0;0.1711054359722729
S040;1218;beta;0;0.1711054359722729
S040;1239;beta;0;0.33653846153846156
S040;1242;beta;0;0.33653846153846156
S040;1244;beta;1;0.33653846153846156
S040;1245;beta;1;0.33653846153846156
S040;1246;beta;1;0.33653846153846156
S040;1247;beta;0;0.33653846153846156
S040;1252;beta;1;0.33653846153846156
S040;1253;beta;1;0.33653846153846156
S040;1254;beta;1;0.33653846153846156
S040;1255;beta;1;0.33653846153846156
S040;1256;beta;0;0.33653846153846156
S041;8;beta;1;0.33653846153846156
S041;9;beta;1;0.1711054359722729
S041;10;beta;1;0.040413533834586464
S041;11;beta;1;0.018490451652015762
S041;12;beta;0;0.03341508277130595
S041;16;beta;0;0.018490451652015762
S041;19;beta;1;0.03341508277130595
S041;20;beta;0;0.33653846153846156
S041;148;beta;0;0.33653846153846156
S041;150;beta;0;0.09226770630279402
S041;152;beta;1;0.33653846153846156
S041;153;beta;0;0.33653846153846156
S041;162;beta;1;0.33653846153846156
S041;163;beta;0;0.33653846153846156
S041;200;beta;0;0.33653846153846156
S041;204;beta;1;0.33653846153846156
S041;205;beta;0;0.1711054359722729
S041;512;beta;0;0.1711054359722729
S041;778;beta;1;0.33653846153846156
S041;779;beta;0;0.03341508277130595
S041;789;beta;0;0.33653846153846156
S041;802;beta;0;0.002094554159186116
S041;806;beta;1;0.33653846153846156
S041;807;beta;0;0.09226770630279402
S041;809;beta;0;0.03341508277130595
S041;823;beta;0;0.1711054359722729
S041;856;beta;0;0.33653846153846156
S042;61;beta;0;0.09226770630279402
S042;65;beta;0;0.1711054359722729
S042;158;beta;0;0.33653846153846156
S042;160;beta;0;0.040413533834586464
S042;166;beta;0;0.33653846153846156
S042;206;beta;0;0.33653846153846156
S042;213;beta;1;0.33653846153846156
S042;214;beta;0;0.33653846153846156
S042;218;beta;0;0.33653846153846156
S042;221;beta;1;0.33653846153846156
S042;222;beta;0;0.1711054359722729
S042;273;beta;1;0.33653846153846156
S042;274;beta;0;0.03341508277130595
S042;506;beta;0;0.09226770630279402
S042;815;beta;1;0.1711054359722729
S042;816;beta;0;0.006015037593984963
S042;831;beta;1;0.09226770630279402
S042;832;beta;1;0.33653846153846156
S042;833;beta;0;0.006015037593984963
S042;836;beta;1;0.1711054359722729
S042;837;beta;0;0.1711054359722729
S042;881;beta;0;0.1711054359722729
S042;893;beta;1;0.33653846153846156
S042;894;beta;0;0.040413533834586464
S042;908;beta;0;0.03341508277130595
S042;912;beta;0;0.1711054359722729
S042;914;beta;0;0.1711054359722729
S042;1172;beta;1;0.33653846153846156
S042;1173;beta;0;0.1711054359722729
S042;1195;beta;0;0.33653846153846156
S042;1202;beta;0;0.1711054359722729
S042;1204;beta;1;0.33653846153846156
S042;1205;beta;0;0.33653846153846156
S042;1207;beta;0;0.33653846153846156
S042;1217;beta;0;0.1711054359722729
S042;1222;beta;0;0.33653846153846156
S042;1243;beta;0;0.1711054359722729
S042;1255;beta;1;0.1711054359722729
S042;1256;beta;0;0.33653846153846156
S042;1320;beta;0;0.00089632506722438
S042;1376;beta;0;0.006015037593984963
S042;1398;beta;1;0.33653846153846156
S042;1399;beta;1;0.33653846153846156
S042;1400;beta;0;0.03341508277130595
S042;1405;beta;0;0.33653846153846156
S042;1408;beta;0;0.040413533834586464
S042;1412;beta;0;0.006015037593984963
S042;1436;beta;1;0.33653846153846156
S042;1437;beta;1;0.1711054359722729
S042;1438;beta;0;0.1711054359722729
S043;12;beta;0;0.004784688995215311
S043;246;beta;0;0.33653846153846156
S043;309;beta;0;0.1711054359722729
S043;313;beta;0;0.09226770630279402
S043;400;beta;0;0.09226770630279402
S043;404;beta;1;0.33653846153846156
S043;405;beta;0;0.018490451652015762
S043;537;beta;0;0.33653846153846156
S043;540;beta;0;0.33653846153846156
S043;648;beta;0;0.09226770630279402
S043;659;beta;0;0.33653846153846156
S043;663;beta;0;0.33653846153846156
S043;689;beta;0;0.03341508277130595
S043;694;beta;0;0.33653846153846156
S043;707;beta;1;0.33653846153846156
S043;708;beta;0;0.040413533834586464
S043;748;beta;0;0.006015037593984963
S043;750;beta;0;0.00029895366218236175
S043;752;beta;0;0.0020870602265951103
S043;805;beta;1;0.33653846153846156
S043;806;beta;0;0.09226770630279402
S043;814;beta;0;0.09226770630279402
S043;816;beta;1;0.33653846153846156
S043;817;beta;0;0.1711054359722729
S043;823;beta;1;0.1711054359722729
S043;824;beta;1;0.33653846153846156
S043;825;beta;0;0.040413533834586464
S043;874;beta;0;0.1711054359722729
S043;884;beta;0;0.09226770630279402
S043;887;beta;0;0.33653846153846156
S043;912;beta;0;0.03341508277130595
S043;915;beta;1;0.1711054359722729
S043;916;beta;1;0.1711054359722729
S043;917;beta;0;0.1711054359722729
S043;920;beta;0;0.33653846153846156
S043;925;beta;0;0.1711054359722729
S043;960;beta;0;0.33653846153846156
S043;962;beta;0;0.1711054359722729
S043;975;beta;0;0.1711054359722729
S043;986;beta;0;0.33653846153846156
S043;1104;beta;1;0.33653846153846156
S043;1105;beta;1;0.33653846153846156
S043;1106;beta;1;0.33653846153846156
S043;1107;beta;0;0.1711054359722729
S043;1111;beta;0;0.33653846153846156
S043;1211;beta;0;0.1711054359722729
S043;1396;beta;0;0.09226770630279402
S044;103;beta;0;0.33653846153846156
S044;313;beta;0;0.33653846153846156
S044;316;beta;0;0.1711054359722729
S044;321;beta;0;0.33653846153846156
S044;330;beta;0;0.1711054359722729
S044;515;beta;1;0.33653846153846156
S044;516;beta;0;0.1711054359722729
S044;518;beta;1;0.33653846153846156
S044;519;beta;0;0.09226770630279402
S044;521;beta;0;0.33653846153846156
S044;523;beta;0;0.33653846153846156
S044;527;beta;0;0.09226770630279402
S044;543;beta;0;0.33653846153846156
S044;548;beta;0;0.005394066526820497
S044;701;beta;0;0.33653846153846156
S044;705;beta;0;0.33653846153846156
S044;707;beta;0;0.09226770630279402
S044;717;beta;0;0.33653846153846156
S044;723;beta;1;0.33653846153846156
S044;724;beta;0;0.1711054359722729
S044;735;beta;1;0.33653846153846156
S044;736;beta;1;0.33653846153846156
S044;737;beta;0;0.33653846153846156
S044;740;beta;1;0.03341508277130595
S044;741;beta;0;0.1711054359722729
S044;749;beta;0;0.002094554159186116
S044;751;beta;0;0.002094554159186116
S044;753;beta;0;0.040413533834586464
S044;760;beta;1;0.040413533834586464
S044;761;beta;0;0.002094554159186116
S044;804;beta;0;0.040413533834586464
S044;888;beta;0;0.1711054359722729
S044;890;beta;1;0.33653846153846156
S044;891;beta;0;0.09226770630279402
S044;895;beta;1;0.33653846153846156
S044;896;beta;0;0.1711054359722729
S044;902;beta;0;0.1711054359722729
S044;1026;beta;0;0.1711054359722729
S044;1037;beta;0;0.1711054359722729
S044;1041;beta;0;0.33653846153846156
S044;1043;beta;1;0.33653846153846156
S044;1044;beta;1;0.33653846153846156
S044;1045;beta;0;0.33653846153846156
S044;1320;beta;0;0.1711054359722729
S044;1383;beta;0;0.09226770630279402
S044;1386;beta;1;0.1711054359722729
S044;1387;beta;1;0.1711054359722729
S044;1388;beta;0;0.018490451652015762
S045;6;beta;0;0.1711054359722729
S045;8;beta;0;0.33653846153846156
S045;10;beta;0;0.040413533834586464
S045;193;beta;1;0.1711054359722729
S045;194;beta;0;0.09226770630279402
S045;197;beta;0;0.33653846153846156
S045;307;beta;0;0.09226770630279402
S045;349;beta;0;0.1711054359722729
S045;632;beta;0;0.33653846153846156
S045;634;beta;0;0.33653846153846156
S045;637;beta;0;0.1711054359722729
S045;641;beta;0;0.33653846153846156
S045;655;beta;0;0.1711054359722729
S045;662;beta;1;0.33653846153846156
S045;663;beta;0;0.040413533834586464
S045;668;beta;0;0.09226770630279402
S045;673;beta;0;0.33653846153846156
S045;675;beta;0;0.1711054359722729
S045;882;beta;1;0.33653846153846156
S045;883;beta;0;0.33653846153846156
S045;885;beta;0;0.33653846153846156
S045;901;beta;0;0.09226770630279402
S045;922;beta;1;0.33653846153846156
S045;923;beta;1;0.33653846153846156
S045;924;beta;0;0.09226770630279402
S045;930;beta;0;0.09226770630279402
S045;932;beta;0;0.33653846153846156
S045;934;beta;0;0.040413533834586464
S045;986;beta;0;0.33653846153846156
S045;999;beta;1;0.33653846153846156
S045;1000;beta;0;0.1711054359722729
S045;1192;beta;0;0.1711054359722729
S045;1195;beta;0;0.00089632506722438
S045;1240;beta;1;0.33653846153846156
S045;1241;beta;0;0.33653846153846156
S045;1254;beta;0;0.33653846153846156
S045;1256;beta;1;0.1711054359722729
S046;11;beta;0;0.33653846153846156
S046;141;beta;0;0.33653846153846156
S046;143;beta;0;0.1711054359722729
S046;153;beta;0;0.33653846153846156
S046;157;beta;1;0.33653846153846156
S046;158;beta;0;0.1711054359722729
S046;238;beta;0;0.1711054359722729
S046;261;beta;1;0.09226770630279402
S046;262;beta;1;0.1711054359722729
S046;263;beta;0;0.09226770630279402
S046;282;beta;0;0.03341508277130595
S046;296;beta;0;0.33653846153846156
S046;321;beta;0;0.002094554159186116
S046;335;beta;0;0.33653846153846156
S046;337;beta;0;0.09226770630279402
S046;346;beta;1;0.09226770630279402
S046;347;beta;0;0.018490451652015762
S046;354;beta;1;0.09226770630279402
S046;355;beta;1;0.040413533834586464
S046;356;beta;0;0.1711054359722729
S046;358;beta;0;0.33653846153846156
S046;370;beta;0;0.09226770630279402
S046;373;beta;0;0.33653846153846156
S046;377;beta;0;0.1711054359722729
S046;380;beta;0;0.1711054359722729
S046;395;beta;1;0.1711054359722729
S046;396;beta;1;0.33653846153846156
S046;397;beta;0;0.33653846153846156
S046;399;beta;1;0.33653846153846156
S046;400;beta;0;0.1711054359722729
S046;403;beta;0;0.33653846153846156
S046;486;beta;0;0.1711054359722729
S046;489;beta;1;0.33653846153846156
S046;490;beta;1;0.33653846153846156
S046;491;beta;0;0.1711054359722729
S046;512;beta;0;0.33653846153846156
S046;517;beta;0;0.09226770630279402
S046;520;beta;0;0.1711054359722729
S046;629;beta;0;0.0005970149253731343
S046;634;beta;1;0.1711054359722729
S046;635;beta;1;0.33653846153846156
S046;636;beta;0;0.09226770630279402
S046;641;beta;0;0.09226770630279402
S046;649;beta;1;0.33653846153846156
S046;650;beta;0;0.09226770630279402
S046;709;beta;1;0.09226770630279402
S046;710;beta;1;0.1711054359722729
S046;711;beta;0;0.03341508277130595
S046;828;beta;0;0.33653846153846156
S046;1026;beta;0;0.1711054359722729
S046;1030;beta;1;0.33653846153846156
S046;1031;beta;0;0.1711054359722729
S046;1034;beta;1;0.33653846153846156
S046;1035;beta;0;0.09226770630279402
S046;1158;beta;0;0.1711054359722729
S046;1346;beta;0;0.33653846153846156
S046;1363;beta;1;0.33653846153846156
S046;1364;beta;0;0.33653846153846156
S046;1395;beta;0;0.1711054359722729
S047;81;beta;0;0.33653846153846156
S047;83;beta;0;0.1711054359722729
S047;85;beta;1;0.1711054359722729
S047;86;beta;0;0.33653846153846156
S047;92;beta;0;0.33653846153846156
S047;320;beta;1;0.33653846153846156
S047;321;beta;1;0.33653846153846156
S047;322;beta;0;0.33653846153846156
S047;327;beta;0;0.33653846153846156
S047;346;beta;0;0.09226770630279402
S047;360;beta;0;0.005394066526820497
S047;370;beta;0;0.03341508277130595
S047;478;beta;0;0.33653846153846156
S047;515;beta;1;0.1711054359722729
S047;516;beta;0;0.1711054359722729
S047;519;beta;0;0.040413533834586464
S047;524;beta;0;0.33653846153846156
S047;602;beta;0;0.1711054359722729
S047;604;beta;0;0.33653846153846156
S047;614;beta;0;0.1711054359722729
S047;621;beta;0;0.1711054359722729
S047;631;beta;0;0.040413533834586464
S047;671;beta;0;0.03341508277130595
S047;675;beta;0;0.33653846153846156
S047;677;beta;0;0.040413533834586464
S047;707;beta;1;0.33653846153846156
S047;708;beta;0;0.33653846153846156
S047;717;beta;0;0.006015037593984963
S047;722;beta;1;0.1711054359722729
S047;723;beta;0;0.1711054359722729
S047;727;beta;0;0.1711054359722729
S047;740;beta;0;0.0005970149253731343
S047;747;beta;1;0.040413533834586464
S047;748;beta;0;0.1711054359722729
S047;750;beta;1;0.1711054359722729
S047;751;beta;0;0.03341508277130595
S047;757;beta;1;0.09226770630279402
S047;758;beta;0;0.33653846153846156
S047;760;beta;0;0.018490451652015762
S047;765;beta;1;0.33653846153846156
S047;766;beta;1;0.1711054359722729
S047;767;beta;0;0.018490451652015762
S047;774;beta;0;0.09226770630279402
S047;779;beta;1;0.33653846153846156
S047;780;beta;0;0.002094554159186116
S047;783;beta;0;0.040413533834586464
S047;786;beta;0;0.1711054359722729
S047;792;beta;1;0.33653846153846156
S047;793;beta;1;0.040413533834586464
S047;794;beta;0;0.018490451652015762
S047;796;beta;0;0.0005970149253731343
S047;812;beta;0;0.03341508277130595
S047;831;beta;0;0.005394066526820497
S047;837;beta;1;0.33653846153846156
S047;838;beta;1;0.33653846153846156
S047;839;beta;0;0.040413533834586464
S047;851;beta;0;0.33653846153846156
S047;855;beta;0;0.002094554159186116
S047;867;beta;0;0.33653846153846156
S047;1035;beta;1;0.33653846153846156
S047;1036;beta;0;0.33653846153846156
S047;1042;beta;0;0.33653846153846156
S047;1045;beta;0;0.33653846153846156
S047;1048;beta;1;0.33653846153846156
S047;1049;beta;0;0.33653846153846156
S047;1053;beta;1;0.33653846153846156
S047;1054;beta;0;0.1711054359722729
S048;60;beta;0;0.004784688995215311
S048;65;beta;0;0.33653846153846156
S048;78;beta;1;0.33653846153846156
S048;79;beta;0;0.1711054359722729
S048;81;beta;0;0.006015037593984963
S048;84;beta;0;0.33653846153846156
S048;86;beta;1;0.33653846153846156
S048;87;beta;0;0.03341508277130595
S048;243;beta;0;0.33653846153846156
S048;380;beta;0;0.33653846153846156
S048;384;beta;0;0.33653846153846156
S048;409;beta;0;0.33653846153846156
S048;557;beta;0;0.33653846153846156
S048;559;beta;1;0.33653846153846156
S048;560;beta;1;0.33653846153846156
S048;561;beta;0;0.33653846153846156
S048;563;beta;1;0.33653846153846156
S048;564;beta;0;0.1711054359722729
S048;566;beta;0;0.33653846153846156
S048;569;beta;0;0.1711054359722729
S048;573;beta;1;0.33653846153846156
S048;574;beta;0;0.33653846153846156
S048;702;beta;0;0.33653846153846156
S048;705;beta;0;0.33653846153846156
S048;711;beta;0;0.33653846153846156
S048;713;beta;0;0.33653846153846156
S048;719;beta;0;0.33653846153846156
S048;727;beta;0;0.1711054359722729
S048;1031;beta;1;0.33653846153846156
S048;1032;beta;0;0.040413533834586464
S048;1037;beta;0;0.33653846153846156
S048;1061;beta;1;0.33653846153846156
S048;1062;beta;0;0.33653846153846156
S048;1082;beta;0;0.040413533834586464
S048;1085;beta;0;0.040413533834586464
S048;1122;beta;0;0.33653846153846156
S048;1127;beta;1;0.33653846153846156
S048;1128;beta;0;0.33653846153846156
S048;1403;beta;1;0.33653846153846156
S048;1404;beta;0;0.09226770630279402
S048;1406;beta;1;0.33653846153846156
S048;1407;beta;1;0.33653846153846156
S048;1408;beta;0;0.33653846153846156
S049;17;beta;0;0.03341508277130595
S049;19;beta;0;0.09226770630279402
S049;211;beta;0;0.09226770630279402
S049;268;beta;0;0.03341508277130595
S049;367;beta;1;0.33653846153846156
S049;368;beta;1;0.33653846153846156
S049;369;beta;0;0.33653846153846156
S049;423;beta;0;0.33653846153846156
S049;426;beta;1;0.33653846153846156
S049;427;beta;1;0.33653846153846156
S049;428;beta;0;0.09226770630279402
S049;433;beta;0;0.33653846153846156
S049;435;beta;1;0.1711054359722729
S049;436;beta;0;0.33653846153846156
S049;454;beta;0;0.09226770630279402
S049;510;beta;0;0.33653846153846156
S049;514;beta;0;0.03341508277130595
S049;521;beta;1;0.1711054359722729
S049;522;beta;0;0.09226770630279402
S049;524;beta;0;0.09226770630279402
S049;534;beta;1;0.33653846153846156
S049;535;beta;0;0.03341508277130595
S049;547;beta;0;0.09226770630279402
S049;557;beta;0;0.33653846153846156
S049;561;beta;0;0.040413533834586464
S049;563;beta;0;0.1711054359722729
S049;613;beta;0;0.33653846153846156
S049;620;beta;0;0.040413533834586464
S049;626;beta;0;0.1711054359722729
S049;646;beta;1;0.040413533834586464
S049;647;beta;1;0.33653846153846156
S049;648;beta;1;0.1711054359722729
S049;649;beta;0;0.33653846153846156
S049;651;beta;0;0.33653846153846156
S049;659;beta;1;0.1711054359722729
S049;660;beta;1;0.09226770630279402
S049;661;beta;0;0.09226770630279402
S049;664;beta;0;0.040413533834586464
S049;685;beta;1;0.1711054359722729
S049;686;beta;0;0.09226770630279402
S049;780;beta;0;0.040413533834586464
S049;788;beta;0;0.33653846153846156
S049;813;beta;0;0.1711054359722729
S049;987;beta;0;0.1711054359722729
S049;989;beta;1;0.33653846153846156
S049;990;beta;0;0.33653846153846156
S049;995;beta;0;0.33653846153846156
S049;997;beta;0;0.33653846153846156
S049;1006;beta;1;0.33653846153846156
S049;1007;beta;1;0.33653846153846156
S049;1008;beta;0;0.33653846153846156
S049;1010;beta;0;0.33653846153846156
S049;1054;beta;1;0.1711054359722729
S049;1055;beta;1;0.33653846153846156
S049;1056;beta;1;0.33653846153846156
S049;1057;beta;1;0.33653846153846156
S049;1058;beta;1;0.33653846153846156
S049;1059;beta;0;0.33653846153846156
S049;1062;beta;0;0.33653846153846156
S049;1090;beta;0;0.33653846153846156
S049;1099;beta;0;0.09226770630279402
S049;1215;beta;0;0.33653846153846156
S049;1362;beta;0;0.33653846153846156
S049;1364;beta;1;0.33653846153846156
S049;1365;beta;1;0.1711054359722729
S049;1366;beta;0;0.33653846153846156
S049;1371;beta;0;0.1711054359722729
S049;1415;beta;0;0.33653846153846156
S049;1417;beta;0;0.33653846153846156
S050;5;beta;0;0.040413533834586464
S050;75;beta;0;0.03341508277130595
S050;125;beta;1;0.33653846153846156
S050;126;beta;0;0.09226770630279402
S050;130;beta;0;0.1711054359722729
S050;133;beta;1;0.33653846153846156
S050;134;beta;0;0.1711054359722729
S050;136;beta;1;0.33653846153846156
S050;137;beta;0;0.33653846153846156
S050;139;beta;0;0.33653846153846156
S050;220;beta;0;0.33653846153846156
S050;222;beta;0;0.33653846153846156
S050;225;beta;1;0.1711054359722729
S050;226;beta;0;0.1711054359722729
S050;308;beta;1;0.33653846153846156
S050;309;beta;1;0.33653846153846156
S050;310;beta;0;0.1711054359722729
S050;314;beta;1;0.33653846153846156
S050;315;beta;0;0.1711054359722729
S050;333;beta;0;0.1711054359722729
S050;339;beta;0;0.33653846153846156
S050;341;beta;0;0.33653846153846156
S050;732;beta;0;0.1711054359722729
S050;734;beta;0;0.040413533834586464
S050;736;beta;0;0.33653846153846156
S050;818;beta;1;0.33653846153846156
S050;819;beta;1;0.33653846153846156
S050;820;beta;0;0.1711054359722729
S050;823;beta;1;0.33653846153846156
S050;824;beta;1;0.33653846153846156
S050;825;beta;1;0.33653846153846156
S050;826;beta;0;0.1711054359722729
S050;831;beta;0;0.1711054359722729
S050;844;beta;0;0.1711054359722729
S050;847;beta;0;0.040413533834586464
S050;849;beta;1;0.33653846153846156
S050;850;beta;1;0.33653846153846156
S050;851;beta;0;0.1711054359722729
S050;877;beta;0;0.33653846153846156
S050;880;beta;0;0.33653846153846156
S050;882;beta;1;0.33653846153846156
S050;883;beta;1;0.040413533834586464
S050;884;beta;0;0.040413533834586464
S050;887;beta;0;0.1711054359722729
S050;1118;beta;0;0.09226770630279402
S050;1125;beta;0;0.1711054359722729
S050;1144;beta;0;0.33653846153846156
S050;1153;beta;1;0.33653846153846156
S050;1154;beta;0;0.33653846153846156
S050;1189;beta;1;0.1711054359722729
S050;1190;beta;0;0.1711054359722729
S050;1192;beta;0;0.09226770630279402
S050;1195;beta;0;0.040413533834586464
S001;55;gamma;1;0.388295165394402
S001;56;gamma;0;0.388295165394402
S001;58;gamma;0;0.388295165394402
S001;62;gamma;1;0.024315173899661435
S001;63;gamma;0;0.016138855054811205
S001;74;gamma;1;0.22346153846153846
S001;75;gamma;0;0.012066365007541479
S001;80;gamma;0;0.08250401284109149
S001;201;gamma;1;0.388295165394402
S001;202;gamma;1;0.388295165394402
S001;203;gamma;0;0.388295165394402
S001;210;gamma;0;0.388295165394402
S001;212;gamma;1;0.388295165394402
S001;213;gamma;0;0.388295165394402
S001;216;gamma;0;0.388295165394402
S001;267;gamma;0;0.388295165394402
S001;271;gamma;0;0.388295165394402
S001;273;gamma;0;0.05337519623233909
S001;306;gamma;0;0.004817825956037338
S001;308;gamma;0;0.05337519623233909
S001;333;gamma;1;0.016138855054811205
S001;334;gamma;1;0.22346153846153846
S001;335;gamma;0;0.012066365007541479
S001;428;gamma;0;0.388295165394402
S001;431;gamma;1;0.388295165394402
S001;432;gamma;0;0.22346153846153846
S001;585;gamma;1;0.388295165394402
S001;586;gamma;0;0.12573402417962004
S001;599;gamma;0;0.22346153846153846
S001;605;gamma;0;0.388295165394402
S001;608;gamma;0;0.388295165394402
S001;627;gamma;1;0.22346153846153846
S001;628;gamma;0;0.08250401284109149
S001;631;gamma;0;0.12573402417962004
S001;639;gamma;0;0.0023902001792650133
S001;645;gamma;0;0.003290457672749028
S001;654;gamma;0;0.004817825956037338
S001;666;gamma;1;0.22346153846153846
S001;667;gamma;1;0.22346153846153846
S001;668;gamma;0;0.388295165394402
S001;670;gamma;0;0.22346153846153846
S001;673;gamma;1;0.08250401284109149
S001;674;gamma;0;0.22346153846153846
S001;676;gamma;1;0.388295165394402
S001;677;gamma;0;0.388295165394402
S001;679;gamma;1;0.05337519623233909
S001;680;gamma;0;0.003290457672749028
S001;688;gamma;0;0.0005970149253731343
S001;704;gamma;0;0.22346153846153846
S001;750;gamma;0;0.024315173899661435
S001;877;gamma;1;0.22346153846153846
S001;878;gamma;0;0.388295165394402
S001;880;gamma;0;0.388295165394402
S001;883;gamma;0;0.22346153846153846
S001;886;gamma;1;0.388295165394402
S001;887;gamma;0;0.388295165394402
S001;898;gamma;0;0.388295165394402
S001;942;gamma;0;0.22346153846153846
S001;946;gamma;1;0.388295165394402
S001;947;gamma;0;0.08250401284109149
S001;949;gamma;0;0.22346153846153846
S001;957;gamma;0;0.08250401284109149
S001;959;gamma;0;0.22346153846153846
S001;964;gamma;0;0.388295165394402
S001;966;gamma;0;0.024315173899661435
S001;1130;gamma;0;0.388295165394402
S001;1133;gamma;1;0.388295165394402
S001;1134;gamma;0;0.388295165394402
S001;1137;gamma;1;0.388295165394402
S001;1138;gamma;0;0.388295165394402
S001;1141;gamma;0;0.22346153846153846
S001;1156;gamma;1;0.388295165394402
S001;1157;gamma;0;0.388295165394402
S001;1159;gamma;1;0.388295165394402
S001;1160;gamma;0;0.388295165394402
S001;1363;gamma;0;0.22346153846153846
S001;1365;gamma;0;0.388295165394402
S001;1370;gamma;0;0.22346153846153846
S002;14;gamma;1;0.12573402417962004
S002;15;gamma;1;0.22346153846153846
S002;16;gamma;0;0.05337519623233909
S002;55;gamma;0;0.004817825956037338
S002;93;gamma;1;0.388295165394402
S002;94;gamma;1;0.388295165394402
S002;95;gamma;0;0.22346153846153846
S002;97;gamma;0;0.08250401284109149
S002;101;gamma;0;0.22346153846153846
S002;106;gamma;0;0.388295165394402
S002;111;gamma;0;0.22346153846153846
S002;151;gamma;0;0.22346153846153846
S002;158;gamma;0;0.12573402417962004
S002;173;gamma;0;0.388295165394402
S002;267;gamma;0;0.388295165394402
S002;271;gamma;0;0.388295165394402
S002;274;gamma;1;0.388295165394402
S002;275;gamma;1;0.12573402417962004
S002;276;gamma;0;0.388295165394402
S002;280;gamma;1;0.388295165394402
S002;281;gamma;0;0.388295165394402
S002;303;gamma;1;0.22346153846153846
S002;304;gamma;1;0.388295165394402
S002;305;gamma;0;0.388295165394402
S002;317;gamma;1;0.388295165394402
S002;318;gamma;0;0.12573402417962004
S002;320;gamma;0;0.22346153846153846
S002;323;gamma;1;0.22346153846153846
S002;324;gamma;0;0.22346153846153846
S002;328;gamma;0;0.388295165394402
S002;332;gamma;0;0.024315173899661435
S002;415;gamma;0;0.388295165394402
S002;569;gamma;1;0.388295165394402
S002;570;gamma;0;0.12573402417962004
S002;585;gamma;0;0.12573402417962004
S002;587;gamma;0;0.388295165394402
S002;629;gamma;1;0.388295165394402
S002;630;gamma;1;0.388295165394402
S002;631;gamma;1;0.388295165394402
S002;632;gamma;1;0.22346153846153846
S002;633;gamma;0;0.22346153846153846
S002;637;gamma;0;0.05337519623233909
S002;664;gamma;0;0.22346153846153846
S002;728;gamma;0;0.024315173899661435
S002;738;gamma;0;0.05337519623233909
S002;744;gamma;1;0.388295165394402
S002;745;gamma;0;0.08250401284109149
S002;749;gamma;0;0.05337519623233909
S002;789;gamma;0;0.388295165394402
S002;791;gamma;0;0.22346153846153846
S002;795;gamma;0;0.388295165394402
S002;935;gamma;0;0.22346153846153846
S002;937;gamma;0;0.388295165394402
S002;944;gamma;1;0.388295165394402
S002;945;gamma;0;0.012066365007541479
S002;950;gamma;0;0.024315173899661435
S002;1031;gamma;0;0.388295165394402
S002;1056;gamma;1;0.388295165394402
S002;1057;gamma;0;0.12573402417962004
S002;1073;gamma;1;0.388295165394402
S002;1074;gamma;1;0.388295165394402
S002;1075;gamma;0;0.388295165394402
S002;1129;gamma;0;0.12573402417962004
S002;1131;gamma;1;0.388295165394402
S002;1132;gamma;0;0.388295165394402
S002;1135;gamma;0;0.22346153846153846
S002;1155;gamma;0;0.0035949670461354103
S002;1160;gamma;0;0.05337519623233909
S002;1162;gamma;1;0.388295165394402
S002;1163;gamma;0;0.22346153846153846
S002;1169;gamma;0;0.388295165394402
S002;1357;gamma;0;0.22346153846153846
S002;1421;gamma;0;0.388295165394402
S002;1423;gamma;0;0.08250401284109149
S002;1425;gamma;1;0.08250401284109149
S002;1426;gamma;0;0.22346153846153846
S002;1429;gamma;0;0.388295165394402
S003;3;gamma;0;0.08250401284109149
S003;39;gamma;1;0.12573402417962004
S003;40;gamma;1;0.388295165394402
S003;41;gamma;1;0.388295165394402
S003;42;gamma;0;0.388295165394402
S003;44;gamma;0;0.388295165394402
S003;52;gamma;0;0.016138855054811205
S003;54;gamma;0;0.388295165394402
S003;56;gamma;0;0.12573402417962004
S003;106;gamma;1;0.12573402417962004
S003;107;gamma;1;0.388295165394402
S003;108;gamma;0;0.22346153846153846
S003;110;gamma;0;0.388295165394402
S003;112;gamma;0;0.22346153846153846
S003;114;gamma;0;0.388295165394402
S003;145;gamma;0;0.388295165394402
S003;148;gamma;1;0.388295165394402
S003;149;gamma;0;0.388295165394402
S003;151;gamma;0;0.05337519623233909
S003;154;gamma;0;0.22346153846153846
S003;258;gamma;1;0.22346153846153846
S003;259;gamma;0;0.12573402417962004
S003;330;gamma;0;0.0023902001792650133
S003;356;gamma;0;0.08250401284109149
S003;360;gamma;0;0.388295165394402
S003;362;gamma;0;0.22346153846153846
S003;364;gamma;0;0.08250401284109149
S003;377;gamma;0;0.05337519623233909
S003;387;gamma;1;0.22346153846153846
S003;388;gamma;0;0.05337519623233909
S003;400;gamma;1;0.388295165394402
S003;401;gamma;1;0.388295165394402
S003;402;gamma;0;0.024315173899661435
S003;434;gamma;1;0.12573402417962004
S003;435;gamma;0;0.0
S003;439;gamma;0;0.12573402417962004
S003;441;gamma;0;0.388295165394402
S003;445;gamma;0;0.12573402417962004
S003;449;gamma;0;0.12573402417962004
S003;451;gamma;1;0.388295165394402
S003;452;gamma;1;0.22346153846153846
S003;453;gamma;0;0.05337519623233909
S003;458;gamma;0;0.05337519623233909
S003;469;gamma;0;0.024315173899661435
S003;553;gamma;0;0.22346153846153846
S003;664;gamma;0;0.05337519623233909
S003;666;gamma;0;0.12573402417962004
S003;669;gamma;0;0.024315173899661435
S003;675;gamma;0;0.388295165394402
S003;684;gamma;0;0.22346153846153846
S003;686;gamma;0;0.388295165394402
S003;688;gamma;0;0.12573402417962004
S003;750;gamma;0;0.388295165394402
S003;785;gamma;0;0.388295165394402
S003;789;gamma;0;0.388295165394402
S003;887;gamma;1;0.05337519623233909
S003;888;gamma;0;0.08250401284109149
S003;1001;gamma;0;0.388295165394402
S003;1019;gamma;1;0.388295165394402
S003;1020;gamma;0;0.22346153846153846
S003;1030;gamma;1;0.388295165394402
S003;1031;gamma;0;0.024315173899661435
S003;1038;gamma;0;0.388295165394402
S003;1080;gamma;0;0.0002990430622009569
S003;1218;gamma;0;0.388295165394402
S003;1223;gamma;0;0.388295165394402
S003;1225;gamma;0;0.388295165394402
S003;1229;gamma;1;0.388295165394402
S003;1230;gamma;0;0.388295165394402
S003;1422;gamma;1;0.388295165394402
S003;1423;gamma;0;0.024315173899661435
S004;155;gamma;0;0.12573402417962004
S004;159;gamma;1;0.388295165394402
S004;160;gamma;0;0.388295165394402
S004;211;gamma;0;0.388295165394402
S004;223;gamma;1;0.388295165394402
S004;224;gamma;0;0.388295165394402
S004;229;gamma;0;0.388295165394402
S004;232;gamma;1;0.22346153846153846
S004;233;gamma;0;0.388295165394402
S004;236;gamma;0;0.12573402417962004
S004;249;gamma;0;0.388295165394402
S004;253;gamma;0;0.388295165394402
S004;258;gamma;0;0.388295165394402
S004;273;gamma;0;0.22346153846153846
S004;277;gamma;0;0.016138855054811205
S004;296;gamma;0;0.22346153846153846
S004;298;gamma;0;0.08250401284109149
S004;307;gamma;0;0.388295165394402
S004;313;gamma;0;0.12573402417962004
S004;315;gamma;1;0.388295165394402
S004;316;gamma;0;0.388295165394402
S004;318;gamma;0;0.0
S004;339;gamma;1;0.388295165394402
S004;340;gamma;0;0.388295165394402
S004;342;gamma;0;0.024315173899661435
S004;431;gamma;0;0.22346153846153846
S004;436;gamma;1;0.388295165394402
S004;437;gamma;0;0.388295165394402
S004;444;gamma;1;0.388295165394402
S004;445;gamma;0;0.388295165394402
S004;451;gamma;0;0.05337519623233909
S004;629;gamma;1;0.388295165394402
S004;630;gamma;0;0.22346153846153846
S004;732;gamma;0;0.12573402417962004
S004;758;gamma;0;0.388295165394402
S004;762;gamma;1;0.388295165394402
S004;763;gamma;0;0.12573402417962004
S004;785;gamma;0;0.22346153846153846
S004;835;gamma;0;0.22346153846153846
S004;839;gamma;1;0.388295165394402
S004;840;gamma;0;0.016138855054811205
S004;863;gamma;1;0.388295165394402
S004;864;gamma;1;0.388295165394402
S004;865;gamma;1;0.22346153846153846
S004;866;gamma;0;0.22346153846153846
S004;898;gamma;1;0.22346153846153846
S004;899;gamma;1;0.388295165394402
S004;900;gamma;1;0.388295165394402
S004;901;gamma;0;0.388295165394402
S004;907;gamma;0;0.388295165394402
S004;910;gamma;0;0.388295165394402
S004;1032;gamma;0;0.12573402417962004
S004;1054;gamma;0;0.08250401284109149
S004;1058;gamma;1;0.388295165394402
S004;1059;gamma;1;0.388295165394402
S004;1060;gamma;0;0.12573402417962004
S004;1110;gamma;0;0.22346153846153846
S004;1198;gamma;0;0.388295165394402
S004;1200;gamma;0;0.388295165394402
S004;1202;gamma;0;0.388295165394402
S004;1245;gamma;0;0.388295165394402
S005;60;gamma;0;0.388295165394402
S005;65;gamma;0;0.0035949670461354103
S005;86;gamma;0;0.388295165394402
S005;90;gamma;0;0.22346153846153846
S005;95;gamma;1;0.12573402417962004
S005;96;gamma;0;0.05337519623233909
S005;347;gamma;0;0.22346153846153846
S005;350;gamma;1;0.388295165394402
S005;351;gamma;1;0.22346153846153846
S005;352;gamma;0;0.22346153846153846
S005;354;gamma;0;0.08250401284109149
S005;362;gamma;1;0.22346153846153846
S005;363;gamma;0;0.22346153846153846
S005;397;gamma;1;0.22346153846153846
S005;398;gamma;1;0.388295165394402
S005;399;gamma;1;0.388295165394402
S005;400;gamma;0;0.22346153846153846
S005;555;gamma;1;0.388295165394402
S005;556;gamma;0;0.22346153846153846
S005;561;gamma;0;0.388295165394402
S005;563;gamma;0;0.08250401284109149
S005;568;gamma;0;0.12573402417962004
S005;587;gamma;1;0.388295165394402
S005;588;gamma;0;0.08250401284109149
S005;706;gamma;0;0.388295165394402
S005;714;gamma;1;0.388295165394402
S005;715;gamma;0;0.388295165394402
S005;750;gamma;1;0.388295165394402
S005;751;gamma;0;0.12573402417962004
S005;757;gamma;1;0.388295165394402
S005;758;gamma;0;0.388295165394402
S005;760;gamma;1;0.12573402417962004
S005;761;gamma;0;0.12573402417962004
S005;767;gamma;0;0.05337519623233909
S005;770;gamma;0;0.0005970149253731343
S005;817;gamma;1;0.388295165394402
S005;818;gamma;0;0.12573402417962004
S005;823;gamma;0;0.388295165394402
S005;920;gamma;0;0.12573402417962004
S005;930;gamma;1;0.388295165394402
S005;931;gamma;0;0.08250401284109149
S005;938;gamma;0;0.12573402417962004
S005;940;gamma;0;0.388295165394402
S005;942;gamma;0;0.05337519623233909
S005;945;gamma;0;0.388295165394402
S005;961;gamma;0;0.22346153846153846
S005;994;gamma;0;0.388295165394402
S005;996;gamma;0;0.22346153846153846
S005;998;gamma;0;0.024315173899661435
S006;11;gamma;0;0.12573402417962004
S006;120;gamma;0;0.388295165394402
S006;127;gamma;1;0.22346153846153846
S006;128;gamma;0;0.388295165394402
S006;158;gamma;1;0.22346153846153846
S006;159;gamma;0;0.22346153846153846
S006;286;gamma;0;0.12573402417962004
S006;288;gamma;1;0.22346153846153846
S006;289;gamma;0;0.12573402417962004
S006;443;gamma;0;0.22346153846153846
S006;445;gamma;1;0.388295165394402
S006;446;gamma;0;0.22346153846153846
S006;453;gamma;0;0.388295165394402
S006;455;gamma;0;0.22346153846153846
S006;530;gamma;1;0.22346153846153846
S006;531;gamma;0;0.08250401284109149
S006;533;gamma;0;0.004817825956037338
S006;646;gamma;0;0.08250401284109149
S006;664;gamma;0;0.08250401284109149
S006;671;gamma;0;0.22346153846153846
S006;680;gamma;1;0.388295165394402
S006;681;gamma;0;0.22346153846153846
S006;722;gamma;0;0.08250401284109149
S006;728;gamma;1;0.22346153846153846
S006;729;gamma;1;0.22346153846153846
S006;730;gamma;1;0.016138855054811205
S006;731;gamma;0;0.22346153846153846
S006;735;gamma;1;0.22346153846153846
S006;736;gamma;0;0.12573402417962004
S006;750;gamma;0;0.004817825956037338
S006;828;gamma;0;0.22346153846153846
S006;840;gamma;1;0.12573402417962004
S006;841;gamma;1;0.388295165394402
S006;842;gamma;0;0.08250401284109149
S006;844;gamma;0;0.22346153846153846
S006;859;gamma;0;0.388295165394402
S006;882;gamma;0;0.388295165394402
S006;884;gamma;1;0.12573402417962004
S006;885;gamma;0;0.12573402417962004
S006;906;gamma;1;0.388295165394402
S006;907;gamma;0;0.388295165394402
S006;909;gamma;1;0.388295165394402
S006;910;gamma;0;0.22346153846153846
S006;916;gamma;0;0.22346153846153846
S006;1009;gamma;0;0.388295165394402
S006;1051;gamma;0;0.22346153846153846
S006;1081;gamma;1;0.22346153846153846
S006;1082;gamma;0;0.388295165394402
S006;1090;gamma;0;0.05337519623233909
S006;1092;gamma;0;0.12573402417962004
S006;1095;gamma;0;0.05337519623233909
S006;1170;gamma;0;0.388295165394402
S006;1177;gamma;0;0.024315173899661435
S006;1180;gamma;0;0.12573402417962004
S006;1197;gamma;0;0.05337519623233909
S006;1221;gamma;0;0.22346153846153846
S006;1223;gamma;0;0.388295165394402
S006;1355;gamma;1;0.388295165394402
S006;1356;gamma;1;0.22346153846153846
S006;1357;gamma;1;0.024315173899661435
S006;1358;gamma;0;0.388295165394402
S006;1360;gamma;0;0.016138855054811205
S006;1381;gamma;0;0.016138855054811205
S006;1383;gamma;0;0.22346153846153846
S006;1389;gamma;1;0.22346153846153846
S006;1390;gamma;0;0.22346153846153846
S006;1398;gamma;1;0.388295165394402
S006;1399;gamma;1;0.22346153846153846
S006;1400;gamma;0;0.22346153846153846
S006;1402;gamma;0;0.22346153846153846
S006;1412;gamma;0;0.12573402417962004
S006;1429;gamma;0;0.05337519623233909
S007;44;gamma;0;0.004817825956037338
S007;66;gamma;1;0.024315173899661435
S007;67;gamma;0;0.22346153846153846
S007;69;gamma;0;0.388295165394402
S007;425;gamma;0;0.22346153846153846
S007;427;gamma;1;0.388295165394402
S007;428;gamma;0;0.012066365007541479
S007;430;gamma;0;0.0020858164481525627
S007;441;gamma;0;0.388295165394402
S007;445;gamma;1;0.22346153846153846
S007;446;gamma;0;0.388295165394402
S007;449;gamma;0;0.22346153846153846
S007;454;gamma;1;0.22346153846153846
S007;455;gamma;0;0.0035949670461354103
S007;521;gamma;0;0.12573402417962004
S007;523;gamma;1;0.388295165394402
S007;524;gamma;1;0.12573402417962004
S007;525;gamma;0;0.388295165394402
S007;533;gamma;0;0.22346153846153846
S007;537;gamma;0;0.22346153846153846
S007;539;gamma;0;0.388295165394402
S007;656;gamma;0;0.388295165394402
S007;666;gamma;0;0.12573402417962004
S007;694;gamma;0;0.05337519623233909
S007;720;gamma;0;0.388295165394402
S007;722;gamma;0;0.08250401284109149
S007;811;gamma;0;0.388295165394402
S007;878;gamma;0;0.22346153846153846
S007;882;gamma;0;0.388295165394402
S007;896;gamma;1;0.22346153846153846
S007;897;gamma;0;0.22346153846153846
S007;908;gamma;0;0.05337519623233909
S007;932;gamma;0;0.08250401284109149
S007;1017;gamma;0;0.08250401284109149
S007;1032;gamma;0;0.024315173899661435
S007;1037;gamma;1;0.12573402417962004
S007;1038;gamma;1;0.388295165394402
S007;1039;gamma;0;0.22346153846153846
S007;1041;gamma;1;0.22346153846153846
S007;1042;gamma;0;0.388295165394402
S007;1172;gamma;1;0.388295165394402
S007;1173;gamma;0;0.388295165394402
S007;1175;gamma;0;0.388295165394402
S007;1181;gamma;0;0.22346153846153846
S007;1334;gamma;0;0.388295165394402
S007;1337;gamma;0;0.22346153846153846
S008;1;gamma;0;0.05337519623233909
S008;24;gamma;0;0.024315173899661435
S008;46;gamma;1;0.22346153846153846
S008;47;gamma;1;0.388295165394402
S008;48;gamma;0;0.22346153846153846
S008;50;gamma;1;0.388295165394402
S008;51;gamma;1;0.388295165394402
S008;52;gamma;0;0.08250401284109149
S008;85;gamma;0;0.388295165394402
S008;87;gamma;1;0.388295165394402
S008;88;gamma;0;0.22346153846153846
S008;91;gamma;1;0.388295165394402
S008;92;gamma;0;0.12573402417962004
S008;96;gamma;0;0.388295165394402
S008;101;gamma;0;0.388295165394402
S008;103;gamma;0;0.12573402417962004
S008;121;gamma;1;0.12573402417962004
S008;122;gamma;0;0.05337519623233909
S008;222;gamma;0;0.22346153846153846
S008;233;gamma;0;0.22346153846153846
S008;262;gamma;0;0.12573402417962004
S008;436;gamma;1;0.388295165394402
S008;437;gamma;0;0.22346153846153846
S008;443;gamma;0;0.22346153846153846
S008;446;gamma;1;0.388295165394402
S008;447;gamma;0;0.22346153846153846
S008;510;gamma;0;0.22346153846153846
S008;516;gamma;0;0.12573402417962004
S008;519;gamma;0;0.388295165394402
S008;525;gamma;0;0.388295165394402
S008;559;gamma;1;0.388295165394402
S008;560;gamma;0;0.08250401284109149
S008;712;gamma;0;0.22346153846153846
S008;715;gamma;0;0.12573402417962004
S008;821;gamma;0;0.388295165394402
S008;892;gamma;0;0.388295165394402
S008;948;gamma;1;0.388295165394402
S008;949;gamma;1;0.388295165394402
S008;950;gamma;0;0.388295165394402
S008;952;gamma;0;0.22346153846153846
S008;981;gamma;0;0.22346153846153846
S008;1009;gamma;1;0.388295165394402
S008;1010;gamma;0;0.05337519623233909
S008;1014;gamma;0;0.388295165394402
S008;1016;gamma;1;0.388295165394402
S008;1017;gamma;0;0.388295165394402
S008;1021;gamma;0;0.22346153846153846
S008;1026;gamma;0;0.22346153846153846
S008;1110;gamma;1;0.22346153846153846
S008;1111;gamma;0;0.388295165394402
S008;1167;gamma;0;0.388295165394402
S008;1177;gamma;1;0.388295165394402
S008;1178;gamma;0;0.388295165394402
S008;1181;gamma;0;0.388295165394402
S008;1183;gamma;0;0.388295165394402
S008;1189;gamma;0;0.388295165394402
S008;1191;gamma;0;0.08250401284109149
S008;1368;gamma;0;0.22346153846153846
S008;1404;gamma;0;0.388295165394402
S008;1406;gamma;0;0.388295165394402
S008;1412;gamma;0;0.12573402417962004
S009;15;gamma;0;0.388295165394402
S009;20;gamma;1;0.388295165394402
S009;21;gamma;0;0.08250401284109149
S009;62;gamma;1;0.22346153846153846
S009;63;gamma;0;0.12573402417962004
S009;141;gamma;0;0.388295165394402
S009;144;gamma;1;0.388295165394402
S009;145;gamma;1;0.388295165394402
S009;146;gamma;0;0.388295165394402
S009;149;gamma;1;0.388295165394402
S009;150;gamma;0;0.05337519623233909
S009;155;gamma;0;0.12573402417962004
S009;158;gamma;0;0.22346153846153846
S009;179;gamma;0;0.388295165394402
S009;183;gamma;0;0.22346153846153846
S009;199;gamma;1;0.08250401284109149
S009;200;gamma;0;0.388295165394402
S009;225;gamma;0;0.12573402417962004
S009;325;gamma;1;0.388295165394402
S009;326;gamma;0;0.388295165394402
S009;330;gamma;0;0.012066365007541479
S009;332;gamma;1;0.388295165394402
S009;333;gamma;1;0.22346153846153846
S009;334;gamma;1;0.08250401284109149
S009;335;gamma;0;0.003290457672749028
S009;429;gamma;1;0.22346153846153846
S009;430;gamma;1;0.388295165394402
S009;431;gamma;1;0.12573402417962004
S009;432;gamma;0;0.12573402417962004
S009;438;gamma;0;0.388295165394402
S009;442;gamma;1;0.12573402417962004
S009;443;gamma;0;0.08250401284109149
S009;457;gamma;0;0.22346153846153846
S009;476;gamma;0;0.024315173899661435
S009;558;gamma;1;0.388295165394402
S009;559;gamma;0;0.22346153846153846
S009;575;gamma;0;0.08250401284109149
S009;700;gamma;0;0.388295165394402
S009;710;gamma;1;0.388295165394402
S009;711;gamma;1;0.08250401284109149
S009;712;gamma;0;0.12573402417962004
S009;721;gamma;1;0.08250401284109149
S009;722;gamma;0;0.12573402417962004
S009;738;gamma;0;0.004817825956037338
S009;740;gamma;0;0.004817825956037338
S009;748;gamma;0;0.004817825956037338
S009;834;gamma;0;0.388295165394402
S009;843;gamma;0;0.12573402417962004
S009;862;gamma;1;0.388295165394402
S009;863;gamma;1;0.388295165394402
S009;864;gamma;0;0.12573402417962004
S009;866;gamma;0;0.12573402417962004
S009;877;gamma;0;0.22346153846153846
S009;882;gamma;1;0.388295165394402
S009;883;gamma;1;0.22346153846153846
S009;884;gamma;0;0.388295165394402
S009;886;gamma;0;0.05337519623233909
S009;891;gamma;1;0.388295165394402
S009;892;gamma;0;0.388295165394402
S009;906;gamma;0;0.388295165394402
S009;910;gamma;0;0.12573402417962004
S009;921;gamma;0;0.0005970149253731343
S009;1005;gamma;0;0.05337519623233909
S009;1009;gamma;1;0.388295165394402
S009;1010;gamma;0;0.388295165394402
S009;1012;gamma;0;0.22346153846153846
S009;1014;gamma;0;0.388295165394402
S009;1046;gamma;0;0.22346153846153846
S009;1048;gamma;0;0.388295165394402
S009;1060;gamma;0;0.388295165394402
S009;1065;gamma;0;0.05337519623233909
S009;1073;gamma;0;0.388295165394402
S009;1082;gamma;0;0.004817825956037338
S009;1089;gamma;1;0.388295165394402
S009;1090;gamma;1;0.08250401284109149
S009;1091;gamma;0;0.05337519623233909
S009;1122;gamma;0;0.22346153846153846
S009;1132;gamma;0;0.016138855054811205
S009;1142;gamma;1;0.388295165394402
S009;1143;gamma;1;0.388295165394402
S009;1144;gamma;0;0.388295165394402
S009;1146;gamma;0;0.12573402417962004
S009;1171;gamma;0;0.05337519623233909
S009;1180;gamma;1;0.388295165394402
S009;1181;gamma;0;0.08250401284109149
S009;1183;gamma;1;0.388295165394402
S009;1184;gamma;0;0.12573402417962004
S009;1351;gamma;0;0.22346153846153846
S009;1366;gamma;0;0.08250401284109149
S009;1399;gamma;0;0.388295165394402
S009;1414;gamma;0;0.00029886431560071725
S010;46;gamma;0;0.05337519623233909
S010;49;gamma;0;0.22346153846153846
S010;51;gamma;1;0.388295165394402
S010;52;gamma;0;0.388295165394402
S010;57;gamma;0;0.388295165394402
S010;64;gamma;0;0.05337519623233909
S010;68;gamma;1;0.388295165394402
S010;69;gamma;0;0.08250401284109149
S010;71;gamma;0;0.12573402417962004
S010;73;gamma;1;0.388295165394402
S010;74;gamma;0;0.22346153846153846
S010;95;gamma;1;0.05337519623233909
S010;96;gamma;1;0.388295165394402
S010;97;gamma;0;0.388295165394402
S010;99;gamma;0;0.012066365007541479
S010;106;gamma;0;0.388295165394402
S010;115;gamma;0;0.024315173899661435
S010;117;gamma;0;0.388295165394402
S010;119;gamma;0;0.05337519623233909
S010;125;gamma;0;0.05337519623233909
S010;232;gamma;0;0.388295165394402
S010;345;gamma;0;0.12573402417962004
S010;349;gamma;0;0.08250401284109149
S010;357;gamma;0;0.08250401284109149
S010;381;gamma;0;0.0005970149253731343
S010;482;gamma;1;0.388295165394402
S010;483;gamma;1;0.388295165394402
S010;484;gamma;0;0.22346153846153846
S010;486;gamma;0;0.388295165394402
S010;535;gamma;0;0.08250401284109149
S010;544;gamma;0;0.024315173899661435
S010;621;gamma;1;0.388295165394402
S010;622;gamma;0;0.388295165394402
S010;673;gamma;0;0.388295165394402
S010;679;gamma;0;0.0023902001792650133
S010;698;gamma;0;0.388295165394402
S010;735;gamma;1;0.05337519623233909
S010;736;gamma;0;0.22346153846153846
S010;773;gamma;1;0.388295165394402
S010;774;gamma;1;0.08250401284109149
S010;775;gamma;1;0.388295165394402
S010;776;gamma;1;0.22346153846153846
S010;777;gamma;0;0.0002990430622009569
S010;788;gamma;0;0.12573402417962004
S010;791;gamma;0;0.388295165394402
S010;798;gamma;1;0.024315173899661435
S010;799;gamma;0;0.012066365007541479
S010;816;gamma;0;0.12573402417962004
S010;819;gamma;0;0.388295165394402
S010;952;gamma;1;0.388295165394402
S010;953;gamma;0;0.12573402417962004
S010;981;gamma;1;0.388295165394402
S010;982;gamma;1;0.388295165394402
S010;983;gamma;0;0.12573402417962004
S010;986;gamma;0;0.22346153846153846
S010;998;gamma;0;0.388295165394402
S010;1027;gamma;1;0.388295165394402
S010;1028;gamma;0;0.388295165394402
S010;1190;gamma;0;0.388295165394402
S010;1205;gamma;0;0.388295165394402
S010;1222;gamma;0;0.22346153846153846
S010;1231;gamma;0;0.388295165394402
S010;1234;gamma;0;0.05337519623233909
S010;1236;gamma;1;0.388295165394402
S010;1237;gamma;0;0.08250401284109149
S011;2;gamma;0;0.388295165394402
S011;4;gamma;0;0.388295165394402
S011;38;gamma;0;0.388295165394402
S011;72;gamma;0;0.388295165394402
S011;83;gamma;0;0.12573402417962004
S011;89;gamma;0;0.08250401284109149
S011;95;gamma;0;0.12573402417962004
S011;105;gamma;0;0.08250401284109149
S011;108;gamma;1;0.22346153846153846
S011;109;gamma;0;0.22346153846153846
S011;114;gamma;1;0.22346153846153846
S011;115;gamma;1;0.388295165394402
S011;116;gamma;0;0.22346153846153846
S011;128;gamma;1;0.22346153846153846
S011;129;gamma;0;0.388295165394402
S011;133;gamma;0;0.388295165394402
S011;136;gamma;0;0.012066365007541479
S011;157;gamma;0;0.024315173899661435
S011;166;gamma;0;0.016138855054811205
S011;218;gamma;1;0.388295165394402
S011;219;gamma;0;0.22346153846153846
S011;228;gamma;1;0.388295165394402
S011;229;gamma;0;0.388295165394402
S011;241;gamma;0;0.024315173899661435
S011;357;gamma;1;0.22346153846153846
S011;358;gamma;0;0.22346153846153846
S011;360;gamma;0;0.388295165394402
S011;502;gamma;0;0.08250401284109149
S011;504;gamma;0;0.22346153846153846
S011;506;gamma;1;0.08250401284109149
S011;507;gamma;1;0.388295165394402
S011;508;gamma;0;0.388295165394402
S011;510;gamma;0;0.003290457672749028
S011;517;gamma;0;0.22346153846153846
S011;691;gamma;1;0.12573402417962004
S011;692;gamma;0;0.12573402417962004
S011;694;gamma;1;0.12573402417962004
S011;695;gamma;0;0.12573402417962004
S011;701;gamma;0;0.024315173899661435
S011;805;gamma;0;0.08250401284109149
S011;916;gamma;0;0.388295165394402
S011;919;gamma;0;0.08250401284109149
S011;929;gamma;0;0.388295165394402
S011;934;gamma;0;0.388295165394402
S011;940;gamma;0;0.388295165394402
S011;942;gamma;0;0.388295165394402
S011;944;gamma;0;0.388295165394402
S011;974;gamma;0;0.388295165394402
S011;979;gamma;0;0.024315173899661435
S011;988;gamma;0;0.388295165394402
S011;1007;gamma;1;0.22346153846153846
S011;1008;gamma;1;0.388295165394402
S011;1009;gamma;0;0.004817825956037338
S011;1045;gamma;0;0.22346153846153846
S011;1047;gamma;0;0.22346153846153846
S011;1049;gamma;0;0.024315173899661435
S011;1098;gamma;0;0.22346153846153846
S011;1101;gamma;0;0.22346153846153846
S011;1103;gamma;1;0.388295165394402
S011;1104;gamma;0;0.388295165394402
S011;1170;gamma;0;0.388295165394402
S011;1172;gamma;0;0.22346153846153846
S011;1177;gamma;0;0.388295165394402
S011;1179;gamma;0;0.388295165394402
S011;1184;gamma;1;0.388295165394402
S011;1185;gamma;0;0.388295165394402
S011;1215;gamma;0;0.22346153846153846
S011;1348;gamma;0;0.388295165394402
S011;1380;gamma;0;0.12573402417962004
S011;1406;gamma;1;0.22346153846153846
S011;1407;gamma;1;0.388295165394402
S011;1408;gamma;0;0.22346153846153846
S011;1410;gamma;0;0.388295165394402
S011;1420;gamma;0;0.12573402417962004
S011;1430;gamma;1;0.12573402417962004
S011;1431;gamma;0;0.12573402417962004
S012;170;gamma;0;0.12573402417962004
S012;175;gamma;0;0.388295165394402
S012;180;gamma;1;0.388295165394402
S012;181;gamma;1;0.388295165394402
S012;182;gamma;0;0.12573402417962004
S012;208;gamma;1;0.388295165394402
S012;209;gamma;1;0.12573402417962004
S012;210;gamma;0;0.12573402417962004
S012;216;gamma;0;0.22346153846153846
S012;221;gamma;0;0.388295165394402
S012;223;gamma;1;0.388295165394402
S012;224;gamma;1;0.22346153846153846
S012;225;gamma;0;0.05337519623233909
S012;330;gamma;0;0.08250401284109149
S012;338;gamma;0;0.388295165394402
S012;343;gamma;0;0.22346153846153846
S012;362;gamma;0;0.388295165394402
S012;490;gamma;0;0.388295165394402
S012;591;gamma;0;0.388295165394402
S012;728;gamma;0;0.22346153846153846
S012;791;gamma;0;0.388295165394402
S012;794;gamma;0;0.388295165394402
S012;796;gamma;0;0.22346153846153846
S012;803;gamma;0;0.388295165394402
S012;809;gamma;0;0.388295165394402
S012;811;gamma;0;0.388295165394402
S012;823;gamma;0;0.12573402417962004
S012;901;gamma;0;0.388295165394402
S012;906;gamma;0;0.388295165394402
S012;908;gamma;0;0.22346153846153846
S012;1002;gamma;1;0.388295165394402
S012;1003;gamma;1;0.388295165394402
S012;1004;gamma;0;0.22346153846153846
S012;1015;gamma;0;0.024315173899661435
S012;1062;gamma;0;0.05337519623233909
S012;1139;gamma;0;0.12573402417962004
S012;1329;gamma;1;0.388295165394402
S012;1330;gamma;0;0.388295165394402
S012;1353;gamma;0;0.388295165394402
S012;1364;gamma;1;0.22346153846153846
S012;1365;gamma;1;0.22346153846153846
S012;1366;gamma;0;0.388295165394402
S012;1385;gamma;0;0.024315173899661435
S012;1399;gamma;0;0.05337519623233909
S013;150;gamma;0;0.388295165394402
S013;154;gamma;1;0.388295165394402
S013;155;gamma;0;0.22346153846153846
S013;161;gamma;1;0.388295165394402
S013;162;gamma;0;0.22346153846153846
S013;177;gamma;0;0.22346153846153846
S013;180;gamma;1;0.388295165394402
S013;181;gamma;1;0.388295165394402
S013;182;gamma;0;0.22346153846153846
S013;211;gamma;0;0.12573402417962004
S013;219;gamma;0;0.12573402417962004
S013;222;gamma;0;0.024315173899661435
S013;271;gamma;1;0.22346153846153846
S013;272;gamma;0;0.388295165394402
S013;289;gamma;0;0.22346153846153846
S013;297;gamma;0;0.388295165394402
S013;332;gamma;0;0.024315173899661435
S013;335;gamma;0;0.388295165394402
S013;338;gamma;1;0.08250401284109149
S013;339;gamma;0;0.388295165394402
S013;346;gamma;1;0.22346153846153846
S013;347;gamma;0;0.12573402417962004
S013;350;gamma;0;0.388295165394402
S013;352;gamma;0;0.12573402417962004
S013;355;gamma;0;0.388295165394402
S013;359;gamma;1;0.05337519623233909
S013;360;gamma;1;0.22346153846153846
S013;361;gamma;1;0.388295165394402
S013;362;gamma;0;0.08250401284109149
S013;364;gamma;0;0.22346153846153846
S013;403;gamma;0;0.388295165394402
S013;405;gamma;1;0.388295165394402
S013;406;gamma;0;0.388295165394402
S013;409;gamma;0;0.08250401284109149
S013;413;gamma;0;0.08250401284109149
S013;420;gamma;0;0.22346153846153846
S013;439;gamma;1;0.388295165394402
S013;440;gamma;0;0.22346153846153846
S013;447;gamma;1;0.12573402417962004
S013;448;gamma;0;0.08250401284109149
S013;459;gamma;0;0.22346153846153846
S013;538;gamma;1;0.22346153846153846
S013;539;gamma;0;0.12573402417962004
S013;547;gamma;1;0.388295165394402
S013;548;gamma;0;0.08250401284109149
S013;775;gamma;0;0.22346153846153846
S013;778;gamma;1;0.388295165394402
S013;779;gamma;0;0.012066365007541479
S013;797;gamma;0;0.004817825956037338
S013;799;gamma;1;0.08250401284109149
S013;800;gamma;0;0.012066365007541479
S013;909;gamma;0;0.388295165394402
S013;917;gamma;1;0.388295165394402
S013;918;gamma;0;0.388295165394402
S013;1148;gamma;0;0.22346153846153846
S013;1150;gamma;0;0.388295165394402
S013;1344;gamma;1;0.388295165394402
S013;1345;gamma;1;0.388295165394402
S013;1346;gamma;0;0.388295165394402
S013;1350;gamma;0;0.388295165394402
S013;1352;gamma;0;0.388295165394402
S013;1394;gamma;1;0.22346153846153846
S013;1395;gamma;1;0.388295165394402
S013;1396;gamma;0;0.12573402417962004
S013;1399;gamma;0;0.22346153846153846
S013;1402;gamma;0;0.12573402417962004
S013;1411;gamma;0;0.388295165394402
S013;1415;gamma;0;0.388295165394402
S014;7;gamma;0;0.388295165394402
S014;42;gamma;1;0.08250401284109149
S014;43;gamma;1;0.388295165394402
S014;44;gamma;1;0.22346153846153846
S014;45;gamma;0;0.05337519623233909
S014;93;gamma;1;0.388295165394402
S014;94;gamma;0;0.388295165394402
S014;104;gamma;0;0.22346153846153846
S014;107;gamma;0;0.22346153846153846
S014;118;gamma;0;0.22346153846153846
S014;137;gamma;0;0.388295165394402
S014;142;gamma;0;0.388295165394402
S014;148;gamma;1;0.388295165394402
S014;149;gamma;0;0.22346153846153846
S014;157;gamma;1;0.388295165394402
S014;158;gamma;0;0.22346153846153846
S014;161;gamma;0;0.388295165394402
S014;271;gamma;0;0.388295165394402
S014;273;gamma;1;0.388295165394402
S014;274;gamma;0;0.22346153846153846
S014;338;gamma;1;0.22346153846153846
S014;339;gamma;0;0.22346153846153846
S014;341;gamma;1;0.388295165394402
S014;342;gamma;0;0.08250401284109149
S014;345;gamma;0;0.12573402417962004
S014;347;gamma;0;0.22346153846153846
S014;350;gamma;0;0.22346153846153846
S014;433;gamma;0;0.388295165394402
S014;459;gamma;0;0.22346153846153846
S014;467;gamma;0;0.024315173899661435
S014;489;gamma;0;0.12573402417962004
S014;547;gamma;0;0.388295165394402
S014;549;gamma;1;0.388295165394402
S014;550;gamma;0;0.388295165394402
S014;552;gamma;0;0.22346153846153846
S014;555;gamma;0;0.22346153846153846
S014;557;gamma;0;0.388295165394402
S014;559;gamma;0;0.388295165394402
S014;658;gamma;1;0.388295165394402
S014;659;gamma;0;0.388295165394402
S014;679;gamma;1;0.22346153846153846
S014;680;gamma;0;0.024315173899661435
S014;687;gamma;0;0.08250401284109149
S014;695;gamma;1;0.12573402417962004
S014;696;gamma;0;0.388295165394402
S014;720;gamma;0;0.22346153846153846
S014;724;gamma;0;0.024315173899661435
S014;733;gamma;0;0.08250401284109149
S014;740;gamma;0;0.016138855054811205
S014;748;gamma;0;0.22346153846153846
S014;750;gamma;0;0.0008973975471133712
S014;860;gamma;0;0.12573402417962004
S014;891;gamma;1;0.388295165394402
S014;892;gamma;0;0.12573402417962004
S014;895;gamma;0;0.388295165394402
S014;905;gamma;0;0.08250401284109149
S014;911;gamma;0;0.22346153846153846
S014;914;gamma;0;0.388295165394402
S014;923;gamma;0;0.388295165394402
S014;927;gamma;0;0.388295165394402
S014;931;gamma;0;0.22346153846153846
S014;940;gamma;1;0.388295165394402
S014;941;gamma;0;0.12573402417962004
S014;944;gamma;1;0.388295165394402
S014;945;gamma;0;0.05337519623233909
S014;951;gamma;0;0.388295165394402
S014;953;gamma;0;0.22346153846153846
S014;966;gamma;0;0.388295165394402
S014;968;gamma;1;0.22346153846153846
S014;969;gamma;1;0.05337519623233909
S014;970;gamma;1;0.22346153846153846
S014;971;gamma;0;0.12573402417962004
S014;1084;gamma;0;0.22346153846153846
S014;1150;gamma;0;0.22346153846153846
S014;1190;gamma;0;0.388295165394402
S014;1202;gamma;1;0.388295165394402
S014;1203;gamma;0;0.388295165394402
S014;1361;gamma;1;0.388295165394402
S014;1362;gamma;0;0.22346153846153846
S014;1418;gamma;0;0.004817825956037338
S014;1423;gamma;1;0.12573402417962004
S014;1424;gamma;1;0.12573402417962004
S014;1425;gamma;0;0.0005970149253731343
S015;1;gamma;1;0.12573402417962004
S015;2;gamma;0;0.0035949670461354103
S015;170;gamma;1;0.388295165394402
S015;171;gamma;0;0.22346153846153846
S015;181;gamma;0;0.12573402417962004
S015;185;gamma;1;0.22346153846153846
S015;186;gamma;0;0.12573402417962004
S015;191;gamma;0;0.388295165394402
S015;195;gamma;1;0.388295165394402
S015;196;gamma;0;0.388295165394402
S015;200;gamma;0;0.388295165394402
S015;202;gamma;1;0.388295165394402
S015;203;gamma;0;0.05337519623233909
S015;207;gamma;0;0.388295165394402
S015;210;gamma;1;0.08250401284109149
S015;211;gamma;0;0.388295165394402
S015;215;gamma;1;0.388295165394402
S015;216;gamma;0;0.08250401284109149
S015;218;gamma;0;0.22346153846153846
S015;220;gamma;1;0.22346153846153846
S015;221;gamma;0;0.05337519623233909
S015;259;gamma;0;0.12573402417962004
S015;262;gamma;0;0.22346153846153846
S015;298;gamma;0;0.22346153846153846
S015;301;gamma;0;0.22346153846153846
S015;304;gamma;0;0.0035949670461354103
S015;311;gamma;1;0.388295165394402
S015;312;gamma;0;0.388295165394402
S015;316;gamma;0;0.05337519623233909
S015;318;gamma;0;0.12573402417962004
S015;320;gamma;0;0.22346153846153846
S015;330;gamma;0;0.0
S015;336;gamma;1;0.388295165394402
S015;337;gamma;1;0.08250401284109149
S015;338;gamma;0;0.0014903129657228018
S015;406;gamma;1;0.388295165394402
S015;407;gamma;1;0.388295165394402
S015;408;gamma;0;0.388295165394402
S015;416;gamma;1;0.22346153846153846
S015;417;gamma;0;0.388295165394402
S015;441;gamma;0;0.388295165394402
S015;443;gamma;0;0.12573402417962004
S015;529;gamma;0;0.05337519623233909
S015;533;gamma;1;0.388295165394402
S015;534;gamma;1;0.388295165394402
S015;535;gamma;0;0.12573402417962004
S015;541;gamma;1;0.388295165394402
S015;542;gamma;0;0.388295165394402
S015;547;gamma;0;0.388295165394402
S015;608;gamma;0;0.12573402417962004
S015;635;gamma;0;0.388295165394402
S015;637;gamma;0;0.388295165394402
S015;641;gamma;1;0.388295165394402
S015;642;gamma;0;0.388295165394402
S015;648;gamma;0;0.08250401284109149
S015;651;gamma;0;0.024315173899661435
S015;717;gamma;0;0.05337519623233909
S015;719;gamma;1;0.388295165394402
S015;720;gamma;1;0.388295165394402
S015;721;gamma;1;0.388295165394402
S015;722;gamma;0;0.22346153846153846
S015;727;gamma;0;0.05337519623233909
S015;731;gamma;0;0.388295165394402
S015;887;gamma;0;0.05337519623233909
S015;931;gamma;1;0.388295165394402
S015;932;gamma;0;0.22346153846153846
S015;934;gamma;1;0.388295165394402
S015;935;gamma;0;0.22346153846153846
S015;951;gamma;0;0.12573402417962004
S015;991;gamma;0;0.22346153846153846
S016;41;gamma;1;0.388295165394402
S016;42;gamma;1;0.388295165394402
S016;43;gamma;0;0.22346153846153846
S016;48;gamma;1;0.388295165394402
S016;49;gamma;1;0.388295165394402
S016;50;gamma;0;0.388295165394402
S016;53;gamma;1;0.388295165394402
S016;54;gamma;1;0.22346153846153846
S016;55;gamma;0;0.12573402417962004
S016;58;gamma;0;0.003290457672749028
S016;62;gamma;0;0.22346153846153846
S016;66;gamma;0;0.08250401284109149
S016;72;gamma;0;0.388295165394402
S016;82;gamma;0;0.22346153846153846
S016;84;gamma;0;0.12573402417962004
S016;121;gamma;1;0.388295165394402
S016;122;gamma;1;0.388295165394402
S016;123;gamma;0;0.22346153846153846
S016;335;gamma;0;0.22346153846153846
S016;337;gamma;0;0.388295165394402
S016;386;gamma;0;0.388295165394402
S016;412;gamma;0;0.388295165394402
S016;439;gamma;1;0.388295165394402
S016;440;gamma;1;0.388295165394402
S016;441;gamma;0;0.22346153846153846
S016;446;gamma;1;0.22346153846153846
S016;447;gamma;0;0.388295165394402
S016;495;gamma;0;0.388295165394402
S016;501;gamma;1;0.388295165394402
S016;502;gamma;0;0.12573402417962004
S016;614;gamma;0;0.12573402417962004
S016;710;gamma;1;0.388295165394402
S016;711;gamma;1;0.12573402417962004
S016;712;gamma;1;0.388295165394402
S016;713;gamma;0;0.08250401284109149
S016;740;gamma;0;0.016138855054811205
S016;803;gamma;1;0.388295165394402
S016;804;gamma;0;0.22346153846153846
S016;812;gamma;1;0.22346153846153846
S016;813;gamma;1;0.388295165394402
S016;814;gamma;0;0.12573402417962004
S016;816;gamma;0;0.12573402417962004
S016;819;gamma;0;0.08250401284109149
S016;823;gamma;1;0.388295165394402
S016;824;gamma;0;0.08250401284109149
S016;826;gamma;0;0.05337519623233909
S016;829;gamma;1;0.22346153846153846
S016;830;gamma;0;0.388295165394402
S016;834;gamma;1;0.22346153846153846
S016;835;gamma;0;0.12573402417962004
S016;850;gamma;1;0.22346153846153846
S016;851;gamma;0;0.12573402417962004
S016;904;gamma;0;0.016138855054811205
S016;912;gamma;0;0.388295165394402
S016;915;gamma;0;0.12573402417962004
S016;974;gamma;0;0.12573402417962004
S016;978;gamma;0;0.22346153846153846
S016;981;gamma;1;0.388295165394402
S016;982;gamma;0;0.22346153846153846
S016;1148;gamma;1;0.388295165394402
S016;1149;gamma;1;0.22346153846153846
S016;1150;gamma;0;0.388295165394402
S016;1158;gamma;0;0.388295165394402
S016;1175;gamma;0;0.12573402417962004
S016;1185;gamma;0;0.08250401284109149
S016;1196;gamma;0;0.388295165394402
S016;1198;gamma;0;0.22346153846153846
S016;1206;gamma;0;0.22346153846153846
S016;1225;gamma;0;0.22346153846153846
S016;1375;gamma;1;0.22346153846153846
S016;1376;gamma;1;0.22346153846153846
S016;1377;gamma;1;0.22346153846153846
S016;1378;gamma;1;0.388295165394402
S016;1379;gamma;0;0.12573402417962004
S016;1394;gamma;1;0.22346153846153846
S016;1395;gamma;0;0.016138855054811205
S017;144;gamma;0;0.22346153846153846
S017;149;gamma;0;0.22346153846153846
S017;156;gamma;0;0.08250401284109149
S017;163;gamma;0;0.12573402417962004
S017;248;gamma;0;0.08250401284109149
S017;256;gamma;0;0.12573402417962004
S017;362;gamma;1;0.12573402417962004
S017;363;gamma;0;0.388295165394402
S017;366;gamma;0;0.388295165394402
S017;368;gamma;0;0.08250401284109149
S017;380;gamma;0;0.388295165394402
S017;423;gamma;1;0.12573402417962004
S017;424;gamma;1;0.08250401284109149
S017;425;gamma;0;0.22346153846153846
S017;427;gamma;1;0.22346153846153846
S017;428;gamma;1;0.388295165394402
S017;429;gamma;0;0.22346153846153846
S017;449;gamma;1;0.388295165394402
S017;450;gamma;1;0.22346153846153846
S017;451;gamma;0;0.12573402417962004
S017;454;gamma;0;0.22346153846153846
S017;461;gamma;1;0.388295165394402
S017;462;gamma;0;0.12573402417962004
S017;469;gamma;0;0.08250401284109149
S017;482;gamma;0;0.22346153846153846
S017;484;gamma;1;0.388295165394402
S017;485;gamma;0;0.024315173899661435
S017;523;gamma;1;0.388295165394402
S017;524;gamma;1;0.22346153846153846
S017;525;gamma;0;0.388295165394402
S017;575;gamma;0;0.08250401284109149
S017;579;gamma;1;0.388295165394402
S017;580;gamma;0;0.22346153846153846
S017;587;gamma;0;0.22346153846153846
S017;594;gamma;0;0.388295165394402
S017;666;gamma;1;0.388295165394402
S017;667;gamma;0;0.22346153846153846
S017;669;gamma;1;0.388295165394402
S017;670;gamma;0;0.22346153846153846
S017;833;gamma;0;0.05337519623233909
S017;987;gamma;0;0.388295165394402
S017;989;gamma;0;0.388295165394402
S017;1009;gamma;0;0.388295165394402
S017;1015;gamma;0;0.388295165394402
S017;1017;gamma;0;0.388295165394402
S017;1033;gamma;0;0.388295165394402
S017;1044;gamma;0;0.016138855054811205
S017;1070;gamma;0;0.388295165394402
S017;1072;gamma;1;0.388295165394402
S017;1073;gamma;0;0.016138855054811205
S017;1076;gamma;1;0.388295165394402
S017;1077;gamma;1;0.388295165394402
S017;1078;gamma;1;0.388295165394402
S017;1079;gamma;0;0.388295165394402
S017;1385;gamma;0;0.388295165394402
S017;1396;gamma;0;0.388295165394402
S017;1398;gamma;1;0.388295165394402
S017;1399;gamma;0;0.22346153846153846
S017;1404;gamma;0;0.05337519623233909
S017;1413;gamma;0;0.05337519623233909
S017;1419;gamma;0;0.388295165394402
S017;1421;gamma;0;0.388295165394402
S018;4;gamma;0;0.05337519623233909
S018;6;gamma;0;0.22346153846153846
S018;11;gamma;0;0.388295165394402
S018;14;gamma;1;0.12573402417962004
S018;15;gamma;0;0.016138855054811205
S018;17;gamma;0;0.08250401284109149
S018;19;gamma;0;0.012066365007541479
S018;65;gamma;0;0.024315173899661435
S018;71;gamma;0;0.388295165394402
S018;75;gamma;1;0.388295165394402
S018;76;gamma;1;0.22346153846153846
S018;77;gamma;0;0.22346153846153846
S018;79;gamma;0;0.388295165394402
S018;83;gamma;0;0.388295165394402
S018;85;gamma;0;0.22346153846153846
S018;88;gamma;0;0.08250401284109149
S018;105;gamma;0;0.08250401284109149
S018;111;gamma;0;0.388295165394402
S018;113;gamma;0;0.388295165394402
S018;116;gamma;1;0.388295165394402
S018;117;gamma;0;0.12573402417962004
S018;122;gamma;0;0.22346153846153846
S018;126;gamma;0;0.22346153846153846
S018;241;gamma;0;0.388295165394402
S018;243;gamma;1;0.388295165394402
S018;244;gamma;0;0.388295165394402
S018;246;gamma;0;0.22346153846153846
S018;255;gamma;0;0.22346153846153846
S018;261;gamma;0;0.12573402417962004
S018;278;gamma;0;0.388295165394402
S018;285;gamma;0;0.22346153846153846
S018;287;gamma;1;0.05337519623233909
S018;288;gamma;1;0.388295165394402
S018;289;gamma;0;0.016138855054811205
S018;300;gamma;0;0.08250401284109149
S018;314;gamma;0;0.22346153846153846
S018;316;gamma;0;0.003290457672749028
S018;321;gamma;0;0.0035949670461354103
S018;331;gamma;0;0.22346153846153846
S018;333;gamma;1;0.08250401284109149
S018;334;gamma;0;0.012066365007541479
S018;349;gamma;1;0.08250401284109149
S018;350;gamma;1;0.12573402417962004
S018;351;gamma;0;0.08250401284109149
S018;354;gamma;0;0.22346153846153846
S018;362;gamma;0;0.05337519623233909
S018;372;gamma;0;0.0
S018;392;gamma;0;0.08250401284109149
S018;452;gamma;0;0.388295165394402
S018;454;gamma;0;0.22346153846153846
S018;463;gamma;0;0.22346153846153846
S018;470;gamma;0;0.22346153846153846
S018;631;gamma;0;0.22346153846153846
S018;660;gamma;1;0.22346153846153846
S018;661;gamma;0;0.08250401284109149
S018;668;gamma;0;0.12573402417962004
S018;672;gamma;1;0.388295165394402
S018;673;gamma;0;0.12573402417962004
S018;675;gamma;0;0.12573402417962004
S018;682;gamma;0;0.016138855054811205
S018;686;gamma;0;0.22346153846153846
S018;688;gamma;0;0.388295165394402
S018;703;gamma;0;0.0014903129657228018
S018;809;gamma;0;0.024315173899661435
S018;811;gamma;0;0.08250401284109149
S018;822;gamma;1;0.22346153846153846
S018;823;gamma;0;0.22346153846153846
S018;828;gamma;0;0.388295165394402
S018;966;gamma;0;0.388295165394402
S018;968;gamma;1;0.388295165394402
S018;969;gamma;0;0.388295165394402
S018;1187;gamma;0;0.388295165394402
S018;1190;gamma;0;0.388295165394402
S018;1198;gamma;0;0.388295165394402
S018;1356;gamma;1;0.12573402417962004
S018;1357;gamma;0;0.12573402417962004
S018;1359;gamma;0;0.388295165394402
S018;1363;gamma;0;0.12573402417962004
S018;1365;gamma;0;0.08250401284109149
S018;1380;gamma;0;0.012066365007541479
S018;1389;gamma;0;0.05337519623233909
S018;1391;gamma;1;0.12573402417962004
S018;1392;gamma;0;0.12573402417962004
S018;1397;gamma;0;0.08250401284109149
S018;1407;gamma;0;0.12573402417962004
S018;1410;gamma;0;0.024315173899661435
S018;1415;gamma;1;0.12573402417962004
S018;1416;gamma;0;0.08250401284109149
S018;1420;gamma;1;0.388295165394402
S018;1421;gamma;0;0.0023902001792650133
S018;1433;gamma;1;0.22346153846153846
S018;1434;gamma;1;0.08250401284109149
S018;1435;gamma;0;0.22346153846153846
S018;1438;gamma;1;0.388295165394402
S019;24;gamma;0;0.388295165394402
S019;29;gamma;0;0.22346153846153846
S019;31;gamma;1;0.388295165394402
S019;32;gamma;0;0.016138855054811205
S019;35;gamma;1;0.388295165394402
S019;36;gamma;0;0.003290457672749028
S019;41;gamma;0;0.388295165394402
S019;47;gamma;1;0.388295165394402
S019;48;gamma;0;0.388295165394402
S019;122;gamma;0;0.22346153846153846
S019;126;gamma;1;0.388295165394402
S019;127;gamma;0;0.12573402417962004
S019;154;gamma;0;0.05337519623233909
S019;158;gamma;1;0.388295165394402
S019;159;gamma;0;0.22346153846153846
S019;271;gamma;0;0.22346153846153846
S019;281;gamma;0;0.22346153846153846
S019;289;gamma;0;0.22346153846153846
S019;537;gamma;1;0.22346153846153846
S019;538;gamma;1;0.388295165394402
S019;539;gamma;0;0.22346153846153846
S019;558;gamma;0;0.016138855054811205
S019;562;gamma;0;0.08250401284109149
S019;604;gamma;1;0.22346153846153846
S019;605;gamma;0;0.22346153846153846
S019;674;gamma;0;0.22346153846153846
S019;681;gamma;0;0.22346153846153846
S019;699;gamma;0;0.024315173899661435
S019;779;gamma;1;0.22346153846153846
S019;780;gamma;0;0.024315173899661435
S019;855;gamma;1;0.08250401284109149
S019;856;gamma;1;0.388295165394402
S019;857;gamma;0;0.388295165394402
S019;863;gamma;0;0.08250401284109149
S019;880;gamma;1;0.388295165394402
S019;881;gamma;0;0.388295165394402
S019;887;gamma;0;0.388295165394402
S019;894;gamma;0;0.12573402417962004
S019;1019;gamma;0;0.024315173899661435
S019;1049;gamma;0;0.024315173899661435
S019;1052;gamma;1;0.22346153846153846
S019;1053;gamma;0;0.12573402417962004
S019;1084;gamma;0;0.388295165394402
S019;1087;gamma;1;0.388295165394402
S019;1088;gamma;0;0.388295165394402
S019;1200;gamma;1;0.388295165394402
S019;1201;gamma;0;0.05337519623233909
S019;1233;gamma;0;0.12573402417962004
S019;1360;gamma;0;0.388295165394402
S019;1362;gamma;0;0.22346153846153846
S019;1368;gamma;0;0.012066365007541479
S019;1384;gamma;1;0.12573402417962004
S019;1385;gamma;1;0.388295165394402
S019;1386;gamma;0;0.08250401284109149
S019;1403;gamma;0;0.0023902001792650133
S019;1426;gamma;0;0.08250401284109149
S019;1435;gamma;1;0.08250401284109149
S019;1436;gamma;0;0.05337519623233909
S019;1438;gamma;1;0.388295165394402
S020;3;gamma;0;0.024315173899661435
S020;7;gamma;0;0.012066365007541479
S020;17;gamma;1;0.08250401284109149
S020;18;gamma;0;0.0002990430622009569
S020;43;gamma;0;0.024315173899661435
S020;63;gamma;0;0.024315173899661435
S020;68;gamma;0;0.016138855054811205
S020;83;gamma;0;0.388295165394402
S020;90;gamma;1;0.22346153846153846
S020;91;gamma;0;0.388295165394402
S020;128;gamma;0;0.004817825956037338
S020;204;gamma;1;0.22346153846153846
S020;205;gamma;0;0.22346153846153846
S020;217;gamma;0;0.22346153846153846
S020;358;gamma;0;0.22346153846153846
S020;374;gamma;0;0.388295165394402
S020;376;gamma;0;0.12573402417962004
S020;388;gamma;0;0.22346153846153846
S020;390;gamma;1;0.22346153846153846
S020;391;gamma;0;0.388295165394402
S020;396;gamma;0;0.388295165394402
S020;400;gamma;0;0.024315173899661435
S020;439;gamma;0;0.388295165394402
S020;442;gamma;0;0.08250401284109149
S020;451;gamma;1;0.388295165394402
S020;452;gamma;0;0.388295165394402
S020;581;gamma;0;0.388295165394402
S020;659;gamma;1;0.22346153846153846
S020;660;gamma;0;0.05337519623233909
S020;668;gamma;1;0.22346153846153846
S020;669;gamma;0;0.388295165394402
S020;682;gamma;1;0.22346153846153846
S020;683;gamma;0;0.388295165394402
S020;685;gamma;0;0.08250401284109149
S020;704;gamma;0;0.22346153846153846
S020;709;gamma;1;0.22346153846153846
S020;710;gamma;0;0.22346153846153846
S020;713;gamma;0;0.388295165394402
S020;733;gamma;0;0.0008973975471133712
S020;747;gamma;0;0.05337519623233909
S020;749;gamma;1;0.388295165394402
S020;750;gamma;0;0.22346153846153846
S020;781;gamma;1;0.22346153846153846
S020;782;gamma;0;0.388295165394402
S020;786;gamma;1;0.388295165394402
S020;787;gamma;1;0.388295165394402
S020;788;gamma;0;0.388295165394402
S020;790;gamma;0;0.22346153846153846
S020;793;gamma;0;0.05337519623233909
S020;797;gamma;0;0.22346153846153846
S020;823;gamma;1;0.388295165394402
S020;824;gamma;0;0.024315173899661435
S020;830;gamma;0;0.388295165394402
S020;835;gamma;0;0.388295165394402
S020;844;gamma;0;0.388295165394402
S020;849;gamma;1;0.388295165394402
S020;850;gamma;1;0.12573402417962004
S020;851;gamma;1;0.22346153846153846
S020;852;gamma;0;0.12573402417962004
S020;855;gamma;0;0.388295165394402
S020;858;gamma;0;0.08250401284109149
S020;872;gamma;0;0.0008973975471133712
S020;883;gamma;1;0.22346153846153846
S020;884;gamma;1;0.388295165394402
S020;885;gamma;0;0.388295165394402
S020;895;gamma;0;0.22346153846153846
S020;908;gamma;1;0.388295165394402
S020;909;gamma;0;0.388295165394402
S020;912;gamma;0;0.22346153846153846
S020;914;gamma;1;0.12573402417962004
S020;915;gamma;0;0.12573402417962004
S020;1012;gamma;0;0.22346153846153846
S020;1156;gamma;1;0.22346153846153846
S020;1157;gamma;1;0.12573402417962004
S020;1158;gamma;0;0.388295165394402
S020;1164;gamma;0;0.388295165394402
S020;1166;gamma;0;0.22346153846153846
S020;1169;gamma;0;0.388295165394402
S020;1172;gamma;1;0.22346153846153846
S020;1173;gamma;0;0.388295165394402
S020;1178;gamma;0;0.05337519623233909
S021;26;gamma;0;0.22346153846153846
S021;58;gamma;1;0.388295165394402
S021;59;gamma;0;0.08250401284109149
S021;67;gamma;0;0.08250401284109149
S021;76;gamma;0;0.388295165394402
S021;85;gamma;1;0.22346153846153846
S021;86;gamma;1;0.22346153846153846
S021;87;gamma;0;0.388295165394402
S021;114;gamma;0;0.024315173899661435
S021;155;gamma;1;0.388295165394402
S021;156;gamma;0;0.388295165394402
S021;158;gamma;1;0.22346153846153846
S021;159;gamma;0;0.22346153846153846
S021;298;gamma;0;0.016138855054811205
S021;300;gamma;0;0.012066365007541479
S021;302;gamma;0;0.22346153846153846
S021;329;gamma;0;0.388295165394402
S021;332;gamma;0;0.388295165394402
S021;353;gamma;0;0.22346153846153846
S021;385;gamma;0;0.388295165394402
S021;387;gamma;1;0.22346153846153846
S021;388;gamma;0;0.388295165394402
S021;406;gamma;0;0.22346153846153846
S021;428;gamma;0;0.08250401284109149
S021;432;gamma;0;0.22346153846153846
S021;435;gamma;0;0.388295165394402
S021;437;gamma;1;0.388295165394402
S021;438;gamma;0;0.388295165394402
S021;440;gamma;1;0.22346153846153846
S021;441;gamma;0;0.22346153846153846
S021;450;gamma;1;0.388295165394402
S021;451;gamma;0;0.22346153846153846
S021;470;gamma;1;0.388295165394402
S021;471;gamma;0;0.08250401284109149
S021;574;gamma;0;0.388295165394402
S021;665;gamma;1;0.388295165394402
S021;666;gamma;0;0.05337519623233909
S021;693;gamma;0;0.388295165394402
S021;696;gamma;0;0.388295165394402
S021;698;gamma;0;0.388295165394402
S021;707;gamma;0;0.22346153846153846
S021;743;gamma;0;0.388295165394402
S021;749;gamma;0;0.12573402417962004
S021;752;gamma;0;0.08250401284109149
S021;757;gamma;1;0.388295165394402
S021;758;gamma;1;0.22346153846153846
S021;759;gamma;1;0.388295165394402
S021;760;gamma;0;0.024315173899661435
S021;762;gamma;1;0.388295165394402
S021;763;gamma;0;0.004817825956037338
S021;783;gamma;1;0.388295165394402
S021;784;gamma;0;0.08250401284109149
S021;790;gamma;0;0.12573402417962004
S021;801;gamma;0;0.388295165394402
S021;813;gamma;0;0.0023902001792650133
S021;959;gamma;0;0.12573402417962004
S021;975;gamma;1;0.388295165394402
S021;976;gamma;1;0.22346153846153846
S021;977;gamma;0;0.22346153846153846
S021;1105;gamma;1;0.388295165394402
S021;1106;gamma;0;0.388295165394402
S021;1108;gamma;1;0.388295165394402
S021;1109;gamma;0;0.388295165394402
S021;1111;gamma;0;0.22346153846153846
S021;1175;gamma;0;0.22346153846153846
S021;1183;gamma;0;0.12573402417962004
S021;1187;gamma;0;0.388295165394402
S021;1190;gamma;0;0.12573402417962004
S021;1214;gamma;0;0.08250401284109149
S021;1229;gamma;1;0.388295165394402
S021;1230;gamma;0;0.12573402417962004
S021;1244;gamma;1;0.22346153846153846
S021;1245;gamma;1;0.22346153846153846
S021;1246;gamma;0;0.388295165394402
S021;1248;gamma;0;0.388295165394402
S021;1253;gamma;0;0.388295165394402
S021;1379;gamma;0;0.08250401284109149
S021;1382;gamma;0;0.05337519623233909
S021;1384;gamma;0;0.12573402417962004
S021;1386;gamma;0;0.12573402417962004
S021;1389;gamma;0;0.388295165394402
S022;2;gamma;0;0.003290457672749028
S022;32;gamma;0;0.05337519623233909
S022;61;gamma;0;0.024315173899661435
S022;64;gamma;1;0.22346153846153846
S022;65;gamma;0;0.22346153846153846
S022;75;gamma;0;0.12573402417962004
S022;83;gamma;0;0.388295165394402
S022;86;gamma;1;0.22346153846153846
S022;87;gamma;0;0.22346153846153846
S022;89;gamma;0;0.388295165394402
S022;95;gamma;0;0.05337519623233909
S022;101;gamma;0;0.08250401284109149
S022;250;gamma;0;0.22346153846153846
S022;253;gamma;0;0.388295165394402
S022;257;gamma;1;0.388295165394402
S022;258;gamma;0;0.22346153846153846
S022;386;gamma;1;0.388295165394402
S022;387;gamma;1;0.388295165394402
S022;388;gamma;0;0.22346153846153846
S022;425;gamma;0;0.22346153846153846
S022;431;gamma;0;0.08250401284109149
S022;442;gamma;0;0.22346153846153846
S022;449;gamma;0;0.12573402417962004
S022;458;gamma;1;0.024315173899661435
S022;459;gamma;0;0.22346153846153846
S022;510;gamma;1;0.388295165394402
S022;511;gamma;0;0.05337519623233909
S022;548;gamma;1;0.388295165394402
S022;549;gamma;1;0.388295165394402
S022;550;gamma;0;0.22346153846153846
S022;553;gamma;0;0.12573402417962004
S022;560;gamma;1;0.388295165394402
S022;561;gamma;0;0.22346153846153846
S022;587;gamma;0;0.024315173899661435
S022;603;gamma;1;0.388295165394402
S022;604;gamma;1;0.388295165394402
S022;605;gamma;0;0.12573402417962004
S022;610;gamma;1;0.22346153846153846
S022;611;gamma;0;0.22346153846153846
S022;617;gamma;0;0.388295165394402
S022;619;gamma;0;0.22346153846153846
S022;637;gamma;1;0.388295165394402
S022;638;gamma;1;0.08250401284109149
S022;639;gamma;0;0.22346153846153846
S022;641;gamma;0;0.388295165394402
S022;644;gamma;0;0.12573402417962004
S022;668;gamma;0;0.0023902001792650133
S022;672;gamma;0;0.012066365007541479
S022;740;gamma;1;0.22346153846153846
S022;741;gamma;0;0.08250401284109149
S022;844;gamma;1;0.388295165394402
S022;845;gamma;0;0.388295165394402
S022;855;gamma;0;0.024315173899661435
S022;862;gamma;0;0.012066365007541479
S022;864;gamma;0;0.22346153846153846
S022;874;gamma;0;0.12573402417962004
S022;876;gamma;0;0.388295165394402
S022;878;gamma;0;0.08250401284109149
S022;889;gamma;0;0.388295165394402
S022;891;gamma;0;0.004817825956037338
S022;934;gamma;0;0.388295165394402
S022;1047;gamma;0;0.388295165394402
S022;1062;gamma;0;0.08250401284109149
S022;1068;gamma;0;0.08250401284109149
S022;1091;gamma;1;0.388295165394402
S022;1092;gamma;0;0.22346153846153846
S022;1100;gamma;0;0.388295165394402
S022;1193;gamma;0;0.22346153846153846
S022;1219;gamma;0;0.388295165394402
S022;1221;gamma;0;0.388295165394402
S022;1223;gamma;1;0.388295165394402
S022;1224;gamma;0;0.08250401284109149
S022;1231;gamma;0;0.388295165394402
S022;1255;gamma;1;0.388295165394402
S022;1256;gamma;0;0.388295165394402
S022;1353;gamma;1;0.388295165394402
S022;1354;gamma;0;0.22346153846153846
S022;1405;gamma;0;0.0035949670461354103
S023;14;gamma;1;0.388295165394402
S023;15;gamma;0;0.016138855054811205
S023;76;gamma;1;0.22346153846153846
S023;77;gamma;0;0.22346153846153846
S023;80;gamma;0;0.05337519623233909
S023;86;gamma;0;0.12573402417962004
S023;89;gamma;0;0.12573402417962004
S023;266;gamma;0;0.388295165394402
S023;269;gamma;1;0.388295165394402
S023;270;gamma;0;0.22346153846153846
S023;274;gamma;0;0.016138855054811205
S023;287;gamma;0;0.08250401284109149
S023;289;gamma;1;0.08250401284109149
S023;290;gamma;0;0.22346153846153846
S023;297;gamma;1;0.22346153846153846
S023;298;gamma;0;0.08250401284109149
S023;304;gamma;0;0.388295165394402
S023;307;gamma;0;0.22346153846153846
S023;309;gamma;0;0.024315173899661435
S023;339;gamma;0;0.22346153846153846
S023;344;gamma;0;0.05337519623233909
S023;356;gamma;0;0.004817825956037338
S023;365;gamma;0;0.22346153846153846
S023;397;gamma;1;0.12573402417962004
S023;398;gamma;0;0.388295165394402
S023;401;gamma;0;0.024315173899661435
S023;433;gamma;0;0.388295165394402
S023;509;gamma;0;0.388295165394402
S023;517;gamma;1;0.22346153846153846
S023;518;gamma;0;0.388295165394402
S023;574;gamma;0;0.388295165394402
S023;581;gamma;1;0.388295165394402
S023;582;gamma;1;0.388295165394402
S023;583;gamma;1;0.388295165394402
S023;584;gamma;0;0.388295165394402
S023;587;gamma;0;0.22346153846153846
S023;591;gamma;0;0.22346153846153846
S023;594;gamma;1;0.22346153846153846
S023;595;gamma;0;0.12573402417962004
S023;598;gamma;0;0.22346153846153846
S023;624;gamma;0;0.12573402417962004
S023;632;gamma;0;0.22346153846153846
S023;646;gamma;0;0.05337519623233909
S023;660;gamma;1;0.05337519623233909
S023;661;gamma;1;0.22346153846153846
S023;662;gamma;0;0.12573402417962004
S023;664;gamma;1;0.22346153846153846
S023;665;gamma;0;0.024315173899661435
S023;667;gamma;1;0.22346153846153846
S023;668;gamma;0;0.388295165394402
S023;675;gamma;1;0.388295165394402
S023;676;gamma;1;0.22346153846153846
S023;677;gamma;1;0.388295165394402
S023;678;gamma;1;0.388295165394402
S023;679;gamma;0;0.22346153846153846
S023;682;gamma;1;0.388295165394402
S023;683;gamma;1;0.388295165394402
S023;684;gamma;0;0.22346153846153846
S023;686;gamma;1;0.388295165394402
S023;687;gamma;0;0.388295165394402
S023;690;gamma;1;0.388295165394402
S023;691;gamma;0;0.05337519623233909
S023;833;gamma;1;0.388295165394402
S023;834;gamma;0;0.22346153846153846
S023;857;gamma;0;0.388295165394402
S023;859;gamma;1;0.388295165394402
S023;860;gamma;0;0.08250401284109149
S023;876;gamma;1;0.388295165394402
S023;877;gamma;1;0.388295165394402
S023;878;gamma;1;0.388295165394402
S023;879;gamma;0;0.388295165394402
S023;881;gamma;1;0.388295165394402
S023;882;gamma;0;0.024315173899661435
S023;900;gamma;0;0.08250401284109149
S023;903;gamma;0;0.12573402417962004
S023;1047;gamma;0;0.388295165394402
S023;1138;gamma;0;0.22346153846153846
S023;1216;gamma;1;0.388295165394402
S023;1217;gamma;1;0.388295165394402
S023;1218;gamma;0;0.388295165394402
S023;1356;gamma;0;0.388295165394402
S023;1366;gamma;1;0.388295165394402
S023;1367;gamma;0;0.024315173899661435
S023;1377;gamma;1;0.388295165394402
S023;1378;gamma;0;0.05337519623233909
S023;1383;gamma;1;0.388295165394402
S023;1384;gamma;0;0.004817825956037338
S023;1388;gamma;1;0.22346153846153846
S023;1389;gamma;0;0.22346153846153846
S024;22;gamma;0;0.12573402417962004
S024;24;gamma;1;0.388295165394402
S024;25;gamma;0;0.004817825956037338
S024;27;gamma;1;0.22346153846153846
S024;28;gamma;1;0.016138855054811205
S024;29;gamma;1;0.388295165394402
S024;30;gamma;0;0.0035949670461354103
S024;39;gamma;0;0.388295165394402
S024;47;gamma;1;0.388295165394402
S024;48;gamma;1;0.22346153846153846
S024;49;gamma;0;0.05337519623233909
S024;53;gamma;0;0.00029886431560071725
S024;208;gamma;0;0.388295165394402
S024;211;gamma;1;0.388295165394402
S024;212;gamma;0;0.22346153846153846
S024;273;gamma;1;0.388295165394402
S024;274;gamma;0;0.388295165394402
S024;276;gamma;1;0.22346153846153846
S024;277;gamma;0;0.22346153846153846
S024;282;gamma;0;0.388295165394402
S024;285;gamma;0;0.08250401284109149
S024;299;gamma;0;0.12573402417962004
S024;362;gamma;0;0.08250401284109149
S024;364;gamma;1;0.388295165394402
S024;365;gamma;0;0.0
S024;372;gamma;1;0.388295165394402
S024;373;gamma;0;0.22346153846153846
S024;376;gamma;0;0.024315173899661435
S024;384;gamma;0;0.22346153846153846
S024;389;gamma;0;0.22346153846153846
S024;414;gamma;0;0.22346153846153846
S024;420;gamma;0;0.08250401284109149
S024;422;gamma;1;0.388295165394402
S024;423;gamma;0;0.12573402417962004
S024;429;gamma;1;0.388295165394402
S024;430;gamma;0;0.22346153846153846
S024;466;gamma;0;0.12573402417962004
S024;472;gamma;0;0.08250401284109149
S024;474;gamma;0;0.388295165394402
S024;490;gamma;0;0.016138855054811205
S024;493;gamma;1;0.388295165394402
S024;494;gamma;0;0.012066365007541479
S024;497;gamma;0;0.08250401284109149
S024;571;gamma;1;0.22346153846153846
S024;572;gamma;1;0.388295165394402
S024;573;gamma;0;0.388295165394402
S024;575;gamma;0;0.024315173899661435
S024;585;gamma;0;0.05337519623233909
S024;587;gamma;0;0.388295165394402
S024;589;gamma;0;0.12573402417962004
S024;592;gamma;0;0.05337519623233909
S024;596;gamma;0;0.388295165394402
S024;624;gamma;1;0.12573402417962004
S024;625;gamma;0;0.22346153846153846
S024;636;gamma;1;0.388295165394402
S024;637;gamma;0;0.388295165394402
S024;642;gamma;1;0.22346153846153846
S024;643;gamma;0;0.22346153846153846
S024;696;gamma;0;0.388295165394402
S024;698;gamma;1;0.22346153846153846
S024;699;gamma;1;0.388295165394402
S024;700;gamma;1;0.388295165394402
S024;701;gamma;0;0.12573402417962004
S024;730;gamma;0;0.22346153846153846
S024;734;gamma;1;0.388295165394402
S024;735;gamma;0;0.00029886431560071725
S024;858;gamma;1;0.388295165394402
S024;859;gamma;0;0.388295165394402
S024;865;gamma;0;0.12573402417962004
S024;895;gamma;1;0.388295165394402
S024;896;gamma;0;0.22346153846153846
S024;901;gamma;0;0.388295165394402
S024;917;gamma;0;0.08250401284109149
S024;963;gamma;0;0.388295165394402
S024;1090;gamma;0;0.388295165394402
S024;1092;gamma;1;0.22346153846153846
S024;1093;gamma;1;0.388295165394402
S024;1094;gamma;0;0.016138855054811205
S024;1096;gamma;1;0.388295165394402
S024;1097;gamma;1;0.388295165394402
S024;1098;gamma;0;0.388295165394402
S024;1104;gamma;0;0.22346153846153846
S024;1142;gamma;1;0.388295165394402
S024;1143;gamma;1;0.388295165394402
S024;1144;gamma;0;0.22346153846153846
S024;1146;gamma;0;0.12573402417962004
S024;1161;gamma;1;0.388295165394402
S024;1162;gamma;0;0.012066365007541479
S024;1193;gamma;1;0.22346153846153846
S024;1194;gamma;0;0.388295165394402
S024;1320;gamma;0;0.08250401284109149
S024;1337;gamma;0;0.388295165394402
S024;1345;gamma;1;0.388295165394402
S024;1346;gamma;0;0.08250401284109149
S024;1349;gamma;0;0.12573402417962004
S024;1353;gamma;0;0.05337519623233909
S024;1355;gamma;0;0.12573402417962004
S024;1359;gamma;1;0.388295165394402
S024;1360;gamma;0;0.388295165394402
S024;1362;gamma;0;0.388295165394402
S024;1375;gamma;0;0.016138855054811205
S024;1412;gamma;1;0.08250401284109149
S024;1413;gamma;0;0.08250401284109149
S025;39;gamma;1;0.388295165394402
S025;40;gamma;0;0.388295165394402
S025;107;gamma;0;0.08250401284109149
S025;182;gamma;0;0.22346153846153846
S025;249;gamma;0;0.388295165394402
S025;253;gamma;1;0.388295165394402
S025;254;gamma;1;0.388295165394402
S025;255;gamma;1;0.388295165394402
S025;256;gamma;0;0.388295165394402
S025;260;gamma;1;0.388295165394402
S025;261;gamma;0;0.22346153846153846
S025;332;gamma;1;0.22346153846153846
S025;333;gamma;0;0.22346153846153846
S025;339;gamma;0;0.12573402417962004
S025;345;gamma;0;0.08250401284109149
S025;347;gamma;0;0.08250401284109149
S025;440;gamma;0;0.388295165394402
S025;442;gamma;0;0.22346153846153846
S025;448;gamma;1;0.388295165394402
S025;449;gamma;0;0.388295165394402
S025;454;gamma;0;0.388295165394402
S025;464;gamma;1;0.22346153846153846
S025;465;gamma;0;0.12573402417962004
S025;484;gamma;1;0.12573402417962004
S025;485;gamma;1;0.388295165394402
S025;486;gamma;1;0.388295165394402
S025;487;gamma;0;0.12573402417962004
S025;527;gamma;0;0.22346153846153846
S025;532;gamma;1;0.22346153846153846
S025;533;gamma;0;0.388295165394402
S025;539;gamma;1;0.388295165394402
S025;540;gamma;1;0.388295165394402
S025;541;gamma;0;0.388295165394402
S025;545;gamma;0;0.12573402417962004
S025;586;gamma;0;0.388295165394402
S025;588;gamma;0;0.388295165394402
S025;590;gamma;1;0.388295165394402
S025;591;gamma;0;0.22346153846153846
S025;606;gamma;1;0.388295165394402
S025;607;gamma;0;0.388295165394402
S025;617;gamma;0;0.22346153846153846
S025;620;gamma;0;0.012066365007541479
S025;624;gamma;0;0.05337519623233909
S025;628;gamma;1;0.388295165394402
S025;629;gamma;0;0.22346153846153846
S025;632;gamma;1;0.22346153846153846
S025;633;gamma;0;0.012066365007541479
S025;645;gamma;1;0.22346153846153846
S025;646;gamma;0;0.388295165394402
S025;681;gamma;1;0.12573402417962004
S025;682;gamma;0;0.12573402417962004
S025;689;gamma;1;0.08250401284109149
S025;690;gamma;0;0.12573402417962004
S025;708;gamma;1;0.12573402417962004
S025;709;gamma;1;0.12573402417962004
S025;710;gamma;1;0.388295165394402
S025;711;gamma;1;0.22346153846153846
S025;712;gamma;0;0.22346153846153846
S025;718;gamma;0;0.388295165394402
S025;720;gamma;0;0.08250401284109149
S025;723;gamma;0;0.024315173899661435
S025;817;gamma;0;0.08250401284109149
S025;1019;gamma;1;0.388295165394402
S025;1020;gamma;0;0.08250401284109149
S025;1031;gamma;0;0.388295165394402
S025;1109;gamma;0;0.016138855054811205
S025;1112;gamma;0;0.22346153846153846
S025;1138;gamma;1;0.12573402417962004
S025;1139;gamma;0;0.22346153846153846
S025;1183;gamma;0;0.388295165394402
S025;1232;gamma;1;0.22346153846153846
S025;1233;gamma;1;0.388295165394402
S025;1234;gamma;1;0.388295165394402
S025;1235;gamma;0;0.22346153846153846
S026;13;gamma;0;0.0020858164481525627
S026;98;gamma;1;0.388295165394402
S026;99;gamma;0;0.388295165394402
S026;101;gamma;0;0.388295165394402
S026;105;gamma;1;0.388295165394402
S026;106;gamma;0;0.388295165394402
S026;108;gamma;0;0.22346153846153846
S026;110;gamma;0;0.12573402417962004
S026;121;gamma;0;0.388295165394402
S026;262;gamma;0;0.22346153846153846
S026;266;gamma;0;0.22346153846153846
S026;272;gamma;0;0.388295165394402
S026;274;gamma;1;0.388295165394402
S026;275;gamma;0;0.08250401284109149
S026;278;gamma;1;0.388295165394402
S026;279;gamma;0;0.22346153846153846
S026;444;gamma;1;0.024315173899661435
S026;445;gamma;0;0.012066365007541479
S026;450;gamma;0;0.024315173899661435
S026;545;gamma;0;0.12573402417962004
S026;548;gamma;1;0.388295165394402
S026;549;gamma;0;0.22346153846153846
S026;552;gamma;0;0.22346153846153846
S026;554;gamma;1;0.388295165394402
S026;555;gamma;0;0.22346153846153846
S026;559;gamma;0;0.22346153846153846
S026;589;gamma;1;0.016138855054811205
S026;590;gamma;0;0.12573402417962004
S026;592;gamma;1;0.22346153846153846
S026;593;gamma;0;0.388295165394402
S026;599;gamma;1;0.22346153846153846
S026;600;gamma;0;0.05337519623233909
S026;605;gamma;0;0.05337519623233909
S026;607;gamma;0;0.388295165394402
S026;609;gamma;0;0.388295165394402
S026;617;gamma;0;0.08250401284109149
S026;620;gamma;0;0.0020858164481525627
S026;672;gamma;1;0.22346153846153846
S026;673;gamma;0;0.12573402417962004
S026;681;gamma;1;0.388295165394402
S026;682;gamma;1;0.388295165394402
S026;683;gamma;1;0.388295165394402
S026;684;gamma;1;0.388295165394402
S026;685;gamma;0;0.08250401284109149
S026;687;gamma;0;0.0035949670461354103
S026;720;gamma;0;0.0020858164481525627
S026;814;gamma;1;0.388295165394402
S026;815;gamma;0;0.08250401284109149
S026;819;gamma;0;0.12573402417962004
S026;825;gamma;0;0.08250401284109149
S026;874;gamma;0;0.12573402417962004
S026;876;gamma;1;0.22346153846153846
S026;877;gamma;0;0.22346153846153846
S026;883;gamma;0;0.22346153846153846
S026;885;gamma;0;0.08250401284109149
S026;894;gamma;0;0.388295165394402
S026;901;gamma;0;0.12573402417962004
S026;905;gamma;1;0.22346153846153846
S026;906;gamma;0;0.22346153846153846
S026;979;gamma;0;0.388295165394402
S026;1045;gamma;0;0.388295165394402
S026;1048;gamma;1;0.12573402417962004
S026;1049;gamma;1;0.388295165394402
S026;1050;gamma;0;0.12573402417962004
S026;1053;gamma;0;0.388295165394402
S026;1057;gamma;1;0.388295165394402
S026;1058;gamma;1;0.388295165394402
S026;1059;gamma;0;0.024315173899661435
S026;1090;gamma;1;0.12573402417962004
S026;1091;gamma;0;0.22346153846153846
S026;1095;gamma;0;0.22346153846153846
S026;1098;gamma;0;0.388295165394402
S026;1159;gamma;0;0.08250401284109149
S026;1184;gamma;0;0.012066365007541479
S026;1186;gamma;0;0.08250401284109149
S026;1195;gamma;0;0.12573402417962004
S026;1200;gamma;0;0.12573402417962004
S026;1206;gamma;0;0.12573402417962004
S026;1216;gamma;0;0.388295165394402
S026;1218;gamma;0;0.22346153846153846
S026;1220;gamma;0;0.388295165394402
S026;1231;gamma;1;0.12573402417962004
S026;1232;gamma;0;0.08250401284109149
S026;1246;gamma;0;0.22346153846153846
S026;1253;gamma;1;0.388295165394402
S026;1254;gamma;0;0.22346153846153846
S026;1257;gamma;0;0.22346153846153846
S026;1324;gamma;0;0.12573402417962004
S026;1345;gamma;0;0.016138855054811205
S026;1355;gamma;0;0.016138855054811205
S026;1386;gamma;0;0.08250401284109149
S026;1390;gamma;0;0.0002990430622009569
S026;1398;gamma;1;0.388295165394402
S026;1399;gamma;0;0.388295165394402
S026;1413;gamma;0;0.024315173899661435
S026;1419;gamma;0;0.12573402417962004
S026;1421;gamma;0;0.08250401284109149
S027;1;gamma;1;0.388295165394402
S027;2;gamma;0;0.05337519623233909
S027;5;gamma;0;0.024315173899661435
S027;118;gamma;0;0.12573402417962004
S027;123;gamma;1;0.388295165394402
S027;124;gamma;0;0.22346153846153846
S027;126;gamma;0;0.08250401284109149
S027;130;gamma;1;0.388295165394402
S027;131;gamma;1;0.12573402417962004
S027;132;gamma;0;0.388295165394402
S027;142;gamma;0;0.05337519623233909
S027;443;gamma;0;0.388295165394402
S027;454;gamma;0;0.22346153846153846
S027;463;gamma;0;0.388295165394402
S027;560;gamma;0;0.388295165394402
S027;566;gamma;0;0.388295165394402
S027;586;gamma;0;0.388295165394402
S027;604;gamma;0;0.388295165394402
S027;610;gamma;0;0.22346153846153846
S027;647;gamma;0;0.016138855054811205
S027;741;gamma;1;0.388295165394402
S027;742;gamma;1;0.22346153846153846
S027;743;gamma;0;0.016138855054811205
S027;755;gamma;0;0.0023902001792650133
S027;768;gamma;0;0.004817825956037338
S027;771;gamma;0;0.22346153846153846
S027;780;gamma;0;0.388295165394402
S027;784;gamma;1;0.08250401284109149
S027;785;gamma;0;0.05337519623233909
S027;789;gamma;0;0.388295165394402
S027;794;gamma;0;0.016138855054811205
S027;796;gamma;0;0.05337519623233909
S027;843;gamma;0;0.388295165394402
S027;848;gamma;0;0.388295165394402
S027;850;gamma;0;0.0035949670461354103
S027;996;gamma;0;0.05337519623233909
S027;1089;gamma;0;0.22346153846153846
S027;1220;gamma;0;0.024315173899661435
S027;1230;gamma;0;0.012066365007541479
S027;1234;gamma;0;0.388295165394402
S027;1236;gamma;1;0.388295165394402
S027;1237;gamma;0;0.05337519623233909
S027;1348;gamma;0;0.388295165394402
S027;1369;gamma;0;0.12573402417962004
S027;1392;gamma;0;0.388295165394402
S027;1414;gamma;0;0.388295165394402
S027;1416;gamma;0;0.22346153846153846
S027;1422;gamma;0;0.024315173899661435
S027;1425;gamma;1;0.016138855054811205
S027;1426;gamma;1;0.024315173899661435
S027;1427;gamma;1;0.388295165394402
S027;1428;gamma;0;0.12573402417962004
S028;4;gamma;0;0.004817825956037338
S028;236;gamma;1;0.388295165394402
S028;237;gamma;0;0.388295165394402
S028;239;gamma;0;0.388295165394402
S028;331;gamma;1;0.388295165394402
S028;332;gamma;0;0.388295165394402
S028;335;gamma;0;0.08250401284109149
S028;383;gamma;0;0.004817825956037338
S028;500;gamma;0;0.388295165394402
S028;524;gamma;1;0.12573402417962004
S028;525;gamma;1;0.388295165394402
S028;526;gamma;0;0.05337519623233909
S028;532;gamma;0;0.388295165394402
S028;578;gamma;0;0.12573402417962004
S028;581;gamma;0;0.12573402417962004
S028;584;gamma;0;0.08250401284109149
S028;587;gamma;1;0.388295165394402
S028;588;gamma;0;0.12573402417962004
S028;602;gamma;1;0.05337519623233909
S028;603;gamma;0;0.08250401284109149
S028;615;gamma;1;0.12573402417962004
S028;616;gamma;1;0.12573402417962004
S028;617;gamma;0;0.388295165394402
S028;619;gamma;1;0.388295165394402
S028;620;gamma;0;0.004817825956037338
S028;635;gamma;0;0.12573402417962004
S028;649;gamma;0;0.12573402417962004
S028;653;gamma;0;0.388295165394402
S028;666;gamma;1;0.22346153846153846
S028;667;gamma;0;0.05337519623233909
S028;669;gamma;0;0.024315173899661435
S028;686;gamma;1;0.22346153846153846
S028;687;gamma;0;0.388295165394402
S028;697;gamma;1;0.22346153846153846
S028;698;gamma;0;0.12573402417962004
S028;700;gamma;0;0.012066365007541479
S028;707;gamma;0;0.388295165394402
S028;766;gamma;0;0.388295165394402
S028;790;gamma;0;0.388295165394402
S028;971;gamma;0;0.388295165394402
S028;973;gamma;1;0.388295165394402
S028;974;gamma;0;0.388295165394402
S028;1216;gamma;0;0.12573402417962004
S028;1235;gamma;0;0.388295165394402
S028;1237;gamma;1;0.08250401284109149
S028;1238;gamma;1;0.12573402417962004
S028;1239;gamma;0;0.22346153846153846
S028;1241;gamma;0;0.22346153846153846
S028;1423;gamma;0;0.05337519623233909
S029;50;gamma;0;0.388295165394402
S029;53;gamma;0;0.22346153846153846
S029;90;gamma;0;0.08250401284109149
S029;92;gamma;0;0.016138855054811205
S029;95;gamma;0;0.22346153846153846
S029;166;gamma;0;0.22346153846153846
S029;169;gamma;0;0.388295165394402
S029;171;gamma;0;0.22346153846153846
S029;240;gamma;1;0.388295165394402
S029;241;gamma;0;0.388295165394402
S029;243;gamma;0;0.12573402417962004
S029;248;gamma;0;0.22346153846153846
S029;250;gamma;0;0.388295165394402
S029;252;gamma;0;0.388295165394402
S029;259;gamma;1;0.22346153846153846
S029;260;gamma;0;0.388295165394402
S029;271;gamma;0;0.12573402417962004
S029;276;gamma;1;0.388295165394402
S029;277;gamma;0;0.388295165394402
S029;329;gamma;0;0.05337519623233909
S029;350;gamma;1;0.388295165394402
S029;351;gamma;0;0.22346153846153846
S029;355;gamma;0;0.024315173899661435
S029;360;gamma;0;0.012066365007541479
S029;364;gamma;0;0.12573402417962004
S029;377;gamma;0;0.08250401284109149
S029;385;gamma;0;0.12573402417962004
S029;543;gamma;0;0.12573402417962004
S029;564;gamma;0;0.388295165394402
S029;585;gamma;1;0.08250401284109149
S029;586;gamma;0;0.388295165394402
S029;588;gamma;0;0.388295165394402
S029;590;gamma;0;0.22346153846153846
S029;593;gamma;0;0.388295165394402
S029;595;gamma;0;0.22346153846153846
S029;649;gamma;0;0.024315173899661435
S029;666;gamma;0;0.024315173899661435
S029;869;gamma;0;0.12573402417962004
S029;872;gamma;1;0.388295165394402
S029;873;gamma;0;0.388295165394402
S029;909;gamma;0;0.08250401284109149
S029;917;gamma;1;0.12573402417962004
S029;918;gamma;0;0.22346153846153846
S029;941;gamma;1;0.388295165394402
S029;942;gamma;0;0.388295165394402
S029;1005;gamma;1;0.22346153846153846
S029;1006;gamma;1;0.388295165394402
S029;1007;gamma;1;0.388295165394402
S029;1008;gamma;0;0.22346153846153846
S029;1015;gamma;0;0.05337519623233909
S029;1027;gamma;0;0.22346153846153846
S029;1110;gamma;0;0.12573402417962004
S029;1112;gamma;0;0.22346153846153846
S029;1116;gamma;1;0.22346153846153846
S029;1117;gamma;0;0.388295165394402
S029;1121;gamma;0;0.388295165394402
S029;1149;gamma;0;0.016138855054811205
S029;1156;gamma;0;0.22346153846153846
S029;1252;gamma;0;0.22346153846153846
S029;1254;gamma;0;0.388295165394402
S029;1363;gamma;0;0.012066365007541479
S029;1365;gamma;0;0.388295165394402
S029;1369;gamma;1;0.004817825956037338
S029;1370;gamma;0;0.003290457672749028
S029;1377;gamma;1;0.12573402417962004
S029;1378;gamma;0;0.22346153846153846
S029;1380;gamma;1;0.22346153846153846
S029;1381;gamma;0;0.08250401284109149
S029;1383;gamma;0;0.08250401284109149
S029;1405;gamma;1;0.08250401284109149
S029;1406;gamma;0;0.12573402417962004
S029;1410;gamma;0;0.05337519623233909
S029;1416;gamma;1;0.024315173899661435
S029;1417;gamma;0;0.388295165394402
S029;1419;gamma;0;0.003290457672749028
S029;1428;gamma;1;0.08250401284109149
S029;1429;gamma;0;0.016138855054811205
S030;2;gamma;1;0.388295165394402
S030;3;gamma;0;0.22346153846153846
S030;36;gamma;0;0.22346153846153846
S030;60;gamma;0;0.22346153846153846
S030;101;gamma;0;0.388295165394402
S030;115;gamma;0;0.22346153846153846
S030;144;gamma;0;0.08250401284109149
S030;153;gamma;0;0.22346153846153846
S030;270;gamma;0;0.388295165394402
S030;272;gamma;0;0.388295165394402
S030;305;gamma;1;0.388295165394402
S030;306;gamma;0;0.12573402417962004
S030;309;gamma;0;0.388295165394402
S030;314;gamma;0;0.012066365007541479
S030;323;gamma;1;0.12573402417962004
S030;324;gamma;0;0.016138855054811205
S030;331;gamma;0;0.08250401284109149
S030;337;gamma;0;0.388295165394402
S030;347;gamma;0;0.08250401284109149
S030;350;gamma;0;0.12573402417962004
S030;370;gamma;0;0.22346153846153846
S030;653;gamma;1;0.388295165394402
S030;654;gamma;0;0.388295165394402
S030;686;gamma;1;0.388295165394402
S030;687;gamma;0;0.388295165394402
S030;689;gamma;0;0.22346153846153846
S030;692;gamma;0;0.22346153846153846
S030;695;gamma;0;0.012066365007541479
S030;744;gamma;0;0.388295165394402
S030;746;gamma;1;0.388295165394402
S030;747;gamma;0;0.05337519623233909
S030;751;gamma;0;0.05337519623233909
S030;755;gamma;1;0.388295165394402
S030;756;gamma;0;0.12573402417962004
S030;817;gamma;0;0.12573402417962004
S030;822;gamma;0;0.22346153846153846
S030;826;gamma;0;0.024315173899661435
S030;990;gamma;1;0.22346153846153846
S030;991;gamma;0;0.388295165394402
S030;993;gamma;0;0.388295165394402
S030;1180;gamma;0;0.12573402417962004
S030;1188;gamma;0;0.388295165394402
S030;1194;gamma;1;0.388295165394402
S030;1195;gamma;0;0.12573402417962004
S030;1201;gamma;0;0.22346153846153846
S030;1203;gamma;0;0.22346153846153846
S030;1225;gamma;0;0.05337519623233909
S030;1230;gamma;0;0.22346153846153846
S030;1232;gamma;0;0.388295165394402
S030;1234;gamma;1;0.016138855054811205
S030;1235;gamma;0;0.12573402417962004
S030;1252;gamma;1;0.388295165394402
S030;1253;gamma;1;0.22346153846153846
S030;1254;gamma;0;0.12573402417962004
S031;27;gamma;0;0.22346153846153846
S031;29;gamma;0;0.22346153846153846
S031;83;gamma;1;0.388295165394402
S031;84;gamma;1;0.388295165394402
S031;85;gamma;0;0.08250401284109149
S031;91;gamma;0;0.388295165394402
S031;93;gamma;0;0.08250401284109149
S031;99;gamma;0;0.22346153846153846
S031;102;gamma;0;0.388295165394402
S031;105;gamma;0;0.388295165394402
S031;110;gamma;1;0.388295165394402
S031;111;gamma;0;0.05337519623233909
S031;137;gamma;1;0.22346153846153846
S031;138;gamma;0;0.388295165394402
S031;141;gamma;1;0.388295165394402
S031;142;gamma;1;0.388295165394402
S031;143;gamma;0;0.024315173899661435
S031;145;gamma;0;0.22346153846153846
S031;147;gamma;0;0.08250401284109149
S031;275;gamma;0;0.12573402417962004
S031;284;gamma;0;0.388295165394402
S031;286;gamma;0;0.22346153846153846
S031;289;gamma;0;0.388295165394402
S031;294;gamma;0;0.22346153846153846
S031;298;gamma;1;0.388295165394402
S031;299;gamma;1;0.12573402417962004
S031;300;gamma;1;0.12573402417962004
S031;301;gamma;1;0.12573402417962004
S031;302;gamma;1;0.388295165394402
S031;303;gamma;0;0.016138855054811205
S031;322;gamma;0;0.024315173899661435
S031;357;gamma;0;0.016138855054811205
S031;462;gamma;0;0.12573402417962004
S031;465;gamma;0;0.388295165394402
S031;467;gamma;0;0.388295165394402
S031;535;gamma;1;0.388295165394402
S031;536;gamma;1;0.388295165394402
S031;537;gamma;0;0.12573402417962004
S031;540;gamma;0;0.388295165394402
S031;544;gamma;0;0.12573402417962004
S031;554;gamma;1;0.388295165394402
S031;555;gamma;1;0.388295165394402
S031;556;gamma;1;0.388295165394402
S031;557;gamma;1;0.388295165394402
S031;558;gamma;0;0.22346153846153846
S031;561;gamma;0;0.12573402417962004
S031;569;gamma;0;0.05337519623233909
S031;575;gamma;0;0.12573402417962004
S031;577;gamma;0;0.22346153846153846
S031;582;gamma;0;0.22346153846153846
S031;606;gamma;1;0.388295165394402
S031;607;gamma;1;0.12573402417962004
S031;608;gamma;1;0.388295165394402
S031;609;gamma;1;0.388295165394402
S031;610;gamma;0;0.0035949670461354103
S031;630;gamma;0;0.22346153846153846
S031;689;gamma;1;0.388295165394402
S031;690;gamma;0;0.016138855054811205
S031;693;gamma;1;0.388295165394402
S031;694;gamma;0;0.388295165394402
S031;699;gamma;0;0.22346153846153846
S031;701;gamma;0;0.22346153846153846
S031;703;gamma;0;0.12573402417962004
S031;821;gamma;0;0.08250401284109149
S031;823;gamma;1;0.22346153846153846
S031;824;gamma;0;0.22346153846153846
S031;834;gamma;0;0.12573402417962004
S031;914;gamma;0;0.388295165394402
S031;924;gamma;0;0.388295165394402
S031;926;gamma;1;0.388295165394402
S031;927;gamma;1;0.388295165394402
S031;928;gamma;0;0.388295165394402
S031;932;gamma;0;0.12573402417962004
S031;939;gamma;1;0.388295165394402
S031;940;gamma;1;0.388295165394402
S031;941;gamma;0;0.05337519623233909
S031;1021;gamma;0;0.22346153846153846
S031;1111;gamma;0;0.388295165394402
S031;1113;gamma;0;0.388295165394402
S031;1121;gamma;0;0.004817825956037338
S031;1126;gamma;1;0.388295165394402
S031;1127;gamma;0;0.12573402417962004
S031;1129;gamma;1;0.388295165394402
S031;1130;gamma;0;0.22346153846153846
S031;1216;gamma;0;0.22346153846153846
S031;1320;gamma;1;0.388295165394402
S031;1321;gamma;0;0.08250401284109149
S032;191;gamma;0;0.12573402417962004
S032;246;gamma;0;0.22346153846153846
S032;257;gamma;0;0.388295165394402
S032;264;gamma;0;0.388295165394402
S032;266;gamma;1;0.388295165394402
S032;267;gamma;0;0.22346153846153846
S032;274;gamma;0;0.388295165394402
S032;276;gamma;0;0.12573402417962004
S032;284;gamma;0;0.12573402417962004
S032;287;gamma;0;0.12573402417962004
S032;354;gamma;0;0.22346153846153846
S032;465;gamma;0;0.22346153846153846
S032;470;gamma;1;0.388295165394402
S032;471;gamma;1;0.12573402417962004
S032;472;gamma;1;0.22346153846153846
S032;473;gamma;1;0.388295165394402
S032;474;gamma;1;0.388295165394402
S032;475;gamma;0;0.388295165394402
S032;481;gamma;0;0.12573402417962004
S032;489;gamma;0;0.05337519623233909
S032;501;gamma;1;0.12573402417962004
S032;502;gamma;1;0.05337519623233909
S032;503;gamma;0;0.012066365007541479
S032;505;gamma;0;0.388295165394402
S032;507;gamma;1;0.388295165394402
S032;508;gamma;1;0.22346153846153846
S032;509;gamma;1;0.388295165394402
S032;510;gamma;0;0.00029886431560071725
S032;667;gamma;0;0.388295165394402
S032;671;gamma;0;0.388295165394402
S032;675;gamma;0;0.05337519623233909
S032;710;gamma;0;0.22346153846153846
S032;715;gamma;0;0.22346153846153846
S032;720;gamma;0;0.12573402417962004
S032;722;gamma;0;0.388295165394402
S032;730;gamma;0;0.05337519623233909
S032;733;gamma;0;0.024315173899661435
S032;755;gamma;1;0.388295165394402
S032;756;gamma;1;0.12573402417962004
S032;757;gamma;1;0.08250401284109149
S032;758;gamma;0;0.05337519623233909
S032;809;gamma;1;0.12573402417962004
S032;810;gamma;1;0.388295165394402
S032;811;gamma;0;0.388295165394402
S032;814;gamma;1;0.22346153846153846
S032;815;gamma;0;0.388295165394402
S032;846;gamma;1;0.12573402417962004
S032;847;gamma;1;0.12573402417962004
S032;848;gamma;1;0.388295165394402
S032;849;gamma;1;0.388295165394402
S032;850;gamma;0;0.388295165394402
S032;852;gamma;0;0.388295165394402
S032;889;gamma;0;0.12573402417962004
S032;898;gamma;0;0.388295165394402
S032;900;gamma;0;0.024315173899661435
S032;903;gamma;0;0.22346153846153846
S032;908;gamma;0;0.388295165394402
S032;1006;gamma;1;0.22346153846153846
S032;1007;gamma;1;0.388295165394402
S032;1008;gamma;0;0.22346153846153846
S032;1171;gamma;1;0.388295165394402
S032;1172;gamma;1;0.22346153846153846
S032;1173;gamma;0;0.08250401284109149
S032;1176;gamma;0;0.388295165394402
S032;1184;gamma;0;0.22346153846153846
S032;1200;gamma;0;0.05337519623233909
S032;1216;gamma;0;0.05337519623233909
S032;1323;gamma;1;0.22346153846153846
S032;1324;gamma;0;0.388295165394402
S032;1333;gamma;0;0.12573402417962004
S032;1424;gamma;0;0.016138855054811205
S033;1;gamma;0;0.22346153846153846
S033;9;gamma;1;0.05337519623233909
S033;10;gamma;0;0.08250401284109149
S033;49;gamma;1;0.22346153846153846
S033;50;gamma;0;0.12573402417962004
S033;56;gamma;0;0.12573402417962004
S033;58;gamma;1;0.22346153846153846
S033;59;gamma;0;0.388295165394402
S033;92;gamma;1;0.388295165394402
S033;93;gamma;1;0.05337519623233909
S033;94;gamma;0;0.012066365007541479
S033;193;gamma;0;0.388295165394402
S033;216;gamma;1;0.388295165394402
S033;217;gamma;0;0.05337519623233909
S033;273;gamma;0;0.388295165394402
S033;275;gamma;0;0.22346153846153846
S033;280;gamma;0;0.22346153846153846
S033;288;gamma;0;0.024315173899661435
S033;290;gamma;0;0.12573402417962004
S033;478;gamma;1;0.388295165394402
S033;479;gamma;0;0.22346153846153846
S033;482;gamma;0;0.22346153846153846
S033;484;gamma;1;0.388295165394402
S033;485;gamma;1;0.388295165394402
S033;486;gamma;1;0.388295165394402
S033;487;gamma;0;0.12573402417962004
S033;678;gamma;0;0.05337519623233909
S033;724;gamma;1;0.388295165394402
S033;725;gamma;1;0.388295165394402
S033;726;gamma;1;0.22346153846153846
S033;727;gamma;0;0.22346153846153846
S033;729;gamma;0;0.388295165394402
S033;905;gamma;1;0.388295165394402
S033;906;gamma;0;0.22346153846153846
S033;909;gamma;1;0.12573402417962004
S033;910;gamma;0;0.22346153846153846
S033;915;gamma;0;0.388295165394402
S033;917;gamma;0;0.388295165394402
S033;922;gamma;0;0.08250401284109149
S033;1173;gamma;0;0.05337519623233909
S033;1256;gamma;1;0.388295165394402
S033;1257;gamma;1;0.388295165394402
S033;1320;gamma;0;0.12573402417962004
S033;1438;gamma;0;0.388295165394402
S034;1;gamma;0;0.12573402417962004
S034;63;gamma;0;0.22346153846153846
S034;72;gamma;0;0.22346153846153846
S034;84;gamma;0;0.22346153846153846
S034;146;gamma;1;0.388295165394402
S034;147;gamma;0;0.388295165394402
S034;150;gamma;0;0.388295165394402
S034;331;gamma;1;0.388295165394402
S034;332;gamma;0;0.024315173899661435
S034;411;gamma;0;0.08250401284109149
S034;416;gamma;0;0.12573402417962004
S034;420;gamma;0;0.05337519623233909
S034;458;gamma;1;0.12573402417962004
S034;459;gamma;0;0.12573402417962004
S034;475;gamma;0;0.388295165394402
S034;483;gamma;0;0.22346153846153846
S034;599;gamma;0;0.12573402417962004
S034;601;gamma;0;0.12573402417962004
S034;604;gamma;1;0.22346153846153846
S034;605;gamma;0;0.388295165394402
S034;706;gamma;1;0.388295165394402
S034;707;gamma;0;0.388295165394402
S034;709;gamma;0;0.22346153846153846
S034;712;gamma;0;0.22346153846153846
S034;717;gamma;0;0.22346153846153846
S034;725;gamma;0;0.0020858164481525627
S034;731;gamma;0;0.00029886431560071725
S034;746;gamma;0;0.0035949670461354103
S034;749;gamma;1;0.05337519623233909
S034;750;gamma;1;0.024315173899661435
S034;751;gamma;0;0.0002984183825723665
S034;762;gamma;1;0.08250401284109149
S034;763;gamma;0;0.12573402417962004
S034;788;gamma;1;0.388295165394402
S034;789;gamma;0;0.016138855054811205
S034;794;gamma;1;0.12573402417962004
S034;795;gamma;0;0.388295165394402
S034;801;gamma;0;0.0023902001792650133
S034;807;gamma;1;0.22346153846153846
S034;808;gamma;0;0.388295165394402
S034;814;gamma;1;0.388295165394402
S034;815;gamma;0;0.016138855054811205
S034;906;gamma;0;0.22346153846153846
S034;934;gamma;1;0.388295165394402
S034;935;gamma;1;0.388295165394402
S034;936;gamma;1;0.12573402417962004
S034;937;gamma;1;0.388295165394402
S034;938;gamma;0;0.388295165394402
S034;1024;gamma;1;0.388295165394402
S034;1025;gamma;0;0.388295165394402
S034;1028;gamma;0;0.388295165394402
S034;1113;gamma;0;0.388295165394402
S034;1115;gamma;1;0.388295165394402
S034;1116;gamma;0;0.12573402417962004
S034;1119;gamma;1;0.12573402417962004
S034;1120;gamma;1;0.22346153846153846
S034;1121;gamma;0;0.08250401284109149
S034;1146;gamma;1;0.08250401284109149
S034;1147;gamma;1;0.388295165394402
S034;1148;gamma;0;0.388295165394402
S034;1151;gamma;1;0.22346153846153846
S034;1152;gamma;0;0.12573402417962004
S034;1231;gamma;0;0.12573402417962004
S034;1356;gamma;0;0.388295165394402
S034;1391;gamma;0;0.388295165394402
S034;1425;gamma;0;0.016138855054811205
S034;1430;gamma;1;0.08250401284109149
S034;1431;gamma;0;0.024315173899661435
S034;1433;gamma;0;0.12573402417962004
S035;254;gamma;0;0.388295165394402
S035;258;gamma;1;0.388295165394402
S035;259;gamma;1;0.388295165394402
S035;260;gamma;1;0.12573402417962004
S035;261;gamma;1;0.388295165394402
S035;262;gamma;1;0.08250401284109149
S035;263;gamma;0;0.12573402417962004
S035;289;gamma;0;0.12573402417962004
S035;291;gamma;0;0.388295165394402
S035;338;gamma;1;0.12573402417962004
S035;339;gamma;1;0.08250401284109149
S035;340;gamma;0;0.12573402417962004
S035;365;gamma;0;0.05337519623233909
S035;393;gamma;0;0.388295165394402
S035;406;gamma;1;0.12573402417962004
S035;407;gamma;0;0.388295165394402
S035;607;gamma;1;0.388295165394402
S035;608;gamma;1;0.22346153846153846
S035;609;gamma;0;0.22346153846153846
S035;611;gamma;0;0.22346153846153846
S035;636;gamma;1;0.388295165394402
S035;637;gamma;0;0.08250401284109149
S035;645;gamma;0;0.05337519623233909
S035;653;gamma;1;0.22346153846153846
S035;654;gamma;1;0.388295165394402
S035;655;gamma;1;0.388295165394402
S035;656;gamma;1;0.08250401284109149
S035;657;gamma;1;0.22346153846153846
S035;658;gamma;1;0.388295165394402
S035;659;gamma;0;0.22346153846153846
S035;664;gamma;1;0.024315173899661435
S035;665;gamma;1;0.22346153846153846
S035;666;gamma;0;0.388295165394402
S035;691;gamma;0;0.05337519623233909
S035;723;gamma;0;0.024315173899661435
S035;740;gamma;0;0.12573402417962004
S035;862;gamma;1;0.388295165394402
S035;863;gamma;0;0.388295165394402
S035;865;gamma;0;0.08250401284109149
S035;933;gamma;1;0.388295165394402
S035;934;gamma;0;0.388295165394402
S035;966;gamma;0;0.388295165394402
S035;968;gamma;0;0.388295165394402
S035;1001;gamma;0;0.05337519623233909
S035;1010;gamma;0;0.388295165394402
S035;1014;gamma;0;0.08250401284109149
S035;1021;gamma;0;0.12573402417962004
S035;1023;gamma;0;0.22346153846153846
S035;1025;gamma;1;0.388295165394402
S035;1026;gamma;0;0.22346153846153846
S035;1034;gamma;0;0.024315173899661435
S035;1115;gamma;1;0.22346153846153846
S035;1116;gamma;0;0.12573402417962004
S035;1125;gamma;0;0.388295165394402
S035;1128;gamma;0;0.388295165394402
S035;1137;gamma;1;0.388295165394402
S035;1138;gamma;0;0.388295165394402
S035;1141;gamma;0;0.05337519623233909
S035;1169;gamma;1;0.388295165394402
S035;1170;gamma;0;0.12573402417962004
S035;1174;gamma;0;0.388295165394402
S035;1179;gamma;0;0.22346153846153846
S035;1181;gamma;0;0.12573402417962004
S035;1202;gamma;0;0.388295165394402
S035;1233;gamma;0;0.12573402417962004
S035;1253;gamma;0;0.012066365007541479
S036;20;gamma;0;0.22346153846153846
S036;30;gamma;1;0.388295165394402
S036;31;gamma;0;0.05337519623233909
S036;120;gamma;0;0.22346153846153846
S036;128;gamma;0;0.388295165394402
S036;138;gamma;0;0.12573402417962004
S036;144;gamma;1;0.388295165394402
S036;145;gamma;1;0.388295165394402
S036;146;gamma;1;0.12573402417962004
S036;147;gamma;0;0.004817825956037338
S036;152;gamma;1;0.12573402417962004
S036;153;gamma;0;0.388295165394402
S036;155;gamma;0;0.388295165394402
S036;158;gamma;0;0.388295165394402
S036;225;gamma;1;0.12573402417962004
S036;226;gamma;0;0.388295165394402
S036;298;gamma;0;0.388295165394402
S036;354;gamma;0;0.22346153846153846
S036;394;gamma;1;0.024315173899661435
S036;395;gamma;0;0.22346153846153846
S036;413;gamma;1;0.388295165394402
S036;414;gamma;0;0.388295165394402
S036;421;gamma;0;0.12573402417962004
S036;493;gamma;0;0.388295165394402
S036;496;gamma;0;0.22346153846153846
S036;519;gamma;1;0.388295165394402
S036;520;gamma;0;0.22346153846153846
S036;522;gamma;1;0.22346153846153846
S036;523;gamma;0;0.08250401284109149
S036;529;gamma;0;0.12573402417962004
S036;532;gamma;0;0.22346153846153846
S036;534;gamma;0;0.388295165394402
S036;541;gamma;0;0.05337519623233909
S036;546;gamma;1;0.388295165394402
S036;547;gamma;0;0.22346153846153846
S036;549;gamma;0;0.12573402417962004
S036;557;gamma;0;0.388295165394402
S036;595;gamma;0;0.388295165394402
S036;597;gamma;0;0.388295165394402
S036;612;gamma;0;0.388295165394402
S036;614;gamma;0;0.388295165394402
S036;700;gamma;0;0.12573402417962004
S036;739;gamma;0;0.12573402417962004
S036;741;gamma;1;0.22346153846153846
S036;742;gamma;0;0.22346153846153846
S036;876;gamma;1;0.388295165394402
S036;877;gamma;0;0.388295165394402
S036;881;gamma;0;0.08250401284109149
S036;888;gamma;1;0.388295165394402
S036;889;gamma;0;0.08250401284109149
S036;903;gamma;0;0.388295165394402
S036;907;gamma;0;0.22346153846153846
S036;927;gamma;0;0.388295165394402
S036;935;gamma;0;0.12573402417962004
S036;967;gamma;1;0.22346153846153846
S036;968;gamma;1;0.388295165394402
S036;969;gamma;1;0.22346153846153846
S036;970;gamma;0;0.08250401284109149
S036;975;gamma;1;0.22346153846153846
S036;976;gamma;0;0.388295165394402
S036;979;gamma;1;0.22346153846153846
S036;980;gamma;0;0.08250401284109149
S036;982;gamma;1;0.22346153846153846
S036;983;gamma;0;0.22346153846153846
S036;1013;gamma;0;0.22346153846153846
S036;1018;gamma;0;0.08250401284109149
S036;1020;gamma;0;0.05337519623233909
S036;1038;gamma;0;0.08250401284109149
S036;1040;gamma;0;0.00029886431560071725
S036;1089;gamma;0;0.08250401284109149
S036;1094;gamma;1;0.388295165394402
S036;1095;gamma;0;0.08250401284109149
S036;1321;gamma;0;0.22346153846153846
S036;1361;gamma;1;0.388295165394402
S036;1362;gamma;0;0.22346153846153846
S036;1378;gamma;1;0.388295165394402
S036;1379;gamma;0;0.12573402417962004
S036;1386;gamma;1;0.12573402417962004
S036;1387;gamma;0;0.388295165394402
S036;1401;gamma;0;0.22346153846153846
S036;1403;gamma;0;0.12573402417962004
S036;1424;gamma;0;0.22346153846153846
S036;1429;gamma;0;0.22346153846153846
S036;1431;gamma;0;0.388295165394402
S037;46;gamma;1;0.388295165394402
S037;47;gamma;0;0.388295165394402
S037;52;gamma;0;0.22346153846153846
S037;96;gamma;1;0.388295165394402
S037;97;gamma;0;0.388295165394402
S037;101;gamma;0;0.12573402417962004
S037;185;gamma;0;0.388295165394402
S037;187;gamma;0;0.388295165394402
S037;206;gamma;0;0.388295165394402
S037;256;gamma;0;0.22346153846153846
S037;259;gamma;0;0.12573402417962004
S037;262;gamma;1;0.388295165394402
S037;263;gamma;1;0.388295165394402
S037;264;gamma;0;0.22346153846153846
S037;312;gamma;0;0.22346153846153846
S037;317;gamma;0;0.22346153846153846
S037;340;gamma;1;0.388295165394402
S037;341;gamma;0;0.22346153846153846
S037;353;gamma;0;0.12573402417962004
S037;359;gamma;0;0.22346153846153846
S037;378;gamma;0;0.388295165394402
S037;380;gamma;0;0.08250401284109149
S037;386;gamma;0;0.388295165394402
S037;406;gamma;1;0.388295165394402
S037;407;gamma;0;0.22346153846153846
S037;409;gamma;0;0.22346153846153846
S037;414;gamma;0;0.05337519623233909
S037;418;gamma;0;0.22346153846153846
S037;433;gamma;0;0.388295165394402
S037;436;gamma;0;0.388295165394402
S037;502;gamma;0;0.388295165394402
S037;632;gamma;0;0.22346153846153846
S037;634;gamma;0;0.388295165394402
S037;637;gamma;1;0.388295165394402
S037;638;gamma;0;0.08250401284109149
S037;644;gamma;0;0.0014903129657228018
S037;782;gamma;0;0.22346153846153846
S037;800;gamma;0;0.08250401284109149
S037;874;gamma;0;0.12573402417962004
S037;886;gamma;1;0.388295165394402
S037;887;gamma;0;0.22346153846153846
S037;890;gamma;0;0.22346153846153846
S037;900;gamma;1;0.388295165394402
S037;901;gamma;1;0.22346153846153846
S037;902;gamma;0;0.388295165394402
S037;909;gamma;1;0.12573402417962004
S037;910;gamma;1;0.388295165394402
S037;911;gamma;0;0.12573402417962004
S037;915;gamma;0;0.12573402417962004
S037;938;gamma;0;0.12573402417962004
S037;1071;gamma;0;0.22346153846153846
S037;1347;gamma;0;0.012066365007541479
S037;1377;gamma;0;0.12573402417962004
S038;18;gamma;0;0.12573402417962004
S038;289;gamma;0;0.388295165394402
S038;291;gamma;1;0.22346153846153846
S038;292;gamma;1;0.388295165394402
S038;293;gamma;0;0.388295165394402
S038;442;gamma;0;0.22346153846153846
S038;476;gamma;0;0.388295165394402
S038;481;gamma;0;0.388295165394402
S038;483;gamma;0;0.22346153846153846
S038;486;gamma;0;0.22346153846153846
S038;489;gamma;1;0.388295165394402
S038;490;gamma;0;0.388295165394402
S038;547;gamma;0;0.12573402417962004
S038;549;gamma;0;0.12573402417962004
S038;655;gamma;0;0.0035949670461354103
S038;773;gamma;0;0.388295165394402
S038;782;gamma;0;0.388295165394402
S038;791;gamma;0;0.22346153846153846
S038;801;gamma;0;0.388295165394402
S038;817;gamma;0;0.22346153846153846
S038;819;gamma;0;0.016138855054811205
S038;825;gamma;0;0.08250401284109149
S038;832;gamma;0;0.12573402417962004
S038;951;gamma;0;0.388295165394402
S038;1031;gamma;1;0.388295165394402
S038;1032;gamma;0;0.388295165394402
S038;1047;gamma;0;0.22346153846153846
S038;1156;gamma;0;0.388295165394402
S038;1320;gamma;0;0.22346153846153846
S038;1325;gamma;0;0.05337519623233909
S038;1336;gamma;1;0.388295165394402
S038;1337;gamma;0;0.22346153846153846
S038;1341;gamma;0;0.388295165394402
S038;1343;gamma;1;0.388295165394402
S038;1344;gamma;1;0.12573402417962004
S038;1345;gamma;0;0.388295165394402
S038;1349;gamma;0;0.12573402417962004
S039;80;gamma;0;0.22346153846153846
S039;84;gamma;0;0.22346153846153846
S039;87;gamma;0;0.388295165394402
S039;90;gamma;0;0.12573402417962004
S039;150;gamma;0;0.004817825956037338
S039;300;gamma;0;0.388295165394402
S039;304;gamma;0;0.016138855054811205
S039;335;gamma;1;0.388295165394402
S039;336;gamma;0;0.05337519623233909
S039;338;gamma;0;0.12573402417962004
S039;371;gamma;0;0.388295165394402
S039;427;gamma;0;0.388295165394402
S039;455;gamma;0;0.388295165394402
S039;474;gamma;0;0.05337519623233909
S039;584;gamma;1;0.12573402417962004
S039;585;gamma;0;0.22346153846153846
S039;591;gamma;0;0.388295165394402
S039;751;gamma;0;0.016138855054811205
S039;768;gamma;0;0.0023902001792650133
S039;816;gamma;0;0.388295165394402
S039;911;gamma;0;0.22346153846153846
S039;1019;gamma;0;0.388295165394402
S039;1022;gamma;1;0.388295165394402
S039;1023;gamma;0;0.388295165394402
S039;1115;gamma;1;0.388295165394402
S039;1116;gamma;0;0.12573402417962004
S039;1118;gamma;0;0.388295165394402
S039;1129;gamma;0;0.08250401284109149
S039;1132;gamma;0;0.388295165394402
S039;1141;gamma;0;0.024315173899661435
S039;1162;gamma;0;0.388295165394402
S039;1193;gamma;0;0.003290457672749028
S039;1213;gamma;1;0.388295165394402
S039;1214;gamma;0;0.12573402417962004
S039;1220;gamma;1;0.388295165394402
S039;1221;gamma;0;0.388295165394402
S039;1224;gamma;0;0.22346153846153846
S039;1337;gamma;0;0.388295165394402
S039;1340;gamma;0;0.22346153846153846
S039;1343;gamma;0;0.22346153846153846
S039;1354;gamma;0;0.388295165394402
S039;1366;gamma;0;0.388295165394402
S039;1383;gamma;1;0.388295165394402
S039;1384;gamma;0;0.012066365007541479
S040;13;gamma;0;0.08250401284109149
S040;67;gamma;0;0.12573402417962004
S040;69;gamma;0;0.388295165394402
S040;73;gamma;0;0.388295165394402
S040;84;gamma;0;0.22346153846153846
S040;87;gamma;0;0.08250401284109149
S040;90;gamma;0;0.05337519623233909
S040;92;gamma;1;0.22346153846153846
S040;93;gamma;1;0.22346153846153846
S040;94;gamma;0;0.388295165394402
S040;98;gamma;1;0.388295165394402
S040;99;gamma;0;0.016138855054811205
S040;164;gamma;0;0.22346153846153846
S040;168;gamma;1;0.388295165394402
S040;169;gamma;1;0.388295165394402
S040;170;gamma;0;0.388295165394402
S040;177;gamma;0;0.388295165394402
S040;182;gamma;0;0.22346153846153846
S040;196;gamma;0;0.22346153846153846
S040;201;gamma;0;0.22346153846153846
S040;203;gamma;0;0.388295165394402
S040;206;gamma;0;0.22346153846153846
S040;307;gamma;1;0.22346153846153846
S040;308;gamma;0;0.08250401284109149
S040;446;gamma;0;0.388295165394402
S040;455;gamma;1;0.388295165394402
S040;456;gamma;0;0.388295165394402
S040;475;gamma;0;0.12573402417962004
S040;477;gamma;1;0.388295165394402
S040;478;gamma;0;0.12573402417962004
S040;614;gamma;1;0.22346153846153846
S040;615;gamma;0;0.22346153846153846
S040;618;gamma;1;0.388295165394402
S040;619;gamma;0;0.016138855054811205
S040;724;gamma;0;0.22346153846153846
S040;731;gamma;0;0.05337519623233909
S040;733;gamma;0;0.012066365007541479
S040;750;gamma;0;0.0008973975471133712
S040;836;gamma;0;0.388295165394402
S040;907;gamma;0;0.388295165394402
S040;911;gamma;1;0.388295165394402
S040;912;gamma;0;0.22346153846153846
S040;951;gamma;0;0.12573402417962004
S040;968;gamma;1;0.388295165394402
S040;969;gamma;0;0.12573402417962004
S040;1048;gamma;1;0.22346153846153846
S040;1049;gamma;0;0.388295165394402
S040;1070;gamma;0;0.12573402417962004
S040;1094;gamma;0;0.016138855054811205
S040;1096;gamma;0;0.388295165394402
S040;1098;gamma;0;0.22346153846153846
S040;1112;gamma;0;0.22346153846153846
S040;1122;gamma;0;0.12573402417962004
S040;1125;gamma;1;0.22346153846153846
S040;1126;gamma;0;0.388295165394402
S040;1140;gamma;0;0.12573402417962004
S040;1196;gamma;0;0.388295165394402
S040;1198;gamma;0;0.05337519623233909
S040;1209;gamma;0;0.388295165394402
S040;1214;gamma;1;0.388295165394402
S040;1215;gamma;0;0.12573402417962004
S041;10;gamma;1;0.22346153846153846
S041;11;gamma;1;0.004817825956037338
S041;12;gamma;0;0.22346153846153846
S041;15;gamma;0;0.22346153846153846
S041;19;gamma;1;0.12573402417962004
S041;20;gamma;0;0.12573402417962004
S041;138;gamma;1;0.388295165394402
S041;139;gamma;0;0.388295165394402
S041;141;gamma;0;0.08250401284109149
S041;167;gamma;1;0.388295165394402
S041;168;gamma;0;0.388295165394402
S041;172;gamma;0;0.12573402417962004
S041;196;gamma;0;0.388295165394402
S041;198;gamma;1;0.388295165394402
S041;199;gamma;0;0.05337519623233909
S041;242;gamma;0;0.388295165394402
S041;244;gamma;0;0.12573402417962004
S041;489;gamma;0;0.12573402417962004
S041;496;gamma;1;0.388295165394402
S041;497;gamma;1;0.388295165394402
S041;498;gamma;0;0.388295165394402
S041;500;gamma;0;0.12573402417962004
S041;508;gamma;0;0.388295165394402
S041;510;gamma;0;0.388295165394402
S041;698;gamma;0;0.388295165394402
S041;700;gamma;0;0.388295165394402
S041;775;gamma;0;0.22346153846153846
S041;779;gamma;0;0.388295165394402
S041;789;gamma;0;0.05337519623233909
S041;802;gamma;0;0.016138855054811205
S041;805;gamma;0;0.388295165394402
S041;824;gamma;0;0.05337519623233909
S041;856;gamma;0;0.22346153846153846
S041;991;gamma;1;0.22346153846153846
S041;992;gamma;0;0.05337519623233909
S041;1001;gamma;0;0.22346153846153846
S041;1006;gamma;0;0.388295165394402
S041;1008;gamma;0;0.12573402417962004
S041;1018;gamma;0;0.388295165394402
S041;1023;gamma;0;0.22346153846153846
S041;1030;gamma;0;0.22346153846153846
S041;1065;gamma;0;0.22346153846153846
S041;1067;gamma;0;0.22346153846153846
S041;1075;gamma;0;0.388295165394402
S041;1077;gamma;0;0.22346153846153846
S042;61;gamma;0;0.024315173899661435
S042;67;gamma;0;0.05337519623233909
S042;157;gamma;0;0.22346153846153846
S042;241;gamma;0;0.388295165394402
S042;243;gamma;0;0.388295165394402
S042;271;gamma;0;0.12573402417962004
S042;275;gamma;0;0.024315173899661435
S042;483;gamma;1;0.388295165394402
S042;484;gamma;1;0.388295165394402
S042;485;gamma;0;0.05337519623233909
S042;497;gamma;0;0.08250401284109149
S042;502;gamma;0;0.388295165394402
S042;619;gamma;0;0.12573402417962004
S042;621;gamma;0;0.12573402417962004
S042;796;gamma;1;0.388295165394402
S042;797;gamma;0;0.12573402417962004
S042;813;gamma;0;0.12573402417962004
S042;816;gamma;0;0.08250401284109149
S042;828;gamma;1;0.12573402417962004
S042;829;gamma;1;0.388295165394402
S042;830;gamma;0;0.024315173899661435
S042;881;gamma;0;0.22346153846153846
S042;908;gamma;0;0.12573402417962004
S042;912;gamma;0;0.12573402417962004
S042;915;gamma;0;0.12573402417962004
S042;1001;gamma;0;0.388295165394402
S042;1006;gamma;1;0.388295165394402
S042;1007;gamma;0;0.388295165394402
S042;1010;gamma;0;0.388295165394402
S042;1014;gamma;0;0.388295165394402
S042;1034;gamma;0;0.388295165394402
S042;1037;gamma;0;0.016138855054811205
S042;1042;gamma;0;0.388295165394402
S042;1049;gamma;1;0.388295165394402
S042;1050;gamma;0;0.012066365007541479
S042;1164;gamma;0;0.388295165394402
S042;1183;gamma;0;0.388295165394402
S042;1186;gamma;1;0.388295165394402
S042;1187;gamma;1;0.22346153846153846
S042;1188;gamma;0;0.12573402417962004
S042;1192;gamma;0;0.22346153846153846
S042;1194;gamma;0;0.05337519623233909
S042;1217;gamma;0;0.22346153846153846
S042;1224;gamma;0;0.12573402417962004
S042;1241;gamma;0;0.22346153846153846
S042;1255;gamma;1;0.388295165394402
S042;1256;gamma;0;0.22346153846153846
S042;1320;gamma;0;0.00029886431560071725
S042;1371;gamma;1;0.22346153846153846
S042;1372;gamma;0;0.388295165394402
S042;1375;gamma;0;0.388295165394402
S042;1400;gamma;0;0.12573402417962004
S042;1405;gamma;0;0.12573402417962004
S042;1408;gamma;0;0.22346153846153846
S042;1411;gamma;0;0.388295165394402
S042;1438;gamma;1;0.388295165394402
S043;12;gamma;0;0.004817825956037338
S043;219;gamma;0;0.388295165394402
S043;304;gamma;0;0.388295165394402
S043;314;gamma;0;0.388295165394402
S043;398;gamma;0;0.388295165394402
S043;515;gamma;1;0.388295165394402
S043;516;gamma;0;0.22346153846153846
S043;523;gamma;1;0.388295165394402
S043;524;gamma;1;0.22346153846153846
S043;525;gamma;0;0.22346153846153846
S043;543;gamma;0;0.024315173899661435
S043;639;gamma;0;0.388295165394402
S043;644;gamma;0;0.388295165394402
S043;647;gamma;0;0.22346153846153846
S043;689;gamma;0;0.12573402417962004
S043;694;gamma;0;0.12573402417962004
S043;707;gamma;1;0.388295165394402
S043;708;gamma;0;0.12573402417962004
S043;714;gamma;0;0.388295165394402
S043;716;gamma;0;0.388295165394402
S043;718;gamma;1;0.388295165394402
S043;719;gamma;0;0.12573402417962004
S043;747;gamma;0;0.016138855054811205
S043;750;gamma;0;0.0008973975471133712
S043;752;gamma;0;0.0005970149253731343
S043;804;gamma;0;0.22346153846153846
S043;810;gamma;1;0.388295165394402
S043;811;gamma;0;0.12573402417962004
S043;825;gamma;0;0.388295165394402
S043;871;gamma;1;0.388295165394402
S043;872;gamma;0;0.388295165394402
S043;874;gamma;0;0.012066365007541479
S043;885;gamma;0;0.12573402417962004
S043;887;gamma;0;0.08250401284109149
S043;912;gamma;0;0.05337519623233909
S043;915;gamma;1;0.22346153846153846
S043;916;gamma;1;0.12573402417962004
S043;917;gamma;0;0.22346153846153846
S043;920;gamma;0;0.388295165394402
S043;925;gamma;0;0.22346153846153846
S043;960;gamma;0;0.388295165394402
S043;962;gamma;0;0.12573402417962004
S043;973;gamma;0;0.12573402417962004
S043;991;gamma;0;0.22346153846153846
S043;1096;gamma;0;0.388295165394402
S043;1188;gamma;0;0.388295165394402
S043;1191;gamma;1;0.388295165394402
S043;1192;gamma;0;0.22346153846153846
S043;1196;gamma;1;0.388295165394402
S043;1197;gamma;0;0.12573402417962004
S043;1199;gamma;1;0.12573402417962004
S043;1200;gamma;0;0.22346153846153846
S043;1202;gamma;1;0.388295165394402
S043;1203;gamma;0;0.05337519623233909
S043;1388;gamma;0;0.22346153846153846
S044;80;gamma;0;0.388295165394402
S044;92;gamma;0;0.22346153846153846
S044;96;gamma;0;0.388295165394402
S044;208;gamma;0;0.388295165394402
S044;220;gamma;0;0.388295165394402
S044;313;gamma;0;0.05337519623233909
S044;331;gamma;0;0.22346153846153846
S044;336;gamma;1;0.388295165394402
S044;337;gamma;1;0.388295165394402
S044;338;gamma;0;0.388295165394402
S044;341;gamma;0;0.0035949670461354103
S044;462;gamma;1;0.388295165394402
S044;463;gamma;1;0.388295165394402
S044;464;gamma;1;0.08250401284109149
S044;465;gamma;0;0.05337519623233909
S044;514;gamma;0;0.22346153846153846
S044;519;gamma;1;0.388295165394402
S044;520;gamma;0;0.22346153846153846
S044;693;gamma;1;0.22346153846153846
S044;694;gamma;0;0.22346153846153846
S044;700;gamma;0;0.08250401284109149
S044;726;gamma;0;0.22346153846153846
S044;730;gamma;1;0.388295165394402
S044;731;gamma;1;0.05337519623233909
S044;732;gamma;1;0.388295165394402
S044;733;gamma;0;0.388295165394402
S044;735;gamma;0;0.012066365007541479
S044;740;gamma;1;0.388295165394402
S044;741;gamma;0;0.004817825956037338
S044;749;gamma;0;0.016138855054811205
S044;751;gamma;0;0.0
S044;753;gamma;0;0.388295165394402
S044;756;gamma;1;0.388295165394402
S044;757;gamma;0;0.12573402417962004
S044;760;gamma;1;0.024315173899661435
S044;761;gamma;0;0.012066365007541479
S044;804;gamma;0;0.12573402417962004
S044;884;gamma;0;0.388295165394402
S044;904;gamma;0;0.22346153846153846
S044;1005;gamma;0;0.388295165394402
S044;1012;gamma;0;0.388295165394402
S044;1014;gamma;0;0.22346153846153846
S044;1049;gamma;0;0.12573402417962004
S044;1227;gamma;0;0.388295165394402
S044;1229;gamma;0;0.388295165394402
S044;1257;gamma;0;0.024315173899661435
S044;1381;gamma;0;0.388295165394402
S044;1388;gamma;0;0.12573402417962004
S044;1438;gamma;0;0.388295165394402
S045;1;gamma;0;0.388295165394402
S045;5;gamma;0;0.08250401284109149
S045;164;gamma;1;0.388295165394402
S045;165;gamma;0;0.388295165394402
S045;184;gamma;0;0.12573402417962004
S045;285;gamma;0;0.388295165394402
S045;287;gamma;0;0.388295165394402
S045;294;gamma;1;0.388295165394402
S045;295;gamma;1;0.388295165394402
S045;296;gamma;1;0.388295165394402
S045;297;gamma;0;0.024315173899661435
S045;300;gamma;0;0.388295165394402
S045;303;gamma;1;0.388295165394402
S045;304;gamma;0;0.12573402417962004
S045;349;gamma;0;0.12573402417962004
S045;627;gamma;0;0.388295165394402
S045;645;gamma;1;0.388295165394402
S045;646;gamma;1;0.12573402417962004
S045;647;gamma;1;0.388295165394402
S045;648;gamma;0;0.12573402417962004
S045;651;gamma;0;0.22346153846153846
S045;653;gamma;0;0.05337519623233909
S045;676;gamma;0;0.05337519623233909
S045;874;gamma;1;0.388295165394402
S045;875;gamma;0;0.388295165394402
S045;877;gamma;0;0.22346153846153846
S045;879;gamma;1;0.388295165394402
S045;880;gamma;0;0.388295165394402
S045;903;gamma;1;0.05337519623233909
S045;904;gamma;0;0.388295165394402
S045;906;gamma;0;0.388295165394402
S045;909;gamma;0;0.12573402417962004
S045;911;gamma;0;0.22346153846153846
S045;919;gamma;0;0.08250401284109149
S045;930;gamma;1;0.388295165394402
S045;931;gamma;0;0.08250401284109149
S045;934;gamma;0;0.22346153846153846
S045;938;gamma;1;0.388295165394402
S045;939;gamma;0;0.12573402417962004
S045;942;gamma;1;0.388295165394402
S045;943;gamma;0;0.12573402417962004
S045;986;gamma;0;0.388295165394402
S045;999;gamma;1;0.388295165394402
S045;1000;gamma;0;0.12573402417962004
S045;1118;gamma;0;0.08250401284109149
S045;1123;gamma;0;0.12573402417962004
S045;1166;gamma;1;0.22346153846153846
S045;1167;gamma;1;0.12573402417962004
S045;1168;gamma;1;0.388295165394402
S045;1169;gamma;1;0.388295165394402
S045;1170;gamma;0;0.388295165394402
S045;1173;gamma;1;0.22346153846153846
S045;1174;gamma;0;0.388295165394402
S045;1176;gamma;0;0.388295165394402
S045;1180;gamma;1;0.388295165394402
S045;1181;gamma;0;0.388295165394402
S045;1192;gamma;0;0.024315173899661435
S045;1195;gamma;0;0.004817825956037338
S045;1237;gamma;0;0.05337519623233909
S045;1243;gamma;1;0.22346153846153846
S045;1244;gamma;0;0.22346153846153846
S046;12;gamma;0;0.024315173899661435
S046;109;gamma;0;0.388295165394402
S046;114;gamma;1;0.388295165394402
S046;115;gamma;0;0.22346153846153846
S046;211;gamma;0;0.388295165394402
S046;216;gamma;1;0.22346153846153846
S046;217;gamma;0;0.22346153846153846
S046;263;gamma;1;0.388295165394402
S046;264;gamma;1;0.388295165394402
S046;265;gamma;0;0.22346153846153846
S046;280;gamma;1;0.388295165394402
S046;281;gamma;1;0.388295165394402
S046;282;gamma;0;0.05337519623233909
S046;296;gamma;0;0.22346153846153846
S046;321;gamma;0;0.016138855054811205
S046;335;gamma;0;0.12573402417962004
S046;337;gamma;0;0.388295165394402
S046;345;gamma;0;0.388295165394402
S046;347;gamma;0;0.08250401284109149
S046;353;gamma;0;0.388295165394402
S046;355;gamma;1;0.12573402417962004
S046;356;gamma;0;0.22346153846153846
S046;358;gamma;0;0.388295165394402
S046;370;gamma;1;0.388295165394402
S046;371;gamma;1;0.388295165394402
S046;372;gamma;1;0.08250401284109149
S046;373;gamma;0;0.12573402417962004
S046;378;gamma;0;0.22346153846153846
S046;380;gamma;0;0.08250401284109149
S046;395;gamma;1;0.22346153846153846
S046;396;gamma;0;0.388295165394402
S046;398;gamma;1;0.388295165394402
S046;399;gamma;1;0.22346153846153846
S046;400;gamma;0;0.388295165394402
S046;402;gamma;0;0.388295165394402
S046;433;gamma;0;0.388295165394402
S046;435;gamma;0;0.388295165394402
S046;441;gamma;0;0.388295165394402
S046;443;gamma;0;0.388295165394402
S046;445;gamma;1;0.388295165394402
S046;446;gamma;0;0.12573402417962004
S046;483;gamma;0;0.388295165394402
S046;492;gamma;0;0.12573402417962004
S046;497;gamma;0;0.388295165394402
S046;500;gamma;0;0.388295165394402
S046;509;gamma;0;0.22346153846153846
S046;615;gamma;0;0.12573402417962004
S046;619;gamma;1;0.388295165394402
S046;620;gamma;1;0.12573402417962004
S046;621;gamma;0;0.22346153846153846
S046;624;gamma;1;0.22346153846153846
S046;625;gamma;0;0.22346153846153846
S046;629;gamma;0;0.0008973975471133712
S046;639;gamma;0;0.388295165394402
S046;641;gamma;0;0.0035949670461354103
S046;709;gamma;0;0.024315173899661435
S046;814;gamma;1;0.388295165394402
S046;815;gamma;1;0.12573402417962004
S046;816;gamma;0;0.388295165394402
S046;820;gamma;0;0.22346153846153846
S046;826;gamma;0;0.12573402417962004
S046;1007;gamma;0;0.388295165394402
S046;1009;gamma;0;0.22346153846153846
S046;1012;gamma;0;0.12573402417962004
S046;1015;gamma;0;0.12573402417962004
S046;1019;gamma;0;0.388295165394402
S046;1021;gamma;0;0.08250401284109149
S046;1025;gamma;0;0.012066365007541479
S046;1155;gamma;0;0.12573402417962004
S046;1253;gamma;0;0.388295165394402
S046;1255;gamma;0;0.22346153846153846
S046;1321;gamma;0;0.388295165394402
S046;1336;gamma;1;0.08250401284109149
S046;1337;gamma;0;0.12573402417962004
S046;1395;gamma;0;0.012066365007541479
S047;76;gamma;0;0.388295165394402
S047;289;gamma;0;0.388295165394402
S047;291;gamma;1;0.22346153846153846
S047;292;gamma;0;0.388295165394402
S047;299;gamma;1;0.22346153846153846
S047;300;gamma;1;0.388295165394402
S047;301;gamma;0;0.05337519623233909
S047;308;gamma;0;0.08250401284109149
S047;310;gamma;0;0.016138855054811205
S047;317;gamma;0;0.12573402417962004
S047;329;gamma;0;0.004817825956037338
S047;344;gamma;0;0.016138855054811205
S047;360;gamma;0;0.016138855054811205
S047;370;gamma;0;0.024315173899661435
S047;454;gamma;1;0.388295165394402
S047;455;gamma;0;0.05337519623233909
S047;474;gamma;0;0.388295165394402
S047;515;gamma;1;0.388295165394402
S047;516;gamma;0;0.12573402417962004
S047;519;gamma;1;0.12573402417962004
S047;520;gamma;1;0.388295165394402
S047;521;gamma;0;0.12573402417962004
S047;524;gamma;0;0.388295165394402
S047;574;gamma;0;0.388295165394402
S047;576;gamma;1;0.12573402417962004
S047;577;gamma;1;0.05337519623233909
S047;578;gamma;0;0.08250401284109149
S047;590;gamma;0;0.08250401284109149
S047;622;gamma;0;0.12573402417962004
S047;631;gamma;0;0.016138855054811205
S047;669;gamma;1;0.388295165394402
S047;670;gamma;1;0.388295165394402
S047;671;gamma;0;0.05337519623233909
S047;717;gamma;0;0.05337519623233909
S047;720;gamma;0;0.22346153846153846
S047;724;gamma;0;0.0035949670461354103
S047;727;gamma;0;0.08250401284109149
S047;740;gamma;0;0.0014903129657228018
S047;747;gamma;1;0.05337519623233909
S047;748;gamma;0;0.22346153846153846
S047;750;gamma;1;0.22346153846153846
S047;751;gamma;0;0.05337519623233909
S047;757;gamma;1;0.22346153846153846
S047;758;gamma;0;0.22346153846153846
S047;760;gamma;0;0.05337519623233909
S047;765;gamma;0;0.12573402417962004
S047;775;gamma;0;0.08250401284109149
S047;777;gamma;0;0.12573402417962004
S047;780;gamma;0;0.004817825956037338
S047;783;gamma;0;0.012066365007541479
S047;787;gamma;0;0.003290457672749028
S047;792;gamma;1;0.05337519623233909
S047;793;gamma;1;0.22346153846153846
S047;794;gamma;0;0.0023902001792650133
S047;796;gamma;0;0.0005970149253731343
S047;812;gamma;0;0.024315173899661435
S047;826;gamma;1;0.388295165394402
S047;827;gamma;0;0.024315173899661435
S047;831;gamma;0;0.004817825956037338
S047;839;gamma;0;0.22346153846153846
S047;851;gamma;0;0.12573402417962004
S047;855;gamma;0;0.016138855054811205
S047;867;gamma;0;0.388295165394402
S047;980;gamma;0;0.388295165394402
S047;982;gamma;0;0.388295165394402
S047;984;gamma;0;0.388295165394402
S047;986;gamma;0;0.388295165394402
S047;998;gamma;1;0.22346153846153846
S047;999;gamma;1;0.388295165394402
S047;1000;gamma;0;0.08250401284109149
S047;1008;gamma;0;0.22346153846153846
S047;1011;gamma;0;0.08250401284109149
S047;1017;gamma;1;0.388295165394402
S047;1018;gamma;0;0.388295165394402
S047;1038;gamma;0;0.22346153846153846
S047;1041;gamma;0;0.12573402417962004
S047;1046;gamma;0;0.388295165394402
S047;1048;gamma;1;0.22346153846153846
S047;1049;gamma;0;0.388295165394402
S047;1155;gamma;1;0.388295165394402
S047;1156;gamma;0;0.22346153846153846
S047;1181;gamma;0;0.024315173899661435
S047;1183;gamma;0;0.016138855054811205
S047;1385;gamma;0;0.22346153846153846
S047;1388;gamma;0;0.08250401284109149
S048;56;gamma;1;0.388295165394402
S048;57;gamma;1;0.12573402417962004
S048;58;gamma;1;0.388295165394402
S048;59;gamma;1;0.388295165394402
S048;60;gamma;0;0.004817825956037338
S048;66;gamma;0;0.22346153846153846
S048;78;gamma;0;0.12573402417962004
S048;80;gamma;1;0.22346153846153846
S048;81;gamma;0;0.004817825956037338
S048;87;gamma;0;0.388295165394402
S048;176;gamma;1;0.388295165394402
S048;177;gamma;0;0.12573402417962004
S048;186;gamma;0;0.22346153846153846
S048;188;gamma;1;0.388295165394402
S048;189;gamma;1;0.388295165394402
S048;190;gamma;0;0.388295165394402
S048;193;gamma;0;0.388295165394402
S048;204;gamma;0;0.388295165394402
S048;234;gamma;1;0.22346153846153846
S048;235;gamma;1;0.22346153846153846
S048;236;gamma;0;0.388295165394402
S048;377;gamma;0;0.12573402417962004
S048;388;gamma;1;0.388295165394402
S048;389;gamma;1;0.08250401284109149
S048;390;gamma;0;0.05337519623233909
S048;396;gamma;0;0.22346153846153846
S048;536;gamma;0;0.22346153846153846
S048;543;gamma;0;0.22346153846153846
S048;545;gamma;0;0.388295165394402
S048;581;gamma;0;0.012066365007541479
S048;700;gamma;0;0.12573402417962004
S048;731;gamma;0;0.016138855054811205
S048;734;gamma;1;0.388295165394402
S048;735;gamma;0;0.12573402417962004
S048;737;gamma;0;0.12573402417962004
S048;740;gamma;0;0.004817825956037338
S048;1031;gamma;0;0.05337519623233909
S048;1082;gamma;0;0.08250401284109149
S048;1085;gamma;0;0.024315173899661435
S048;1121;gamma;0;0.08250401284109149
S048;1379;gamma;1;0.388295165394402
S048;1380;gamma;0;0.12573402417962004
S048;1382;gamma;1;0.12573402417962004
S048;1383;gamma;0;0.12573402417962004
S048;1391;gamma;1;0.12573402417962004
S048;1392;gamma;1;0.388295165394402
S048;1393;gamma;0;0.388295165394402
S049;17;gamma;0;0.0035949670461354103
S049;20;gamma;0;0.016138855054811205
S049;181;gamma;0;0.22346153846153846
S049;189;gamma;0;0.05337519623233909
S049;202;gamma;0;0.12573402417962004
S049;266;gamma;0;0.22346153846153846
S049;364;gamma;0;0.12573402417962004
S049;425;gamma;1;0.388295165394402
S049;426;gamma;0;0.22346153846153846
S049;433;gamma;0;0.388295165394402
S049;435;gamma;1;0.388295165394402
S049;436;gamma;0;0.388295165394402
S049;454;gamma;0;0.388295165394402
S049;463;gamma;1;0.388295165394402
S049;464;gamma;0;0.22346153846153846
S049;468;gamma;0;0.08250401284109149
S049;474;gamma;0;0.388295165394402
S049;477;gamma;0;0.22346153846153846
S049;480;gamma;0;0.388295165394402
S049;507;gamma;0;0.388295165394402
S049;509;gamma;1;0.22346153846153846
S049;510;gamma;0;0.12573402417962004
S049;514;gamma;0;0.016138855054811205
S049;521;gamma;1;0.388295165394402
S049;522;gamma;0;0.08250401284109149
S049;524;gamma;1;0.388295165394402
S049;525;gamma;1;0.388295165394402
S049;526;gamma;0;0.024315173899661435
S049;533;gamma;0;0.388295165394402
S049;535;gamma;0;0.12573402417962004
S049;547;gamma;0;0.08250401284109149
S049;557;gamma;0;0.22346153846153846
S049;561;gamma;1;0.22346153846153846
S049;562;gamma;0;0.22346153846153846
S049;609;gamma;1;0.388295165394402
S049;610;gamma;0;0.388295165394402
S049;613;gamma;0;0.08250401284109149
S049;620;gamma;0;0.388295165394402
S049;624;gamma;0;0.388295165394402
S049;646;gamma;1;0.388295165394402
S049;647;gamma;0;0.05337519623233909
S049;653;gamma;0;0.388295165394402
S049;657;gamma;0;0.388295165394402
S049;660;gamma;1;0.388295165394402
S049;661;gamma;0;0.024315173899661435
S049;664;gamma;0;0.22346153846153846
S049;685;gamma;1;0.12573402417962004
S049;686;gamma;0;0.22346153846153846
S049;770;gamma;0;0.388295165394402
S049;971;gamma;0;0.388295165394402
S049;1049;gamma;1;0.388295165394402
S049;1050;gamma;1;0.12573402417962004
S049;1051;gamma;0;0.016138855054811205
S049;1092;gamma;0;0.024315173899661435
S049;1099;gamma;0;0.05337519623233909
S049;1208;gamma;0;0.12573402417962004
S049;1210;gamma;0;0.388295165394402
S049;1213;gamma;0;0.024315173899661435
S049;1358;gamma;0;0.22346153846153846
S049;1367;gamma;0;0.22346153846153846
S049;1369;gamma;0;0.05337519623233909
S049;1415;gamma;0;0.388295165394402
S049;1418;gamma;0;0.12573402417962004
S050;3;gamma;0;0.22346153846153846
S050;74;gamma;0;0.12573402417962004
S050;130;gamma;0;0.388295165394402
S050;133;gamma;1;0.388295165394402
S050;134;gamma;0;0.388295165394402
S050;136;gamma;1;0.388295165394402
S050;137;gamma;0;0.388295165394402
S050;139;gamma;0;0.22346153846153846
S050;209;gamma;0;0.388295165394402
S050;211;gamma;0;0.12573402417962004
S050;219;gamma;0;0.12573402417962004
S050;227;gamma;0;0.388295165394402
S050;302;gamma;1;0.388295165394402
S050;303;gamma;0;0.388295165394402
S050;307;gamma;0;0.22346153846153846
S050;335;gamma;0;0.05337519623233909
S050;337;gamma;1;0.388295165394402
S050;338;gamma;1;0.388295165394402
S050;339;gamma;0;0.05337519623233909
S050;342;gamma;0;0.22346153846153846
S050;484;gamma;0;0.22346153846153846
S050;490;gamma;0;0.388295165394402
S050;588;gamma;1;0.388295165394402
S050;589;gamma;0;0.388295165394402
S050;591;gamma;1;0.388295165394402
S050;592;gamma;0;0.388295165394402
S050;598;gamma;0;0.22346153846153846
S050;601;gamma;0;0.08250401284109149
S050;605;gamma;1;0.22346153846153846
S050;606;gamma;1;0.22346153846153846
S050;607;gamma;0;0.388295165394402
S050;618;gamma;1;0.12573402417962004
S050;619;gamma;1;0.388295165394402
S050;620;gamma;1;0.22346153846153846
S050;621;gamma;0;0.22346153846153846
S050;623;gamma;0;0.388295165394402
S050;729;gamma;0;0.388295165394402
S050;735;gamma;1;0.388295165394402
S050;736;gamma;0;0.004817825956037338
S050;817;gamma;0;0.08250401284109149
S050;832;gamma;0;0.388295165394402
S050;835;gamma;0;0.12573402417962004
S050;837;gamma;0;0.388295165394402
S050;842;gamma;0;0.012066365007541479
S050;877;gamma;0;0.388295165394402
S050;881;gamma;1;0.388295165394402
S050;882;gamma;1;0.12573402417962004
S050;883;gamma;1;0.12573402417962004
S050;884;gamma;0;0.024315173899661435
S050;888;gamma;0;0.12573402417962004
S050;895;gamma;1;0.12573402417962004
S050;896;gamma;0;0.08250401284109149
S050;1043;gamma;1;0.12573402417962004
S050;1044;gamma;1;0.388295165394402
S050;1045;gamma;0;0.388295165394402
S050;1047;gamma;0;0.22346153846153846
S050;1064;gamma;0;0.388295165394402
S050;1077;gamma;1;0.22346153846153846
S050;1078;gamma;0;0.388295165394402
S050;1080;gamma;0;0.12573402417962004
S050;1110;gamma;0;0.024315173899661435
S050;1128;gamma;0;0.12573402417962004
S050;1131;gamma;1;0.388295165394402
S050;1132;gamma;0;0.08250401284109149
S050;1141;gamma;1;0.388295165394402
S050;1142;gamma;0;0.016138855054811205
S050;1144;gamma;0;0.22346153846153846
S050;1153;gamma;0;0.22346153846153846
S050;1155;gamma;0;0.05337519623233909
S050;1189;gamma;1;0.388295165394402
S050;1190;gamma;0;0.12573402417962004
S050;1192;gamma;1;0.22346153846153846
S050;1193;gamma;1;0.388295165394402
S050;1194;gamma;1;0.22346153846153846
S050;1195;gamma;0;0.05337519623233909
S001;351;delta;0;0.0801980198019802
S001;441;delta;0;0.2644593461860855
S001;444;delta;0;0.2644593461860855
S001;447;delta;1;0.2644593461860855
S001;448;delta;0;0.2644593461860855
S001;471;delta;0;0.2644593461860855
S001;737;delta;0;0.036380597014925374
S001;741;delta;0;0.2644593461860855
S001;978;delta;0;0.036380597014925374
S002;58;delta;0;0.0801980198019802
S002;66;delta;0;0.036380597014925374
S002;68;delta;0;0.2644593461860855
S002;81;delta;1;0.2644593461860855
S002;82;delta;0;0.0801980198019802
S002;92;delta;0;0.0801980198019802
S002;97;delta;0;0.2644593461860855
S002;101;delta;0;0.015459230069718097
S002;107;delta;1;0.036380597014925374
S002;108;delta;1;0.2644593461860855
S002;109;delta;1;0.0801980198019802
S002;110;delta;0;0.2644593461860855
S002;151;delta;0;0.2644593461860855
S002;158;delta;0;0.036380597014925374
S002;173;delta;0;0.2644593461860855
S002;339;delta;0;0.036380597014925374
S002;347;delta;0;0.2644593461860855
S002;349;delta;0;0.2644593461860855
S002;351;delta;0;0.0801980198019802
S002;357;delta;0;0.036380597014925374
S002;372;delta;0;0.2644593461860855
S002;374;delta;0;0.2644593461860855
S002;396;delta;0;0.2644593461860855
S002;398;delta;0;0.2644593461860855
S002;411;delta;0;0.2644593461860855
S002;801;delta;0;0.0801980198019802
S002;811;delta;1;0.2644593461860855
S002;812;delta;0;0.2644593461860855
S002;956;delta;0;0.2644593461860855
S002;958;delta;0;0.2644593461860855
S002;960;delta;1;0.2644593461860855
S002;961;delta;0;0.2644593461860855
S002;965;delta;0;0.2644593461860855
S002;1030;delta;0;0.2644593461860855
S002;1055;delta;0;0.2644593461860855
S002;1059;delta;1;0.2644593461860855
S002;1060;delta;0;0.2644593461860855
S002;1066;delta;0;0.2644593461860855
S002;1069;delta;0;0.2644593461860855
S002;1129;delta;1;0.2644593461860855
S002;1130;delta;0;0.2644593461860855
S002;1192;delta;0;0.2644593461860855
S002;1240;delta;1;0.2644593461860855
S002;1241;delta;0;0.2644593461860855
S002;1377;delta;1;0.2644593461860855
S002;1378;delta;1;0.2644593461860855
S002;1379;delta;1;0.2644593461860855
S002;1380;delta;0;0.2644593461860855
S002;1386;delta;0;0.2644593461860855
S002;1398;delta;1;0.2644593461860855
S002;1399;delta;1;0.2644593461860855
S002;1400;delta;0;0.2644593461860855
S002;1406;delta;0;0.2644593461860855
S002;1410;delta;0;0.2644593461860855
S003;7;delta;0;0.0801980198019802
S003;39;delta;0;0.015459230069718097
S003;52;delta;0;0.015459230069718097
S003;54;delta;0;0.0801980198019802
S003;56;delta;0;0.0801980198019802
S003;165;delta;0;0.036380597014925374
S003;565;delta;0;0.0801980198019802
S003;587;delta;1;0.2644593461860855
S003;588;delta;1;0.2644593461860855
S003;589;delta;0;0.0801980198019802
S003;592;delta;1;0.2644593461860855
S003;593;delta;0;0.0801980198019802
S003;596;delta;0;0.0801980198019802
S003;690;delta;1;0.2644593461860855
S003;691;delta;1;0.2644593461860855
S003;692;delta;1;0.2644593461860855
S003;693;delta;1;0.2644593461860855
S003;694;delta;0;0.015459230069718097
S003;750;delta;0;0.2644593461860855
S003;785;delta;0;0.2644593461860855
S003;789;delta;0;0.2644593461860855
S003;1081;delta;0;0.2644593461860855
S004;6;delta;1;0.2644593461860855
S004;7;delta;0;0.2644593461860855
S004;12;delta;0;0.2644593461860855
S004;346;delta;0;0.0801980198019802
S004;355;delta;1;0.2644593461860855
S004;356;delta;0;0.2644593461860855
S004;811;delta;0;0.0801980198019802
S004;813;delta;1;0.2644593461860855
S004;814;delta;1;0.2644593461860855
S004;815;delta;0;0.2644593461860855
S004;818;delta;0;0.2644593461860855
S004;820;delta;0;0.0801980198019802
S005;477;delta;0;0.0801980198019802
S005;482;delta;0;0.2644593461860855
S005;484;delta;0;0.0801980198019802
S005;637;delta;1;0.2644593461860855
S005;638;delta;1;0.0801980198019802
S005;639;delta;0;0.2644593461860855
S005;641;delta;1;0.2644593461860855
S005;642;delta;1;0.2644593461860855
S005;643;delta;1;0.2644593461860855
S005;644;delta;1;0.2644593461860855
S005;645;delta;0;0.0801980198019802
S005;654;delta;0;0.2644593461860855
S005;656;delta;1;0.2644593461860855
S005;657;delta;0;0.0801980198019802
S005;707;delta;0;0.0801980198019802
S005;711;delta;1;0.2644593461860855
S005;712;delta;1;0.2644593461860855
S005;713;delta;0;0.2644593461860855
S005;716;delta;0;0.2644593461860855
S005;747;delta;0;0.0801980198019802
S005;770;delta;0;0.015459230069718097
S005;825;delta;1;0.2644593461860855
S005;826;delta;0;0.036380597014925374
S005;828;delta;0;0.015459230069718097
S005;833;delta;1;0.2644593461860855
S005;834;delta;0;0.2644593461860855
S005;1007;delta;0;0.0801980198019802
S005;1013;delta;0;0.0801980198019802
S005;1016;delta;0;0.0801980198019802
S006;12;delta;0;0.008682634730538923
S006;476;delta;0;0.2644593461860855
S006;482;delta;0;0.2644593461860855
S006;491;delta;1;0.2644593461860855
S006;492;delta;0;0.2644593461860855
S006;763;delta;1;0.2644593461860855
S006;764;delta;0;0.036380597014925374
S006;766;delta;0;0.2644593461860855
S006;769;delta;1;0.2644593461860855
S006;770;delta;0;0.015459230069718097
S006;830;delta;1;0.0801980198019802
S006;831;delta;0;0.0801980198019802
S006;833;delta;0;0.2644593461860855
S006;838;delta;0;0.2644593461860855
S006;847;delta;0;0.015459230069718097
S006;857;delta;0;0.015459230069718097
S006;886;delta;0;0.0801980198019802
S006;888;delta;1;0.2644593461860855
S006;889;delta;0;0.2644593461860855
S006;891;delta;0;0.2644593461860855
S006;1125;delta;1;0.2644593461860855
S006;1126;delta;0;0.2644593461860855
S006;1129;delta;0;0.2644593461860855
S006;1132;delta;0;0.2644593461860855
S006;1136;delta;1;0.2644593461860855
S006;1137;delta;0;0.2644593461860855
S006;1140;delta;0;0.2644593461860855
S006;1156;delta;1;0.2644593461860855
S006;1157;delta;0;0.2644593461860855
S006;1160;delta;0;0.0801980198019802
S006;1177;delta;1;0.2644593461860855
S006;1178;delta;0;0.0801980198019802
S006;1197;delta;0;0.0801980198019802
S006;1434;delta;1;0.2644593461860855
S006;1435;delta;0;0.036380597014925374
S007;6;delta;0;0.015459230069718097
S007;44;delta;0;0.0008952551477170994
S007;66;delta;1;0.0008960573476702509
S007;67;delta;0;0.0801980198019802
S007;69;delta;0;0.0801980198019802
S007;599;delta;0;0.2644593461860855
S007;659;delta;1;0.2644593461860855
S007;660;delta;1;0.2644593461860855
S007;661;delta;0;0.2644593461860855
S007;665;delta;0;0.2644593461860855
S007;731;delta;0;0.2644593461860855
S007;738;delta;0;0.2644593461860855
S007;740;delta;0;0.036380597014925374
S007;742;delta;0;0.2644593461860855
S007;745;delta;0;0.0801980198019802
S007;750;delta;0;0.2644593461860855
S007;754;delta;1;0.2644593461860855
S007;755;delta;0;0.0801980198019802
S007;765;delta;0;0.0801980198019802
S007;769;delta;0;0.0801980198019802
S007;777;delta;0;0.2644593461860855
S007;786;delta;1;0.0801980198019802
S007;787;delta;1;0.2644593461860855
S007;788;delta;0;0.0801980198019802
S007;790;delta;0;0.0801980198019802
S007;804;delta;0;0.2644593461860855
S007;807;delta;1;0.0801980198019802
S007;808;delta;1;0.2644593461860855
S007;809;delta;0;0.2644593461860855
S007;811;delta;0;0.0801980198019802
S007;1084;delta;0;0.0801980198019802
S008;332;delta;0;0.2644593461860855
S008;337;delta;0;0.0801980198019802
S008;361;delta;1;0.2644593461860855
S008;362;delta;1;0.2644593461860855
S008;363;delta;1;0.2644593461860855
S008;364;delta;1;0.2644593461860855
S008;365;delta;0;0.2644593461860855
S008;477;delta;1;0.2644593461860855
S008;478;delta;1;0.2644593461860855
S008;479;delta;1;0.2644593461860855
S008;480;delta;0;0.2644593461860855
S008;492;delta;0;0.2644593461860855
S008;495;delta;1;0.2644593461860855
S008;496;delta;1;0.2644593461860855
S008;497;delta;0;0.2644593461860855
S008;499;delta;1;0.2644593461860855
S008;500;delta;0;0.2644593461860855
S008;547;delta;0;0.2644593461860855
S008;552;delta;0;0.0801980198019802
S008;566;delta;0;0.2644593461860855
S008;1205;delta;0;0.0801980198019802
S008;1211;delta;0;0.2644593461860855
S008;1228;delta;0;0.2644593461860855
S008;1230;delta;1;0.2644593461860855
S008;1231;delta;0;0.2644593461860855
S008;1233;delta;0;0.2644593461860855
S008;1235;delta;0;0.2644593461860855
S008;1237;delta;0;0.2644593461860855
S008;1247;delta;1;0.2644593461860855
S008;1248;delta;0;0.2644593461860855
S008;1254;delta;0;0.2644593461860855
S008;1256;delta;1;0.2644593461860855
S008;1257;delta;0;0.0801980198019802
S008;1373;delta;0;0.2644593461860855
S008;1376;delta;0;0.2644593461860855
S008;1379;delta;1;0.2644593461860855
S008;1380;delta;0;0.0801980198019802
S008;1382;delta;0;0.2644593461860855
S008;1395;delta;0;0.0801980198019802
S009;28;delta;1;0.2644593461860855
S009;29;delta;1;0.2644593461860855
S009;30;delta;0;0.2644593461860855
S009;53;delta;0;0.036380597014925374
S009;58;delta;0;0.036380597014925374
S009;60;delta;0;0.004478948939982084
S009;66;delta;0;0.036380597014925374
S009;79;delta;0;0.2644593461860855
S009;89;delta;0;0.036380597014925374
S009;91;delta;1;0.2644593461860855
S009;92;delta;0;0.2644593461860855
S009;231;delta;0;0.036380597014925374
S009;251;delta;0;0.2644593461860855
S009;260;delta;0;0.2644593461860855
S009;272;delta;0;0.0801980198019802
S009;285;delta;0;0.0801980198019802
S009;318;delta;1;0.2644593461860855
S009;319;delta;0;0.2644593461860855
S009;321;delta;1;0.2644593461860855
S009;322;delta;0;0.2644593461860855
S009;330;delta;0;0.0801980198019802
S009;332;delta;0;0.0801980198019802
S009;335;delta;0;0.0801980198019802
S009;355;delta;1;0.2644593461860855
S009;356;delta;0;0.2644593461860855
S009;447;delta;0;0.015459230069718097
S009;449;delta;1;0.2644593461860855
S009;450;delta;0;0.0801980198019802
S009;453;delta;0;0.0801980198019802
S009;478;delta;0;0.015459230069718097
S009;603;delta;0;0.0801980198019802
S009;608;delta;1;0.2644593461860855
S009;609;delta;0;0.2644593461860855
S009;629;delta;1;0.0801980198019802
S009;630;delta;0;0.2644593461860855
S009;636;delta;1;0.2644593461860855
S009;637;delta;0;0.0801980198019802
S009;705;delta;1;0.2644593461860855
S009;706;delta;0;0.036380597014925374
S009;750;delta;0;0.0
S009;1188;delta;0;0.2644593461860855
S009;1200;delta;0;0.2644593461860855
S009;1209;delta;1;0.2644593461860855
S009;1210;delta;0;0.2644593461860855
S009;1212;delta;0;0.2644593461860855
S009;1218;delta;1;0.2644593461860855
S009;1219;delta;1;0.2644593461860855
S009;1220;delta;0;0.2644593461860855
S009;1233;delta;0;0.2644593461860855
S009;1323;delta;1;0.2644593461860855
S009;1324;delta;1;0.2644593461860855
S009;1325;delta;1;0.2644593461860855
S009;1326;delta;0;0.036380597014925374
S009;1355;delta;0;0.015459230069718097
S009;1364;delta;0;0.036380597014925374
S010;294;delta;1;0.2644593461860855
S010;295;delta;0;0.2644593461860855
S010;310;delta;1;0.2644593461860855
S010;311;delta;0;0.2644593461860855
S010;313;delta;0;0.2644593461860855
S010;321;delta;0;0.2644593461860855
S010;324;delta;0;0.2644593461860855
S010;344;delta;0;0.2644593461860855
S010;350;delta;0;0.2644593461860855
S010;352;delta;1;0.0801980198019802
S010;353;delta;0;0.0801980198019802
S010;357;delta;0;0.036380597014925374
S010;381;delta;0;0.0026849642004773268
S010;763;delta;1;0.2644593461860855
S010;764;delta;0;0.0801980198019802
S010;1125;delta;0;0.2644593461860855
S010;1253;delta;0;0.2644593461860855
S011;54;delta;0;0.2644593461860855
S011;60;delta;0;0.004478948939982084
S011;65;delta;0;0.2644593461860855
S011;67;delta;0;0.2644593461860855
S011;121;delta;0;0.0801980198019802
S011;123;delta;1;0.2644593461860855
S011;124;delta;0;0.2644593461860855
S011;126;delta;0;0.036380597014925374
S011;136;delta;0;0.2644593461860855
S011;156;delta;0;0.0801980198019802
S011;166;delta;0;0.0801980198019802
S011;171;delta;1;0.2644593461860855
S011;172;delta;0;0.0801980198019802
S011;251;delta;1;0.2644593461860855
S011;252;delta;0;0.2644593461860855
S011;255;delta;0;0.2644593461860855
S011;267;delta;0;0.0801980198019802
S011;270;delta;1;0.2644593461860855
S011;271;delta;1;0.2644593461860855
S011;272;delta;0;0.036380597014925374
S011;368;delta;0;0.0801980198019802
S011;370;delta;0;0.2644593461860855
S011;386;delta;0;0.2644593461860855
S011;389;delta;0;0.2644593461860855
S011;407;delta;0;0.2644593461860855
S011;420;delta;0;0.015459230069718097
S011;444;delta;1;0.0801980198019802
S011;445;delta;0;0.2644593461860855
S011;447;delta;0;0.0801980198019802
S011;481;delta;1;0.2644593461860855
S011;482;delta;0;0.036380597014925374
S011;502;delta;1;0.2644593461860855
S011;503;delta;0;0.2644593461860855
S011;506;delta;1;0.2644593461860855
S011;507;delta;0;0.0801980198019802
S011;509;delta;1;0.2644593461860855
S011;510;delta;0;0.008682634730538923
S011;518;delta;1;0.2644593461860855
S011;519;delta;0;0.2644593461860855
S011;521;delta;0;0.036380597014925374
S011;730;delta;0;0.2644593461860855
S011;734;delta;0;0.0801980198019802
S011;780;delta;0;0.2644593461860855
S011;782;delta;1;0.0801980198019802
S011;783;delta;0;0.2644593461860855
S011;786;delta;0;0.2644593461860855
S011;792;delta;1;0.2644593461860855
S011;793;delta;0;0.2644593461860855
S011;799;delta;1;0.2644593461860855
S011;800;delta;0;0.2644593461860855
S011;1329;delta;0;0.2644593461860855
S011;1331;delta;0;0.2644593461860855
S011;1387;delta;0;0.0801980198019802
S011;1389;delta;1;0.0801980198019802
S011;1390;delta;0;0.0801980198019802
S011;1401;delta;1;0.2644593461860855
S011;1402;delta;1;0.2644593461860855
S011;1403;delta;0;0.2644593461860855
S011;1411;delta;1;0.2644593461860855
S011;1412;delta;0;0.0801980198019802
S012;272;delta;0;0.2644593461860855
S012;283;delta;0;0.2644593461860855
S012;289;delta;0;0.2644593461860855
S012;294;delta;0;0.2644593461860855
S012;304;delta;1;0.2644593461860855
S012;305;delta;1;0.2644593461860855
S012;306;delta;0;0.0801980198019802
S012;310;delta;0;0.2644593461860855
S012;362;delta;0;0.2644593461860855
S012;743;delta;0;0.2644593461860855
S012;789;delta;0;0.2644593461860855
S012;794;delta;1;0.2644593461860855
S012;795;delta;0;0.2644593461860855
S012;803;delta;0;0.0801980198019802
S012;810;delta;1;0.0801980198019802
S012;811;delta;0;0.015459230069718097
S012;824;delta;1;0.2644593461860855
S012;825;delta;1;0.036380597014925374
S012;826;delta;1;0.015459230069718097
S012;827;delta;1;0.2644593461860855
S012;828;delta;1;0.0801980198019802
S012;829;delta;1;0.0801980198019802
S012;830;delta;0;0.015459230069718097
S012;918;delta;0;0.2644593461860855
S012;924;delta;0;0.2644593461860855
S012;963;delta;0;0.2644593461860855
S012;966;delta;1;0.2644593461860855
S012;967;delta;0;0.2644593461860855
S012;973;delta;0;0.2644593461860855
S012;977;delta;1;0.2644593461860855
S012;978;delta;0;0.0801980198019802
S012;987;delta;1;0.2644593461860855
S012;988;delta;0;0.2644593461860855
S012;996;delta;0;0.2644593461860855
S012;999;delta;1;0.2644593461860855
S012;1000;delta;0;0.2644593461860855
S012;1002;delta;0;0.0801980198019802
S012;1015;delta;0;0.2644593461860855
S012;1066;delta;0;0.2644593461860855
S012;1069;delta;1;0.2644593461860855
S012;1070;delta;0;0.2644593461860855
S012;1110;delta;1;0.2644593461860855
S012;1111;delta;1;0.2644593461860855
S012;1112;delta;0;0.2644593461860855
S012;1114;delta;0;0.2644593461860855
S012;1120;delta;0;0.2644593461860855
S012;1123;delta;0;0.2644593461860855
S012;1127;delta;1;0.2644593461860855
S012;1128;delta;0;0.0801980198019802
S012;1139;delta;0;0.2644593461860855
S013;477;delta;1;0.036380597014925374
S013;478;delta;1;0.2644593461860855
S013;479;delta;1;0.2644593461860855
S013;480;delta;0;0.015459230069718097
S013;495;delta;0;0.2644593461860855
S013;516;delta;0;0.0801980198019802
S013;520;delta;0;0.2644593461860855
S013;529;delta;0;0.2644593461860855
S013;531;delta;0;0.0801980198019802
S013;537;delta;0;0.036380597014925374
S013;541;delta;1;0.2644593461860855
S013;542;delta;1;0.2644593461860855
S013;543;delta;0;0.0801980198019802
S013;545;delta;0;0.0801980198019802
S013;548;delta;1;0.2644593461860855
S013;549;delta;0;0.0801980198019802
S013;552;delta;0;0.2644593461860855
S013;1101;delta;1;0.2644593461860855
S013;1102;delta;1;0.2644593461860855
S013;1103;delta;1;0.2644593461860855
S013;1104;delta;0;0.2644593461860855
S013;1106;delta;0;0.2644593461860855
S013;1113;delta;1;0.2644593461860855
S013;1114;delta;0;0.2644593461860855
S014;51;delta;0;0.2644593461860855
S014;93;delta;0;0.0801980198019802
S014;95;delta;0;0.2644593461860855
S014;104;delta;0;0.2644593461860855
S014;106;delta;0;0.2644593461860855
S014;121;delta;0;0.2644593461860855
S014;134;delta;0;0.2644593461860855
S014;480;delta;1;0.2644593461860855
S014;481;delta;0;0.0801980198019802
S014;570;delta;0;0.2644593461860855
S014;575;delta;1;0.2644593461860855
S014;576;delta;0;0.0801980198019802
S014;579;delta;0;0.2644593461860855
S014;594;delta;0;0.0801980198019802
S014;703;delta;0;0.0026849642004773268
S014;718;delta;0;0.036380597014925374
S014;725;delta;0;0.036380597014925374
S014;732;delta;0;0.2644593461860855
S014;745;delta;0;0.2644593461860855
S014;747;delta;0;0.015459230069718097
S014;750;delta;0;0.0
S014;1064;delta;0;0.2644593461860855
S014;1066;delta;1;0.2644593461860855
S014;1067;delta;1;0.2644593461860855
S014;1068;delta;0;0.2644593461860855
S014;1070;delta;0;0.2644593461860855
S014;1074;delta;1;0.2644593461860855
S014;1075;delta;0;0.2644593461860855
S014;1083;delta;0;0.2644593461860855
S014;1145;delta;1;0.2644593461860855
S014;1146;delta;1;0.2644593461860855
S014;1147;delta;0;0.2644593461860855
S014;1193;delta;0;0.036380597014925374
S014;1200;delta;0;0.0801980198019802
S014;1205;delta;0;0.2644593461860855
S014;1212;delta;0;0.2644593461860855
S014;1216;delta;1;0.2644593461860855
S014;1217;delta;1;0.2644593461860855
S014;1218;delta;0;0.2644593461860855
S014;1247;delta;0;0.2644593461860855
S014;1254;delta;0;0.0801980198019802
S015;364;delta;1;0.2644593461860855
S015;365;delta;0;0.0801980198019802
S015;373;delta;0;0.2644593461860855
S015;394;delta;0;0.2644593461860855
S015;436;delta;0;0.2644593461860855
S015;445;delta;0;0.2644593461860855
S015;478;delta;1;0.036380597014925374
S015;479;delta;0;0.2644593461860855
S015;529;delta;1;0.2644593461860855
S015;530;delta;0;0.2644593461860855
S015;549;delta;0;0.2644593461860855
S015;551;delta;0;0.0801980198019802
S015;556;delta;0;0.036380597014925374
S015;561;delta;1;0.2644593461860855
S015;562;delta;0;0.2644593461860855
S015;607;delta;0;0.0801980198019802
S015;648;delta;0;0.036380597014925374
S015;651;delta;0;0.015459230069718097
S015;735;delta;0;0.0801980198019802
S015;754;delta;0;0.2644593461860855
S015;756;delta;0;0.036380597014925374
S015;770;delta;1;0.2644593461860855
S015;771;delta;0;0.2644593461860855
S015;1012;delta;0;0.0801980198019802
S016;1;delta;1;0.2644593461860855
S016;2;delta;0;0.0801980198019802
S016;6;delta;0;0.0801980198019802
S016;8;delta;0;0.2644593461860855
S016;25;delta;0;0.2644593461860855
S016;28;delta;0;0.0801980198019802
S016;143;delta;0;0.036380597014925374
S016;145;delta;1;0.2644593461860855
S016;146;delta;1;0.2644593461860855
S016;147;delta;1;0.2644593461860855
S016;148;delta;0;0.2644593461860855
S016;636;delta;1;0.2644593461860855
S016;637;delta;0;0.2644593461860855
S016;642;delta;0;0.2644593461860855
S016;645;delta;1;0.2644593461860855
S016;646;delta;0;0.2644593461860855
S016;648;delta;0;0.2644593461860855
S016;650;delta;0;0.2644593461860855
S016;653;delta;0;0.2644593461860855
S016;656;delta;0;0.2644593461860855
S016;661;delta;0;0.0801980198019802
S016;665;delta;0;0.2644593461860855
S016;667;delta;0;0.2644593461860855
S016;673;delta;0;0.0801980198019802
S016;710;delta;1;0.2644593461860855
S016;711;delta;1;0.0801980198019802
S016;712;delta;1;0.2644593461860855
S016;713;delta;0;0.036380597014925374
S016;741;delta;0;0.008682634730538923
S016;928;delta;0;0.2644593461860855
S016;952;delta;0;0.2644593461860855
S016;956;delta;0;0.0801980198019802
S016;961;delta;0;0.0801980198019802
S016;990;delta;0;0.2644593461860855
S016;1437;delta;0;0.015459230069718097
S017;30;delta;1;0.0801980198019802
S017;31;delta;0;0.2644593461860855
S017;466;delta;1;0.2644593461860855
S017;467;delta;0;0.0801980198019802
S017;491;delta;0;0.0026849642004773268
S017;516;delta;1;0.2644593461860855
S017;517;delta;1;0.2644593461860855
S017;518;delta;1;0.2644593461860855
S017;519;delta;0;0.2644593461860855
S017;523;delta;0;0.036380597014925374
S017;575;delta;0;0.036380597014925374
S017;579;delta;1;0.2644593461860855
S017;580;delta;0;0.0801980198019802
S017;587;delta;0;0.0801980198019802
S017;594;delta;0;0.0801980198019802
S017;881;delta;1;0.2644593461860855
S017;882;delta;0;0.0801980198019802
S017;915;delta;0;0.2644593461860855
S018;38;delta;0;0.2644593461860855
S018;51;delta;1;0.2644593461860855
S018;52;delta;0;0.2644593461860855
S018;54;delta;0;0.2644593461860855
S018;118;delta;1;0.2644593461860855
S018;119;delta;0;0.2644593461860855
S018;121;delta;1;0.2644593461860855
S018;122;delta;0;0.036380597014925374
S018;127;delta;0;0.036380597014925374
S018;425;delta;0;0.0801980198019802
S018;427;delta;0;0.2644593461860855
S018;430;delta;0;0.2644593461860855
S018;450;delta;0;0.015459230069718097
S018;456;delta;0;0.036380597014925374
S018;460;delta;0;0.2644593461860855
S018;474;delta;0;0.0801980198019802
S018;476;delta;0;0.2644593461860855
S018;478;delta;1;0.2644593461860855
S018;479;delta;1;0.2644593461860855
S018;480;delta;0;0.015459230069718097
S018;769;delta;0;0.2644593461860855
S018;776;delta;0;0.0801980198019802
S018;785;delta;1;0.2644593461860855
S018;786;delta;0;0.2644593461860855
S018;812;delta;0;0.2644593461860855
S018;815;delta;0;0.2644593461860855
S018;817;delta;1;0.2644593461860855
S018;818;delta;1;0.2644593461860855
S018;819;delta;0;0.2644593461860855
S018;822;delta;0;0.0801980198019802
S018;826;delta;0;0.2644593461860855
S018;828;delta;0;0.2644593461860855
S018;1004;delta;0;0.0801980198019802
S019;50;delta;0;0.0801980198019802
S019;130;delta;0;0.0801980198019802
S019;132;delta;1;0.2644593461860855
S019;133;delta;0;0.2644593461860855
S019;152;delta;0;0.0801980198019802
S019;311;delta;0;0.036380597014925374
S019;316;delta;0;0.0801980198019802
S019;328;delta;0;0.2644593461860855
S019;330;delta;0;0.008682634730538923
S019;334;delta;0;0.2644593461860855
S019;1110;delta;1;0.2644593461860855
S019;1111;delta;0;0.2644593461860855
S019;1116;delta;0;0.2644593461860855
S019;1121;delta;0;0.2644593461860855
S019;1130;delta;0;0.2644593461860855
S019;1136;delta;0;0.2644593461860855
S019;1142;delta;0;0.2644593461860855
S019;1146;delta;0;0.2644593461860855
S019;1148;delta;0;0.2644593461860855
S019;1155;delta;1;0.2644593461860855
S019;1156;delta;0;0.0801980198019802
S020;45;delta;1;0.2644593461860855
S020;46;delta;0;0.015459230069718097
S020;50;delta;1;0.036380597014925374
S020;51;delta;0;0.2644593461860855
S020;55;delta;0;0.036380597014925374
S020;62;delta;0;0.0801980198019802
S020;69;delta;0;0.036380597014925374
S020;71;delta;1;0.015459230069718097
S020;72;delta;0;0.036380597014925374
S020;76;delta;1;0.2644593461860855
S020;77;delta;0;0.0801980198019802
S020;81;delta;0;0.015459230069718097
S020;128;delta;0;0.004478948939982084
S020;143;delta;1;0.2644593461860855
S020;144;delta;0;0.008682634730538923
S020;204;delta;1;0.2644593461860855
S020;205;delta;0;0.008682634730538923
S020;220;delta;0;0.2644593461860855
S020;222;delta;1;0.2644593461860855
S020;223;delta;0;0.0801980198019802
S020;733;delta;0;0.0
S020;743;delta;0;0.0801980198019802
S020;795;delta;1;0.2644593461860855
S020;796;delta;0;0.0801980198019802
S020;859;delta;0;0.2644593461860855
S020;864;delta;0;0.0801980198019802
S020;866;delta;0;0.008682634730538923
S020;872;delta;0;0.0
S020;888;delta;0;0.2644593461860855
S020;892;delta;0;0.036380597014925374
S020;923;delta;0;0.0008960573476702509
S020;928;delta;0;0.036380597014925374
S020;930;delta;0;0.2644593461860855
S020;933;delta;1;0.2644593461860855
S020;934;delta;0;0.036380597014925374
S020;1020;delta;0;0.2644593461860855
S020;1026;delta;1;0.2644593461860855
S020;1027;delta;1;0.0801980198019802
S020;1028;delta;1;0.0801980198019802
S020;1029;delta;1;0.2644593461860855
S020;1030;delta;0;0.2644593461860855
S020;1033;delta;0;0.0801980198019802
S020;1035;delta;0;0.0801980198019802
S020;1062;delta;1;0.2644593461860855
S020;1063;delta;1;0.0801980198019802
S020;1064;delta;1;0.2644593461860855
S020;1065;delta;1;0.2644593461860855
S020;1066;delta;0;0.0801980198019802
S020;1070;delta;0;0.2644593461860855
S020;1073;delta;0;0.2644593461860855
S020;1090;delta;0;0.2644593461860855
S020;1095;delta;1;0.2644593461860855
S020;1096;delta;0;0.2644593461860855
S020;1098;delta;0;0.036380597014925374
S020;1101;delta;1;0.2644593461860855
S020;1102;delta;0;0.2644593461860855
S020;1105;delta;0;0.2644593461860855
S020;1107;delta;1;0.2644593461860855
S020;1108;delta;1;0.2644593461860855
S020;1109;delta;0;0.0801980198019802
S020;1182;delta;1;0.2644593461860855
S020;1183;delta;0;0.2644593461860855
S020;1186;delta;0;0.2644593461860855
S021;478;delta;0;0.2644593461860855
S021;641;delta;0;0.0
S021;664;delta;0;0.2644593461860855
S021;677;delta;0;0.2644593461860855
S021;691;delta;0;0.2644593461860855
S021;707;delta;0;0.0801980198019802
S021;763;delta;1;0.2644593461860855
S021;764;delta;0;0.0801980198019802
S021;767;delta;0;0.0801980198019802
S021;783;delta;0;0.036380597014925374
S021;788;delta;1;0.2644593461860855
S021;789;delta;0;0.2644593461860855
S021;808;delta;1;0.2644593461860855
S021;809;delta;0;0.036380597014925374
S021;1320;delta;1;0.2644593461860855
S021;1321;delta;0;0.2644593461860855
S021;1333;delta;0;0.2644593461860855
S021;1375;delta;0;0.2644593461860855
S021;1382;delta;0;0.2644593461860855
S021;1384;delta;0;0.0801980198019802
S021;1386;delta;0;0.2644593461860855
S021;1389;delta;0;0.2644593461860855
S021;1392;delta;1;0.2644593461860855
S021;1393;delta;0;0.0801980198019802
S022;2;delta;0;0.004478948939982084
S022;32;delta;0;0.015459230069718097
S022;61;delta;0;0.0008952551477170994
S022;76;delta;0;0.2644593461860855
S022;81;delta;0;0.2644593461860855
S022;90;delta;0;0.0801980198019802
S022;94;delta;0;0.0801980198019802
S022;101;delta;0;0.036380597014925374
S022;488;delta;0;0.2644593461860855
S022;495;delta;0;0.2644593461860855
S022;519;delta;1;0.2644593461860855
S022;520;delta;0;0.0801980198019802
S022;523;delta;0;0.2644593461860855
S022;525;delta;1;0.2644593461860855
S022;526;delta;1;0.2644593461860855
S022;527;delta;1;0.2644593461860855
S022;528;delta;0;0.0801980198019802
S022;548;delta;0;0.0801980198019802
S022;553;delta;0;0.2644593461860855
S022;588;delta;0;0.2644593461860855
S022;592;delta;1;0.2644593461860855
S022;593;delta;1;0.2644593461860855
S022;594;delta;0;0.2644593461860855
S022;599;delta;0;0.2644593461860855
S022;601;delta;0;0.0801980198019802
S022;658;delta;1;0.2644593461860855
S022;659;delta;0;0.2644593461860855
S022;674;delta;1;0.0801980198019802
S022;675;delta;0;0.2644593461860855
S022;678;delta;0;0.0801980198019802
S022;1031;delta;0;0.2644593461860855
S022;1043;delta;0;0.2644593461860855
S022;1061;delta;0;0.2644593461860855
S022;1071;delta;0;0.2644593461860855
S022;1077;delta;0;0.2644593461860855
S023;6;delta;1;0.2644593461860855
S023;7;delta;0;0.2644593461860855
S023;23;delta;0;0.0801980198019802
S023;36;delta;0;0.0801980198019802
S023;38;delta;1;0.0801980198019802
S023;39;delta;0;0.2644593461860855
S023;45;delta;0;0.036380597014925374
S023;80;delta;0;0.2644593461860855
S023;85;delta;0;0.2644593461860855
S023;90;delta;0;0.015459230069718097
S023;535;delta;0;0.2644593461860855
S023;555;delta;0;0.0801980198019802
S023;558;delta;0;0.0801980198019802
S023;562;delta;0;0.2644593461860855
S023;599;delta;1;0.0801980198019802
S023;600;delta;1;0.2644593461860855
S023;601;delta;0;0.2644593461860855
S023;608;delta;1;0.2644593461860855
S023;609;delta;0;0.036380597014925374
S023;624;delta;0;0.2644593461860855
S023;631;delta;0;0.2644593461860855
S023;646;delta;0;0.2644593461860855
S023;654;delta;1;0.2644593461860855
S023;655;delta;0;0.036380597014925374
S023;660;delta;0;0.008682634730538923
S023;920;delta;0;0.2644593461860855
S023;924;delta;0;0.2644593461860855
S023;962;delta;0;0.2644593461860855
S023;1049;delta;0;0.2644593461860855
S023;1162;delta;0;0.2644593461860855
S023;1164;delta;0;0.2644593461860855
S023;1172;delta;0;0.0801980198019802
S023;1198;delta;0;0.2644593461860855
S024;8;delta;0;0.2644593461860855
S024;13;delta;0;0.2644593461860855
S024;18;delta;1;0.2644593461860855
S024;19;delta;0;0.2644593461860855
S024;42;delta;0;0.2644593461860855
S024;46;delta;0;0.2644593461860855
S024;53;delta;0;0.036380597014925374
S024;482;delta;1;0.036380597014925374
S024;483;delta;0;0.0801980198019802
S024;502;delta;1;0.2644593461860855
S024;503;delta;0;0.0801980198019802
S024;505;delta;0;0.2644593461860855
S024;601;delta;0;0.2644593461860855
S024;606;delta;0;0.0801980198019802
S024;610;delta;0;0.0801980198019802
S024;612;delta;0;0.2644593461860855
S024;649;delta;0;0.2644593461860855
S024;652;delta;1;0.2644593461860855
S024;653;delta;0;0.0801980198019802
S024;655;delta;1;0.2644593461860855
S024;656;delta;0;0.0801980198019802
S024;696;delta;0;0.2644593461860855
S024;698;delta;1;0.036380597014925374
S024;699;delta;1;0.2644593461860855
S024;700;delta;1;0.0801980198019802
S024;701;delta;0;0.0801980198019802
S024;730;delta;0;0.2644593461860855
S024;734;delta;1;0.0801980198019802
S024;735;delta;0;0.0
S024;1437;delta;0;0.0801980198019802
S025;111;delta;1;0.0801980198019802
S025;112;delta;1;0.2644593461860855
S025;113;delta;0;0.2644593461860855
S025;116;delta;0;0.0801980198019802
S025;129;delta;0;0.0801980198019802
S025;131;delta;1;0.2644593461860855
S025;132;delta;0;0.2644593461860855
S025;135;delta;0;0.0801980198019802
S025;152;delta;0;0.0801980198019802
S025;182;delta;0;0.0008960573476702509
S025;278;delta;0;0.0801980198019802
S025;332;delta;1;0.0801980198019802
S025;333;delta;0;0.2644593461860855
S025;339;delta;0;0.0801980198019802
S025;345;delta;0;0.015459230069718097
S025;347;delta;0;0.2644593461860855
S025;359;delta;1;0.2644593461860855
S025;360;delta;0;0.036380597014925374
S025;517;delta;0;0.2644593461860855
S025;520;delta;0;0.2644593461860855
S025;651;delta;0;0.036380597014925374
S025;654;delta;1;0.2644593461860855
S025;655;delta;0;0.2644593461860855
S025;661;delta;0;0.0801980198019802
S025;663;delta;0;0.2644593461860855
S025;679;delta;0;0.2644593461860855
S025;683;delta;1;0.2644593461860855
S025;684;delta;0;0.2644593461860855
S025;692;delta;0;0.2644593461860855
S025;700;delta;0;0.2644593461860855
S025;702;delta;0;0.2644593461860855
S025;706;delta;0;0.2644593461860855
S025;723;delta;0;0.0801980198019802
S025;818;delta;0;0.2644593461860855
S025;820;delta;0;0.015459230069718097
S025;830;delta;1;0.2644593461860855
S025;831;delta;0;0.0801980198019802
S025;833;delta;1;0.2644593461860855
S025;834;delta;0;0.0801980198019802
S025;837;delta;0;0.036380597014925374
S026;35;delta;1;0.2644593461860855
S026;36;delta;0;0.036380597014925374
S026;59;delta;0;0.015459230069718097
S026;79;delta;0;0.2644593461860855
S026;93;delta;1;0.2644593461860855
S026;94;delta;0;0.2644593461860855
S026;122;delta;0;0.015459230069718097
S026;335;delta;1;0.2644593461860855
S026;336;delta;0;0.2644593461860855
S026;346;delta;1;0.2644593461860855
S026;347;delta;1;0.2644593461860855
S026;348;delta;0;0.2644593461860855
S026;356;delta;1;0.2644593461860855
S026;357;delta;0;0.2644593461860855
S026;360;delta;0;0.2644593461860855
S026;365;delta;1;0.2644593461860855
S026;366;delta;0;0.2644593461860855
S026;370;delta;0;0.2644593461860855
S026;454;delta;0;0.2644593461860855
S026;569;delta;0;0.2644593461860855
S026;573;delta;0;0.0801980198019802
S026;722;delta;0;0.036380597014925374
S026;909;delta;1;0.015459230069718097
S026;910;delta;0;0.0801980198019802
S026;929;delta;1;0.2644593461860855
S026;930;delta;0;0.2644593461860855
S026;965;delta;0;0.2644593461860855
S026;972;delta;0;0.2644593461860855
S026;1162;delta;1;0.2644593461860855
S026;1163;delta;0;0.036380597014925374
S026;1169;delta;0;0.0008960573476702509
S026;1183;delta;0;0.008682634730538923
S026;1190;delta;1;0.2644593461860855
S026;1191;delta;0;0.2644593461860855
S026;1194;delta;1;0.2644593461860855
S026;1195;delta;0;0.0026849642004773268
S026;1320;delta;0;0.0801980198019802
S026;1324;delta;0;0.036380597014925374
S026;1349;delta;1;0.0801980198019802
S026;1350;delta;0;0.2644593461860855
S026;1437;delta;0;0.2644593461860855
S027;11;delta;0;0.2644593461860855
S027;657;delta;0;0.2644593461860855
S027;852;delta;0;0.2644593461860855
S027;856;delta;1;0.2644593461860855
S027;857;delta;0;0.036380597014925374
S028;2;delta;0;0.0801980198019802
S028;386;delta;0;0.2644593461860855
S028;394;delta;0;0.2644593461860855
S028;397;delta;0;0.2644593461860855
S028;403;delta;1;0.2644593461860855
S028;404;delta;1;0.2644593461860855
S028;405;delta;1;0.2644593461860855
S028;406;delta;0;0.2644593461860855
S028;676;delta;0;0.2644593461860855
S028;684;delta;0;0.2644593461860855
S028;709;delta;1;0.2644593461860855
S028;710;delta;1;0.2644593461860855
S028;711;delta;1;0.2644593461860855
S028;712;delta;0;0.0801980198019802
S028;716;delta;0;0.036380597014925374
S028;769;delta;0;0.0801980198019802
S028;786;delta;1;0.2644593461860855
S028;787;delta;1;0.0801980198019802
S028;788;delta;0;0.2644593461860855
S028;1059;delta;0;0.2644593461860855
S028;1061;delta;0;0.2644593461860855
S028;1081;delta;0;0.036380597014925374
S028;1087;delta;1;0.2644593461860855
S028;1088;delta;0;0.2644593461860855
S029;59;delta;0;0.2644593461860855
S029;66;delta;1;0.2644593461860855
S029;67;delta;1;0.0801980198019802
S029;68;delta;1;0.0801980198019802
S029;69;delta;0;0.036380597014925374
S029;90;delta;0;0.036380597014925374
S029;92;delta;0;0.015459230069718097
S029;95;delta;0;0.2644593461860855
S029;178;delta;0;0.2644593461860855
S029;181;delta;1;0.2644593461860855
S029;182;delta;1;0.2644593461860855
S029;183;delta;0;0.0801980198019802
S029;196;delta;0;0.0801980198019802
S029;226;delta;0;0.2644593461860855
S029;253;delta;0;0.2644593461860855
S029;257;delta;0;0.2644593461860855
S029;260;delta;0;0.2644593461860855
S029;280;delta;0;0.0801980198019802
S029;329;delta;0;0.2644593461860855
S029;350;delta;0;0.0801980198019802
S029;352;delta;0;0.036380597014925374
S029;354;delta;0;0.2644593461860855
S029;360;delta;0;0.036380597014925374
S029;362;delta;1;0.2644593461860855
S029;363;delta;1;0.2644593461860855
S029;364;delta;0;0.036380597014925374
S029;378;delta;0;0.2644593461860855
S029;380;delta;0;0.2644593461860855
S029;1191;delta;0;0.2644593461860855
S029;1193;delta;1;0.2644593461860855
S029;1194;delta;0;0.0801980198019802
S029;1204;delta;0;0.2644593461860855
S029;1208;delta;1;0.2644593461860855
S029;1209;delta;0;0.2644593461860855
S029;1211;delta;1;0.2644593461860855
S029;1212;delta;1;0.2644593461860855
S029;1213;delta;0;0.2644593461860855
S029;1215;delta;0;0.2644593461860855
S029;1225;delta;1;0.2644593461860855
S029;1226;delta;1;0.2644593461860855
S029;1227;delta;0;0.0801980198019802
S029;1252;delta;0;0.036380597014925374
S029;1255;delta;0;0.0801980198019802
S029;1391;delta;0;0.0801980198019802
S029;1394;delta;0;0.0801980198019802
S029;1399;delta;1;0.0801980198019802
S029;1400;delta;0;0.2644593461860855
S029;1420;delta;1;0.0801980198019802
S029;1421;delta;0;0.2644593461860855
S029;1423;delta;1;0.2644593461860855
S029;1424;delta;1;0.0801980198019802
S029;1425;delta;0;0.0801980198019802
S029;1428;delta;0;0.004478948939982084
S029;1434;delta;0;0.0801980198019802
S029;1437;delta;0;0.2644593461860855
S030;4;delta;0;0.036380597014925374
S030;36;delta;0;0.0801980198019802
S030;60;delta;0;0.2644593461860855
S030;102;delta;0;0.2644593461860855
S030;110;delta;0;0.036380597014925374
S030;147;delta;1;0.0801980198019802
S030;148;delta;0;0.036380597014925374
S030;151;delta;1;0.2644593461860855
S030;152;delta;0;0.0801980198019802
S030;386;delta;1;0.036380597014925374
S030;387;delta;0;0.2644593461860855
S030;407;delta;1;0.2644593461860855
S030;408;delta;0;0.0801980198019802
S030;415;delta;0;0.2644593461860855
S030;419;delta;1;0.2644593461860855
S030;420;delta;0;0.036380597014925374
S030;785;delta;0;0.0801980198019802
S030;817;delta;0;0.0801980198019802
S030;822;delta;0;0.2644593461860855
S030;826;delta;0;0.015459230069718097
S030;1082;delta;0;0.2644593461860855
S030;1084;delta;0;0.2644593461860855
S030;1091;delta;0;0.2644593461860855
S031;208;delta;0;0.2644593461860855
S031;211;delta;0;0.2644593461860855
S031;227;delta;1;0.2644593461860855
S031;228;delta;0;0.2644593461860855
S031;234;delta;1;0.2644593461860855
S031;235;delta;0;0.2644593461860855
S031;249;delta;0;0.2644593461860855
S031;371;delta;0;0.2644593461860855
S031;373;delta;0;0.036380597014925374
S031;386;delta;1;0.2644593461860855
S031;387;delta;0;0.2644593461860855
S031;389;delta;1;0.2644593461860855
S031;390;delta;1;0.2644593461860855
S031;391;delta;1;0.2644593461860855
S031;392;delta;0;0.2644593461860855
S031;394;delta;0;0.2644593461860855
S031;410;delta;0;0.2644593461860855
S031;412;delta;0;0.2644593461860855
S031;415;delta;0;0.2644593461860855
S031;417;delta;0;0.2644593461860855
S031;419;delta;1;0.2644593461860855
S031;420;delta;0;0.036380597014925374
S031;470;delta;0;0.2644593461860855
S031;534;delta;0;0.2644593461860855
S031;556;delta;1;0.2644593461860855
S031;557;delta;1;0.0801980198019802
S031;558;delta;0;0.2644593461860855
S031;561;delta;0;0.036380597014925374
S031;563;delta;1;0.2644593461860855
S031;564;delta;0;0.2644593461860855
S031;568;delta;0;0.2644593461860855
S031;575;delta;0;0.2644593461860855
S031;577;delta;0;0.0801980198019802
S031;583;delta;0;0.015459230069718097
S031;610;delta;0;0.015459230069718097
S031;622;delta;1;0.2644593461860855
S031;623;delta;0;0.2644593461860855
S031;625;delta;0;0.2644593461860855
S031;628;delta;0;0.2644593461860855
S031;630;delta;0;0.036380597014925374
S031;713;delta;0;0.2644593461860855
S031;718;delta;1;0.2644593461860855
S031;719;delta;1;0.036380597014925374
S031;720;delta;0;0.2644593461860855
S031;725;delta;1;0.2644593461860855
S031;726;delta;1;0.0801980198019802
S031;727;delta;0;0.0801980198019802
S031;985;delta;1;0.0801980198019802
S031;986;delta;1;0.2644593461860855
S031;987;delta;1;0.2644593461860855
S031;988;delta;0;0.2644593461860855
S031;990;delta;0;0.036380597014925374
S031;1007;delta;0;0.2644593461860855
S031;1147;delta;0;0.2644593461860855
S031;1229;delta;1;0.2644593461860855
S031;1230;delta;0;0.2644593461860855
S031;1232;delta;0;0.0801980198019802
S031;1320;delta;0;0.0008960573476702509
S031;1331;delta;0;0.0801980198019802
S032;400;delta;0;0.2644593461860855
S032;404;delta;0;0.2644593461860855
S032;409;delta;0;0.2644593461860855
S032;417;delta;0;0.2644593461860855
S032;421;delta;0;0.2644593461860855
S032;423;delta;0;0.2644593461860855
S032;427;delta;0;0.2644593461860855
S032;478;delta;1;0.2644593461860855
S032;479;delta;0;0.2644593461860855
S032;490;delta;0;0.015459230069718097
S032;495;delta;0;0.0026849642004773268
S032;512;delta;0;0.0801980198019802
S032;912;delta;0;0.036380597014925374
S032;1059;delta;0;0.2644593461860855
S033;21;delta;1;0.036380597014925374
S033;22;delta;0;0.036380597014925374
S033;37;delta;0;0.2644593461860855
S033;39;delta;0;0.0801980198019802
S033;43;delta;1;0.2644593461860855
S033;44;delta;0;0.2644593461860855
S033;94;delta;0;0.0801980198019802
S033;113;delta;0;0.2644593461860855
S033;115;delta;0;0.036380597014925374
S033;235;delta;0;0.2644593461860855
S033;265;delta;0;0.0801980198019802
S033;269;delta;1;0.2644593461860855
S033;270;delta;0;0.0801980198019802
S033;563;delta;1;0.2644593461860855
S033;564;delta;1;0.2644593461860855
S033;565;delta;0;0.2644593461860855
S033;586;delta;0;0.0801980198019802
S033;595;delta;0;0.2644593461860855
S033;1010;delta;0;0.2644593461860855
S034;42;delta;0;0.2644593461860855
S034;59;delta;0;0.2644593461860855
S034;151;delta;0;0.2644593461860855
S034;499;delta;0;0.2644593461860855
S034;1243;delta;0;0.036380597014925374
S034;1323;delta;1;0.2644593461860855
S034;1324;delta;0;0.015459230069718097
S034;1330;delta;0;0.2644593461860855
S034;1393;delta;1;0.2644593461860855
S034;1394;delta;1;0.2644593461860855
S034;1395;delta;0;0.2644593461860855
S034;1425;delta;0;0.036380597014925374
S034;1430;delta;1;0.036380597014925374
S034;1431;delta;0;0.036380597014925374
S034;1433;delta;0;0.0801980198019802
S035;377;delta;0;0.2644593461860855
S035;381;delta;0;0.2644593461860855
S035;387;delta;1;0.2644593461860855
S035;388;delta;0;0.2644593461860855
S035;986;delta;0;0.2644593461860855
S035;1000;delta;0;0.2644593461860855
S035;1035;delta;0;0.2644593461860855
S035;1255;delta;0;0.2644593461860855
S036;59;delta;0;0.2644593461860855
S036;61;delta;0;0.015459230069718097
S036;72;delta;0;0.036380597014925374
S036;120;delta;0;0.2644593461860855
S036;127;delta;0;0.2644593461860855
S036;139;delta;0;0.0801980198019802
S036;142;delta;0;0.0801980198019802
S036;147;delta;1;0.2644593461860855
S036;148;delta;0;0.2644593461860855
S036;150;delta;1;0.2644593461860855
S036;151;delta;0;0.036380597014925374
S036;162;delta;0;0.2644593461860855
S036;165;delta;1;0.2644593461860855
S036;166;delta;0;0.2644593461860855
S036;225;delta;0;0.0801980198019802
S036;227;delta;0;0.2644593461860855
S036;301;delta;1;0.2644593461860855
S036;302;delta;1;0.0801980198019802
S036;303;delta;0;0.0801980198019802
S036;342;delta;0;0.2644593461860855
S036;345;delta;0;0.036380597014925374
S036;352;delta;0;0.2644593461860855
S036;394;delta;1;0.036380597014925374
S036;395;delta;0;0.036380597014925374
S036;422;delta;0;0.2644593461860855
S036;429;delta;0;0.0801980198019802
S036;434;delta;0;0.2644593461860855
S036;473;delta;0;0.2644593461860855
S036;475;delta;0;0.2644593461860855
S036;493;delta;0;0.2644593461860855
S036;495;delta;0;0.2644593461860855
S036;709;delta;0;0.008682634730538923
S036;732;delta;0;0.2644593461860855
S036;1122;delta;0;0.2644593461860855
S037;60;delta;0;0.0801980198019802
S037;77;delta;0;0.2644593461860855
S037;81;delta;0;0.2644593461860855
S037;83;delta;1;0.2644593461860855
S037;84;delta;1;0.2644593461860855
S037;85;delta;1;0.2644593461860855
S037;86;delta;0;0.2644593461860855
S037;90;delta;0;0.2644593461860855
S037;93;delta;0;0.0801980198019802
S037;95;delta;0;0.036380597014925374
S037;222;delta;0;0.036380597014925374
S037;236;delta;1;0.2644593461860855
S037;237;delta;0;0.015459230069718097
S037;254;delta;0;0.015459230069718097
S037;391;delta;0;0.2644593461860855
S037;402;delta;0;0.0801980198019802
S037;518;delta;0;0.0801980198019802
S037;647;delta;0;0.0801980198019802
S037;649;delta;0;0.2644593461860855
S037;684;delta;0;0.2644593461860855
S037;1117;delta;0;0.0801980198019802
S037;1149;delta;0;0.2644593461860855
S037;1154;delta;0;0.036380597014925374
S037;1159;delta;1;0.2644593461860855
S037;1160;delta;0;0.2644593461860855
S037;1359;delta;0;0.2644593461860855
S037;1362;delta;0;0.2644593461860855
S037;1364;delta;1;0.2644593461860855
S037;1365;delta;0;0.0801980198019802
S038;36;delta;0;0.2644593461860855
S038;38;delta;0;0.2644593461860855
S038;52;delta;0;0.0801980198019802
S038;61;delta;0;0.036380597014925374
S038;66;delta;0;0.2644593461860855
S038;596;delta;1;0.2644593461860855
S038;597;delta;0;0.0801980198019802
S038;602;delta;0;0.2644593461860855
S038;619;delta;0;0.2644593461860855
S038;634;delta;0;0.2644593461860855
S038;638;delta;1;0.2644593461860855
S038;639;delta;0;0.2644593461860855
S038;641;delta;1;0.2644593461860855
S038;642;delta;0;0.2644593461860855
S038;655;delta;0;0.0801980198019802
S038;1246;delta;0;0.2644593461860855
S038;1320;delta;0;0.036380597014925374
S038;1325;delta;0;0.2644593461860855
S038;1327;delta;0;0.2644593461860855
S038;1329;delta;1;0.2644593461860855
S038;1330;delta;0;0.2644593461860855
S038;1332;delta;1;0.2644593461860855
S038;1333;delta;1;0.2644593461860855
S038;1334;delta;1;0.2644593461860855
S038;1335;delta;0;0.2644593461860855
S038;1337;delta;0;0.2644593461860855
S038;1344;delta;1;0.2644593461860855
S038;1345;delta;0;0.2644593461860855
S038;1350;delta;0;0.0801980198019802
S038;1363;delta;0;0.2644593461860855
S038;1367;delta;1;0.2644593461860855
S038;1368;delta;0;0.2644593461860855
S038;1372;delta;1;0.2644593461860855
S038;1373;delta;0;0.2644593461860855
S038;1379;delta;0;0.0801980198019802
S039;197;delta;0;0.0801980198019802
S039;493;delta;0;0.2644593461860855
S039;500;delta;1;0.2644593461860855
S039;501;delta;1;0.2644593461860855
S039;502;delta;0;0.0801980198019802
S039;507;delta;0;0.2644593461860855
S039;681;delta;0;0.2644593461860855
S039;691;delta;1;0.0801980198019802
S039;692;delta;0;0.2644593461860855
S039;695;delta;1;0.2644593461860855
S039;696;delta;0;0.2644593461860855
S039;751;delta;0;0.036380597014925374
S039;766;delta;0;0.0801980198019802
S039;820;delta;0;0.0801980198019802
S039;829;delta;1;0.2644593461860855
S039;830;delta;0;0.2644593461860855
S039;856;delta;0;0.0801980198019802
S039;859;delta;1;0.2644593461860855
S039;860;delta;0;0.2644593461860855
S039;868;delta;1;0.0801980198019802
S039;869;delta;1;0.2644593461860855
S039;870;delta;0;0.015459230069718097
S039;889;delta;0;0.2644593461860855
S039;892;delta;0;0.0801980198019802
S039;911;delta;0;0.0801980198019802
S039;1193;delta;1;0.2644593461860855
S039;1194;delta;0;0.0801980198019802
S039;1198;delta;0;0.2644593461860855
S039;1201;delta;0;0.2644593461860855
S039;1385;delta;0;0.2644593461860855
S040;18;delta;1;0.2644593461860855
S040;19;delta;0;0.2644593461860855
S040;23;delta;0;0.0801980198019802
S040;28;delta;0;0.2644593461860855
S040;30;delta;0;0.0801980198019802
S040;67;delta;0;0.008682634730538923
S040;69;delta;0;0.2644593461860855
S040;73;delta;0;0.0801980198019802
S040;84;delta;0;0.036380597014925374
S040;87;delta;0;0.008682634730538923
S040;90;delta;0;0.0008960573476702509
S040;92;delta;1;0.0801980198019802
S040;93;delta;1;0.036380597014925374
S040;94;delta;0;0.2644593461860855
S040;96;delta;1;0.2644593461860855
S040;97;delta;1;0.036380597014925374
S040;98;delta;1;0.0801980198019802
S040;99;delta;0;0.0008960573476702509
S040;990;delta;0;0.2644593461860855
S040;992;delta;0;0.0801980198019802
S040;1011;delta;0;0.2644593461860855
S040;1047;delta;0;0.2644593461860855
S040;1050;delta;0;0.2644593461860855
S040;1072;delta;0;0.2644593461860855
S040;1079;delta;0;0.2644593461860855
S040;1085;delta;0;0.2644593461860855
S040;1087;delta;1;0.2644593461860855
S040;1088;delta;0;0.2644593461860855
S040;1091;delta;0;0.2644593461860855
S040;1149;delta;0;0.0801980198019802
S040;1153;delta;1;0.2644593461860855
S040;1154;delta;0;0.2644593461860855
S040;1194;delta;0;0.2644593461860855
S040;1198;delta;0;0.2644593461860855
S040;1200;delta;1;0.2644593461860855
S040;1201;delta;0;0.2644593461860855
S040;1203;delta;1;0.2644593461860855
S040;1204;delta;0;0.2644593461860855
S040;1206;delta;0;0.2644593461860855
S041;4;delta;0;0.2644593461860855
S041;6;delta;1;0.2644593461860855
S041;7;delta;0;0.0801980198019802
S041;11;delta;1;0.0801980198019802
S041;12;delta;0;0.004478948939982084
S041;16;delta;1;0.2644593461860855
S041;17;delta;0;0.0801980198019802
S041;21;delta;0;0.0801980198019802
S041;255;delta;1;0.2644593461860855
S041;256;delta;0;0.0801980198019802
S041;259;delta;0;0.2644593461860855
S041;280;delta;0;0.0801980198019802
S041;286;delta;0;0.0801980198019802
S041;590;delta;0;0.2644593461860855
S041;594;delta;0;0.2644593461860855
S041;597;delta;0;0.2644593461860855
S041;622;delta;1;0.2644593461860855
S041;623;delta;0;0.2644593461860855
S041;865;delta;0;0.0801980198019802
S042;289;delta;0;0.0801980198019802
S042;647;delta;1;0.2644593461860855
S042;648;delta;1;0.2644593461860855
S042;649;delta;0;0.2644593461860855
S042;918;delta;1;0.2644593461860855
S042;919;delta;0;0.0801980198019802
S042;924;delta;0;0.2644593461860855
S042;927;delta;0;0.2644593461860855
S042;930;delta;0;0.2644593461860855
S042;933;delta;1;0.2644593461860855
S042;934;delta;0;0.0008960573476702509
S042;1349;delta;0;0.2644593461860855
S042;1355;delta;1;0.2644593461860855
S042;1356;delta;0;0.2644593461860855
S042;1363;delta;1;0.2644593461860855
S042;1364;delta;0;0.2644593461860855
S042;1369;delta;0;0.2644593461860855
S043;12;delta;0;0.036380597014925374
S043;342;delta;0;0.2644593461860855
S043;357;delta;0;0.2644593461860855
S043;361;delta;0;0.2644593461860855
S043;399;delta;0;0.2644593461860855
S043;750;delta;1;0.0
S043;751;delta;0;0.036380597014925374
S043;819;delta;0;0.2644593461860855
S043;821;delta;0;0.0801980198019802
S043;904;delta;1;0.2644593461860855
S043;905;delta;0;0.2644593461860855
S043;945;delta;1;0.2644593461860855
S043;946;delta;1;0.2644593461860855
S043;947;delta;0;0.0801980198019802
S043;955;delta;0;0.2644593461860855
S043;970;delta;1;0.0801980198019802
S043;971;delta;0;0.0801980198019802
S043;992;delta;0;0.2644593461860855
S043;1128;delta;0;0.2644593461860855
S043;1130;delta;0;0.0801980198019802
S043;1145;delta;1;0.2644593461860855
S043;1146;delta;0;0.2644593461860855
S043;1157;delta;0;0.2644593461860855
S043;1160;delta;0;0.2644593461860855
S043;1162;delta;1;0.2644593461860855
S043;1163;delta;0;0.2644593461860855
S043;1413;delta;1;0.2644593461860855
S043;1414;delta;0;0.0801980198019802
S043;1425;delta;0;0.2644593461860855
S043;1428;delta;0;0.2644593461860855
S043;1433;delta;0;0.0801980198019802
S044;106;delta;0;0.2644593461860855
S044;113;delta;0;0.0801980198019802
S044;115;delta;0;0.2644593461860855
S044;620;delta;0;0.2644593461860855
S044;623;delta;0;0.2644593461860855
S044;625;delta;0;0.2644593461860855
S044;813;delta;0;0.036380597014925374
S044;886;delta;0;0.2644593461860855
S044;902;delta;0;0.2644593461860855
S044;1358;delta;0;0.2644593461860855
S044;1365;delta;1;0.0801980198019802
S044;1366;delta;1;0.0801980198019802
S044;1367;delta;0;0.2644593461860855
S044;1389;delta;1;0.0801980198019802
S044;1390;delta;0;0.0801980198019802
S044;1394;delta;0;0.036380597014925374
S045;1;delta;0;0.0801980198019802
S045;5;delta;0;0.2644593461860855
S045;9;delta;1;0.2644593461860855
S045;10;delta;0;0.015459230069718097
S045;358;delta;0;0.2644593461860855
S045;370;delta;1;0.2644593461860855
S045;371;delta;0;0.0801980198019802
S045;380;delta;1;0.2644593461860855
S045;381;delta;1;0.2644593461860855
S045;382;delta;1;0.2644593461860855
S045;383;delta;0;0.0801980198019802
S045;1062;delta;0;0.2644593461860855
S045;1084;delta;0;0.2644593461860855
S045;1087;delta;0;0.2644593461860855
S045;1119;delta;1;0.2644593461860855
S045;1120;delta;0;0.2644593461860855
S046;12;delta;1;0.0801980198019802
S046;13;delta;1;0.2644593461860855
S046;14;delta;0;0.0801980198019802
S046;313;delta;0;0.2644593461860855
S046;316;delta;0;0.2644593461860855
S046;524;delta;0;0.2644593461860855
S046;546;delta;0;0.0801980198019802
S046;568;delta;1;0.2644593461860855
S046;569;delta;1;0.2644593461860855
S046;570;delta;0;0.2644593461860855
S046;615;delta;0;0.2644593461860855
S046;618;delta;0;0.2644593461860855
S046;629;delta;0;0.0
S046;636;delta;0;0.2644593461860855
S046;641;delta;0;0.0801980198019802
S046;649;delta;1;0.2644593461860855
S046;650;delta;0;0.0801980198019802
S046;653;delta;1;0.2644593461860855
S046;654;delta;0;0.2644593461860855
S046;709;delta;1;0.036380597014925374
S046;710;delta;1;0.0801980198019802
S046;711;delta;0;0.015459230069718097
S046;830;delta;0;0.2644593461860855
S046;1104;delta;0;0.2644593461860855
S046;1106;delta;1;0.2644593461860855
S046;1107;delta;0;0.2644593461860855
S046;1155;delta;0;0.0801980198019802
S046;1229;delta;0;0.2644593461860855
S046;1246;delta;1;0.2644593461860855
S046;1247;delta;0;0.2644593461860855
S046;1320;delta;1;0.0801980198019802
S046;1321;delta;0;0.2644593461860855
S046;1336;delta;1;0.2644593461860855
S046;1337;delta;0;0.0801980198019802
S046;1396;delta;0;0.0801980198019802
S047;103;delta;0;0.036380597014925374
S047;449;delta;0;0.2644593461860855
S047;451;delta;0;0.2644593461860855
S047;458;delta;0;0.2644593461860855
S047;463;delta;1;0.2644593461860855
S047;464;delta;0;0.2644593461860855
S047;468;delta;0;0.2644593461860855
S047;515;delta;1;0.2644593461860855
S047;516;delta;0;0.0801980198019802
S047;519;delta;0;0.0801980198019802
S047;524;delta;0;0.2644593461860855
S047;602;delta;0;0.2644593461860855
S047;604;delta;0;0.0801980198019802
S047;615;delta;0;0.2644593461860855
S047;621;delta;0;0.015459230069718097
S047;636;delta;0;0.0801980198019802
S047;664;delta;0;0.2644593461860855
S047;668;delta;1;0.2644593461860855
S047;669;delta;0;0.0801980198019802
S047;717;delta;0;0.0801980198019802
S047;720;delta;0;0.036380597014925374
S047;724;delta;0;0.004478948939982084
S047;726;delta;0;0.2644593461860855
S047;740;delta;0;0.0
S047;746;delta;0;0.2644593461860855
S047;749;delta;1;0.0801980198019802
S047;750;delta;1;0.036380597014925374
S047;751;delta;0;0.0801980198019802
S047;756;delta;0;0.2644593461860855
S047;767;delta;0;0.0801980198019802
S047;774;delta;0;0.015459230069718097
S047;783;delta;0;0.2644593461860855
S047;786;delta;0;0.036380597014925374
S047;794;delta;1;0.036380597014925374
S047;795;delta;0;0.2644593461860855
S047;812;delta;1;0.2644593461860855
S047;813;delta;1;0.2644593461860855
S047;814;delta;0;0.0026849642004773268
S047;826;delta;1;0.0801980198019802
S047;827;delta;0;0.008682634730538923
S047;831;delta;0;0.0008952551477170994
S047;839;delta;0;0.2644593461860855
S047;851;delta;0;0.0801980198019802
S047;855;delta;0;0.0008939213349225268
S047;869;delta;0;0.2644593461860855
S047;873;delta;1;0.2644593461860855
S047;874;delta;0;0.0
S048;90;delta;0;0.2644593461860855
S048;291;delta;0;0.2644593461860855
S048;295;delta;1;0.2644593461860855
S048;296;delta;1;0.2644593461860855
S048;297;delta;0;0.036380597014925374
S048;306;delta;0;0.0801980198019802
S048;380;delta;0;0.2644593461860855
S048;382;delta;1;0.2644593461860855
S048;383;delta;1;0.2644593461860855
S048;384;delta;0;0.2644593461860855
S048;414;delta;0;0.2644593461860855
S049;41;delta;0;0.2644593461860855
S049;45;delta;0;0.2644593461860855
S049;51;delta;1;0.2644593461860855
S049;52;delta;0;0.2644593461860855
S049;54;delta;0;0.2644593461860855
S049;57;delta;0;0.0801980198019802
S049;59;delta;1;0.0801980198019802
S049;60;delta;1;0.2644593461860855
S049;61;delta;0;0.015459230069718097
S049;466;delta;1;0.2644593461860855
S049;467;delta;0;0.036380597014925374
S049;481;delta;1;0.036380597014925374
S049;482;delta;1;0.2644593461860855
S049;483;delta;0;0.015459230069718097
S049;485;delta;1;0.2644593461860855
S049;486;delta;0;0.036380597014925374
S049;507;delta;0;0.0801980198019802
S049;514;delta;0;0.036380597014925374
S049;521;delta;1;0.0801980198019802
S049;522;delta;0;0.0801980198019802
S049;524;delta;0;0.0801980198019802
S049;534;delta;1;0.2644593461860855
S049;535;delta;0;0.036380597014925374
S049;547;delta;0;0.0801980198019802
S049;557;delta;0;0.2644593461860855
S049;561;delta;0;0.036380597014925374
S049;563;delta;0;0.0801980198019802
S049;614;delta;1;0.2644593461860855
S049;615;delta;1;0.2644593461860855
S049;616;delta;0;0.2644593461860855
S049;620;delta;0;0.036380597014925374
S049;626;delta;0;0.2644593461860855
S049;646;delta;1;0.036380597014925374
S049;647;delta;1;0.2644593461860855
S049;648;delta;1;0.0801980198019802
S049;649;delta;0;0.2644593461860855
S049;651;delta;0;0.2644593461860855
S049;659;delta;1;0.2644593461860855
S049;660;delta;1;0.036380597014925374
S049;661;delta;0;0.0801980198019802
S049;664;delta;0;0.036380597014925374
S049;818;delta;0;0.2644593461860855
S049;820;delta;1;0.036380597014925374
S049;821;delta;0;0.2644593461860855
S049;827;delta;0;0.2644593461860855
S049;832;delta;1;0.036380597014925374
S049;833;delta;1;0.2644593461860855
S049;834;delta;0;0.036380597014925374
S049;836;delta;0;0.2644593461860855
S049;840;delta;0;0.008682634730538923
S049;845;delta;1;0.2644593461860855
S049;846;delta;0;0.2644593461860855
S049;859;delta;1;0.2644593461860855
S049;860;delta;0;0.015459230069718097
S050;13;delta;0;0.2644593461860855
S050;26;delta;1;0.2644593461860855
S050;27;delta;0;0.036380597014925374
S050;74;delta;0;0.2644593461860855
S050;125;delta;1;0.2644593461860855
S050;126;delta;0;0.036380597014925374
S050;130;delta;0;0.036380597014925374
S050;139;delta;0;0.2644593461860855
S050;755;delta;0;0.036380597014925374
S050;768;delta;0;0.2644593461860855
S050;777;delta;0;0.0801980198019802
S050;780;delta;0;0.036380597014925374
S050;813;delta;0;0.036380597014925374
S050;816;delta;0;0.0801980198019802
S050;833;delta;0;0.0801980198019802
S050;835;delta;0;0.0801980198019802
S050;838;delta;0;0.2644593461860855
S050;842;delta;0;0.015459230069718097
S050;878;delta;0;0.0801980198019802
S050;880;delta;0;0.0801980198019802
S050;882;delta;1;0.2644593461860855
S050;883;delta;1;0.036380597014925374
S050;884;delta;0;0.036380597014925374
S050;887;delta;0;0.2644593461860855
S050;1229;delta;1;0.2644593461860855
S050;1230;delta;1;0.2644593461860855
S050;1231;delta;0;0.2644593461860855
S001;41;epsilon;0;0.20722433460076045
S001;45;epsilon;1;0.43877019280875457
S001;46;epsilon;0;0.43877019280875457
S001;80;epsilon;0;0.14285714285714285
S001;182;epsilon;0;0.06322207958921694
S001;227;epsilon;0;0.43877019280875457
S001;237;epsilon;0;0.026210299105766267
S001;240;epsilon;0;0.06322207958921694
S001;242;epsilon;0;0.008753395713854513
S001;246;epsilon;0;0.14285714285714285
S001;248;epsilon;0;0.31387478849407785
S001;250;epsilon;0;0.43877019280875457
S001;257;epsilon;1;0.08985024958402663
S001;258;epsilon;1;0.31387478849407785
S001;259;epsilon;0;0.04578465424692137
S001;266;epsilon;0;0.43877019280875457
S001;305;epsilon;0;0.20722433460076045
S001;309;epsilon;0;0.01793858315597446
S001;316;epsilon;0;0.04578465424692137
S001;318;epsilon;0;0.14285714285714285
S001;332;epsilon;0;0.14285714285714285
S001;409;epsilon;1;0.20722433460076045
S001;410;epsilon;1;0.20722433460076045
S001;411;epsilon;0;0.43877019280875457
S001;422;epsilon;1;0.43877019280875457
S001;423;epsilon;0;0.43877019280875457
S001;468;epsilon;1;0.43877019280875457
S001;469;epsilon;0;0.43877019280875457
S001;539;epsilon;1;0.43877019280875457
S001;540;epsilon;0;0.20722433460076045
S001;565;epsilon;0;0.010558069381598794
S001;567;epsilon;1;0.43877019280875457
S001;568;epsilon;0;0.31387478849407785
S001;576;epsilon;0;0.08985024958402663
S001;580;epsilon;1;0.43877019280875457
S001;581;epsilon;1;0.31387478849407785
S001;582;epsilon;0;0.31387478849407785
S001;587;epsilon;0;0.06322207958921694
S001;595;epsilon;0;0.20722433460076045
S001;597;epsilon;1;0.31387478849407785
S001;598;epsilon;0;0.20722433460076045
S001;606;epsilon;1;0.20722433460076045
S001;607;epsilon;0;0.31387478849407785
S001;616;epsilon;1;0.20722433460076045
S001;617;epsilon;0;0.31387478849407785
S001;619;epsilon;1;0.20722433460076045
S001;620;epsilon;0;0.08985024958402663
S001;624;epsilon;1;0.43877019280875457
S001;625;epsilon;1;0.20722433460076045
S001;626;epsilon;0;0.08985024958402663
S001;628;epsilon;1;0.20722433460076045
S001;629;epsilon;1;0.20722433460076045
S001;630;epsilon;1;0.14285714285714285
S001;631;epsilon;0;0.04578465424692137
S001;639;epsilon;0;0.0075075075075075074
S001;645;epsilon;0;0.001195457262402869
S001;654;epsilon;0;0.026210299105766267
S001;666;epsilon;1;0.14285714285714285
S001;667;epsilon;1;0.31387478849407785
S001;668;epsilon;0;0.43877019280875457
S001;670;epsilon;0;0.14285714285714285
S001;673;epsilon;1;0.14285714285714285
S001;674;epsilon;0;0.14285714285714285
S001;679;epsilon;1;0.08985024958402663
S001;680;epsilon;0;0.003296373988612526
S001;688;epsilon;0;0.0008976660682226212
S001;704;epsilon;0;0.14285714285714285
S001;745;epsilon;0;0.31387478849407785
S001;748;epsilon;1;0.20722433460076045
S001;749;epsilon;0;0.20722433460076045
S001;839;epsilon;0;0.31387478849407785
S001;843;epsilon;0;0.43877019280875457
S001;852;epsilon;0;0.08985024958402663
S001;855;epsilon;0;0.43877019280875457
S001;857;epsilon;0;0.06322207958921694
S001;859;epsilon;1;0.20722433460076045
S001;860;epsilon;0;0.026210299105766267
S001;866;epsilon;0;0.14285714285714285
S001;873;epsilon;0;0.08985024958402663
S001;885;epsilon;1;0.31387478849407785
S001;886;epsilon;0;0.04578465424692137
S001;888;epsilon;0;0.04578465424692137
S001;897;epsilon;0;0.31387478849407785
S001;925;epsilon;1;0.31387478849407785
S001;926;epsilon;0;0.14285714285714285
S001;941;epsilon;0;0.31387478849407785
S001;966;epsilon;0;0.31387478849407785
S001;1097;epsilon;0;0.14285714285714285
S001;1111;epsilon;0;0.31387478849407785
S001;1114;epsilon;1;0.43877019280875457
S001;1115;epsilon;0;0.20722433460076045
S001;1117;epsilon;0;0.20722433460076045
S001;1141;epsilon;0;0.31387478849407785
S001;1200;epsilon;0;0.31387478849407785
S001;1202;epsilon;0;0.06322207958921694
S001;1323;epsilon;0;0.31387478849407785
S001;1332;epsilon;0;0.06322207958921694
S001;1337;epsilon;0;0.43877019280875457
S001;1339;epsilon;0;0.31387478849407785
S001;1341;epsilon;0;0.43877019280875457
S001;1343;epsilon;0;0.06322207958921694
S001;1356;epsilon;0;0.08985024958402663
S001;1420;epsilon;0;0.43877019280875457
S001;1422;epsilon;0;0.020763358778625954
S001;1427;epsilon;1;0.31387478849407785
S001;1428;epsilon;0;0.0075075075075075074
S002;3;epsilon;1;0.06322207958921694
S002;4;epsilon;0;0.43877019280875457
S002;11;epsilon;0;0.14285714285714285
S002;52;epsilon;0;0.20722433460076045
S002;92;epsilon;0;0.20722433460076045
S002;150;epsilon;0;0.026210299105766267
S002;160;epsilon;0;0.43877019280875457
S002;166;epsilon;0;0.31387478849407785
S002;169;epsilon;1;0.31387478849407785
S002;170;epsilon;0;0.31387478849407785
S002;251;epsilon;0;0.43877019280875457
S002;255;epsilon;1;0.43877019280875457
S002;256;epsilon;0;0.20722433460076045
S002;303;epsilon;0;0.01793858315597446
S002;332;epsilon;0;0.20722433460076045
S002;394;epsilon;0;0.04578465424692137
S002;400;epsilon;0;0.08985024958402663
S002;406;epsilon;1;0.020763358778625954
S002;407;epsilon;1;0.43877019280875457
S002;408;epsilon;0;0.010558069381598794
S002;559;epsilon;0;0.06322207958921694
S002;573;epsilon;0;0.14285714285714285
S002;583;epsilon;0;0.20722433460076045
S002;590;epsilon;0;0.08985024958402663
S002;603;epsilon;1;0.31387478849407785
S002;604;epsilon;0;0.43877019280875457
S002;620;epsilon;1;0.43877019280875457
S002;621;epsilon;0;0.06322207958921694
S002;627;epsilon;1;0.31387478849407785
S002;628;epsilon;1;0.43877019280875457
S002;629;epsilon;0;0.08985024958402663
S002;637;epsilon;1;0.14285714285714285
S002;638;epsilon;1;0.43877019280875457
S002;639;epsilon;1;0.43877019280875457
S002;640;epsilon;0;0.31387478849407785
S002;642;epsilon;0;0.04578465424692137
S002;664;epsilon;0;0.01793858315597446
S002;717;epsilon;1;0.43877019280875457
S002;718;epsilon;1;0.026210299105766267
S002;719;epsilon;1;0.06322207958921694
S002;720;epsilon;1;0.14285714285714285
S002;721;epsilon;0;0.08985024958402663
S002;724;epsilon;0;0.04578465424692137
S002;726;epsilon;0;0.31387478849407785
S002;740;epsilon;0;0.008753395713854513
S002;742;epsilon;0;0.43877019280875457
S002;747;epsilon;1;0.20722433460076045
S002;748;epsilon;0;0.20722433460076045
S002;787;epsilon;0;0.43877019280875457
S002;844;epsilon;1;0.31387478849407785
S002;845;epsilon;0;0.06322207958921694
S002;848;epsilon;1;0.43877019280875457
S002;849;epsilon;0;0.003296373988612526
S002;902;epsilon;1;0.31387478849407785
S002;903;epsilon;0;0.43877019280875457
S002;905;epsilon;0;0.43877019280875457
S002;907;epsilon;1;0.20722433460076045
S002;908;epsilon;0;0.43877019280875457
S002;922;epsilon;1;0.43877019280875457
S002;923;epsilon;1;0.14285714285714285
S002;924;epsilon;0;0.020763358778625954
S002;928;epsilon;0;0.43877019280875457
S002;938;epsilon;1;0.026210299105766267
S002;939;epsilon;1;0.06322207958921694
S002;940;epsilon;1;0.31387478849407785
S002;941;epsilon;0;0.020763358778625954
S002;945;epsilon;0;0.003290457672749028
S002;949;epsilon;0;0.20722433460076045
S002;1013;epsilon;0;0.08985024958402663
S002;1055;epsilon;0;0.43877019280875457
S002;1059;epsilon;1;0.43877019280875457
S002;1060;epsilon;0;0.43877019280875457
S002;1066;epsilon;1;0.43877019280875457
S002;1067;epsilon;0;0.31387478849407785
S002;1117;epsilon;0;0.43877019280875457
S002;1143;epsilon;0;0.01793858315597446
S002;1154;epsilon;0;0.14285714285714285
S002;1160;epsilon;0;0.08985024958402663
S002;1170;epsilon;0;0.43877019280875457
S002;1173;epsilon;1;0.43877019280875457
S002;1174;epsilon;0;0.31387478849407785
S002;1239;epsilon;0;0.14285714285714285
S002;1245;epsilon;0;0.0008976660682226212
S002;1320;epsilon;0;0.0075075075075075074
S002;1322;epsilon;0;0.08985024958402663
S002;1325;epsilon;1;0.14285714285714285
S002;1326;epsilon;0;0.31387478849407785
S002;1329;epsilon;1;0.43877019280875457
S002;1330;epsilon;1;0.43877019280875457
S002;1331;epsilon;0;0.31387478849407785
S002;1334;epsilon;0;0.08985024958402663
S002;1352;epsilon;0;0.06322207958921694
S002;1412;epsilon;0;0.14285714285714285
S002;1415;epsilon;1;0.31387478849407785
S002;1416;epsilon;0;0.43877019280875457
S003;3;epsilon;0;0.43877019280875457
S003;5;epsilon;1;0.31387478849407785
S003;6;epsilon;0;0.026210299105766267
S003;39;epsilon;0;0.14285714285714285
S003;43;epsilon;1;0.43877019280875457
S003;44;epsilon;0;0.31387478849407785
S003;52;epsilon;0;0.20722433460076045
S003;54;epsilon;0;0.06322207958921694
S003;60;epsilon;0;0.01793858315597446
S003;92;epsilon;0;0.14285714285714285
S003;102;epsilon;1;0.43877019280875457
S003;103;epsilon;0;0.14285714285714285
S003;115;epsilon;0;0.20722433460076045
S003;117;epsilon;0;0.20722433460076045
S003;121;epsilon;0;0.43877019280875457
S003;123;epsilon;0;0.20722433460076045
S003;125;epsilon;0;0.31387478849407785
S003;145;epsilon;0;0.20722433460076045
S003;148;epsilon;1;0.43877019280875457
S003;149;epsilon;0;0.14285714285714285
S003;151;epsilon;0;0.010558069381598794
S003;154;epsilon;0;0.08985024958402663
S003;222;epsilon;0;0.20722433460076045
S003;235;epsilon;0;0.01793858315597446
S003;239;epsilon;0;0.14285714285714285
S003;241;epsilon;0;0.001195457262402869
S003;251;epsilon;0;0.43877019280875457
S003;253;epsilon;0;0.0038910505836575876
S003;257;epsilon;0;0.31387478849407785
S003;261;epsilon;0;0.008753395713854513
S003;301;epsilon;0;0.20722433460076045
S003;304;epsilon;0;0.31387478849407785
S003;308;epsilon;1;0.31387478849407785
S003;309;epsilon;0;0.20722433460076045
S003;318;epsilon;0;0.010558069381598794
S003;325;epsilon;1;0.43877019280875457
S003;326;epsilon;0;0.010558069381598794
S003;355;epsilon;0;0.43877019280875457
S003;364;epsilon;0;0.43877019280875457
S003;369;epsilon;0;0.31387478849407785
S003;372;epsilon;1;0.31387478849407785
S003;373;epsilon;1;0.43877019280875457
S003;374;epsilon;1;0.14285714285714285
S003;375;epsilon;0;0.31387478849407785
S003;402;epsilon;0;0.06322207958921694
S003;434;epsilon;1;0.31387478849407785
S003;435;epsilon;0;0.003296373988612526
S003;439;epsilon;0;0.14285714285714285
S003;442;epsilon;0;0.06322207958921694
S003;445;epsilon;0;0.06322207958921694
S003;450;epsilon;1;0.14285714285714285
S003;451;epsilon;0;0.04578465424692137
S003;459;epsilon;0;0.020763358778625954
S003;461;epsilon;0;0.43877019280875457
S003;463;epsilon;1;0.20722433460076045
S003;464;epsilon;0;0.20722433460076045
S003;534;epsilon;0;0.06322207958921694
S003;549;epsilon;0;0.20722433460076045
S003;551;epsilon;0;0.14285714285714285
S003;591;epsilon;1;0.43877019280875457
S003;592;epsilon;1;0.20722433460076045
S003;593;epsilon;0;0.43877019280875457
S003;596;epsilon;0;0.20722433460076045
S003;605;epsilon;1;0.31387478849407785
S003;606;epsilon;0;0.14285714285714285
S003;611;epsilon;1;0.20722433460076045
S003;612;epsilon;0;0.43877019280875457
S003;617;epsilon;0;0.31387478849407785
S003;627;epsilon;1;0.43877019280875457
S003;628;epsilon;1;0.31387478849407785
S003;629;epsilon;0;0.20722433460076045
S003;634;epsilon;0;0.01793858315597446
S003;636;epsilon;0;0.010558069381598794
S003;664;epsilon;0;0.026210299105766267
S003;676;epsilon;0;0.14285714285714285
S003;679;epsilon;0;0.43877019280875457
S003;742;epsilon;0;0.43877019280875457
S003;785;epsilon;0;0.14285714285714285
S003;791;epsilon;0;0.06322207958921694
S003;842;epsilon;1;0.43877019280875457
S003;843;epsilon;0;0.06322207958921694
S003;887;epsilon;0;0.0075075075075075074
S003;892;epsilon;1;0.31387478849407785
S003;893;epsilon;0;0.20722433460076045
S003;915;epsilon;0;0.43877019280875457
S003;994;epsilon;0;0.31387478849407785
S003;1030;epsilon;1;0.43877019280875457
S003;1031;epsilon;0;0.06322207958921694
S003;1038;epsilon;0;0.14285714285714285
S003;1080;epsilon;0;0.001195457262402869
S003;1123;epsilon;0;0.43877019280875457
S003;1135;epsilon;0;0.14285714285714285
S003;1200;epsilon;0;0.20722433460076045
S003;1250;epsilon;0;0.43877019280875457
S003;1252;epsilon;0;0.43877019280875457
S003;1254;epsilon;0;0.43877019280875457
S003;1325;epsilon;0;0.31387478849407785
S003;1364;epsilon;1;0.43877019280875457
S003;1365;epsilon;1;0.20722433460076045
S003;1366;epsilon;0;0.14285714285714285
S003;1370;epsilon;0;0.14285714285714285
S003;1380;epsilon;0;0.08985024958402663
S003;1386;epsilon;0;0.20722433460076045
S003;1420;epsilon;0;0.31387478849407785
S003;1424;epsilon;0;0.20722433460076045
S003;1428;epsilon;0;0.43877019280875457
S003;1432;epsilon;1;0.43877019280875457
S003;1433;epsilon;0;0.31387478849407785
S004;110;epsilon;0;0.14285714285714285
S004;124;epsilon;0;0.04578465424692137
S004;126;epsilon;1;0.31387478849407785
S004;127;epsilon;0;0.06322207958921694
S004;151;epsilon;1;0.20722433460076045
S004;152;epsilon;0;0.43877019280875457
S004;155;epsilon;0;0.020763358778625954
S004;200;epsilon;0;0.43877019280875457
S004;208;epsilon;1;0.31387478849407785
S004;209;epsilon;0;0.31387478849407785
S004;249;epsilon;0;0.08985024958402663
S004;255;epsilon;1;0.31387478849407785
S004;256;epsilon;0;0.08985024958402663
S004;275;epsilon;1;0.43877019280875457
S004;276;epsilon;0;0.14285714285714285
S004;293;epsilon;1;0.43877019280875457
S004;294;epsilon;1;0.43877019280875457
S004;295;epsilon;0;0.43877019280875457
S004;300;epsilon;1;0.08985024958402663
S004;301;epsilon;0;0.43877019280875457
S004;305;epsilon;1;0.43877019280875457
S004;306;epsilon;0;0.026210299105766267
S004;339;epsilon;0;0.14285714285714285
S004;406;epsilon;0;0.20722433460076045
S004;425;epsilon;0;0.04578465424692137
S004;427;epsilon;0;0.06322207958921694
S004;450;epsilon;0;0.43877019280875457
S004;584;epsilon;0;0.43877019280875457
S004;600;epsilon;0;0.43877019280875457
S004;614;epsilon;0;0.31387478849407785
S004;622;epsilon;0;0.04578465424692137
S004;629;epsilon;0;0.04578465424692137
S004;633;epsilon;0;0.008753395713854513
S004;730;epsilon;0;0.026210299105766267
S004;758;epsilon;0;0.43877019280875457
S004;788;epsilon;0;0.43877019280875457
S004;827;epsilon;0;0.14285714285714285
S004;829;epsilon;0;0.31387478849407785
S004;832;epsilon;1;0.43877019280875457
S004;833;epsilon;0;0.20722433460076045
S004;835;epsilon;0;0.026210299105766267
S004;876;epsilon;0;0.43877019280875457
S004;880;epsilon;0;0.14285714285714285
S004;894;epsilon;0;0.20722433460076045
S004;914;epsilon;1;0.08985024958402663
S004;915;epsilon;1;0.43877019280875457
S004;916;epsilon;0;0.08985024958402663
S004;990;epsilon;1;0.20722433460076045
S004;991;epsilon;0;0.31387478849407785
S004;1022;epsilon;1;0.31387478849407785
S004;1023;epsilon;1;0.31387478849407785
S004;1024;epsilon;0;0.08985024958402663
S004;1054;epsilon;0;0.31387478849407785
S004;1056;epsilon;0;0.43877019280875457
S004;1083;epsilon;1;0.43877019280875457
S004;1084;epsilon;0;0.43877019280875457
S004;1094;epsilon;0;0.31387478849407785
S004;1098;epsilon;1;0.06322207958921694
S004;1099;epsilon;0;0.43877019280875457
S004;1105;epsilon;1;0.20722433460076045
S004;1106;epsilon;1;0.14285714285714285
S004;1107;epsilon;1;0.31387478849407785
S004;1108;epsilon;0;0.020763358778625954
S004;1180;epsilon;0;0.14285714285714285
S004;1233;epsilon;0;0.20722433460076045
S004;1237;epsilon;1;0.0017964071856287425
S004;1238;epsilon;0;0.0075075075075075074
S004;1369;epsilon;0;0.008753395713854513
S004;1382;epsilon;0;0.0015006002400960385
S005;1;epsilon;1;0.31387478849407785
S005;2;epsilon;0;0.31387478849407785
S005;34;epsilon;0;0.14285714285714285
S005;39;epsilon;0;0.08985024958402663
S005;41;epsilon;1;0.31387478849407785
S005;42;epsilon;1;0.43877019280875457
S005;43;epsilon;0;0.14285714285714285
S005;65;epsilon;0;0.04578465424692137
S005;85;epsilon;0;0.43877019280875457
S005;90;epsilon;0;0.31387478849407785
S005;95;epsilon;1;0.31387478849407785
S005;96;epsilon;0;0.06322207958921694
S005;155;epsilon;1;0.43877019280875457
S005;156;epsilon;0;0.20722433460076045
S005;161;epsilon;1;0.08985024958402663
S005;162;epsilon;0;0.43877019280875457
S005;325;epsilon;0;0.43877019280875457
S005;392;epsilon;0;0.43877019280875457
S005;408;epsilon;0;0.04578465424692137
S005;467;epsilon;0;0.43877019280875457
S005;471;epsilon;0;0.14285714285714285
S005;473;epsilon;1;0.43877019280875457
S005;474;epsilon;0;0.31387478849407785
S005;530;epsilon;0;0.20722433460076045
S005;540;epsilon;1;0.31387478849407785
S005;541;epsilon;0;0.06322207958921694
S005;587;epsilon;1;0.020763358778625954
S005;588;epsilon;0;0.31387478849407785
S005;700;epsilon;0;0.020763358778625954
S005;747;epsilon;0;0.20722433460076045
S005;770;epsilon;0;0.003290457672749028
S005;805;epsilon;1;0.43877019280875457
S005;806;epsilon;0;0.31387478849407785
S005;808;epsilon;0;0.43877019280875457
S005;810;epsilon;1;0.43877019280875457
S005;811;epsilon;0;0.31387478849407785
S005;894;epsilon;0;0.026210299105766267
S005;938;epsilon;0;0.08985024958402663
S005;948;epsilon;0;0.026210299105766267
S005;954;epsilon;0;0.20722433460076045
S005;959;epsilon;1;0.43877019280875457
S005;960;epsilon;0;0.008753395713854513
S005;994;epsilon;0;0.06322207958921694
S006;1;epsilon;1;0.43877019280875457
S006;2;epsilon;0;0.14285714285714285
S006;9;epsilon;0;0.31387478849407785
S006;92;epsilon;0;0.43877019280875457
S006;98;epsilon;0;0.43877019280875457
S006;100;epsilon;0;0.43877019280875457
S006;153;epsilon;0;0.31387478849407785
S006;165;epsilon;0;0.14285714285714285
S006;169;epsilon;1;0.31387478849407785
S006;170;epsilon;1;0.14285714285714285
S006;171;epsilon;1;0.31387478849407785
S006;172;epsilon;0;0.20722433460076045
S006;249;epsilon;0;0.08985024958402663
S006;255;epsilon;1;0.31387478849407785
S006;256;epsilon;0;0.20722433460076045
S006;258;epsilon;0;0.43877019280875457
S006;260;epsilon;0;0.08985024958402663
S006;265;epsilon;1;0.31387478849407785
S006;266;epsilon;1;0.43877019280875457
S006;267;epsilon;1;0.04578465424692137
S006;268;epsilon;0;0.026210299105766267
S006;281;epsilon;0;0.20722433460076045
S006;283;epsilon;0;0.43877019280875457
S006;364;epsilon;1;0.43877019280875457
S006;365;epsilon;0;0.08985024958402663
S006;418;epsilon;0;0.20722433460076045
S006;422;epsilon;1;0.08985024958402663
S006;423;epsilon;0;0.31387478849407785
S006;426;epsilon;0;0.08985024958402663
S006;429;epsilon;0;0.43877019280875457
S006;432;epsilon;1;0.14285714285714285
S006;433;epsilon;0;0.20722433460076045
S006;435;epsilon;1;0.20722433460076045
S006;436;epsilon;0;0.20722433460076045
S006;438;epsilon;0;0.20722433460076045
S006;440;epsilon;0;0.06322207958921694
S006;501;epsilon;1;0.06322207958921694
S006;502;epsilon;1;0.43877019280875457
S006;503;epsilon;1;0.43877019280875457
S006;504;epsilon;0;0.20722433460076045
S006;515;epsilon;0;0.20722433460076045
S006;518;epsilon;0;0.20722433460076045
S006;521;epsilon;0;0.026210299105766267
S006;639;epsilon;0;0.20722433460076045
S006;664;epsilon;0;0.43877019280875457
S006;671;epsilon;0;0.14285714285714285
S006;680;epsilon;0;0.31387478849407785
S006;682;epsilon;1;0.14285714285714285
S006;683;epsilon;1;0.43877019280875457
S006;684;epsilon;0;0.31387478849407785
S006;719;epsilon;0;0.08985024958402663
S006;730;epsilon;1;0.20722433460076045
S006;731;epsilon;0;0.026210299105766267
S006;750;epsilon;0;0.020763358778625954
S006;825;epsilon;0;0.08985024958402663
S006;859;epsilon;0;0.43877019280875457
S006;886;epsilon;0;0.01793858315597446
S006;905;epsilon;0;0.43877019280875457
S006;908;epsilon;1;0.06322207958921694
S006;909;epsilon;1;0.43877019280875457
S006;910;epsilon;0;0.20722433460076045
S006;916;epsilon;0;0.31387478849407785
S006;981;epsilon;1;0.14285714285714285
S006;982;epsilon;1;0.43877019280875457
S006;983;epsilon;0;0.31387478849407785
S006;1048;epsilon;0;0.08985024958402663
S006;1081;epsilon;1;0.43877019280875457
S006;1082;epsilon;0;0.43877019280875457
S006;1086;epsilon;1;0.43877019280875457
S006;1087;epsilon;1;0.43877019280875457
S006;1088;epsilon;0;0.31387478849407785
S006;1160;epsilon;0;0.14285714285714285
S006;1197;epsilon;0;0.06322207958921694
S006;1249;epsilon;1;0.31387478849407785
S006;1250;epsilon;0;0.20722433460076045
S006;1252;epsilon;1;0.43877019280875457
S006;1253;epsilon;0;0.31387478849407785
S006;1335;epsilon;0;0.43877019280875457
S006;1338;epsilon;0;0.43877019280875457
S006;1340;epsilon;1;0.20722433460076045
S006;1341;epsilon;0;0.20722433460076045
S006;1343;epsilon;0;0.31387478849407785
S006;1347;epsilon;0;0.14285714285714285
S006;1354;epsilon;0;0.43877019280875457
S006;1381;epsilon;0;0.04578465424692137
S006;1383;epsilon;0;0.43877019280875457
S006;1386;epsilon;1;0.43877019280875457
S006;1387;epsilon;1;0.20722433460076045
S006;1388;epsilon;0;0.43877019280875457
S006;1391;epsilon;1;0.43877019280875457
S006;1392;epsilon;1;0.43877019280875457
S006;1393;epsilon;0;0.43877019280875457
S006;1397;epsilon;0;0.20722433460076045
S006;1403;epsilon;0;0.31387478849407785
S006;1407;epsilon;0;0.14285714285714285
S006;1429;epsilon;0;0.06322207958921694
S007;39;epsilon;1;0.31387478849407785
S007;40;epsilon;0;0.43877019280875457
S007;42;epsilon;0;0.31387478849407785
S007;66;epsilon;1;0.20722433460076045
S007;67;epsilon;0;0.08985024958402663
S007;70;epsilon;0;0.31387478849407785
S007;141;epsilon;1;0.43877019280875457
S007;142;epsilon;1;0.43877019280875457
S007;143;epsilon;0;0.31387478849407785
S007;154;epsilon;1;0.43877019280875457
S007;155;epsilon;0;0.20722433460076045
S007;160;epsilon;0;0.04578465424692137
S007;230;epsilon;0;0.31387478849407785
S007;259;epsilon;0;0.20722433460076045
S007;334;epsilon;0;0.31387478849407785
S007;336;epsilon;0;0.31387478849407785
S007;361;epsilon;1;0.31387478849407785
S007;362;epsilon;0;0.20722433460076045
S007;372;epsilon;1;0.43877019280875457
S007;373;epsilon;0;0.08985024958402663
S007;375;epsilon;0;0.31387478849407785
S007;383;epsilon;1;0.026210299105766267
S007;384;epsilon;1;0.43877019280875457
S007;385;epsilon;0;0.14285714285714285
S007;415;epsilon;1;0.20722433460076045
S007;416;epsilon;1;0.20722433460076045
S007;417;epsilon;1;0.20722433460076045
S007;418;epsilon;0;0.01793858315597446
S007;422;epsilon;1;0.43877019280875457
S007;423;epsilon;1;0.20722433460076045
S007;424;epsilon;0;0.08985024958402663
S007;430;epsilon;0;0.01793858315597446
S007;439;epsilon;0;0.14285714285714285
S007;450;epsilon;0;0.43877019280875457
S007;454;epsilon;1;0.04578465424692137
S007;455;epsilon;0;0.026210299105766267
S007;511;epsilon;0;0.43877019280875457
S007;641;epsilon;0;0.43877019280875457
S007;671;epsilon;0;0.31387478849407785
S007;677;epsilon;1;0.43877019280875457
S007;678;epsilon;0;0.20722433460076045
S007;694;epsilon;0;0.08985024958402663
S007;698;epsilon;0;0.43877019280875457
S007;700;epsilon;0;0.08985024958402663
S007;717;epsilon;1;0.31387478849407785
S007;718;epsilon;0;0.06322207958921694
S007;720;epsilon;0;0.14285714285714285
S007;722;epsilon;1;0.20722433460076045
S007;723;epsilon;1;0.31387478849407785
S007;724;epsilon;0;0.04578465424692137
S007;757;epsilon;0;0.43877019280875457
S007;764;epsilon;0;0.08985024958402663
S007;771;epsilon;0;0.026210299105766267
S007;776;epsilon;0;0.14285714285714285
S007;786;epsilon;1;0.04578465424692137
S007;787;epsilon;1;0.43877019280875457
S007;788;epsilon;1;0.20722433460076045
S007;789;epsilon;0;0.31387478849407785
S007;804;epsilon;0;0.20722433460076045
S007;807;epsilon;1;0.31387478849407785
S007;808;epsilon;0;0.31387478849407785
S007;810;epsilon;1;0.04578465424692137
S007;811;epsilon;0;0.06322207958921694
S007;866;epsilon;0;0.43877019280875457
S007;901;epsilon;0;0.20722433460076045
S007;906;epsilon;0;0.20722433460076045
S007;915;epsilon;0;0.43877019280875457
S007;918;epsilon;0;0.31387478849407785
S007;920;epsilon;1;0.31387478849407785
S007;921;epsilon;0;0.01793858315597446
S007;927;epsilon;1;0.43877019280875457
S007;928;epsilon;0;0.08985024958402663
S007;930;epsilon;0;0.008753395713854513
S007;976;epsilon;0;0.20722433460076045
S007;978;epsilon;0;0.020763358778625954
S007;986;epsilon;1;0.31387478849407785
S007;987;epsilon;1;0.43877019280875457
S007;988;epsilon;0;0.31387478849407785
S007;990;epsilon;0;0.20722433460076045
S007;1016;epsilon;0;0.01793858315597446
S007;1032;epsilon;0;0.20722433460076045
S007;1037;epsilon;0;0.08985024958402663
S007;1141;epsilon;0;0.14285714285714285
S007;1157;epsilon;0;0.43877019280875457
S007;1161;epsilon;1;0.43877019280875457
S007;1162;epsilon;1;0.20722433460076045
S007;1163;epsilon;0;0.04578465424692137
S007;1185;epsilon;0;0.43877019280875457
S007;1245;epsilon;1;0.43877019280875457
S007;1246;epsilon;0;0.43877019280875457
S007;1251;epsilon;0;0.06322207958921694
S007;1253;epsilon;0;0.06322207958921694
S007;1320;epsilon;0;0.001195457262402869
S007;1339;epsilon;0;0.43877019280875457
S007;1370;epsilon;1;0.20722433460076045
S007;1371;epsilon;0;0.43877019280875457
S007;1428;epsilon;1;0.43877019280875457
S007;1429;epsilon;1;0.31387478849407785
S007;1430;epsilon;0;0.43877019280875457
S008;24;epsilon;0;0.20722433460076045
S008;29;epsilon;1;0.43877019280875457
S008;30;epsilon;0;0.43877019280875457
S008;85;epsilon;0;0.06322207958921694
S008;106;epsilon;0;0.31387478849407785
S008;120;epsilon;0;0.14285714285714285
S008;122;epsilon;0;0.31387478849407785
S008;210;epsilon;0;0.43877019280875457
S008;212;epsilon;0;0.43877019280875457
S008;214;epsilon;0;0.08985024958402663
S008;241;epsilon;0;0.43877019280875457
S008;243;epsilon;1;0.43877019280875457
S008;244;epsilon;0;0.20722433460076045
S008;265;epsilon;0;0.20722433460076045
S008;303;epsilon;0;0.31387478849407785
S008;307;epsilon;0;0.43877019280875457
S008;410;epsilon;1;0.08985024958402663
S008;411;epsilon;0;0.43877019280875457
S008;417;epsilon;0;0.06322207958921694
S008;426;epsilon;1;0.43877019280875457
S008;427;epsilon;0;0.20722433460076045
S008;468;epsilon;0;0.43877019280875457
S008;470;epsilon;0;0.20722433460076045
S008;505;epsilon;0;0.04578465424692137
S008;527;epsilon;1;0.31387478849407785
S008;528;epsilon;0;0.20722433460076045
S008;533;epsilon;0;0.31387478849407785
S008;641;epsilon;0;0.14285714285714285
S008;651;epsilon;0;0.08985024958402663
S008;702;epsilon;1;0.43877019280875457
S008;703;epsilon;0;0.31387478849407785
S008;711;epsilon;0;0.06322207958921694
S008;720;epsilon;1;0.43877019280875457
S008;721;epsilon;0;0.31387478849407785
S008;724;epsilon;0;0.14285714285714285
S008;812;epsilon;0;0.20722433460076045
S008;878;epsilon;0;0.14285714285714285
S008;920;epsilon;0;0.31387478849407785
S008;924;epsilon;0;0.31387478849407785
S008;927;epsilon;0;0.31387478849407785
S008;933;epsilon;1;0.31387478849407785
S008;934;epsilon;0;0.20722433460076045
S008;939;epsilon;0;0.43877019280875457
S008;945;epsilon;0;0.06322207958921694
S008;954;epsilon;0;0.14285714285714285
S008;981;epsilon;0;0.04578465424692137
S008;1009;epsilon;1;0.31387478849407785
S008;1010;epsilon;1;0.20722433460076045
S008;1011;epsilon;1;0.43877019280875457
S008;1012;epsilon;1;0.43877019280875457
S008;1013;epsilon;0;0.43877019280875457
S008;1023;epsilon;1;0.43877019280875457
S008;1024;epsilon;0;0.31387478849407785
S008;1090;epsilon;0;0.06322207958921694
S008;1101;epsilon;1;0.20722433460076045
S008;1102;epsilon;0;0.31387478849407785
S008;1120;epsilon;1;0.31387478849407785
S008;1121;epsilon;0;0.31387478849407785
S008;1125;epsilon;0;0.43877019280875457
S008;1166;epsilon;0;0.31387478849407785
S008;1350;epsilon;1;0.14285714285714285
S008;1351;epsilon;0;0.08985024958402663
S008;1364;epsilon;0;0.31387478849407785
S008;1403;epsilon;0;0.20722433460076045
S008;1407;epsilon;1;0.43877019280875457
S008;1408;epsilon;0;0.43877019280875457
S009;13;epsilon;0;0.20722433460076045
S009;53;epsilon;0;0.43877019280875457
S009;55;epsilon;1;0.43877019280875457
S009;56;epsilon;1;0.31387478849407785
S009;57;epsilon;0;0.31387478849407785
S009;60;epsilon;0;0.08985024958402663
S009;66;epsilon;0;0.14285714285714285
S009;77;epsilon;1;0.31387478849407785
S009;78;epsilon;1;0.43877019280875457
S009;79;epsilon;0;0.06322207958921694
S009;89;epsilon;1;0.43877019280875457
S009;90;epsilon;0;0.31387478849407785
S009;93;epsilon;0;0.01793858315597446
S009;139;epsilon;0;0.43877019280875457
S009;161;epsilon;0;0.14285714285714285
S009;165;epsilon;1;0.31387478849407785
S009;166;epsilon;1;0.31387478849407785
S009;167;epsilon;0;0.14285714285714285
S009;171;epsilon;1;0.43877019280875457
S009;172;epsilon;1;0.43877019280875457
S009;173;epsilon;1;0.20722433460076045
S009;174;epsilon;1;0.43877019280875457
S009;175;epsilon;1;0.43877019280875457
S009;176;epsilon;0;0.14285714285714285
S009;185;epsilon;0;0.31387478849407785
S009;199;epsilon;1;0.14285714285714285
S009;200;epsilon;0;0.43877019280875457
S009;225;epsilon;0;0.04578465424692137
S009;272;epsilon;1;0.43877019280875457
S009;273;epsilon;1;0.31387478849407785
S009;274;epsilon;0;0.43877019280875457
S009;285;epsilon;0;0.14285714285714285
S009;288;epsilon;0;0.43877019280875457
S009;290;epsilon;0;0.31387478849407785
S009;317;epsilon;0;0.14285714285714285
S009;324;epsilon;1;0.08985024958402663
S009;325;epsilon;0;0.06322207958921694
S009;327;epsilon;1;0.04578465424692137
S009;328;epsilon;1;0.20722433460076045
S009;329;epsilon;1;0.43877019280875457
S009;330;epsilon;0;0.003296373988612526
S009;334;epsilon;1;0.20722433460076045
S009;335;epsilon;0;0.0017964071856287425
S009;387;epsilon;1;0.43877019280875457
S009;388;epsilon;1;0.43877019280875457
S009;389;epsilon;1;0.31387478849407785
S009;390;epsilon;0;0.31387478849407785
S009;402;epsilon;1;0.31387478849407785
S009;403;epsilon;0;0.31387478849407785
S009;405;epsilon;0;0.20722433460076045
S009;407;epsilon;0;0.20722433460076045
S009;409;epsilon;0;0.31387478849407785
S009;413;epsilon;0;0.04578465424692137
S009;426;epsilon;0;0.20722433460076045
S009;433;epsilon;0;0.31387478849407785
S009;437;epsilon;0;0.31387478849407785
S009;458;epsilon;0;0.31387478849407785
S009;476;epsilon;0;0.08985024958402663
S009;528;epsilon;0;0.31387478849407785
S009;544;epsilon;0;0.20722433460076045
S009;546;epsilon;0;0.43877019280875457
S009;562;epsilon;1;0.31387478849407785
S009;563;epsilon;1;0.43877019280875457
S009;564;epsilon;0;0.31387478849407785
S009;566;epsilon;0;0.43877019280875457
S009;568;epsilon;0;0.31387478849407785
S009;575;epsilon;0;0.0038910505836575876
S009;596;epsilon;1;0.14285714285714285
S009;597;epsilon;0;0.020763358778625954
S009;629;epsilon;1;0.08985024958402663
S009;630;epsilon;0;0.20722433460076045
S009;636;epsilon;1;0.14285714285714285
S009;637;epsilon;0;0.43877019280875457
S009;639;epsilon;1;0.31387478849407785
S009;640;epsilon;0;0.20722433460076045
S009;666;epsilon;0;0.43877019280875457
S009;669;epsilon;0;0.08985024958402663
S009;699;epsilon;0;0.31387478849407785
S009;715;epsilon;0;0.20722433460076045
S009;720;epsilon;0;0.08985024958402663
S009;723;epsilon;1;0.31387478849407785
S009;724;epsilon;0;0.20722433460076045
S009;728;epsilon;1;0.43877019280875457
S009;729;epsilon;1;0.08985024958402663
S009;730;epsilon;1;0.43877019280875457
S009;731;epsilon;0;0.20722433460076045
S009;733;epsilon;1;0.20722433460076045
S009;734;epsilon;0;0.20722433460076045
S009;737;epsilon;1;0.31387478849407785
S009;738;epsilon;0;0.008753395713854513
S009;740;epsilon;0;0.08985024958402663
S009;747;epsilon;0;0.43877019280875457
S009;811;epsilon;0;0.43877019280875457
S009;816;epsilon;0;0.08985024958402663
S009;818;epsilon;1;0.43877019280875457
S009;819;epsilon;1;0.20722433460076045
S009;820;epsilon;0;0.06322207958921694
S009;846;epsilon;1;0.31387478849407785
S009;847;epsilon;0;0.43877019280875457
S009;849;epsilon;0;0.43877019280875457
S009;852;epsilon;1;0.43877019280875457
S009;853;epsilon;0;0.43877019280875457
S009;864;epsilon;0;0.43877019280875457
S009;866;epsilon;0;0.026210299105766267
S009;886;epsilon;0;0.31387478849407785
S009;888;epsilon;1;0.43877019280875457
S009;889;epsilon;0;0.31387478849407785
S009;891;epsilon;0;0.20722433460076045
S009;893;epsilon;0;0.026210299105766267
S009;907;epsilon;0;0.31387478849407785
S009;909;epsilon;0;0.20722433460076045
S009;921;epsilon;0;0.0017964071856287425
S009;991;epsilon;0;0.14285714285714285
S009;1035;epsilon;1;0.43877019280875457
S009;1036;epsilon;0;0.31387478849407785
S009;1041;epsilon;0;0.43877019280875457
S009;1066;epsilon;0;0.20722433460076045
S009;1069;epsilon;0;0.43877019280875457
S009;1082;epsilon;0;0.003290457672749028
S009;1089;epsilon;1;0.31387478849407785
S009;1090;epsilon;1;0.026210299105766267
S009;1091;epsilon;0;0.04578465424692137
S009;1094;epsilon;1;0.43877019280875457
S009;1095;epsilon;0;0.06322207958921694
S009;1114;epsilon;1;0.31387478849407785
S009;1115;epsilon;0;0.31387478849407785
S009;1117;epsilon;1;0.43877019280875457
S009;1118;epsilon;0;0.31387478849407785
S009;1121;epsilon;0;0.14285714285714285
S009;1132;epsilon;1;0.20722433460076045
S009;1133;epsilon;1;0.43877019280875457
S009;1134;epsilon;0;0.43877019280875457
S009;1136;epsilon;0;0.43877019280875457
S009;1149;epsilon;0;0.020763358778625954
S009;1171;epsilon;0;0.026210299105766267
S009;1201;epsilon;1;0.43877019280875457
S009;1202;epsilon;0;0.43877019280875457
S009;1221;epsilon;1;0.43877019280875457
S009;1222;epsilon;1;0.43877019280875457
S009;1223;epsilon;0;0.43877019280875457
S009;1231;epsilon;0;0.43877019280875457
S009;1320;epsilon;0;0.08985024958402663
S009;1327;epsilon;0;0.20722433460076045
S009;1350;epsilon;0;0.43877019280875457
S009;1366;epsilon;0;0.31387478849407785
S009;1379;epsilon;1;0.43877019280875457
S009;1380;epsilon;0;0.31387478849407785
S009;1400;epsilon;0;0.31387478849407785
S009;1414;epsilon;0;0.003296373988612526
S010;15;epsilon;1;0.43877019280875457
S010;16;epsilon;1;0.20722433460076045
S010;17;epsilon;0;0.14285714285714285
S010;22;epsilon;0;0.31387478849407785
S010;36;epsilon;1;0.43877019280875457
S010;37;epsilon;0;0.43877019280875457
S010;40;epsilon;1;0.31387478849407785
S010;41;epsilon;1;0.43877019280875457
S010;42;epsilon;0;0.08985024958402663
S010;54;epsilon;1;0.31387478849407785
S010;55;epsilon;0;0.43877019280875457
S010;64;epsilon;0;0.20722433460076045
S010;68;epsilon;1;0.14285714285714285
S010;69;epsilon;1;0.20722433460076045
S010;70;epsilon;0;0.20722433460076045
S010;87;epsilon;0;0.20722433460076045
S010;89;epsilon;0;0.026210299105766267
S010;94;epsilon;0;0.43877019280875457
S010;99;epsilon;0;0.20722433460076045
S010;104;epsilon;0;0.43877019280875457
S010;115;epsilon;1;0.14285714285714285
S010;116;epsilon;0;0.20722433460076045
S010;119;epsilon;1;0.31387478849407785
S010;120;epsilon;0;0.20722433460076045
S010;122;epsilon;0;0.43877019280875457
S010;124;epsilon;0;0.43877019280875457
S010;192;epsilon;0;0.43877019280875457
S010;196;epsilon;1;0.20722433460076045
S010;197;epsilon;0;0.20722433460076045
S010;203;epsilon;0;0.31387478849407785
S010;205;epsilon;0;0.31387478849407785
S010;276;epsilon;0;0.31387478849407785
S010;283;epsilon;0;0.31387478849407785
S010;305;epsilon;1;0.20722433460076045
S010;306;epsilon;0;0.14285714285714285
S010;343;epsilon;0;0.43877019280875457
S010;354;epsilon;1;0.06322207958921694
S010;355;epsilon;0;0.08985024958402663
S010;381;epsilon;0;0.0017964071856287425
S010;465;epsilon;0;0.31387478849407785
S010;476;epsilon;1;0.43877019280875457
S010;477;epsilon;0;0.20722433460076045
S010;495;epsilon;0;0.43877019280875457
S010;500;epsilon;1;0.43877019280875457
S010;501;epsilon;0;0.08985024958402663
S010;503;epsilon;0;0.43877019280875457
S010;506;epsilon;0;0.08985024958402663
S010;535;epsilon;0;0.06322207958921694
S010;544;epsilon;0;0.04578465424692137
S010;601;epsilon;0;0.43877019280875457
S010;604;epsilon;0;0.31387478849407785
S010;618;epsilon;0;0.14285714285714285
S010;631;epsilon;0;0.20722433460076045
S010;643;epsilon;0;0.14285714285714285
S010;645;epsilon;0;0.43877019280875457
S010;648;epsilon;1;0.43877019280875457
S010;649;epsilon;0;0.31387478849407785
S010;672;epsilon;0;0.43877019280875457
S010;679;epsilon;0;0.020763358778625954
S010;688;epsilon;1;0.43877019280875457
S010;689;epsilon;0;0.06322207958921694
S010;697;epsilon;0;0.20722433460076045
S010;732;epsilon;0;0.43877019280875457
S010;738;epsilon;0;0.026210299105766267
S010;748;epsilon;1;0.43877019280875457
S010;749;epsilon;1;0.31387478849407785
S010;750;epsilon;0;0.14285714285714285
S010;753;epsilon;0;0.20722433460076045
S010;771;epsilon;0;0.06322207958921694
S010;788;epsilon;0;0.43877019280875457
S010;791;epsilon;0;0.20722433460076045
S010;798;epsilon;1;0.08985024958402663
S010;799;epsilon;0;0.04578465424692137
S010;813;epsilon;1;0.31387478849407785
S010;814;epsilon;1;0.43877019280875457
S010;815;epsilon;0;0.43877019280875457
S010;821;epsilon;0;0.31387478849407785
S010;878;epsilon;1;0.43877019280875457
S010;879;epsilon;1;0.31387478849407785
S010;880;epsilon;0;0.43877019280875457
S010;882;epsilon;0;0.20722433460076045
S010;898;epsilon;0;0.20722433460076045
S010;917;epsilon;1;0.31387478849407785
S010;918;epsilon;0;0.04578465424692137
S010;922;epsilon;1;0.08985024958402663
S010;923;epsilon;1;0.20722433460076045
S010;924;epsilon;1;0.43877019280875457
S010;925;epsilon;1;0.31387478849407785
S010;926;epsilon;0;0.43877019280875457
S010;934;epsilon;1;0.20722433460076045
S010;935;epsilon;0;0.31387478849407785
S010;952;epsilon;1;0.43877019280875457
S010;953;epsilon;0;0.20722433460076045
S010;980;epsilon;0;0.31387478849407785
S010;990;epsilon;0;0.04578465424692137
S010;993;epsilon;0;0.20722433460076045
S010;1027;epsilon;0;0.14285714285714285
S010;1031;epsilon;0;0.04578465424692137
S010;1092;epsilon;1;0.43877019280875457
S010;1093;epsilon;0;0.14285714285714285
S010;1173;epsilon;0;0.20722433460076045
S010;1185;epsilon;1;0.31387478849407785
S010;1186;epsilon;0;0.08985024958402663
S010;1206;epsilon;0;0.14285714285714285
S010;1222;epsilon;0;0.31387478849407785
S010;1231;epsilon;0;0.14285714285714285
S010;1234;epsilon;1;0.43877019280875457
S010;1235;epsilon;0;0.43877019280875457
S010;1238;epsilon;1;0.20722433460076045
S010;1239;epsilon;0;0.20722433460076045
S010;1241;epsilon;0;0.31387478849407785
S011;2;epsilon;0;0.20722433460076045
S011;5;epsilon;0;0.0038910505836575876
S011;18;epsilon;1;0.14285714285714285
S011;19;epsilon;0;0.04578465424692137
S011;35;epsilon;0;0.43877019280875457
S011;71;epsilon;0;0.43877019280875457
S011;83;epsilon;1;0.43877019280875457
S011;84;epsilon;1;0.14285714285714285
S011;85;epsilon;0;0.31387478849407785
S011;87;epsilon;0;0.08985024958402663
S011;101;epsilon;0;0.026210299105766267
S011;105;epsilon;0;0.020763358778625954
S011;114;epsilon;1;0.31387478849407785
S011;115;epsilon;1;0.20722433460076045
S011;116;epsilon;0;0.31387478849407785
S011;128;epsilon;1;0.20722433460076045
S011;129;epsilon;0;0.31387478849407785
S011;133;epsilon;0;0.43877019280875457
S011;135;epsilon;0;0.43877019280875457
S011;156;epsilon;0;0.43877019280875457
S011;166;epsilon;0;0.20722433460076045
S011;171;epsilon;1;0.43877019280875457
S011;172;epsilon;0;0.20722433460076045
S011;215;epsilon;0;0.43877019280875457
S011;217;epsilon;1;0.43877019280875457
S011;218;epsilon;0;0.04578465424692137
S011;221;epsilon;0;0.14285714285714285
S011;224;epsilon;0;0.14285714285714285
S011;231;epsilon;0;0.20722433460076045
S011;235;epsilon;0;0.43877019280875457
S011;318;epsilon;1;0.43877019280875457
S011;319;epsilon;0;0.14285714285714285
S011;346;epsilon;0;0.20722433460076045
S011;349;epsilon;0;0.20722433460076045
S011;352;epsilon;0;0.20722433460076045
S011;395;epsilon;1;0.31387478849407785
S011;396;epsilon;0;0.20722433460076045
S011;398;epsilon;1;0.43877019280875457
S011;399;epsilon;0;0.04578465424692137
S011;420;epsilon;1;0.04578465424692137
S011;421;epsilon;0;0.20722433460076045
S011;425;epsilon;0;0.20722433460076045
S011;430;epsilon;1;0.31387478849407785
S011;431;epsilon;0;0.08985024958402663
S011;435;epsilon;1;0.14285714285714285
S011;436;epsilon;0;0.06322207958921694
S011;443;epsilon;0;0.20722433460076045
S011;479;epsilon;1;0.31387478849407785
S011;480;epsilon;1;0.14285714285714285
S011;481;epsilon;1;0.14285714285714285
S011;482;epsilon;1;0.08985024958402663
S011;483;epsilon;1;0.43877019280875457
S011;484;epsilon;0;0.31387478849407785
S011;488;epsilon;1;0.43877019280875457
S011;489;epsilon;0;0.08985024958402663
S011;495;epsilon;1;0.31387478849407785
S011;496;epsilon;0;0.08985024958402663
S011;500;epsilon;0;0.04578465424692137
S011;510;epsilon;0;0.01793858315597446
S011;515;epsilon;0;0.20722433460076045
S011;624;epsilon;0;0.43877019280875457
S011;632;epsilon;0;0.14285714285714285
S011;636;epsilon;0;0.31387478849407785
S011;641;epsilon;1;0.43877019280875457
S011;642;epsilon;0;0.43877019280875457
S011;644;epsilon;0;0.43877019280875457
S011;646;epsilon;0;0.43877019280875457
S011;661;epsilon;0;0.43877019280875457
S011;663;epsilon;0;0.31387478849407785
S011;665;epsilon;1;0.31387478849407785
S011;666;epsilon;0;0.43877019280875457
S011;670;epsilon;0;0.14285714285714285
S011;691;epsilon;1;0.08985024958402663
S011;692;epsilon;0;0.20722433460076045
S011;694;epsilon;1;0.14285714285714285
S011;695;epsilon;0;0.20722433460076045
S011;701;epsilon;0;0.04578465424692137
S011;743;epsilon;0;0.31387478849407785
S011;753;epsilon;0;0.14285714285714285
S011;761;epsilon;0;0.20722433460076045
S011;764;epsilon;0;0.14285714285714285
S011;768;epsilon;0;0.43877019280875457
S011;770;epsilon;0;0.026210299105766267
S011;774;epsilon;0;0.43877019280875457
S011;780;epsilon;0;0.0038910505836575876
S011;801;epsilon;1;0.08985024958402663
S011;802;epsilon;1;0.43877019280875457
S011;803;epsilon;0;0.06322207958921694
S011;873;epsilon;0;0.31387478849407785
S011;878;epsilon;0;0.31387478849407785
S011;890;epsilon;0;0.20722433460076045
S011;904;epsilon;1;0.43877019280875457
S011;905;epsilon;0;0.14285714285714285
S011;911;epsilon;0;0.14285714285714285
S011;915;epsilon;0;0.020763358778625954
S011;919;epsilon;0;0.04578465424692137
S011;929;epsilon;0;0.06322207958921694
S011;935;epsilon;0;0.06322207958921694
S011;941;epsilon;1;0.43877019280875457
S011;942;epsilon;0;0.20722433460076045
S011;946;epsilon;0;0.43877019280875457
S011;974;epsilon;0;0.31387478849407785
S011;979;epsilon;0;0.20722433460076045
S011;986;epsilon;0;0.43877019280875457
S011;1009;epsilon;0;0.026210299105766267
S011;1045;epsilon;0;0.31387478849407785
S011;1047;epsilon;0;0.43877019280875457
S011;1049;epsilon;0;0.06322207958921694
S011;1093;epsilon;0;0.20722433460076045
S011;1096;epsilon;1;0.43877019280875457
S011;1097;epsilon;0;0.04578465424692137
S011;1107;epsilon;0;0.14285714285714285
S011;1166;epsilon;0;0.31387478849407785
S011;1193;epsilon;1;0.43877019280875457
S011;1194;epsilon;0;0.43877019280875457
S011;1206;epsilon;0;0.20722433460076045
S011;1215;epsilon;0;0.31387478849407785
S011;1235;epsilon;0;0.43877019280875457
S011;1237;epsilon;1;0.43877019280875457
S011;1238;epsilon;0;0.43877019280875457
S011;1242;epsilon;1;0.43877019280875457
S011;1243;epsilon;1;0.43877019280875457
S011;1244;epsilon;0;0.14285714285714285
S011;1246;epsilon;0;0.20722433460076045
S011;1252;epsilon;0;0.010558069381598794
S011;1345;epsilon;0;0.20722433460076045
S011;1380;epsilon;0;0.20722433460076045
S011;1406;epsilon;1;0.43877019280875457
S011;1407;epsilon;1;0.31387478849407785
S011;1408;epsilon;1;0.43877019280875457
S011;1409;epsilon;0;0.43877019280875457
S011;1420;epsilon;0;0.06322207958921694
S012;89;epsilon;1;0.43877019280875457
S012;90;epsilon;0;0.31387478849407785
S012;97;epsilon;1;0.43877019280875457
S012;98;epsilon;0;0.31387478849407785
S012;117;epsilon;1;0.31387478849407785
S012;118;epsilon;1;0.31387478849407785
S012;119;epsilon;1;0.31387478849407785
S012;120;epsilon;1;0.43877019280875457
S012;121;epsilon;0;0.06322207958921694
S012;125;epsilon;0;0.43877019280875457
S012;168;epsilon;0;0.14285714285714285
S012;176;epsilon;1;0.43877019280875457
S012;177;epsilon;0;0.31387478849407785
S012;208;epsilon;1;0.31387478849407785
S012;209;epsilon;1;0.31387478849407785
S012;210;epsilon;0;0.026210299105766267
S012;225;epsilon;0;0.43877019280875457
S012;312;epsilon;0;0.31387478849407785
S012;360;epsilon;0;0.31387478849407785
S012;451;epsilon;0;0.06322207958921694
S012;453;epsilon;0;0.020763358778625954
S012;463;epsilon;1;0.31387478849407785
S012;464;epsilon;1;0.31387478849407785
S012;465;epsilon;1;0.31387478849407785
S012;466;epsilon;0;0.14285714285714285
S012;468;epsilon;0;0.20722433460076045
S012;472;epsilon;0;0.06322207958921694
S012;488;epsilon;0;0.01793858315597446
S012;546;epsilon;0;0.43877019280875457
S012;548;epsilon;0;0.43877019280875457
S012;560;epsilon;0;0.08985024958402663
S012;568;epsilon;0;0.43877019280875457
S012;582;epsilon;1;0.31387478849407785
S012;583;epsilon;1;0.31387478849407785
S012;584;epsilon;0;0.06322207958921694
S012;662;epsilon;1;0.31387478849407785
S012;663;epsilon;0;0.14285714285714285
S012;693;epsilon;1;0.43877019280875457
S012;694;epsilon;0;0.20722433460076045
S012;696;epsilon;0;0.026210299105766267
S012;698;epsilon;0;0.20722433460076045
S012;711;epsilon;0;0.31387478849407785
S012;713;epsilon;0;0.04578465424692137
S012;715;epsilon;1;0.43877019280875457
S012;716;epsilon;0;0.01793858315597446
S012;723;epsilon;0;0.43877019280875457
S012;785;epsilon;0;0.31387478849407785
S012;816;epsilon;0;0.01793858315597446
S012;821;epsilon;1;0.43877019280875457
S012;822;epsilon;1;0.43877019280875457
S012;823;epsilon;0;0.06322207958921694
S012;889;epsilon;1;0.43877019280875457
S012;890;epsilon;0;0.43877019280875457
S012;892;epsilon;0;0.43877019280875457
S012;945;epsilon;0;0.31387478849407785
S012;957;epsilon;0;0.31387478849407785
S012;974;epsilon;0;0.31387478849407785
S012;977;epsilon;1;0.04578465424692137
S012;978;epsilon;0;0.43877019280875457
S012;981;epsilon;1;0.43877019280875457
S012;982;epsilon;1;0.08985024958402663
S012;983;epsilon;0;0.43877019280875457
S012;986;epsilon;1;0.43877019280875457
S012;987;epsilon;0;0.06322207958921694
S012;990;epsilon;0;0.08985024958402663
S012;992;epsilon;0;0.14285714285714285
S012;994;epsilon;1;0.20722433460076045
S012;995;epsilon;0;0.43877019280875457
S012;999;epsilon;1;0.43877019280875457
S012;1000;epsilon;0;0.08985024958402663
S012;1002;epsilon;0;0.026210299105766267
S012;1015;epsilon;0;0.06322207958921694
S012;1050;epsilon;1;0.31387478849407785
S012;1051;epsilon;0;0.20722433460076045
S012;1053;epsilon;0;0.08985024958402663
S012;1058;epsilon;1;0.43877019280875457
S012;1059;epsilon;0;0.43877019280875457
S012;1110;epsilon;0;0.026210299105766267
S012;1129;epsilon;0;0.06322207958921694
S012;1133;epsilon;1;0.43877019280875457
S012;1134;epsilon;1;0.026210299105766267
S012;1135;epsilon;1;0.20722433460076045
S012;1136;epsilon;0;0.31387478849407785
S012;1138;epsilon;0;0.06322207958921694
S012;1212;epsilon;1;0.43877019280875457
S012;1213;epsilon;0;0.31387478849407785
S012;1215;epsilon;1;0.20722433460076045
S012;1216;epsilon;0;0.43877019280875457
S012;1322;epsilon;0;0.43877019280875457
S012;1367;epsilon;0;0.20722433460076045
S012;1385;epsilon;0;0.06322207958921694
S012;1397;epsilon;0;0.43877019280875457
S013;12;epsilon;0;0.43877019280875457
S013;14;epsilon;0;0.31387478849407785
S013;137;epsilon;0;0.43877019280875457
S013;177;epsilon;0;0.31387478849407785
S013;183;epsilon;0;0.31387478849407785
S013;201;epsilon;0;0.026210299105766267
S013;203;epsilon;1;0.43877019280875457
S013;204;epsilon;0;0.43877019280875457
S013;220;epsilon;1;0.43877019280875457
S013;221;epsilon;0;0.31387478849407785
S013;267;epsilon;0;0.43877019280875457
S013;276;epsilon;0;0.01793858315597446
S013;288;epsilon;0;0.008753395713854513
S013;299;epsilon;0;0.31387478849407785
S013;332;epsilon;0;0.01793858315597446
S013;337;epsilon;1;0.14285714285714285
S013;338;epsilon;0;0.06322207958921694
S013;340;epsilon;0;0.14285714285714285
S013;346;epsilon;0;0.06322207958921694
S013;359;epsilon;1;0.43877019280875457
S013;360;epsilon;0;0.020763358778625954
S013;365;epsilon;0;0.001195457262402869
S013;402;epsilon;0;0.31387478849407785
S013;422;epsilon;0;0.06322207958921694
S013;439;epsilon;0;0.04578465424692137
S013;448;epsilon;0;0.31387478849407785
S013;456;epsilon;0;0.43877019280875457
S013;516;epsilon;0;0.31387478849407785
S013;521;epsilon;0;0.20722433460076045
S013;528;epsilon;0;0.31387478849407785
S013;532;epsilon;0;0.31387478849407785
S013;536;epsilon;0;0.20722433460076045
S013;556;epsilon;0;0.31387478849407785
S013;618;epsilon;0;0.31387478849407785
S013;623;epsilon;0;0.31387478849407785
S013;627;epsilon;1;0.43877019280875457
S013;628;epsilon;0;0.06322207958921694
S013;723;epsilon;0;0.43877019280875457
S013;739;epsilon;1;0.31387478849407785
S013;740;epsilon;0;0.20722433460076045
S013;743;epsilon;0;0.06322207958921694
S013;747;epsilon;0;0.31387478849407785
S013;751;epsilon;0;0.20722433460076045
S013;756;epsilon;0;0.14285714285714285
S013;761;epsilon;1;0.08985024958402663
S013;762;epsilon;0;0.06322207958921694
S013;765;epsilon;0;0.43877019280875457
S013;767;epsilon;0;0.06322207958921694
S013;770;epsilon;0;0.31387478849407785
S013;774;epsilon;0;0.31387478849407785
S013;778;epsilon;1;0.31387478849407785
S013;779;epsilon;0;0.0038910505836575876
S013;797;epsilon;0;0.008753395713854513
S013;799;epsilon;1;0.43877019280875457
S013;800;epsilon;0;0.010558069381598794
S013;882;epsilon;0;0.43877019280875457
S013;950;epsilon;0;0.31387478849407785
S013;954;epsilon;0;0.43877019280875457
S013;960;epsilon;0;0.04578465424692137
S013;970;epsilon;1;0.43877019280875457
S013;971;epsilon;0;0.31387478849407785
S013;974;epsilon;1;0.43877019280875457
S013;975;epsilon;0;0.20722433460076045
S013;978;epsilon;1;0.20722433460076045
S013;979;epsilon;0;0.08985024958402663
S013;982;epsilon;1;0.31387478849407785
S013;983;epsilon;1;0.43877019280875457
S013;984;epsilon;1;0.14285714285714285
S013;985;epsilon;0;0.43877019280875457
S013;989;epsilon;0;0.026210299105766267
S013;1060;epsilon;0;0.31387478849407785
S013;1074;epsilon;0;0.20722433460076045
S013;1140;epsilon;0;0.08985024958402663
S013;1158;epsilon;0;0.31387478849407785
S013;1321;epsilon;0;0.43877019280875457
S013;1337;epsilon;1;0.20722433460076045
S013;1338;epsilon;0;0.14285714285714285
S013;1393;epsilon;0;0.026210299105766267
S014;6;epsilon;0;0.20722433460076045
S014;42;epsilon;0;0.08985024958402663
S014;45;epsilon;0;0.31387478849407785
S014;84;epsilon;1;0.43877019280875457
S014;85;epsilon;1;0.43877019280875457
S014;86;epsilon;0;0.43877019280875457
S014;135;epsilon;0;0.20722433460076045
S014;150;epsilon;0;0.20722433460076045
S014;152;epsilon;0;0.04578465424692137
S014;259;epsilon;0;0.20722433460076045
S014;324;epsilon;1;0.43877019280875457
S014;325;epsilon;0;0.43877019280875457
S014;330;epsilon;1;0.43877019280875457
S014;331;epsilon;0;0.08985024958402663
S014;337;epsilon;0;0.0038910505836575876
S014;401;epsilon;0;0.20722433460076045
S014;409;epsilon;1;0.20722433460076045
S014;410;epsilon;0;0.20722433460076045
S014;414;epsilon;0;0.43877019280875457
S014;420;epsilon;0;0.008753395713854513
S014;458;epsilon;0;0.31387478849407785
S014;467;epsilon;1;0.31387478849407785
S014;468;epsilon;0;0.31387478849407785
S014;473;epsilon;0;0.31387478849407785
S014;485;epsilon;0;0.04578465424692137
S014;545;epsilon;0;0.43877019280875457
S014;582;epsilon;1;0.43877019280875457
S014;583;epsilon;0;0.08985024958402663
S014;586;epsilon;0;0.43877019280875457
S014;588;epsilon;0;0.31387478849407785
S014;622;epsilon;0;0.20722433460076045
S014;626;epsilon;1;0.43877019280875457
S014;627;epsilon;1;0.31387478849407785
S014;628;epsilon;0;0.31387478849407785
S014;635;epsilon;1;0.43877019280875457
S014;636;epsilon;0;0.08985024958402663
S014;641;epsilon;0;0.008753395713854513
S014;643;epsilon;0;0.08985024958402663
S014;658;epsilon;0;0.0038910505836575876
S014;660;epsilon;0;0.06322207958921694
S014;676;epsilon;0;0.14285714285714285
S014;680;epsilon;1;0.43877019280875457
S014;681;epsilon;0;0.20722433460076045
S014;719;epsilon;0;0.43877019280875457
S014;724;epsilon;0;0.20722433460076045
S014;733;epsilon;0;0.010558069381598794
S014;740;epsilon;1;0.31387478849407785
S014;741;epsilon;0;0.43877019280875457
S014;744;epsilon;0;0.43877019280875457
S014;747;epsilon;0;0.14285714285714285
S014;750;epsilon;0;0.0015006002400960385
S014;798;epsilon;0;0.43877019280875457
S014;812;epsilon;0;0.20722433460076045
S014;849;epsilon;0;0.43877019280875457
S014;852;epsilon;0;0.31387478849407785
S014;854;epsilon;0;0.43877019280875457
S014;856;epsilon;0;0.06322207958921694
S014;859;epsilon;0;0.43877019280875457
S014;891;epsilon;1;0.31387478849407785
S014;892;epsilon;0;0.31387478849407785
S014;894;epsilon;0;0.43877019280875457
S014;905;epsilon;0;0.43877019280875457
S014;911;epsilon;0;0.010558069381598794
S014;917;epsilon;1;0.31387478849407785
S014;918;epsilon;1;0.20722433460076045
S014;919;epsilon;1;0.43877019280875457
S014;920;epsilon;0;0.14285714285714285
S014;929;epsilon;1;0.20722433460076045
S014;930;epsilon;0;0.20722433460076045
S014;940;epsilon;1;0.43877019280875457
S014;941;epsilon;0;0.14285714285714285
S014;944;epsilon;1;0.20722433460076045
S014;945;epsilon;0;0.06322207958921694
S014;951;epsilon;0;0.08985024958402663
S014;954;epsilon;0;0.06322207958921694
S014;962;epsilon;0;0.026210299105766267
S014;1012;epsilon;0;0.43877019280875457
S014;1014;epsilon;0;0.43877019280875457
S014;1017;epsilon;0;0.31387478849407785
S014;1022;epsilon;0;0.43877019280875457
S014;1024;epsilon;1;0.43877019280875457
S014;1025;epsilon;1;0.43877019280875457
S014;1026;epsilon;0;0.20722433460076045
S014;1043;epsilon;0;0.43877019280875457
S014;1084;epsilon;0;0.04578465424692137
S014;1136;epsilon;1;0.43877019280875457
S014;1137;epsilon;0;0.20722433460076045
S014;1143;epsilon;0;0.08985024958402663
S014;1189;epsilon;0;0.20722433460076045
S014;1240;epsilon;0;0.43877019280875457
S014;1242;epsilon;1;0.31387478849407785
S014;1243;epsilon;0;0.14285714285714285
S014;1255;epsilon;0;0.43877019280875457
S014;1342;epsilon;1;0.43877019280875457
S014;1343;epsilon;0;0.43877019280875457
S014;1345;epsilon;0;0.31387478849407785
S014;1348;epsilon;0;0.31387478849407785
S014;1361;epsilon;0;0.08985024958402663
S014;1375;epsilon;0;0.0075075075075075074
S014;1378;epsilon;1;0.20722433460076045
S014;1379;epsilon;0;0.31387478849407785
S014;1418;epsilon;0;0.0038910505836575876
S014;1425;epsilon;0;0.0075075075075075074
S014;1432;epsilon;0;0.31387478849407785
S014;1434;epsilon;0;0.026210299105766267
S014;1437;epsilon;0;0.31387478849407785
S015;2;epsilon;0;0.14285714285714285
S015;7;epsilon;0;0.43877019280875457
S015;9;epsilon;0;0.06322207958921694
S015;12;epsilon;1;0.43877019280875457
S015;13;epsilon;0;0.0015006002400960385
S015;111;epsilon;0;0.43877019280875457
S015;114;epsilon;0;0.43877019280875457
S015;121;epsilon;0;0.06322207958921694
S015;151;epsilon;0;0.04578465424692137
S015;167;epsilon;1;0.43877019280875457
S015;168;epsilon;1;0.43877019280875457
S015;169;epsilon;0;0.31387478849407785
S015;171;epsilon;0;0.06322207958921694
S015;181;epsilon;0;0.31387478849407785
S015;184;epsilon;0;0.31387478849407785
S015;186;epsilon;0;0.43877019280875457
S015;189;epsilon;0;0.20722433460076045
S015;195;epsilon;1;0.43877019280875457
S015;196;epsilon;1;0.43877019280875457
S015;197;epsilon;1;0.43877019280875457
S015;198;epsilon;1;0.31387478849407785
S015;199;epsilon;0;0.31387478849407785
S015;213;epsilon;1;0.14285714285714285
S015;214;epsilon;0;0.43877019280875457
S015;257;epsilon;0;0.31387478849407785
S015;270;epsilon;0;0.08985024958402663
S015;285;epsilon;0;0.08985024958402663
S015;287;epsilon;0;0.20722433460076045
S015;296;epsilon;0;0.31387478849407785
S015;316;epsilon;0;0.08985024958402663
S015;318;epsilon;0;0.06322207958921694
S015;320;epsilon;0;0.43877019280875457
S015;330;epsilon;0;0.0038910505836575876
S015;336;epsilon;1;0.31387478849407785
S015;337;epsilon;1;0.20722433460076045
S015;338;epsilon;0;0.003290457672749028
S015;394;epsilon;0;0.20722433460076045
S015;439;epsilon;0;0.31387478849407785
S015;444;epsilon;0;0.43877019280875457
S015;478;epsilon;1;0.08985024958402663
S015;479;epsilon;0;0.14285714285714285
S015;521;epsilon;0;0.20722433460076045
S015;523;epsilon;0;0.20722433460076045
S015;526;epsilon;0;0.04578465424692137
S015;594;epsilon;1;0.43877019280875457
S015;595;epsilon;0;0.43877019280875457
S015;601;epsilon;0;0.06322207958921694
S015;635;epsilon;0;0.43877019280875457
S015;638;epsilon;0;0.43877019280875457
S015;640;epsilon;0;0.43877019280875457
S015;643;epsilon;0;0.31387478849407785
S015;646;epsilon;0;0.20722433460076045
S015;651;epsilon;1;0.31387478849407785
S015;652;epsilon;0;0.31387478849407785
S015;664;epsilon;0;0.08985024958402663
S015;713;epsilon;0;0.20722433460076045
S015;770;epsilon;1;0.20722433460076045
S015;771;epsilon;0;0.43877019280875457
S015;779;epsilon;1;0.20722433460076045
S015;780;epsilon;0;0.08985024958402663
S015;866;epsilon;0;0.43877019280875457
S015;873;epsilon;1;0.31387478849407785
S015;874;epsilon;0;0.43877019280875457
S015;884;epsilon;0;0.31387478849407785
S015;886;epsilon;0;0.31387478849407785
S015;925;epsilon;1;0.43877019280875457
S015;926;epsilon;1;0.31387478849407785
S015;927;epsilon;0;0.20722433460076045
S015;984;epsilon;0;0.026210299105766267
S016;34;epsilon;0;0.31387478849407785
S016;58;epsilon;0;0.020763358778625954
S016;61;epsilon;0;0.43877019280875457
S016;66;epsilon;0;0.43877019280875457
S016;72;epsilon;0;0.06322207958921694
S016;82;epsilon;0;0.08985024958402663
S016;84;epsilon;0;0.43877019280875457
S016;118;epsilon;0;0.14285714285714285
S016;236;epsilon;1;0.43877019280875457
S016;237;epsilon;0;0.31387478849407785
S016;241;epsilon;1;0.20722433460076045
S016;242;epsilon;0;0.026210299105766267
S016;333;epsilon;0;0.20722433460076045
S016;339;epsilon;1;0.20722433460076045
S016;340;epsilon;0;0.20722433460076045
S016;345;epsilon;0;0.43877019280875457
S016;348;epsilon;1;0.43877019280875457
S016;349;epsilon;0;0.31387478849407785
S016;351;epsilon;0;0.14285714285714285
S016;356;epsilon;0;0.008753395713854513
S016;384;epsilon;0;0.43877019280875457
S016;413;epsilon;0;0.43877019280875457
S016;441;epsilon;0;0.31387478849407785
S016;446;epsilon;0;0.20722433460076045
S016;448;epsilon;0;0.08985024958402663
S016;491;epsilon;0;0.20722433460076045
S016;600;epsilon;0;0.43877019280875457
S016;602;epsilon;0;0.14285714285714285
S016;604;epsilon;1;0.43877019280875457
S016;605;epsilon;0;0.43877019280875457
S016;608;epsilon;0;0.20722433460076045
S016;670;epsilon;0;0.31387478849407785
S016;672;epsilon;0;0.31387478849407785
S016;698;epsilon;1;0.43877019280875457
S016;699;epsilon;1;0.20722433460076045
S016;700;epsilon;1;0.43877019280875457
S016;701;epsilon;1;0.20722433460076045
S016;702;epsilon;0;0.06322207958921694
S016;714;epsilon;0;0.31387478849407785
S016;716;epsilon;0;0.14285714285714285
S016;719;epsilon;0;0.43877019280875457
S016;730;epsilon;0;0.14285714285714285
S016;734;epsilon;0;0.20722433460076045
S016;737;epsilon;1;0.31387478849407785
S016;738;epsilon;0;0.14285714285714285
S016;740;epsilon;0;0.010558069381598794
S016;780;epsilon;1;0.43877019280875457
S016;781;epsilon;1;0.43877019280875457
S016;782;epsilon;1;0.43877019280875457
S016;783;epsilon;1;0.31387478849407785
S016;784;epsilon;0;0.43877019280875457
S016;794;epsilon;0;0.20722433460076045
S016;801;epsilon;0;0.14285714285714285
S016;826;epsilon;0;0.06322207958921694
S016;829;epsilon;0;0.04578465424692137
S016;832;epsilon;0;0.14285714285714285
S016;834;epsilon;1;0.20722433460076045
S016;835;epsilon;0;0.04578465424692137
S016;850;epsilon;1;0.43877019280875457
S016;851;epsilon;0;0.06322207958921694
S016;874;epsilon;1;0.43877019280875457
S016;875;epsilon;0;0.20722433460076045
S016;877;epsilon;1;0.20722433460076045
S016;878;epsilon;0;0.14285714285714285
S016;898;epsilon;0;0.43877019280875457
S016;955;epsilon;1;0.43877019280875457
S016;956;epsilon;0;0.08985024958402663
S016;961;epsilon;0;0.20722433460076045
S016;990;epsilon;0;0.20722433460076045
S016;1040;epsilon;0;0.43877019280875457
S016;1042;epsilon;0;0.026210299105766267
S016;1085;epsilon;0;0.20722433460076045
S016;1094;epsilon;0;0.31387478849407785
S016;1143;epsilon;0;0.31387478849407785
S016;1169;epsilon;1;0.43877019280875457
S016;1170;epsilon;1;0.31387478849407785
S016;1171;epsilon;0;0.31387478849407785
S016;1173;epsilon;0;0.20722433460076045
S016;1185;epsilon;0;0.06322207958921694
S016;1207;epsilon;0;0.20722433460076045
S016;1224;epsilon;0;0.43877019280875457
S016;1369;epsilon;0;0.14285714285714285
S016;1413;epsilon;0;0.20722433460076045
S016;1415;epsilon;0;0.06322207958921694
S017;25;epsilon;0;0.31387478849407785
S017;27;epsilon;0;0.14285714285714285
S017;29;epsilon;0;0.20722433460076045
S017;34;epsilon;0;0.06322207958921694
S017;104;epsilon;0;0.31387478849407785
S017;129;epsilon;1;0.31387478849407785
S017;130;epsilon;0;0.43877019280875457
S017;141;epsilon;0;0.43877019280875457
S017;143;epsilon;0;0.08985024958402663
S017;149;epsilon;0;0.08985024958402663
S017;156;epsilon;0;0.026210299105766267
S017;162;epsilon;0;0.43877019280875457
S017;188;epsilon;1;0.43877019280875457
S017;189;epsilon;0;0.31387478849407785
S017;243;epsilon;0;0.20722433460076045
S017;257;epsilon;1;0.43877019280875457
S017;258;epsilon;0;0.43877019280875457
S017;260;epsilon;0;0.43877019280875457
S017;263;epsilon;0;0.43877019280875457
S017;269;epsilon;0;0.43877019280875457
S017;325;epsilon;0;0.31387478849407785
S017;327;epsilon;1;0.31387478849407785
S017;328;epsilon;0;0.43877019280875457
S017;330;epsilon;0;0.026210299105766267
S017;350;epsilon;1;0.31387478849407785
S017;351;epsilon;0;0.31387478849407785
S017;354;epsilon;0;0.20722433460076045
S017;369;epsilon;0;0.08985024958402663
S017;375;epsilon;0;0.20722433460076045
S017;378;epsilon;0;0.43877019280875457
S017;380;epsilon;0;0.020763358778625954
S017;421;epsilon;0;0.43877019280875457
S017;432;epsilon;0;0.14285714285714285
S017;443;epsilon;0;0.04578465424692137
S017;447;epsilon;1;0.31387478849407785
S017;448;epsilon;0;0.20722433460076045
S017;455;epsilon;0;0.14285714285714285
S017;461;epsilon;0;0.06322207958921694
S017;463;epsilon;0;0.0038910505836575876
S017;468;epsilon;0;0.43877019280875457
S017;482;epsilon;0;0.31387478849407785
S017;484;epsilon;1;0.43877019280875457
S017;485;epsilon;0;0.06322207958921694
S017;516;epsilon;1;0.43877019280875457
S017;517;epsilon;1;0.43877019280875457
S017;518;epsilon;0;0.43877019280875457
S017;520;epsilon;0;0.43877019280875457
S017;523;epsilon;0;0.08985024958402663
S017;558;epsilon;1;0.43877019280875457
S017;559;epsilon;0;0.43877019280875457
S017;574;epsilon;0;0.43877019280875457
S017;589;epsilon;0;0.43877019280875457
S017;591;epsilon;0;0.31387478849407785
S017;649;epsilon;0;0.06322207958921694
S017;651;epsilon;1;0.43877019280875457
S017;652;epsilon;0;0.20722433460076045
S017;654;epsilon;0;0.08985024958402663
S017;658;epsilon;1;0.31387478849407785
S017;659;epsilon;1;0.31387478849407785
S017;660;epsilon;0;0.06322207958921694
S017;662;epsilon;1;0.31387478849407785
S017;663;epsilon;0;0.01793858315597446
S017;676;epsilon;0;0.04578465424692137
S017;761;epsilon;1;0.43877019280875457
S017;762;epsilon;0;0.43877019280875457
S017;784;epsilon;0;0.08985024958402663
S017;792;epsilon;0;0.04578465424692137
S017;804;epsilon;0;0.14285714285714285
S017;808;epsilon;1;0.43877019280875457
S017;809;epsilon;0;0.20722433460076045
S017;811;epsilon;0;0.020763358778625954
S017;832;epsilon;0;0.20722433460076045
S017;886;epsilon;0;0.43877019280875457
S017;892;epsilon;1;0.43877019280875457
S017;893;epsilon;1;0.43877019280875457
S017;894;epsilon;1;0.43877019280875457
S017;895;epsilon;0;0.08985024958402663
S017;900;epsilon;1;0.06322207958921694
S017;901;epsilon;1;0.31387478849407785
S017;902;epsilon;0;0.01793858315597446
S017;907;epsilon;1;0.31387478849407785
S017;908;epsilon;0;0.14285714285714285
S017;978;epsilon;0;0.43877019280875457
S017;1005;epsilon;0;0.43877019280875457
S017;1008;epsilon;0;0.43877019280875457
S017;1030;epsilon;1;0.31387478849407785
S017;1031;epsilon;1;0.43877019280875457
S017;1032;epsilon;0;0.08985024958402663
S017;1044;epsilon;0;0.026210299105766267
S017;1070;epsilon;0;0.06322207958921694
S017;1185;epsilon;0;0.43877019280875457
S017;1187;epsilon;0;0.43877019280875457
S017;1189;epsilon;0;0.20722433460076045
S017;1217;epsilon;0;0.14285714285714285
S017;1384;epsilon;0;0.14285714285714285
S017;1413;epsilon;0;0.20722433460076045
S017;1419;epsilon;0;0.31387478849407785
S017;1421;epsilon;0;0.43877019280875457
S018;4;epsilon;0;0.14285714285714285
S018;6;epsilon;0;0.31387478849407785
S018;11;epsilon;0;0.31387478849407785
S018;14;epsilon;1;0.20722433460076045
S018;15;epsilon;0;0.020763358778625954
S018;17;epsilon;0;0.14285714285714285
S018;19;epsilon;0;0.01793858315597446
S018;64;epsilon;0;0.14285714285714285
S018;105;epsilon;0;0.06322207958921694
S018;112;epsilon;1;0.31387478849407785
S018;113;epsilon;0;0.06322207958921694
S018;171;epsilon;0;0.20722433460076045
S018;173;epsilon;1;0.43877019280875457
S018;174;epsilon;0;0.43877019280875457
S018;180;epsilon;0;0.01793858315597446
S018;234;epsilon;0;0.31387478849407785
S018;248;epsilon;0;0.06322207958921694
S018;250;epsilon;1;0.06322207958921694
S018;251;epsilon;1;0.43877019280875457
S018;252;epsilon;0;0.31387478849407785
S018;262;epsilon;0;0.08985024958402663
S018;270;epsilon;1;0.31387478849407785
S018;271;epsilon;0;0.020763358778625954
S018;273;epsilon;1;0.43877019280875457
S018;274;epsilon;0;0.20722433460076045
S018;278;epsilon;0;0.43877019280875457
S018;285;epsilon;0;0.06322207958921694
S018;289;epsilon;1;0.31387478849407785
S018;290;epsilon;0;0.31387478849407785
S018;294;epsilon;0;0.06322207958921694
S018;296;epsilon;0;0.06322207958921694
S018;299;epsilon;1;0.20722433460076045
S018;300;epsilon;0;0.01793858315597446
S018;314;epsilon;0;0.20722433460076045
S018;316;epsilon;0;0.008753395713854513
S018;321;epsilon;0;0.0075075075075075074
S018;331;epsilon;0;0.43877019280875457
S018;333;epsilon;1;0.08985024958402663
S018;334;epsilon;0;0.04578465424692137
S018;348;epsilon;0;0.31387478849407785
S018;355;epsilon;0;0.31387478849407785
S018;360;epsilon;1;0.31387478849407785
S018;361;epsilon;1;0.026210299105766267
S018;362;epsilon;0;0.026210299105766267
S018;372;epsilon;0;0.003296373988612526
S018;391;epsilon;0;0.31387478849407785
S018;450;epsilon;0;0.08985024958402663
S018;455;epsilon;0;0.43877019280875457
S018;460;epsilon;0;0.43877019280875457
S018;474;epsilon;0;0.20722433460076045
S018;476;epsilon;0;0.31387478849407785
S018;478;epsilon;1;0.43877019280875457
S018;479;epsilon;1;0.31387478849407785
S018;480;epsilon;0;0.04578465424692137
S018;619;epsilon;0;0.14285714285714285
S018;660;epsilon;1;0.31387478849407785
S018;661;epsilon;0;0.14285714285714285
S018;665;epsilon;1;0.43877019280875457
S018;666;epsilon;1;0.43877019280875457
S018;667;epsilon;0;0.08985024958402663
S018;703;epsilon;0;0.0008976660682226212
S018;779;epsilon;0;0.20722433460076045
S018;781;epsilon;0;0.14285714285714285
S018;787;epsilon;0;0.20722433460076045
S018;812;epsilon;0;0.04578465424692137
S018;815;epsilon;0;0.14285714285714285
S018;817;epsilon;1;0.08985024958402663
S018;818;epsilon;1;0.31387478849407785
S018;819;epsilon;0;0.04578465424692137
S018;822;epsilon;0;0.026210299105766267
S018;826;epsilon;0;0.04578465424692137
S018;828;epsilon;0;0.14285714285714285
S018;949;epsilon;0;0.31387478849407785
S018;955;epsilon;0;0.43877019280875457
S018;957;epsilon;0;0.43877019280875457
S018;1069;epsilon;1;0.43877019280875457
S018;1070;epsilon;0;0.31387478849407785
S018;1073;epsilon;0;0.43877019280875457
S018;1081;epsilon;0;0.010558069381598794
S018;1084;epsilon;1;0.43877019280875457
S018;1085;epsilon;1;0.20722433460076045
S018;1086;epsilon;0;0.14285714285714285
S018;1090;epsilon;0;0.04578465424692137
S018;1100;epsilon;0;0.31387478849407785
S018;1102;epsilon;0;0.20722433460076045
S018;1104;epsilon;0;0.31387478849407785
S018;1107;epsilon;0;0.31387478849407785
S018;1110;epsilon;0;0.01793858315597446
S018;1112;epsilon;1;0.31387478849407785
S018;1113;epsilon;1;0.06322207958921694
S018;1114;epsilon;0;0.43877019280875457
S018;1178;epsilon;0;0.31387478849407785
S018;1250;epsilon;0;0.43877019280875457
S018;1252;epsilon;1;0.43877019280875457
S018;1253;epsilon;0;0.06322207958921694
S018;1323;epsilon;0;0.01793858315597446
S018;1326;epsilon;0;0.026210299105766267
S018;1339;epsilon;0;0.31387478849407785
S018;1351;epsilon;0;0.20722433460076045
S018;1357;epsilon;0;0.43877019280875457
S018;1359;epsilon;0;0.08985024958402663
S018;1363;epsilon;0;0.31387478849407785
S018;1365;epsilon;0;0.04578465424692137
S018;1379;epsilon;0;0.31387478849407785
S018;1389;epsilon;1;0.14285714285714285
S018;1390;epsilon;0;0.43877019280875457
S018;1392;epsilon;0;0.31387478849407785
S018;1397;epsilon;0;0.06322207958921694
S018;1407;epsilon;0;0.31387478849407785
S018;1410;epsilon;0;0.026210299105766267
S018;1415;epsilon;1;0.20722433460076045
S018;1416;epsilon;0;0.08985024958402663
S018;1420;epsilon;1;0.31387478849407785
S018;1421;epsilon;0;0.008753395713854513
S018;1433;epsilon;1;0.04578465424692137
S018;1434;epsilon;1;0.43877019280875457
S018;1435;epsilon;0;0.06322207958921694
S019;24;epsilon;0;0.31387478849407785
S019;30;epsilon;1;0.43877019280875457
S019;31;epsilon;1;0.20722433460076045
S019;32;epsilon;1;0.20722433460076045
S019;33;epsilon;1;0.43877019280875457
S019;34;epsilon;1;0.43877019280875457
S019;35;epsilon;1;0.20722433460076045
S019;36;epsilon;0;0.06322207958921694
S019;41;epsilon;0;0.08985024958402663
S019;78;epsilon;1;0.43877019280875457
S019;79;epsilon;0;0.20722433460076045
S019;97;epsilon;1;0.31387478849407785
S019;98;epsilon;0;0.43877019280875457
S019;101;epsilon;0;0.14285714285714285
S019;103;epsilon;1;0.43877019280875457
S019;104;epsilon;0;0.08985024958402663
S019;113;epsilon;0;0.20722433460076045
S019;119;epsilon;0;0.20722433460076045
S019;153;epsilon;0;0.14285714285714285
S019;224;epsilon;0;0.43877019280875457
S019;242;epsilon;0;0.31387478849407785
S019;244;epsilon;0;0.14285714285714285
S019;254;epsilon;0;0.14285714285714285
S019;270;epsilon;0;0.20722433460076045
S019;281;epsilon;0;0.20722433460076045
S019;289;epsilon;0;0.31387478849407785
S019;291;epsilon;1;0.43877019280875457
S019;292;epsilon;0;0.14285714285714285
S019;434;epsilon;0;0.08985024958402663
S019;436;epsilon;1;0.43877019280875457
S019;437;epsilon;1;0.14285714285714285
S019;438;epsilon;0;0.14285714285714285
S019;443;epsilon;1;0.43877019280875457
S019;444;epsilon;0;0.026210299105766267
S019;476;epsilon;0;0.31387478849407785
S019;479;epsilon;0;0.06322207958921694
S019;481;epsilon;0;0.14285714285714285
S019;484;epsilon;0;0.31387478849407785
S019;493;epsilon;1;0.01793858315597446
S019;494;epsilon;0;0.14285714285714285
S019;526;epsilon;0;0.20722433460076045
S019;558;epsilon;1;0.20722433460076045
S019;559;epsilon;1;0.20722433460076045
S019;560;epsilon;0;0.14285714285714285
S019;562;epsilon;0;0.04578465424692137
S019;597;epsilon;1;0.43877019280875457
S019;598;epsilon;0;0.31387478849407785
S019;601;epsilon;0;0.14285714285714285
S019;607;epsilon;0;0.08985024958402663
S019;610;epsilon;0;0.14285714285714285
S019;612;epsilon;0;0.20722433460076045
S019;663;epsilon;0;0.43877019280875457
S019;665;epsilon;0;0.43877019280875457
S019;671;epsilon;0;0.43877019280875457
S019;683;epsilon;0;0.08985024958402663
S019;692;epsilon;1;0.20722433460076045
S019;693;epsilon;0;0.31387478849407785
S019;698;epsilon;0;0.04578465424692137
S019;740;epsilon;0;0.43877019280875457
S019;751;epsilon;0;0.08985024958402663
S019;772;epsilon;1;0.31387478849407785
S019;773;epsilon;1;0.14285714285714285
S019;774;epsilon;0;0.43877019280875457
S019;783;epsilon;1;0.43877019280875457
S019;784;epsilon;1;0.43877019280875457
S019;785;epsilon;0;0.20722433460076045
S019;834;epsilon;0;0.06322207958921694
S019;840;epsilon;0;0.0038910505836575876
S019;850;epsilon;0;0.026210299105766267
S019;865;epsilon;1;0.43877019280875457
S019;866;epsilon;0;0.08985024958402663
S019;868;epsilon;0;0.20722433460076045
S019;871;epsilon;0;0.08985024958402663
S019;874;epsilon;0;0.20722433460076045
S019;877;epsilon;0;0.43877019280875457
S019;882;epsilon;1;0.43877019280875457
S019;883;epsilon;1;0.31387478849407785
S019;884;epsilon;1;0.20722433460076045
S019;885;epsilon;1;0.43877019280875457
S019;886;epsilon;1;0.31387478849407785
S019;887;epsilon;0;0.20722433460076045
S019;894;epsilon;0;0.31387478849407785
S019;953;epsilon;0;0.43877019280875457
S019;956;epsilon;1;0.43877019280875457
S019;957;epsilon;0;0.31387478849407785
S019;961;epsilon;0;0.026210299105766267
S019;963;epsilon;0;0.31387478849407785
S019;969;epsilon;0;0.14285714285714285
S019;1017;epsilon;0;0.06322207958921694
S019;1049;epsilon;0;0.04578465424692137
S019;1052;epsilon;1;0.43877019280875457
S019;1053;epsilon;0;0.14285714285714285
S019;1084;epsilon;0;0.43877019280875457
S019;1140;epsilon;1;0.20722433460076045
S019;1141;epsilon;0;0.43877019280875457
S019;1146;epsilon;0;0.43877019280875457
S019;1149;epsilon;0;0.06322207958921694
S019;1154;epsilon;0;0.14285714285714285
S019;1156;epsilon;0;0.31387478849407785
S019;1158;epsilon;1;0.08985024958402663
S019;1159;epsilon;0;0.31387478849407785
S019;1191;epsilon;1;0.31387478849407785
S019;1192;epsilon;0;0.43877019280875457
S019;1198;epsilon;0;0.31387478849407785
S019;1202;epsilon;0;0.14285714285714285
S019;1204;epsilon;0;0.43877019280875457
S019;1206;epsilon;1;0.43877019280875457
S019;1207;epsilon;0;0.43877019280875457
S019;1210;epsilon;0;0.14285714285714285
S019;1216;epsilon;0;0.43877019280875457
S019;1223;epsilon;1;0.43877019280875457
S019;1224;epsilon;0;0.31387478849407785
S019;1226;epsilon;0;0.04578465424692137
S019;1233;epsilon;0;0.0017964071856287425
S019;1329;epsilon;1;0.14285714285714285
S019;1330;epsilon;1;0.31387478849407785
S019;1331;epsilon;0;0.14285714285714285
S019;1334;epsilon;0;0.43877019280875457
S019;1339;epsilon;0;0.20722433460076045
S019;1346;epsilon;1;0.08985024958402663
S019;1347;epsilon;0;0.20722433460076045
S019;1355;epsilon;0;0.43877019280875457
S019;1358;epsilon;1;0.43877019280875457
S019;1359;epsilon;1;0.14285714285714285
S019;1360;epsilon;0;0.01793858315597446
S019;1384;epsilon;0;0.06322207958921694
S019;1403;epsilon;0;0.026210299105766267
S019;1421;epsilon;1;0.31387478849407785
S019;1422;epsilon;0;0.20722433460076045
S019;1426;epsilon;0;0.020763358778625954
S019;1435;epsilon;1;0.14285714285714285
S019;1436;epsilon;0;0.14285714285714285
S019;1438;epsilon;1;0.31387478849407785
S020;3;epsilon;0;0.08985024958402663
S020;7;epsilon;0;0.04578465424692137
S020;15;epsilon;1;0.43877019280875457
S020;16;epsilon;1;0.0075075075075075074
S020;17;epsilon;1;0.04578465424692137
S020;18;epsilon;0;0.003296373988612526
S020;42;epsilon;0;0.20722433460076045
S020;63;epsilon;1;0.31387478849407785
S020;64;epsilon;1;0.31387478849407785
S020;65;epsilon;0;0.08985024958402663
S020;67;epsilon;0;0.43877019280875457
S020;81;epsilon;0;0.43877019280875457
S020;125;epsilon;0;0.43877019280875457
S020;195;epsilon;1;0.31387478849407785
S020;196;epsilon;1;0.31387478849407785
S020;197;epsilon;0;0.43877019280875457
S020;214;epsilon;1;0.31387478849407785
S020;215;epsilon;0;0.14285714285714285
S020;278;epsilon;0;0.31387478849407785
S020;281;epsilon;1;0.31387478849407785
S020;282;epsilon;0;0.43877019280875457
S020;285;epsilon;0;0.06322207958921694
S020;287;epsilon;1;0.43877019280875457
S020;288;epsilon;0;0.43877019280875457
S020;317;epsilon;1;0.43877019280875457
S020;318;epsilon;1;0.43877019280875457
S020;319;epsilon;1;0.20722433460076045
S020;320;epsilon;0;0.31387478849407785
S020;352;epsilon;0;0.20722433460076045
S020;388;epsilon;0;0.43877019280875457
S020;390;epsilon;1;0.31387478849407785
S020;391;epsilon;0;0.43877019280875457
S020;399;epsilon;1;0.43877019280875457
S020;400;epsilon;0;0.01793858315597446
S020;439;epsilon;0;0.04578465424692137
S020;447;epsilon;1;0.43877019280875457
S020;448;epsilon;1;0.31387478849407785
S020;449;epsilon;1;0.31387478849407785
S020;450;epsilon;0;0.020763358778625954
S020;453;epsilon;1;0.43877019280875457
S020;454;epsilon;0;0.026210299105766267
S020;456;epsilon;0;0.14285714285714285
S020;554;epsilon;0;0.43877019280875457
S020;646;epsilon;1;0.31387478849407785
S020;647;epsilon;0;0.43877019280875457
S020;649;epsilon;1;0.43877019280875457
S020;650;epsilon;0;0.31387478849407785
S020;656;epsilon;0;0.04578465424692137
S020;684;epsilon;1;0.14285714285714285
S020;685;epsilon;0;0.003296373988612526
S020;703;epsilon;0;0.43877019280875457
S020;716;epsilon;0;0.20722433460076045
S020;729;epsilon;0;0.43877019280875457
S020;747;epsilon;0;0.20722433460076045
S020;749;epsilon;1;0.31387478849407785
S020;750;epsilon;0;0.43877019280875457
S020;771;epsilon;1;0.43877019280875457
S020;772;epsilon;0;0.08985024958402663
S020;781;epsilon;1;0.31387478849407785
S020;782;epsilon;0;0.43877019280875457
S020;786;epsilon;1;0.43877019280875457
S020;787;epsilon;1;0.43877019280875457
S020;788;epsilon;0;0.31387478849407785
S020;790;epsilon;0;0.43877019280875457
S020;792;epsilon;0;0.43877019280875457
S020;798;epsilon;0;0.08985024958402663
S020;822;epsilon;0;0.31387478849407785
S020;824;epsilon;0;0.31387478849407785
S020;826;epsilon;0;0.31387478849407785
S020;838;epsilon;1;0.43877019280875457
S020;839;epsilon;1;0.31387478849407785
S020;840;epsilon;1;0.31387478849407785
S020;841;epsilon;0;0.43877019280875457
S020;872;epsilon;0;0.0015006002400960385
S020;883;epsilon;1;0.43877019280875457
S020;884;epsilon;0;0.31387478849407785
S020;886;epsilon;0;0.20722433460076045
S020;895;epsilon;0;0.14285714285714285
S020;912;epsilon;0;0.43877019280875457
S020;914;epsilon;1;0.20722433460076045
S020;915;epsilon;0;0.20722433460076045
S020;1002;epsilon;0;0.20722433460076045
S020;1051;epsilon;1;0.43877019280875457
S020;1052;epsilon;0;0.31387478849407785
S020;1072;epsilon;1;0.31387478849407785
S020;1073;epsilon;0;0.010558069381598794
S020;1090;epsilon;0;0.43877019280875457
S020;1092;epsilon;1;0.43877019280875457
S020;1093;epsilon;0;0.43877019280875457
S020;1095;epsilon;1;0.20722433460076045
S020;1096;epsilon;1;0.31387478849407785
S020;1097;epsilon;0;0.43877019280875457
S020;1101;epsilon;1;0.20722433460076045
S020;1102;epsilon;0;0.20722433460076045
S020;1105;epsilon;0;0.31387478849407785
S020;1107;epsilon;1;0.43877019280875457
S020;1108;epsilon;1;0.31387478849407785
S020;1109;epsilon;0;0.14285714285714285
S020;1114;epsilon;0;0.31387478849407785
S020;1116;epsilon;0;0.20722433460076045
S020;1147;epsilon;0;0.31387478849407785
S020;1150;epsilon;0;0.06322207958921694
S020;1154;epsilon;0;0.20722433460076045
S021;25;epsilon;0;0.20722433460076045
S021;67;epsilon;0;0.020763358778625954
S021;77;epsilon;1;0.31387478849407785
S021;78;epsilon;1;0.31387478849407785
S021;79;epsilon;1;0.43877019280875457
S021;80;epsilon;1;0.20722433460076045
S021;81;epsilon;0;0.14285714285714285
S021;84;epsilon;0;0.31387478849407785
S021;114;epsilon;0;0.01793858315597446
S021;155;epsilon;0;0.20722433460076045
S021;160;epsilon;0;0.14285714285714285
S021;173;epsilon;1;0.43877019280875457
S021;174;epsilon;0;0.06322207958921694
S021;236;epsilon;0;0.31387478849407785
S021;241;epsilon;0;0.003296373988612526
S021;295;epsilon;0;0.20722433460076045
S021;300;epsilon;1;0.31387478849407785
S021;301;epsilon;0;0.06322207958921694
S021;328;epsilon;0;0.31387478849407785
S021;334;epsilon;0;0.20722433460076045
S021;346;epsilon;0;0.08985024958402663
S021;349;epsilon;0;0.43877019280875457
S021;351;epsilon;0;0.20722433460076045
S021;385;epsilon;0;0.14285714285714285
S021;411;epsilon;0;0.31387478849407785
S021;428;epsilon;0;0.04578465424692137
S021;432;epsilon;0;0.31387478849407785
S021;436;epsilon;1;0.31387478849407785
S021;437;epsilon;1;0.31387478849407785
S021;438;epsilon;0;0.43877019280875457
S021;440;epsilon;1;0.20722433460076045
S021;441;epsilon;0;0.43877019280875457
S021;450;epsilon;1;0.31387478849407785
S021;451;epsilon;0;0.43877019280875457
S021;470;epsilon;1;0.20722433460076045
S021;471;epsilon;0;0.14285714285714285
S021;538;epsilon;1;0.43877019280875457
S021;539;epsilon;1;0.43877019280875457
S021;540;epsilon;1;0.31387478849407785
S021;541;epsilon;1;0.04578465424692137
S021;542;epsilon;0;0.43877019280875457
S021;546;epsilon;1;0.43877019280875457
S021;547;epsilon;0;0.08985024958402663
S021;565;epsilon;1;0.020763358778625954
S021;566;epsilon;0;0.43877019280875457
S021;663;epsilon;0;0.43877019280875457
S021;680;epsilon;0;0.20722433460076045
S021;685;epsilon;0;0.43877019280875457
S021;707;epsilon;0;0.31387478849407785
S021;743;epsilon;0;0.43877019280875457
S021;749;epsilon;0;0.20722433460076045
S021;752;epsilon;0;0.04578465424692137
S021;783;epsilon;1;0.31387478849407785
S021;784;epsilon;0;0.20722433460076045
S021;787;epsilon;1;0.20722433460076045
S021;788;epsilon;0;0.026210299105766267
S021;790;epsilon;0;0.020763358778625954
S021;807;epsilon;0;0.31387478849407785
S021;809;epsilon;1;0.14285714285714285
S021;810;epsilon;1;0.31387478849407785
S021;811;epsilon;0;0.14285714285714285
S021;900;epsilon;1;0.43877019280875457
S021;901;epsilon;0;0.31387478849407785
S021;903;epsilon;1;0.31387478849407785
S021;904;epsilon;0;0.31387478849407785
S021;906;epsilon;0;0.43877019280875457
S021;942;epsilon;0;0.43877019280875457
S021;959;epsilon;0;0.04578465424692137
S021;967;epsilon;0;0.14285714285714285
S021;969;epsilon;0;0.43877019280875457
S021;972;epsilon;0;0.31387478849407785
S021;1036;epsilon;0;0.31387478849407785
S021;1060;epsilon;1;0.43877019280875457
S021;1061;epsilon;0;0.20722433460076045
S021;1068;epsilon;0;0.010558069381598794
S021;1104;epsilon;0;0.43877019280875457
S021;1151;epsilon;1;0.43877019280875457
S021;1152;epsilon;1;0.43877019280875457
S021;1153;epsilon;0;0.43877019280875457
S021;1171;epsilon;0;0.43877019280875457
S021;1173;epsilon;0;0.08985024958402663
S021;1192;epsilon;0;0.31387478849407785
S021;1214;epsilon;0;0.14285714285714285
S021;1229;epsilon;1;0.43877019280875457
S021;1230;epsilon;0;0.31387478849407785
S021;1254;epsilon;0;0.14285714285714285
S021;1370;epsilon;0;0.20722433460076045
S021;1433;epsilon;0;0.31387478849407785
S022;2;epsilon;0;0.06322207958921694
S022;10;epsilon;0;0.08985024958402663
S022;12;epsilon;0;0.026210299105766267
S022;28;epsilon;0;0.31387478849407785
S022;30;epsilon;1;0.43877019280875457
S022;31;epsilon;0;0.14285714285714285
S022;61;epsilon;0;0.06322207958921694
S022;64;epsilon;1;0.43877019280875457
S022;65;epsilon;0;0.20722433460076045
S022;77;epsilon;0;0.06322207958921694
S022;81;epsilon;0;0.14285714285714285
S022;91;epsilon;0;0.31387478849407785
S022;94;epsilon;0;0.14285714285714285
S022;101;epsilon;0;0.20722433460076045
S022;163;epsilon;0;0.31387478849407785
S022;180;epsilon;0;0.20722433460076045
S022;182;epsilon;0;0.43877019280875457
S022;184;epsilon;1;0.31387478849407785
S022;185;epsilon;1;0.43877019280875457
S022;186;epsilon;0;0.06322207958921694
S022;193;epsilon;1;0.31387478849407785
S022;194;epsilon;0;0.31387478849407785
S022;197;epsilon;0;0.08985024958402663
S022;203;epsilon;0;0.0075075075075075074
S022;237;epsilon;1;0.31387478849407785
S022;238;epsilon;0;0.20722433460076045
S022;249;epsilon;0;0.14285714285714285
S022;265;epsilon;0;0.31387478849407785
S022;269;epsilon;1;0.31387478849407785
S022;270;epsilon;0;0.026210299105766267
S022;290;epsilon;1;0.14285714285714285
S022;291;epsilon;0;0.20722433460076045
S022;318;epsilon;1;0.43877019280875457
S022;319;epsilon;0;0.20722433460076045
S022;324;epsilon;1;0.20722433460076045
S022;325;epsilon;0;0.04578465424692137
S022;379;epsilon;0;0.08985024958402663
S022;425;epsilon;0;0.026210299105766267
S022;433;epsilon;0;0.43877019280875457
S022;435;epsilon;0;0.14285714285714285
S022;450;epsilon;0;0.43877019280875457
S022;456;epsilon;0;0.08985024958402663
S022;460;epsilon;0;0.43877019280875457
S022;506;epsilon;0;0.31387478849407785
S022;512;epsilon;0;0.31387478849407785
S022;520;epsilon;0;0.31387478849407785
S022;523;epsilon;0;0.20722433460076045
S022;525;epsilon;1;0.43877019280875457
S022;526;epsilon;1;0.20722433460076045
S022;527;epsilon;1;0.43877019280875457
S022;528;epsilon;0;0.06322207958921694
S022;534;epsilon;1;0.43877019280875457
S022;535;epsilon;0;0.01793858315597446
S022;544;epsilon;0;0.31387478849407785
S022;546;epsilon;1;0.08985024958402663
S022;547;epsilon;0;0.31387478849407785
S022;555;epsilon;0;0.31387478849407785
S022;559;epsilon;0;0.14285714285714285
S022;563;epsilon;0;0.20722433460076045
S022;586;epsilon;0;0.14285714285714285
S022;605;epsilon;0;0.43877019280875457
S022;607;epsilon;1;0.43877019280875457
S022;608;epsilon;0;0.31387478849407785
S022;610;epsilon;0;0.14285714285714285
S022;612;epsilon;0;0.20722433460076045
S022;615;epsilon;0;0.31387478849407785
S022;621;epsilon;0;0.14285714285714285
S022;639;epsilon;0;0.43877019280875457
S022;641;epsilon;0;0.20722433460076045
S022;644;epsilon;0;0.20722433460076045
S022;668;epsilon;0;0.0038910505836575876
S022;672;epsilon;0;0.020763358778625954
S022;727;epsilon;0;0.31387478849407785
S022;744;epsilon;0;0.43877019280875457
S022;746;epsilon;1;0.20722433460076045
S022;747;epsilon;0;0.20722433460076045
S022;799;epsilon;0;0.43877019280875457
S022;801;epsilon;0;0.43877019280875457
S022;811;epsilon;0;0.14285714285714285
S022;814;epsilon;0;0.43877019280875457
S022;832;epsilon;0;0.008753395713854513
S022;853;epsilon;0;0.04578465424692137
S022;855;epsilon;0;0.003296373988612526
S022;862;epsilon;0;0.008753395713854513
S022;864;epsilon;0;0.31387478849407785
S022;874;epsilon;0;0.14285714285714285
S022;877;epsilon;1;0.14285714285714285
S022;878;epsilon;0;0.06322207958921694
S022;926;epsilon;0;0.43877019280875457
S022;929;epsilon;0;0.43877019280875457
S022;932;epsilon;0;0.31387478849407785
S022;1016;epsilon;1;0.43877019280875457
S022;1017;epsilon;1;0.20722433460076045
S022;1018;epsilon;0;0.14285714285714285
S022;1024;epsilon;0;0.14285714285714285
S022;1043;epsilon;0;0.08985024958402663
S022;1062;epsilon;0;0.43877019280875457
S022;1068;epsilon;0;0.06322207958921694
S022;1089;epsilon;0;0.31387478849407785
S022;1094;epsilon;0;0.43877019280875457
S022;1096;epsilon;1;0.20722433460076045
S022;1097;epsilon;0;0.31387478849407785
S022;1100;epsilon;0;0.01793858315597446
S022;1149;epsilon;0;0.43877019280875457
S022;1163;epsilon;0;0.43877019280875457
S022;1165;epsilon;1;0.31387478849407785
S022;1166;epsilon;0;0.43877019280875457
S022;1185;epsilon;0;0.20722433460076045
S022;1189;epsilon;0;0.20722433460076045
S022;1193;epsilon;0;0.010558069381598794
S022;1219;epsilon;0;0.31387478849407785
S022;1221;epsilon;1;0.43877019280875457
S022;1222;epsilon;0;0.43877019280875457
S022;1224;epsilon;0;0.20722433460076045
S022;1227;epsilon;0;0.14285714285714285
S022;1255;epsilon;0;0.20722433460076045
S022;1320;epsilon;0;0.20722433460076045
S022;1322;epsilon;1;0.43877019280875457
S022;1323;epsilon;1;0.31387478849407785
S022;1324;epsilon;0;0.20722433460076045
S022;1328;epsilon;0;0.06322207958921694
S022;1341;epsilon;1;0.31387478849407785
S022;1342;epsilon;0;0.43877019280875457
S022;1348;epsilon;0;0.43877019280875457
S022;1356;epsilon;0;0.06322207958921694
S022;1403;epsilon;0;0.08985024958402663
S023;12;epsilon;0;0.43877019280875457
S023;18;epsilon;1;0.04578465424692137
S023;19;epsilon;0;0.010558069381598794
S023;23;epsilon;0;0.001195457262402869
S023;36;epsilon;1;0.31387478849407785
S023;37;epsilon;0;0.43877019280875457
S023;41;epsilon;0;0.08985024958402663
S023;44;epsilon;0;0.31387478849407785
S023;74;epsilon;1;0.14285714285714285
S023;75;epsilon;1;0.43877019280875457
S023;76;epsilon;0;0.010558069381598794
S023;88;epsilon;1;0.43877019280875457
S023;89;epsilon;0;0.020763358778625954
S023;155;epsilon;0;0.43877019280875457
S023;157;epsilon;1;0.43877019280875457
S023;158;epsilon;0;0.43877019280875457
S023;171;epsilon;0;0.43877019280875457
S023;175;epsilon;0;0.20722433460076045
S023;179;epsilon;1;0.20722433460076045
S023;180;epsilon;0;0.43877019280875457
S023;191;epsilon;0;0.14285714285714285
S023;240;epsilon;0;0.14285714285714285
S023;242;epsilon;0;0.43877019280875457
S023;248;epsilon;0;0.43877019280875457
S023;255;epsilon;1;0.31387478849407785
S023;256;epsilon;0;0.010558069381598794
S023;274;epsilon;0;0.14285714285714285
S023;276;epsilon;1;0.43877019280875457
S023;277;epsilon;0;0.31387478849407785
S023;286;epsilon;0;0.43877019280875457
S023;289;epsilon;1;0.08985024958402663
S023;290;epsilon;0;0.14285714285714285
S023;297;epsilon;1;0.08985024958402663
S023;298;epsilon;0;0.20722433460076045
S023;303;epsilon;0;0.43877019280875457
S023;339;epsilon;0;0.08985024958402663
S023;345;epsilon;0;0.08985024958402663
S023;352;epsilon;0;0.43877019280875457
S023;367;epsilon;1;0.31387478849407785
S023;368;epsilon;0;0.43877019280875457
S023;370;epsilon;0;0.43877019280875457
S023;396;epsilon;0;0.43877019280875457
S023;433;epsilon;0;0.31387478849407785
S023;483;epsilon;0;0.43877019280875457
S023;485;epsilon;0;0.43877019280875457
S023;498;epsilon;0;0.04578465424692137
S023;556;epsilon;1;0.43877019280875457
S023;557;epsilon;0;0.43877019280875457
S023;562;epsilon;0;0.43877019280875457
S023;599;epsilon;0;0.04578465424692137
S023;624;epsilon;0;0.31387478849407785
S023;632;epsilon;0;0.20722433460076045
S023;646;epsilon;0;0.026210299105766267
S023;660;epsilon;1;0.31387478849407785
S023;661;epsilon;0;0.06322207958921694
S023;665;epsilon;1;0.31387478849407785
S023;666;epsilon;0;0.43877019280875457
S023;669;epsilon;0;0.08985024958402663
S023;675;epsilon;1;0.20722433460076045
S023;676;epsilon;1;0.31387478849407785
S023;677;epsilon;0;0.20722433460076045
S023;684;epsilon;0;0.43877019280875457
S023;686;epsilon;0;0.31387478849407785
S023;688;epsilon;0;0.20722433460076045
S023;690;epsilon;1;0.43877019280875457
S023;691;epsilon;0;0.04578465424692137
S023;803;epsilon;0;0.14285714285714285
S023;837;epsilon;0;0.06322207958921694
S023;860;epsilon;1;0.43877019280875457
S023;861;epsilon;0;0.43877019280875457
S023;863;epsilon;0;0.01793858315597446
S023;873;epsilon;0;0.20722433460076045
S023;880;epsilon;1;0.31387478849407785
S023;881;epsilon;1;0.14285714285714285
S023;882;epsilon;0;0.06322207958921694
S023;899;epsilon;0;0.43877019280875457
S023;903;epsilon;0;0.31387478849407785
S023;954;epsilon;1;0.31387478849407785
S023;955;epsilon;0;0.43877019280875457
S023;1010;epsilon;1;0.43877019280875457
S023;1011;epsilon;1;0.31387478849407785
S023;1012;epsilon;1;0.43877019280875457
S023;1013;epsilon;0;0.43877019280875457
S023;1020;epsilon;0;0.04578465424692137
S023;1035;epsilon;1;0.20722433460076045
S023;1036;epsilon;0;0.20722433460076045
S023;1124;epsilon;0;0.31387478849407785
S023;1199;epsilon;0;0.06322207958921694
S023;1257;epsilon;1;0.31387478849407785
S023;1320;epsilon;0;0.0008976660682226212
S023;1343;epsilon;0;0.43877019280875457
S023;1383;epsilon;1;0.31387478849407785
S023;1384;epsilon;0;0.026210299105766267
S023;1388;epsilon;0;0.06322207958921694
S023;1390;epsilon;0;0.20722433460076045
S023;1427;epsilon;1;0.31387478849407785
S023;1428;epsilon;0;0.010558069381598794
S023;1430;epsilon;0;0.14285714285714285
S023;1432;epsilon;0;0.020763358778625954
S023;1436;epsilon;0;0.20722433460076045
S023;1438;epsilon;0;0.43877019280875457
S024;1;epsilon;0;0.20722433460076045
S024;3;epsilon;0;0.008753395713854513
S024;22;epsilon;0;0.003296373988612526
S024;41;epsilon;0;0.31387478849407785
S024;46;epsilon;0;0.31387478849407785
S024;53;epsilon;0;0.010558069381598794
S024;108;epsilon;1;0.20722433460076045
S024;109;epsilon;0;0.14285714285714285
S024;176;epsilon;0;0.43877019280875457
S024;183;epsilon;0;0.43877019280875457
S024;185;epsilon;0;0.06322207958921694
S024;191;epsilon;1;0.31387478849407785
S024;192;epsilon;0;0.43877019280875457
S024;194;epsilon;1;0.20722433460076045
S024;195;epsilon;0;0.20722433460076045
S024;197;epsilon;1;0.31387478849407785
S024;198;epsilon;1;0.43877019280875457
S024;199;epsilon;0;0.31387478849407785
S024;205;epsilon;0;0.14285714285714285
S024;246;epsilon;0;0.43877019280875457
S024;250;epsilon;0;0.14285714285714285
S024;257;epsilon;0;0.14285714285714285
S024;260;epsilon;0;0.14285714285714285
S024;262;epsilon;0;0.31387478849407785
S024;271;epsilon;1;0.06322207958921694
S024;272;epsilon;0;0.003296373988612526
S024;286;epsilon;0;0.04578465424692137
S024;297;epsilon;0;0.31387478849407785
S024;344;epsilon;0;0.04578465424692137
S024;346;epsilon;0;0.31387478849407785
S024;360;epsilon;0;0.14285714285714285
S024;376;epsilon;1;0.31387478849407785
S024;377;epsilon;1;0.43877019280875457
S024;378;epsilon;0;0.14285714285714285
S024;384;epsilon;0;0.08985024958402663
S024;389;epsilon;0;0.43877019280875457
S024;414;epsilon;0;0.43877019280875457
S024;420;epsilon;0;0.14285714285714285
S024;422;epsilon;1;0.31387478849407785
S024;423;epsilon;1;0.31387478849407785
S024;424;epsilon;0;0.43877019280875457
S024;426;epsilon;0;0.20722433460076045
S024;429;epsilon;0;0.14285714285714285
S024;432;epsilon;0;0.43877019280875457
S024;460;epsilon;1;0.20722433460076045
S024;461;epsilon;0;0.43877019280875457
S024;465;epsilon;0;0.06322207958921694
S024;490;epsilon;0;0.08985024958402663
S024;492;epsilon;0;0.43877019280875457
S024;494;epsilon;0;0.04578465424692137
S024;496;epsilon;0;0.43877019280875457
S024;561;epsilon;0;0.20722433460076045
S024;592;epsilon;0;0.43877019280875457
S024;596;epsilon;0;0.04578465424692137
S024;620;epsilon;0;0.43877019280875457
S024;627;epsilon;0;0.08985024958402663
S024;629;epsilon;0;0.14285714285714285
S024;631;epsilon;1;0.06322207958921694
S024;632;epsilon;0;0.20722433460076045
S024;639;epsilon;0;0.06322207958921694
S024;641;epsilon;0;0.08985024958402663
S024;645;epsilon;0;0.14285714285714285
S024;693;epsilon;0;0.43877019280875457
S024;730;epsilon;0;0.20722433460076045
S024;804;epsilon;0;0.43877019280875457
S024;814;epsilon;0;0.20722433460076045
S024;827;epsilon;1;0.43877019280875457
S024;828;epsilon;1;0.31387478849407785
S024;829;epsilon;0;0.43877019280875457
S024;835;epsilon;0;0.31387478849407785
S024;840;epsilon;0;0.08985024958402663
S024;847;epsilon;0;0.43877019280875457
S024;856;epsilon;0;0.43877019280875457
S024;863;epsilon;1;0.20722433460076045
S024;864;epsilon;0;0.43877019280875457
S024;892;epsilon;0;0.20722433460076045
S024;897;epsilon;0;0.31387478849407785
S024;901;epsilon;0;0.08985024958402663
S024;919;epsilon;0;0.31387478849407785
S024;958;epsilon;1;0.43877019280875457
S024;959;epsilon;1;0.31387478849407785
S024;960;epsilon;0;0.20722433460076045
S024;1010;epsilon;0;0.20722433460076045
S024;1020;epsilon;1;0.20722433460076045
S024;1021;epsilon;0;0.14285714285714285
S024;1025;epsilon;0;0.43877019280875457
S024;1073;epsilon;0;0.14285714285714285
S024;1075;epsilon;0;0.20722433460076045
S024;1080;epsilon;0;0.20722433460076045
S024;1085;epsilon;0;0.20722433460076045
S024;1087;epsilon;0;0.14285714285714285
S024;1110;epsilon;0;0.08985024958402663
S024;1142;epsilon;0;0.20722433460076045
S024;1147;epsilon;0;0.31387478849407785
S024;1159;epsilon;1;0.20722433460076045
S024;1160;epsilon;1;0.43877019280875457
S024;1161;epsilon;1;0.026210299105766267
S024;1162;epsilon;0;0.31387478849407785
S024;1192;epsilon;0;0.31387478849407785
S024;1195;epsilon;0;0.31387478849407785
S024;1197;epsilon;0;0.43877019280875457
S024;1203;epsilon;1;0.31387478849407785
S024;1204;epsilon;1;0.43877019280875457
S024;1205;epsilon;0;0.14285714285714285
S024;1237;epsilon;1;0.43877019280875457
S024;1238;epsilon;0;0.43877019280875457
S024;1247;epsilon;0;0.31387478849407785
S024;1249;epsilon;0;0.20722433460076045
S024;1252;epsilon;1;0.43877019280875457
S024;1253;epsilon;1;0.43877019280875457
S024;1254;epsilon;0;0.14285714285714285
S024;1340;epsilon;0;0.20722433460076045
S024;1345;epsilon;1;0.43877019280875457
S024;1346;epsilon;0;0.04578465424692137
S024;1349;epsilon;0;0.14285714285714285
S024;1352;epsilon;0;0.43877019280875457
S024;1355;epsilon;0;0.20722433460076045
S024;1359;epsilon;1;0.31387478849407785
S024;1360;epsilon;1;0.43877019280875457
S024;1361;epsilon;0;0.31387478849407785
S024;1375;epsilon;0;0.14285714285714285
S024;1411;epsilon;0;0.20722433460076045
S024;1413;epsilon;1;0.43877019280875457
S024;1414;epsilon;1;0.43877019280875457
S024;1415;epsilon;0;0.01793858315597446
S024;1425;epsilon;0;0.14285714285714285
S024;1430;epsilon;0;0.026210299105766267
S025;30;epsilon;0;0.14285714285714285
S025;37;epsilon;1;0.43877019280875457
S025;38;epsilon;0;0.43877019280875457
S025;46;epsilon;0;0.020763358778625954
S025;105;epsilon;0;0.20722433460076045
S025;180;epsilon;0;0.31387478849407785
S025;230;epsilon;0;0.43877019280875457
S025;328;epsilon;1;0.31387478849407785
S025;329;epsilon;1;0.06322207958921694
S025;330;epsilon;0;0.0008976660682226212
S025;404;epsilon;0;0.43877019280875457
S025;406;epsilon;0;0.43877019280875457
S025;409;epsilon;1;0.43877019280875457
S025;410;epsilon;0;0.31387478849407785
S025;412;epsilon;0;0.31387478849407785
S025;415;epsilon;0;0.43877019280875457
S025;419;epsilon;1;0.43877019280875457
S025;420;epsilon;0;0.43877019280875457
S025;426;epsilon;0;0.20722433460076045
S025;452;epsilon;1;0.31387478849407785
S025;453;epsilon;0;0.43877019280875457
S025;464;epsilon;1;0.06322207958921694
S025;465;epsilon;0;0.20722433460076045
S025;481;epsilon;0;0.026210299105766267
S025;490;epsilon;0;0.43877019280875457
S025;524;epsilon;1;0.43877019280875457
S025;525;epsilon;1;0.20722433460076045
S025;526;epsilon;0;0.31387478849407785
S025;574;epsilon;1;0.20722433460076045
S025;575;epsilon;1;0.31387478849407785
S025;576;epsilon;0;0.43877019280875457
S025;578;epsilon;0;0.20722433460076045
S025;584;epsilon;0;0.04578465424692137
S025;592;epsilon;0;0.14285714285714285
S025;596;epsilon;0;0.20722433460076045
S025;599;epsilon;0;0.14285714285714285
S025;601;epsilon;0;0.010558069381598794
S025;613;epsilon;0;0.31387478849407785
S025;615;epsilon;0;0.43877019280875457
S025;620;epsilon;1;0.01793858315597446
S025;621;epsilon;0;0.14285714285714285
S025;628;epsilon;1;0.31387478849407785
S025;629;epsilon;0;0.20722433460076045
S025;631;epsilon;0;0.43877019280875457
S025;633;epsilon;1;0.010558069381598794
S025;634;epsilon;1;0.31387478849407785
S025;635;epsilon;0;0.01793858315597446
S025;645;epsilon;0;0.06322207958921694
S025;647;epsilon;1;0.026210299105766267
S025;648;epsilon;1;0.20722433460076045
S025;649;epsilon;0;0.06322207958921694
S025;681;epsilon;0;0.01793858315597446
S025;683;epsilon;0;0.08985024958402663
S025;686;epsilon;0;0.31387478849407785
S025;692;epsilon;0;0.31387478849407785
S025;698;epsilon;0;0.43877019280875457
S025;703;epsilon;0;0.08985024958402663
S025;706;epsilon;0;0.008753395713854513
S025;723;epsilon;0;0.14285714285714285
S025;800;epsilon;1;0.31387478849407785
S025;801;epsilon;0;0.31387478849407785
S025;805;epsilon;1;0.31387478849407785
S025;806;epsilon;0;0.43877019280875457
S025;812;epsilon;1;0.08985024958402663
S025;813;epsilon;0;0.008753395713854513
S025;815;epsilon;0;0.06322207958921694
S025;873;epsilon;0;0.31387478849407785
S025;875;epsilon;0;0.04578465424692137
S025;882;epsilon;1;0.31387478849407785
S025;883;epsilon;0;0.43877019280875457
S025;885;epsilon;1;0.43877019280875457
S025;886;epsilon;0;0.14285714285714285
S025;889;epsilon;1;0.08985024958402663
S025;890;epsilon;1;0.20722433460076045
S025;891;epsilon;0;0.008753395713854513
S025;897;epsilon;0;0.010558069381598794
S025;993;epsilon;0;0.14285714285714285
S025;1009;epsilon;1;0.008753395713854513
S025;1010;epsilon;1;0.43877019280875457
S025;1011;epsilon;1;0.14285714285714285
S025;1012;epsilon;0;0.31387478849407785
S025;1021;epsilon;0;0.06322207958921694
S025;1024;epsilon;0;0.20722433460076045
S025;1026;epsilon;1;0.20722433460076045
S025;1027;epsilon;1;0.43877019280875457
S025;1028;epsilon;1;0.43877019280875457
S025;1029;epsilon;1;0.43877019280875457
S025;1030;epsilon;1;0.20722433460076045
S025;1031;epsilon;0;0.08985024958402663
S025;1087;epsilon;0;0.43877019280875457
S025;1091;epsilon;0;0.43877019280875457
S025;1097;epsilon;0;0.14285714285714285
S025;1100;epsilon;0;0.43877019280875457
S025;1102;epsilon;0;0.008753395713854513
S025;1120;epsilon;0;0.026210299105766267
S025;1137;epsilon;0;0.43877019280875457
S025;1140;epsilon;0;0.026210299105766267
S025;1176;epsilon;0;0.20722433460076045
S025;1178;epsilon;0;0.20722433460076045
S025;1181;epsilon;0;0.026210299105766267
S025;1218;epsilon;0;0.43877019280875457
S025;1244;epsilon;0;0.04578465424692137
S026;13;epsilon;0;0.001195457262402869
S026;79;epsilon;0;0.31387478849407785
S026;122;epsilon;0;0.04578465424692137
S026;211;epsilon;0;0.31387478849407785
S026;216;epsilon;0;0.08985024958402663
S026;235;epsilon;0;0.31387478849407785
S026;239;epsilon;0;0.31387478849407785
S026;249;epsilon;0;0.31387478849407785
S026;260;epsilon;1;0.43877019280875457
S026;261;epsilon;0;0.08985024958402663
S026;268;epsilon;0;0.31387478849407785
S026;270;epsilon;0;0.08985024958402663
S026;361;epsilon;1;0.43877019280875457
S026;362;epsilon;1;0.43877019280875457
S026;363;epsilon;1;0.43877019280875457
S026;364;epsilon;0;0.31387478849407785
S026;368;epsilon;1;0.14285714285714285
S026;369;epsilon;0;0.14285714285714285
S026;427;epsilon;0;0.08985024958402663
S026;429;epsilon;0;0.43877019280875457
S026;442;epsilon;0;0.0017964071856287425
S026;445;epsilon;1;0.20722433460076045
S026;446;epsilon;1;0.08985024958402663
S026;447;epsilon;0;0.06322207958921694
S026;449;epsilon;0;0.008753395713854513
S026;510;epsilon;0;0.20722433460076045
S026;514;epsilon;1;0.31387478849407785
S026;515;epsilon;1;0.43877019280875457
S026;516;epsilon;0;0.08985024958402663
S026;524;epsilon;0;0.43877019280875457
S026;556;epsilon;0;0.31387478849407785
S026;559;epsilon;0;0.14285714285714285
S026;575;epsilon;1;0.20722433460076045
S026;576;epsilon;0;0.08985024958402663
S026;579;epsilon;0;0.08985024958402663
S026;586;epsilon;1;0.14285714285714285
S026;587;epsilon;0;0.01793858315597446
S026;595;epsilon;1;0.43877019280875457
S026;596;epsilon;0;0.20722433460076045
S026;601;epsilon;0;0.31387478849407785
S026;603;epsilon;0;0.31387478849407785
S026;617;epsilon;1;0.20722433460076045
S026;618;epsilon;1;0.43877019280875457
S026;619;epsilon;1;0.31387478849407785
S026;620;epsilon;0;0.0017964071856287425
S026;649;epsilon;1;0.43877019280875457
S026;650;epsilon;0;0.010558069381598794
S026;670;epsilon;0;0.20722433460076045
S026;679;epsilon;1;0.20722433460076045
S026;680;epsilon;0;0.04578465424692137
S026;687;epsilon;1;0.08985024958402663
S026;688;epsilon;0;0.08985024958402663
S026;690;epsilon;0;0.0015006002400960385
S026;719;epsilon;0;0.20722433460076045
S026;767;epsilon;0;0.43877019280875457
S026;769;epsilon;0;0.14285714285714285
S026;784;epsilon;0;0.08985024958402663
S026;786;epsilon;0;0.026210299105766267
S026;796;epsilon;1;0.31387478849407785
S026;797;epsilon;0;0.04578465424692137
S026;800;epsilon;1;0.08985024958402663
S026;801;epsilon;0;0.31387478849407785
S026;803;epsilon;0;0.43877019280875457
S026;806;epsilon;0;0.14285714285714285
S026;810;epsilon;0;0.14285714285714285
S026;816;epsilon;1;0.31387478849407785
S026;817;epsilon;0;0.08985024958402663
S026;825;epsilon;1;0.31387478849407785
S026;826;epsilon;1;0.20722433460076045
S026;827;epsilon;0;0.43877019280875457
S026;869;epsilon;0;0.43877019280875457
S026;898;epsilon;0;0.43877019280875457
S026;900;epsilon;0;0.20722433460076045
S026;937;epsilon;0;0.43877019280875457
S026;944;epsilon;0;0.20722433460076045
S026;957;epsilon;0;0.31387478849407785
S026;962;epsilon;0;0.14285714285714285
S026;973;epsilon;0;0.14285714285714285
S026;977;epsilon;1;0.31387478849407785
S026;978;epsilon;0;0.14285714285714285
S026;1020;epsilon;1;0.31387478849407785
S026;1021;epsilon;1;0.43877019280875457
S026;1022;epsilon;0;0.31387478849407785
S026;1027;epsilon;1;0.43877019280875457
S026;1028;epsilon;0;0.20722433460076045
S026;1034;epsilon;0;0.31387478849407785
S026;1036;epsilon;0;0.31387478849407785
S026;1059;epsilon;0;0.14285714285714285
S026;1089;epsilon;0;0.31387478849407785
S026;1092;epsilon;0;0.43877019280875457
S026;1095;epsilon;0;0.14285714285714285
S026;1099;epsilon;0;0.31387478849407785
S026;1125;epsilon;0;0.31387478849407785
S026;1131;epsilon;0;0.43877019280875457
S026;1134;epsilon;1;0.43877019280875457
S026;1135;epsilon;0;0.04578465424692137
S026;1140;epsilon;0;0.31387478849407785
S026;1142;epsilon;0;0.20722433460076045
S026;1150;epsilon;1;0.08985024958402663
S026;1151;epsilon;0;0.026210299105766267
S026;1156;epsilon;1;0.14285714285714285
S026;1157;epsilon;1;0.06322207958921694
S026;1158;epsilon;0;0.020763358778625954
S026;1183;epsilon;0;0.31387478849407785
S026;1186;epsilon;0;0.31387478849407785
S026;1188;epsilon;1;0.43877019280875457
S026;1189;epsilon;0;0.31387478849407785
S026;1195;epsilon;0;0.08985024958402663
S026;1227;epsilon;0;0.43877019280875457
S026;1231;epsilon;1;0.08985024958402663
S026;1232;epsilon;0;0.06322207958921694
S026;1246;epsilon;1;0.43877019280875457
S026;1247;epsilon;0;0.31387478849407785
S026;1250;epsilon;0;0.31387478849407785
S026;1253;epsilon;0;0.06322207958921694
S026;1255;epsilon;0;0.08985024958402663
S026;1257;epsilon;0;0.01793858315597446
S026;1324;epsilon;0;0.43877019280875457
S026;1344;epsilon;0;0.31387478849407785
S026;1355;epsilon;0;0.06322207958921694
S026;1359;epsilon;1;0.43877019280875457
S026;1360;epsilon;0;0.01793858315597446
S026;1385;epsilon;0;0.20722433460076045
S026;1390;epsilon;0;0.0075075075075075074
S026;1395;epsilon;1;0.43877019280875457
S026;1396;epsilon;1;0.43877019280875457
S026;1397;epsilon;0;0.43877019280875457
S026;1405;epsilon;1;0.20722433460076045
S026;1406;epsilon;1;0.43877019280875457
S026;1407;epsilon;0;0.20722433460076045
S026;1410;epsilon;1;0.31387478849407785
S026;1411;epsilon;1;0.43877019280875457
S026;1412;epsilon;0;0.04578465424692137
S027;5;epsilon;0;0.026210299105766267
S027;7;epsilon;0;0.43877019280875457
S027;9;epsilon;0;0.020763358778625954
S027;97;epsilon;0;0.43877019280875457
S027;114;epsilon;1;0.20722433460076045
S027;115;epsilon;0;0.08985024958402663
S027;142;epsilon;0;0.020763358778625954
S027;258;epsilon;0;0.14285714285714285
S027;260;epsilon;1;0.14285714285714285
S027;261;epsilon;0;0.31387478849407785
S027;275;epsilon;1;0.43877019280875457
S027;276;epsilon;1;0.14285714285714285
S027;277;epsilon;0;0.14285714285714285
S027;279;epsilon;0;0.43877019280875457
S027;282;epsilon;0;0.01793858315597446
S027;285;epsilon;1;0.31387478849407785
S027;286;epsilon;0;0.14285714285714285
S027;290;epsilon;0;0.31387478849407785
S027;292;epsilon;0;0.04578465424692137
S027;429;epsilon;0;0.20722433460076045
S027;541;epsilon;0;0.31387478849407785
S027;568;epsilon;0;0.43877019280875457
S027;573;epsilon;1;0.31387478849407785
S027;574;epsilon;0;0.14285714285714285
S027;586;epsilon;0;0.31387478849407785
S027;604;epsilon;0;0.06322207958921694
S027;611;epsilon;0;0.0038910505836575876
S027;644;epsilon;1;0.43877019280875457
S027;645;epsilon;1;0.08985024958402663
S027;646;epsilon;0;0.31387478849407785
S027;698;epsilon;1;0.43877019280875457
S027;699;epsilon;0;0.43877019280875457
S027;720;epsilon;1;0.43877019280875457
S027;721;epsilon;0;0.020763358778625954
S027;723;epsilon;0;0.14285714285714285
S027;730;epsilon;0;0.06322207958921694
S027;732;epsilon;0;0.04578465424692137
S027;735;epsilon;0;0.04578465424692137
S027;737;epsilon;0;0.008753395713854513
S027;755;epsilon;0;0.020763358778625954
S027;768;epsilon;0;0.04578465424692137
S027;771;epsilon;0;0.20722433460076045
S027;780;epsilon;0;0.43877019280875457
S027;784;epsilon;1;0.20722433460076045
S027;785;epsilon;0;0.14285714285714285
S027;789;epsilon;0;0.43877019280875457
S027;794;epsilon;0;0.06322207958921694
S027;796;epsilon;0;0.14285714285714285
S027;815;epsilon;1;0.31387478849407785
S027;816;epsilon;0;0.14285714285714285
S027;840;epsilon;0;0.43877019280875457
S027;906;epsilon;1;0.43877019280875457
S027;907;epsilon;0;0.31387478849407785
S027;948;epsilon;0;0.31387478849407785
S027;950;epsilon;0;0.43877019280875457
S027;957;epsilon;0;0.43877019280875457
S027;963;epsilon;0;0.43877019280875457
S027;965;epsilon;1;0.43877019280875457
S027;966;epsilon;0;0.31387478849407785
S027;970;epsilon;1;0.31387478849407785
S027;971;epsilon;0;0.43877019280875457
S027;979;epsilon;0;0.43877019280875457
S027;981;epsilon;0;0.43877019280875457
S027;983;epsilon;1;0.31387478849407785
S027;984;epsilon;1;0.20722433460076045
S027;985;epsilon;0;0.31387478849407785
S027;1049;epsilon;0;0.04578465424692137
S027;1051;epsilon;0;0.20722433460076045
S027;1087;epsilon;0;0.08985024958402663
S027;1149;epsilon;0;0.43877019280875457
S027;1158;epsilon;0;0.04578465424692137
S027;1175;epsilon;0;0.20722433460076045
S027;1179;epsilon;0;0.43877019280875457
S027;1185;epsilon;1;0.43877019280875457
S027;1186;epsilon;0;0.14285714285714285
S027;1212;epsilon;1;0.43877019280875457
S027;1213;epsilon;0;0.31387478849407785
S027;1215;epsilon;0;0.14285714285714285
S027;1218;epsilon;1;0.31387478849407785
S027;1219;epsilon;0;0.43877019280875457
S027;1230;epsilon;0;0.06322207958921694
S027;1233;epsilon;0;0.43877019280875457
S027;1338;epsilon;1;0.43877019280875457
S027;1339;epsilon;1;0.43877019280875457
S027;1340;epsilon;0;0.20722433460076045
S027;1370;epsilon;0;0.31387478849407785
S027;1398;epsilon;0;0.20722433460076045
S027;1400;epsilon;0;0.43877019280875457
S027;1403;epsilon;0;0.31387478849407785
S027;1405;epsilon;0;0.43877019280875457
S027;1408;epsilon;1;0.43877019280875457
S027;1409;epsilon;0;0.14285714285714285
S027;1418;epsilon;0;0.08985024958402663
S027;1421;epsilon;0;0.43877019280875457
S027;1425;epsilon;1;0.0017964071856287425
S027;1426;epsilon;1;0.0075075075075075074
S027;1427;epsilon;1;0.20722433460076045
S027;1428;epsilon;0;0.08985024958402663
S028;4;epsilon;0;0.0017964071856287425
S028;215;epsilon;0;0.43877019280875457
S028;218;epsilon;1;0.20722433460076045
S028;219;epsilon;0;0.31387478849407785
S028;301;epsilon;0;0.20722433460076045
S028;309;epsilon;1;0.31387478849407785
S028;310;epsilon;0;0.0038910505836575876
S028;316;epsilon;0;0.0015006002400960385
S028;330;epsilon;0;0.14285714285714285
S028;374;epsilon;0;0.43877019280875457
S028;377;epsilon;0;0.20722433460076045
S028;379;epsilon;0;0.43877019280875457
S028;437;epsilon;0;0.08985024958402663
S028;456;epsilon;1;0.43877019280875457
S028;457;epsilon;1;0.31387478849407785
S028;458;epsilon;0;0.14285714285714285
S028;488;epsilon;1;0.43877019280875457
S028;489;epsilon;0;0.20722433460076045
S028;493;epsilon;1;0.43877019280875457
S028;494;epsilon;1;0.43877019280875457
S028;495;epsilon;1;0.43877019280875457
S028;496;epsilon;0;0.43877019280875457
S028;498;epsilon;0;0.14285714285714285
S028;524;epsilon;1;0.31387478849407785
S028;525;epsilon;1;0.31387478849407785
S028;526;epsilon;0;0.06322207958921694
S028;532;epsilon;0;0.43877019280875457
S028;570;epsilon;0;0.31387478849407785
S028;602;epsilon;1;0.20722433460076045
S028;603;epsilon;0;0.06322207958921694
S028;613;epsilon;0;0.31387478849407785
S028;616;epsilon;1;0.43877019280875457
S028;617;epsilon;0;0.08985024958402663
S028;639;epsilon;0;0.20722433460076045
S028;648;epsilon;0;0.43877019280875457
S028;654;epsilon;0;0.43877019280875457
S028;669;epsilon;0;0.14285714285714285
S028;686;epsilon;0;0.08985024958402663
S028;688;epsilon;0;0.31387478849407785
S028;695;epsilon;0;0.31387478849407785
S028;708;epsilon;0;0.20722433460076045
S028;757;epsilon;1;0.43877019280875457
S028;758;epsilon;0;0.14285714285714285
S028;762;epsilon;1;0.43877019280875457
S028;763;epsilon;0;0.14285714285714285
S028;765;epsilon;0;0.14285714285714285
S028;792;epsilon;0;0.43877019280875457
S028;865;epsilon;0;0.31387478849407785
S028;871;epsilon;0;0.43877019280875457
S028;873;epsilon;0;0.20722433460076045
S028;878;epsilon;0;0.43877019280875457
S028;880;epsilon;0;0.43877019280875457
S028;882;epsilon;0;0.43877019280875457
S028;884;epsilon;0;0.31387478849407785
S028;900;epsilon;0;0.14285714285714285
S028;961;epsilon;0;0.14285714285714285
S028;1052;epsilon;0;0.026210299105766267
S028;1054;epsilon;0;0.04578465424692137
S028;1127;epsilon;0;0.43877019280875457
S028;1129;epsilon;1;0.43877019280875457
S028;1130;epsilon;0;0.31387478849407785
S028;1138;epsilon;0;0.14285714285714285
S028;1146;epsilon;1;0.43877019280875457
S028;1147;epsilon;0;0.31387478849407785
S028;1174;epsilon;0;0.43877019280875457
S028;1176;epsilon;0;0.14285714285714285
S028;1183;epsilon;1;0.06322207958921694
S028;1184;epsilon;0;0.026210299105766267
S028;1189;epsilon;1;0.31387478849407785
S028;1190;epsilon;0;0.01793858315597446
S028;1201;epsilon;1;0.31387478849407785
S028;1202;epsilon;0;0.04578465424692137
S028;1208;epsilon;1;0.43877019280875457
S028;1209;epsilon;0;0.31387478849407785
S028;1213;epsilon;0;0.43877019280875457
S028;1238;epsilon;1;0.43877019280875457
S028;1239;epsilon;0;0.20722433460076045
S028;1242;epsilon;0;0.04578465424692137
S028;1346;epsilon;0;0.43877019280875457
S028;1348;epsilon;1;0.43877019280875457
S028;1349;epsilon;0;0.14285714285714285
S028;1354;epsilon;1;0.43877019280875457
S028;1355;epsilon;1;0.43877019280875457
S028;1356;epsilon;1;0.43877019280875457
S028;1357;epsilon;0;0.08985024958402663
S028;1360;epsilon;0;0.020763358778625954
S028;1368;epsilon;0;0.43877019280875457
S028;1370;epsilon;1;0.08985024958402663
S028;1371;epsilon;0;0.14285714285714285
S028;1374;epsilon;0;0.43877019280875457
S028;1393;epsilon;0;0.08985024958402663
S028;1395;epsilon;0;0.14285714285714285
S028;1413;epsilon;1;0.43877019280875457
S028;1414;epsilon;0;0.31387478849407785
S028;1416;epsilon;0;0.43877019280875457
S029;39;epsilon;0;0.020763358778625954
S029;45;epsilon;1;0.43877019280875457
S029;46;epsilon;0;0.14285714285714285
S029;57;epsilon;0;0.31387478849407785
S029;90;epsilon;0;0.04578465424692137
S029;92;epsilon;0;0.20722433460076045
S029;95;epsilon;0;0.08985024958402663
S029;150;epsilon;1;0.31387478849407785
S029;151;epsilon;0;0.31387478849407785
S029;159;epsilon;0;0.026210299105766267
S029;222;epsilon;0;0.08985024958402663
S029;224;epsilon;1;0.31387478849407785
S029;225;epsilon;0;0.31387478849407785
S029;254;epsilon;0;0.43877019280875457
S029;256;epsilon;0;0.20722433460076045
S029;261;epsilon;0;0.20722433460076045
S029;271;epsilon;0;0.43877019280875457
S029;274;epsilon;0;0.14285714285714285
S029;279;epsilon;0;0.31387478849407785
S029;311;epsilon;0;0.43877019280875457
S029;315;epsilon;0;0.14285714285714285
S029;326;epsilon;0;0.43877019280875457
S029;355;epsilon;0;0.06322207958921694
S029;360;epsilon;0;0.020763358778625954
S029;362;epsilon;1;0.43877019280875457
S029;363;epsilon;1;0.08985024958402663
S029;364;epsilon;0;0.14285714285714285
S029;377;epsilon;0;0.43877019280875457
S029;382;epsilon;0;0.08985024958402663
S029;534;epsilon;0;0.04578465424692137
S029;565;epsilon;0;0.14285714285714285
S029;585;epsilon;1;0.43877019280875457
S029;586;epsilon;0;0.08985024958402663
S029;617;epsilon;0;0.31387478849407785
S029;619;epsilon;0;0.003290457672749028
S029;630;epsilon;0;0.06322207958921694
S029;632;epsilon;0;0.04578465424692137
S029;647;epsilon;0;0.43877019280875457
S029;666;epsilon;0;0.14285714285714285
S029;668;epsilon;1;0.31387478849407785
S029;669;epsilon;0;0.026210299105766267
S029;712;epsilon;1;0.20722433460076045
S029;713;epsilon;1;0.43877019280875457
S029;714;epsilon;1;0.43877019280875457
S029;715;epsilon;1;0.43877019280875457
S029;716;epsilon;1;0.43877019280875457
S029;717;epsilon;1;0.43877019280875457
S029;718;epsilon;0;0.08985024958402663
S029;720;epsilon;0;0.43877019280875457
S029;724;epsilon;0;0.43877019280875457
S029;726;epsilon;1;0.31387478849407785
S029;727;epsilon;0;0.31387478849407785
S029;733;epsilon;0;0.43877019280875457
S029;809;epsilon;0;0.43877019280875457
S029;820;epsilon;1;0.43877019280875457
S029;821;epsilon;0;0.14285714285714285
S029;826;epsilon;0;0.31387478849407785
S029;831;epsilon;0;0.43877019280875457
S029;836;epsilon;0;0.20722433460076045
S029;864;epsilon;0;0.43877019280875457
S029;906;epsilon;1;0.43877019280875457
S029;907;epsilon;0;0.14285714285714285
S029;909;epsilon;0;0.04578465424692137
S029;961;epsilon;0;0.43877019280875457
S029;964;epsilon;0;0.08985024958402663
S029;968;epsilon;1;0.43877019280875457
S029;969;epsilon;0;0.31387478849407785
S029;971;epsilon;0;0.14285714285714285
S029;976;epsilon;0;0.31387478849407785
S029;980;epsilon;0;0.08985024958402663
S029;984;epsilon;1;0.43877019280875457
S029;985;epsilon;0;0.08985024958402663
S029;993;epsilon;0;0.43877019280875457
S029;998;epsilon;0;0.0075075075075075074
S029;1009;epsilon;0;0.43877019280875457
S029;1015;epsilon;0;0.0075075075075075074
S029;1027;epsilon;0;0.04578465424692137
S029;1107;epsilon;0;0.31387478849407785
S029;1148;epsilon;0;0.43877019280875457
S029;1161;epsilon;0;0.01793858315597446
S029;1184;epsilon;0;0.08985024958402663
S029;1187;epsilon;1;0.31387478849407785
S029;1188;epsilon;0;0.08985024958402663
S029;1190;epsilon;0;0.08985024958402663
S029;1220;epsilon;0;0.14285714285714285
S029;1222;epsilon;0;0.14285714285714285
S029;1245;epsilon;1;0.31387478849407785
S029;1246;epsilon;1;0.43877019280875457
S029;1247;epsilon;1;0.20722433460076045
S029;1248;epsilon;0;0.08985024958402663
S029;1250;epsilon;0;0.31387478849407785
S029;1255;epsilon;1;0.20722433460076045
S029;1256;epsilon;0;0.20722433460076045
S029;1321;epsilon;0;0.08985024958402663
S029;1323;epsilon;0;0.08985024958402663
S029;1327;epsilon;0;0.01793858315597446
S029;1329;epsilon;0;0.14285714285714285
S029;1335;epsilon;0;0.20722433460076045
S029;1337;epsilon;1;0.43877019280875457
S029;1338;epsilon;0;0.14285714285714285
S029;1348;epsilon;1;0.31387478849407785
S029;1349;epsilon;0;0.020763358778625954
S029;1363;epsilon;0;0.020763358778625954
S029;1365;epsilon;0;0.43877019280875457
S029;1369;epsilon;1;0.003296373988612526
S029;1370;epsilon;0;0.008753395713854513
S029;1377;epsilon;0;0.020763358778625954
S029;1381;epsilon;1;0.43877019280875457
S029;1382;epsilon;0;0.08985024958402663
S029;1405;epsilon;1;0.08985024958402663
S029;1406;epsilon;0;0.43877019280875457
S029;1408;epsilon;0;0.43877019280875457
S029;1416;epsilon;1;0.20722433460076045
S029;1417;epsilon;0;0.20722433460076045
S029;1419;epsilon;0;0.026210299105766267
S029;1428;epsilon;1;0.020763358778625954
S029;1429;epsilon;0;0.31387478849407785
S029;1432;epsilon;1;0.43877019280875457
S029;1433;epsilon;0;0.31387478849407785
S030;1;epsilon;0;0.08985024958402663
S030;4;epsilon;0;0.003296373988612526
S030;33;epsilon;1;0.14285714285714285
S030;34;epsilon;0;0.31387478849407785
S030;36;epsilon;0;0.026210299105766267
S030;61;epsilon;0;0.04578465424692137
S030;101;epsilon;0;0.14285714285714285
S030;117;epsilon;0;0.14285714285714285
S030;121;epsilon;0;0.20722433460076045
S030;124;epsilon;0;0.020763358778625954
S030;129;epsilon;1;0.43877019280875457
S030;130;epsilon;1;0.31387478849407785
S030;131;epsilon;1;0.43877019280875457
S030;132;epsilon;1;0.43877019280875457
S030;133;epsilon;0;0.31387478849407785
S030;141;epsilon;0;0.08985024958402663
S030;144;epsilon;0;0.04578465424692137
S030;153;epsilon;0;0.14285714285714285
S030;210;epsilon;0;0.20722433460076045
S030;234;epsilon;0;0.31387478849407785
S030;269;epsilon;0;0.31387478849407785
S030;272;epsilon;0;0.43877019280875457
S030;304;epsilon;0;0.08985024958402663
S030;307;epsilon;1;0.43877019280875457
S030;308;epsilon;0;0.31387478849407785
S030;314;epsilon;0;0.20722433460076045
S030;323;epsilon;1;0.01793858315597446
S030;324;epsilon;0;0.31387478849407785
S030;326;epsilon;1;0.31387478849407785
S030;327;epsilon;0;0.010558069381598794
S030;330;epsilon;0;0.20722433460076045
S030;338;epsilon;0;0.43877019280875457
S030;341;epsilon;1;0.20722433460076045
S030;342;epsilon;0;0.14285714285714285
S030;347;epsilon;0;0.08985024958402663
S030;350;epsilon;0;0.43877019280875457
S030;368;epsilon;0;0.20722433460076045
S030;482;epsilon;0;0.08985024958402663
S030;506;epsilon;0;0.14285714285714285
S030;555;epsilon;1;0.43877019280875457
S030;556;epsilon;0;0.31387478849407785
S030;560;epsilon;0;0.43877019280875457
S030;563;epsilon;1;0.43877019280875457
S030;564;epsilon;1;0.43877019280875457
S030;565;epsilon;0;0.31387478849407785
S030;567;epsilon;0;0.43877019280875457
S030;582;epsilon;1;0.20722433460076045
S030;583;epsilon;1;0.14285714285714285
S030;584;epsilon;0;0.31387478849407785
S030;586;epsilon;1;0.31387478849407785
S030;587;epsilon;0;0.31387478849407785
S030;590;epsilon;0;0.20722433460076045
S030;592;epsilon;0;0.0075075075075075074
S030;640;epsilon;0;0.43877019280875457
S030;658;epsilon;0;0.43877019280875457
S030;660;epsilon;1;0.06322207958921694
S030;661;epsilon;1;0.06322207958921694
S030;662;epsilon;1;0.31387478849407785
S030;663;epsilon;0;0.003290457672749028
S030;686;epsilon;0;0.06322207958921694
S030;736;epsilon;0;0.20722433460076045
S030;740;epsilon;0;0.31387478849407785
S030;743;epsilon;0;0.04578465424692137
S030;758;epsilon;0;0.31387478849407785
S030;779;epsilon;1;0.43877019280875457
S030;780;epsilon;0;0.43877019280875457
S030;815;epsilon;0;0.08985024958402663
S030;879;epsilon;0;0.20722433460076045
S030;889;epsilon;0;0.20722433460076045
S030;892;epsilon;0;0.20722433460076045
S030;896;epsilon;0;0.04578465424692137
S030;906;epsilon;0;0.31387478849407785
S030;909;epsilon;0;0.31387478849407785
S030;946;epsilon;0;0.43877019280875457
S030;948;epsilon;0;0.43877019280875457
S030;965;epsilon;0;0.43877019280875457
S030;967;epsilon;0;0.20722433460076045
S030;973;epsilon;0;0.31387478849407785
S030;975;epsilon;1;0.20722433460076045
S030;976;epsilon;0;0.08985024958402663
S030;983;epsilon;0;0.08985024958402663
S030;988;epsilon;0;0.06322207958921694
S030;1044;epsilon;0;0.020763358778625954
S030;1064;epsilon;0;0.43877019280875457
S030;1173;epsilon;0;0.20722433460076045
S030;1196;epsilon;0;0.43877019280875457
S030;1199;epsilon;0;0.43877019280875457
S030;1207;epsilon;0;0.31387478849407785
S030;1225;epsilon;1;0.20722433460076045
S030;1226;epsilon;0;0.14285714285714285
S030;1235;epsilon;0;0.43877019280875457
S030;1251;epsilon;0;0.43877019280875457
S030;1253;epsilon;1;0.20722433460076045
S030;1254;epsilon;0;0.04578465424692137
S031;25;epsilon;0;0.43877019280875457
S031;35;epsilon;1;0.20722433460076045
S031;36;epsilon;1;0.43877019280875457
S031;37;epsilon;0;0.43877019280875457
S031;39;epsilon;0;0.31387478849407785
S031;42;epsilon;1;0.43877019280875457
S031;43;epsilon;0;0.31387478849407785
S031;45;epsilon;0;0.31387478849407785
S031;59;epsilon;1;0.08985024958402663
S031;60;epsilon;0;0.08985024958402663
S031;78;epsilon;0;0.43877019280875457
S031;106;epsilon;0;0.31387478849407785
S031;110;epsilon;1;0.31387478849407785
S031;111;epsilon;0;0.04578465424692137
S031;137;epsilon;1;0.31387478849407785
S031;138;epsilon;0;0.43877019280875457
S031;140;epsilon;0;0.43877019280875457
S031;145;epsilon;1;0.31387478849407785
S031;146;epsilon;0;0.43877019280875457
S031;233;epsilon;1;0.31387478849407785
S031;234;epsilon;0;0.08985024958402663
S031;237;epsilon;0;0.20722433460076045
S031;249;epsilon;0;0.31387478849407785
S031;252;epsilon;0;0.20722433460076045
S031;256;epsilon;0;0.04578465424692137
S031;262;epsilon;1;0.31387478849407785
S031;263;epsilon;0;0.06322207958921694
S031;271;epsilon;0;0.04578465424692137
S031;289;epsilon;0;0.43877019280875457
S031;294;epsilon;0;0.31387478849407785
S031;300;epsilon;1;0.20722433460076045
S031;301;epsilon;1;0.14285714285714285
S031;302;epsilon;1;0.43877019280875457
S031;303;epsilon;0;0.026210299105766267
S031;321;epsilon;0;0.31387478849407785
S031;357;epsilon;0;0.04578465424692137
S031;458;epsilon;0;0.14285714285714285
S031;521;epsilon;0;0.20722433460076045
S031;559;epsilon;1;0.43877019280875457
S031;560;epsilon;0;0.43877019280875457
S031;568;epsilon;0;0.20722433460076045
S031;583;epsilon;0;0.14285714285714285
S031;605;epsilon;0;0.43877019280875457
S031;630;epsilon;0;0.43877019280875457
S031;686;epsilon;0;0.31387478849407785
S031;782;epsilon;1;0.026210299105766267
S031;783;epsilon;0;0.04578465424692137
S031;792;epsilon;0;0.010558069381598794
S031;794;epsilon;1;0.43877019280875457
S031;795;epsilon;1;0.14285714285714285
S031;796;epsilon;0;0.026210299105766267
S031;818;epsilon;0;0.026210299105766267
S031;835;epsilon;0;0.0075075075075075074
S031;892;epsilon;0;0.14285714285714285
S031;932;epsilon;0;0.43877019280875457
S031;941;epsilon;0;0.08985024958402663
S031;1009;epsilon;0;0.43877019280875457
S031;1070;epsilon;0;0.31387478849407785
S031;1095;epsilon;0;0.31387478849407785
S031;1104;epsilon;0;0.08985024958402663
S031;1114;epsilon;0;0.020763358778625954
S031;1121;epsilon;0;0.008753395713854513
S031;1124;epsilon;0;0.43877019280875457
S031;1132;epsilon;0;0.01793858315597446
S031;1198;epsilon;0;0.20722433460076045
S031;1320;epsilon;0;0.0038910505836575876
S031;1330;epsilon;0;0.31387478849407785
S031;1393;epsilon;0;0.026210299105766267
S031;1396;epsilon;1;0.20722433460076045
S031;1397;epsilon;0;0.04578465424692137
S031;1399;epsilon;0;0.01793858315597446
S032;137;epsilon;0;0.06322207958921694
S032;148;epsilon;0;0.43877019280875457
S032;150;epsilon;1;0.08985024958402663
S032;151;epsilon;1;0.31387478849407785
S032;152;epsilon;0;0.31387478849407785
S032;157;epsilon;0;0.31387478849407785
S032;187;epsilon;0;0.43877019280875457
S032;244;epsilon;0;0.06322207958921694
S032;284;epsilon;0;0.08985024958402663
S032;287;epsilon;0;0.20722433460076045
S032;344;epsilon;0;0.43877019280875457
S032;346;epsilon;0;0.08985024958402663
S032;348;epsilon;0;0.31387478849407785
S032;426;epsilon;1;0.43877019280875457
S032;427;epsilon;0;0.20722433460076045
S032;453;epsilon;0;0.31387478849407785
S032;456;epsilon;1;0.14285714285714285
S032;457;epsilon;0;0.31387478849407785
S032;459;epsilon;1;0.04578465424692137
S032;460;epsilon;0;0.20722433460076045
S032;482;epsilon;0;0.0017964071856287425
S032;489;epsilon;0;0.026210299105766267
S032;501;epsilon;1;0.14285714285714285
S032;502;epsilon;1;0.31387478849407785
S032;503;epsilon;0;0.020763358778625954
S032;510;epsilon;0;0.01793858315597446
S032;645;epsilon;0;0.43877019280875457
S032;703;epsilon;0;0.43877019280875457
S032;719;epsilon;1;0.20722433460076045
S032;720;epsilon;0;0.003290457672749028
S032;725;epsilon;1;0.43877019280875457
S032;726;epsilon;0;0.31387478849407785
S032;733;epsilon;0;0.20722433460076045
S032;735;epsilon;0;0.43877019280875457
S032;737;epsilon;0;0.31387478849407785
S032;755;epsilon;1;0.43877019280875457
S032;756;epsilon;1;0.20722433460076045
S032;757;epsilon;1;0.14285714285714285
S032;758;epsilon;0;0.14285714285714285
S032;777;epsilon;0;0.20722433460076045
S032;780;epsilon;0;0.14285714285714285
S032;795;epsilon;0;0.08985024958402663
S032;800;epsilon;0;0.04578465424692137
S032;807;epsilon;0;0.14285714285714285
S032;845;epsilon;0;0.14285714285714285
S032;854;epsilon;0;0.14285714285714285
S032;871;epsilon;0;0.43877019280875457
S032;873;epsilon;0;0.43877019280875457
S032;887;epsilon;0;0.14285714285714285
S032;988;epsilon;0;0.43877019280875457
S032;1040;epsilon;1;0.08985024958402663
S032;1041;epsilon;0;0.14285714285714285
S032;1047;epsilon;1;0.31387478849407785
S032;1048;epsilon;0;0.04578465424692137
S032;1148;epsilon;1;0.43877019280875457
S032;1149;epsilon;0;0.31387478849407785
S032;1153;epsilon;1;0.43877019280875457
S032;1154;epsilon;1;0.08985024958402663
S032;1155;epsilon;0;0.43877019280875457
S032;1158;epsilon;0;0.31387478849407785
S032;1170;epsilon;0;0.0017964071856287425
S032;1200;epsilon;0;0.06322207958921694
S032;1216;epsilon;0;0.31387478849407785
S032;1322;epsilon;0;0.31387478849407785
S032;1388;epsilon;1;0.20722433460076045
S032;1389;epsilon;1;0.43877019280875457
S032;1390;epsilon;0;0.04578465424692137
S032;1396;epsilon;1;0.43877019280875457
S032;1397;epsilon;1;0.20722433460076045
S032;1398;epsilon;0;0.020763358778625954
S032;1402;epsilon;0;0.31387478849407785
S032;1405;epsilon;1;0.08985024958402663
S032;1406;epsilon;1;0.20722433460076045
S032;1407;epsilon;1;0.20722433460076045
S032;1408;epsilon;0;0.08985024958402663
S032;1413;epsilon;1;0.08985024958402663
S032;1414;epsilon;0;0.43877019280875457
S033;2;epsilon;0;0.43877019280875457
S033;8;epsilon;0;0.31387478849407785
S033;12;epsilon;0;0.08985024958402663
S033;14;epsilon;1;0.43877019280875457
S033;15;epsilon;0;0.01793858315597446
S033;48;epsilon;0;0.43877019280875457
S033;54;epsilon;1;0.20722433460076045
S033;55;epsilon;0;0.06322207958921694
S033;88;epsilon;1;0.43877019280875457
S033;89;epsilon;0;0.31387478849407785
S033;91;epsilon;0;0.14285714285714285
S033;172;epsilon;0;0.31387478849407785
S033;175;epsilon;0;0.31387478849407785
S033;179;epsilon;0;0.14285714285714285
S033;216;epsilon;1;0.43877019280875457
S033;217;epsilon;0;0.06322207958921694
S033;265;epsilon;0;0.14285714285714285
S033;268;epsilon;0;0.43877019280875457
S033;270;epsilon;0;0.08985024958402663
S033;469;epsilon;0;0.20722433460076045
S033;535;epsilon;1;0.43877019280875457
S033;536;epsilon;0;0.31387478849407785
S033;589;epsilon;0;0.43877019280875457
S033;595;epsilon;0;0.020763358778625954
S033;630;epsilon;0;0.20722433460076045
S033;634;epsilon;0;0.06322207958921694
S033;674;epsilon;1;0.31387478849407785
S033;675;epsilon;0;0.43877019280875457
S033;677;epsilon;0;0.14285714285714285
S033;720;epsilon;0;0.31387478849407785
S033;774;epsilon;1;0.43877019280875457
S033;775;epsilon;1;0.43877019280875457
S033;776;epsilon;0;0.20722433460076045
S033;783;epsilon;0;0.31387478849407785
S033;801;epsilon;0;0.20722433460076045
S033;808;epsilon;0;0.08985024958402663
S033;863;epsilon;0;0.43877019280875457
S033;865;epsilon;0;0.43877019280875457
S033;872;epsilon;0;0.31387478849407785
S033;877;epsilon;0;0.43877019280875457
S033;881;epsilon;1;0.43877019280875457
S033;882;epsilon;0;0.04578465424692137
S033;893;epsilon;0;0.20722433460076045
S033;897;epsilon;0;0.20722433460076045
S033;899;epsilon;1;0.31387478849407785
S033;900;epsilon;1;0.31387478849407785
S033;901;epsilon;0;0.026210299105766267
S033;919;epsilon;1;0.31387478849407785
S033;920;epsilon;1;0.43877019280875457
S033;921;epsilon;1;0.20722433460076045
S033;922;epsilon;0;0.008753395713854513
S033;958;epsilon;1;0.43877019280875457
S033;959;epsilon;1;0.20722433460076045
S033;960;epsilon;0;0.06322207958921694
S033;965;epsilon;0;0.20722433460076045
S033;974;epsilon;0;0.08985024958402663
S033;979;epsilon;0;0.14285714285714285
S033;1076;epsilon;0;0.43877019280875457
S033;1078;epsilon;0;0.43877019280875457
S033;1111;epsilon;0;0.31387478849407785
S033;1118;epsilon;0;0.31387478849407785
S033;1162;epsilon;0;0.31387478849407785
S033;1232;epsilon;0;0.43877019280875457
S033;1420;epsilon;0;0.31387478849407785
S034;60;epsilon;0;0.43877019280875457
S034;77;epsilon;1;0.43877019280875457
S034;78;epsilon;0;0.43877019280875457
S034;132;epsilon;0;0.20722433460076045
S034;232;epsilon;0;0.43877019280875457
S034;237;epsilon;0;0.43877019280875457
S034;239;epsilon;0;0.20722433460076045
S034;245;epsilon;0;0.31387478849407785
S034;247;epsilon;0;0.43877019280875457
S034;250;epsilon;0;0.14285714285714285
S034;328;epsilon;0;0.31387478849407785
S034;335;epsilon;0;0.026210299105766267
S034;382;epsilon;0;0.14285714285714285
S034;385;epsilon;0;0.43877019280875457
S034;392;epsilon;0;0.08985024958402663
S034;417;epsilon;1;0.43877019280875457
S034;418;epsilon;0;0.43877019280875457
S034;452;epsilon;0;0.20722433460076045
S034;462;epsilon;0;0.43877019280875457
S034;467;epsilon;0;0.08985024958402663
S034;473;epsilon;1;0.14285714285714285
S034;474;epsilon;0;0.0075075075075075074
S034;484;epsilon;0;0.04578465424692137
S034;536;epsilon;0;0.43877019280875457
S034;538;epsilon;1;0.43877019280875457
S034;539;epsilon;1;0.43877019280875457
S034;540;epsilon;0;0.43877019280875457
S034;555;epsilon;1;0.43877019280875457
S034;556;epsilon;0;0.14285714285714285
S034;570;epsilon;0;0.20722433460076045
S034;574;epsilon;1;0.31387478849407785
S034;575;epsilon;1;0.43877019280875457
S034;576;epsilon;0;0.06322207958921694
S034;578;epsilon;0;0.43877019280875457
S034;582;epsilon;1;0.43877019280875457
S034;583;epsilon;1;0.43877019280875457
S034;584;epsilon;1;0.43877019280875457
S034;585;epsilon;0;0.06322207958921694
S034;587;epsilon;0;0.31387478849407785
S034;595;epsilon;0;0.31387478849407785
S034;602;epsilon;0;0.43877019280875457
S034;604;epsilon;0;0.026210299105766267
S034;606;epsilon;0;0.31387478849407785
S034;612;epsilon;1;0.43877019280875457
S034;613;epsilon;0;0.31387478849407785
S034;679;epsilon;0;0.06322207958921694
S034;683;epsilon;0;0.43877019280875457
S034;686;epsilon;0;0.003296373988612526
S034;713;epsilon;0;0.43877019280875457
S034;716;epsilon;0;0.43877019280875457
S034;725;epsilon;0;0.0017964071856287425
S034;731;epsilon;0;0.0075075075075075074
S034;734;epsilon;1;0.20722433460076045
S034;735;epsilon;0;0.0017964071856287425
S034;745;epsilon;0;0.08985024958402663
S034;749;epsilon;1;0.31387478849407785
S034;750;epsilon;1;0.020763358778625954
S034;751;epsilon;0;0.0008976660682226212
S034;759;epsilon;1;0.20722433460076045
S034;760;epsilon;1;0.01793858315597446
S034;761;epsilon;0;0.14285714285714285
S034;766;epsilon;0;0.31387478849407785
S034;787;epsilon;0;0.08985024958402663
S034;789;epsilon;0;0.31387478849407785
S034;793;epsilon;0;0.14285714285714285
S034;799;epsilon;1;0.31387478849407785
S034;800;epsilon;0;0.08985024958402663
S034;858;epsilon;0;0.43877019280875457
S034;863;epsilon;1;0.31387478849407785
S034;864;epsilon;0;0.04578465424692137
S034;872;epsilon;0;0.43877019280875457
S034;890;epsilon;1;0.31387478849407785
S034;891;epsilon;1;0.31387478849407785
S034;892;epsilon;0;0.31387478849407785
S034;895;epsilon;1;0.43877019280875457
S034;896;epsilon;0;0.31387478849407785
S034;899;epsilon;1;0.43877019280875457
S034;900;epsilon;0;0.43877019280875457
S034;933;epsilon;0;0.31387478849407785
S034;997;epsilon;0;0.43877019280875457
S034;1065;epsilon;0;0.06322207958921694
S034;1069;epsilon;0;0.04578465424692137
S034;1083;epsilon;0;0.20722433460076045
S034;1096;epsilon;0;0.20722433460076045
S034;1098;epsilon;1;0.31387478849407785
S034;1099;epsilon;1;0.31387478849407785
S034;1100;epsilon;0;0.31387478849407785
S034;1102;epsilon;0;0.026210299105766267
S034;1110;epsilon;0;0.43877019280875457
S034;1121;epsilon;0;0.43877019280875457
S034;1123;epsilon;0;0.43877019280875457
S034;1126;epsilon;0;0.06322207958921694
S034;1144;epsilon;0;0.43877019280875457
S034;1194;epsilon;1;0.43877019280875457
S034;1195;epsilon;1;0.43877019280875457
S034;1196;epsilon;0;0.43877019280875457
S034;1198;epsilon;0;0.14285714285714285
S034;1200;epsilon;1;0.43877019280875457
S034;1201;epsilon;0;0.0038910505836575876
S034;1221;epsilon;1;0.31387478849407785
S034;1222;epsilon;1;0.31387478849407785
S034;1223;epsilon;1;0.43877019280875457
S034;1224;epsilon;0;0.31387478849407785
S034;1228;epsilon;0;0.31387478849407785
S034;1333;epsilon;0;0.43877019280875457
S034;1390;epsilon;0;0.08985024958402663
S034;1425;epsilon;0;0.04578465424692137
S034;1430;epsilon;1;0.31387478849407785
S034;1431;epsilon;0;0.026210299105766267
S034;1433;epsilon;1;0.43877019280875457
S034;1434;epsilon;1;0.43877019280875457
S034;1435;epsilon;0;0.20722433460076045
S034;1437;epsilon;1;0.31387478849407785
S034;1438;epsilon;0;0.20722433460076045
S035;62;epsilon;0;0.026210299105766267
S035;70;epsilon;0;0.14285714285714285
S035;80;epsilon;1;0.20722433460076045
S035;81;epsilon;0;0.08985024958402663
S035;86;epsilon;0;0.31387478849407785
S035;88;epsilon;0;0.14285714285714285
S035;129;epsilon;0;0.20722433460076045
S035;134;epsilon;0;0.06322207958921694
S035;210;epsilon;0;0.43877019280875457
S035;234;epsilon;0;0.43877019280875457
S035;241;epsilon;1;0.43877019280875457
S035;242;epsilon;0;0.31387478849407785
S035;250;epsilon;1;0.31387478849407785
S035;251;epsilon;0;0.08985024958402663
S035;253;epsilon;0;0.43877019280875457
S035;260;epsilon;1;0.08985024958402663
S035;261;epsilon;1;0.31387478849407785
S035;262;epsilon;1;0.04578465424692137
S035;263;epsilon;0;0.08985024958402663
S035;289;epsilon;0;0.04578465424692137
S035;294;epsilon;0;0.31387478849407785
S035;331;epsilon;1;0.31387478849407785
S035;332;epsilon;1;0.43877019280875457
S035;333;epsilon;0;0.14285714285714285
S035;335;epsilon;0;0.08985024958402663
S035;337;epsilon;0;0.06322207958921694
S035;365;epsilon;0;0.04578465424692137
S035;394;epsilon;0;0.20722433460076045
S035;406;epsilon;1;0.31387478849407785
S035;407;epsilon;0;0.31387478849407785
S035;536;epsilon;0;0.08985024958402663
S035;544;epsilon;0;0.43877019280875457
S035;546;epsilon;1;0.20722433460076045
S035;547;epsilon;0;0.14285714285714285
S035;589;epsilon;0;0.31387478849407785
S035;597;epsilon;0;0.31387478849407785
S035;599;epsilon;1;0.31387478849407785
S035;600;epsilon;1;0.14285714285714285
S035;601;epsilon;0;0.04578465424692137
S035;617;epsilon;0;0.14285714285714285
S035;623;epsilon;1;0.43877019280875457
S035;624;epsilon;0;0.010558069381598794
S035;630;epsilon;0;0.06322207958921694
S035;637;epsilon;0;0.08985024958402663
S035;645;epsilon;0;0.008753395713854513
S035;652;epsilon;0;0.43877019280875457
S035;656;epsilon;1;0.20722433460076045
S035;657;epsilon;0;0.08985024958402663
S035;664;epsilon;1;0.04578465424692137
S035;665;epsilon;1;0.14285714285714285
S035;666;epsilon;0;0.43877019280875457
S035;691;epsilon;0;0.04578465424692137
S035;723;epsilon;0;0.14285714285714285
S035;740;epsilon;0;0.31387478849407785
S035;802;epsilon;0;0.14285714285714285
S035;807;epsilon;1;0.43877019280875457
S035;808;epsilon;0;0.14285714285714285
S035;810;epsilon;0;0.14285714285714285
S035;854;epsilon;0;0.43877019280875457
S035;917;epsilon;1;0.43877019280875457
S035;918;epsilon;0;0.20722433460076045
S035;920;epsilon;1;0.43877019280875457
S035;921;epsilon;1;0.43877019280875457
S035;922;epsilon;0;0.31387478849407785
S035;951;epsilon;0;0.14285714285714285
S035;965;epsilon;0;0.31387478849407785
S035;968;epsilon;0;0.43877019280875457
S035;1001;epsilon;0;0.010558069381598794
S035;1034;epsilon;0;0.31387478849407785
S035;1090;epsilon;0;0.08985024958402663
S035;1104;epsilon;1;0.43877019280875457
S035;1105;epsilon;0;0.20722433460076045
S035;1130;epsilon;0;0.06322207958921694
S035;1132;epsilon;1;0.14285714285714285
S035;1133;epsilon;1;0.31387478849407785
S035;1134;epsilon;1;0.43877019280875457
S035;1135;epsilon;0;0.31387478849407785
S035;1137;epsilon;1;0.14285714285714285
S035;1138;epsilon;0;0.31387478849407785
S035;1141;epsilon;0;0.020763358778625954
S035;1166;epsilon;0;0.31387478849407785
S035;1171;epsilon;0;0.14285714285714285
S035;1173;epsilon;0;0.14285714285714285
S035;1202;epsilon;0;0.31387478849407785
S035;1233;epsilon;0;0.20722433460076045
S035;1253;epsilon;0;0.08985024958402663
S036;12;epsilon;0;0.14285714285714285
S036;14;epsilon;0;0.43877019280875457
S036;16;epsilon;0;0.14285714285714285
S036;96;epsilon;1;0.20722433460076045
S036;97;epsilon;0;0.08985024958402663
S036;111;epsilon;0;0.43877019280875457
S036;113;epsilon;0;0.08985024958402663
S036;115;epsilon;0;0.20722433460076045
S036;135;epsilon;1;0.20722433460076045
S036;136;epsilon;0;0.20722433460076045
S036;146;epsilon;1;0.31387478849407785
S036;147;epsilon;0;0.008753395713854513
S036;152;epsilon;1;0.14285714285714285
S036;153;epsilon;0;0.43877019280875457
S036;155;epsilon;0;0.31387478849407785
S036;159;epsilon;0;0.06322207958921694
S036;215;epsilon;0;0.14285714285714285
S036;230;epsilon;0;0.43877019280875457
S036;292;epsilon;0;0.43877019280875457
S036;342;epsilon;0;0.14285714285714285
S036;348;epsilon;1;0.43877019280875457
S036;349;epsilon;1;0.43877019280875457
S036;350;epsilon;0;0.43877019280875457
S036;352;epsilon;0;0.008753395713854513
S036;393;epsilon;0;0.31387478849407785
S036;398;epsilon;1;0.31387478849407785
S036;399;epsilon;0;0.31387478849407785
S036;471;epsilon;0;0.20722433460076045
S036;482;epsilon;0;0.43877019280875457
S036;484;epsilon;0;0.06322207958921694
S036;497;epsilon;0;0.08985024958402663
S036;519;epsilon;1;0.31387478849407785
S036;520;epsilon;0;0.43877019280875457
S036;522;epsilon;1;0.20722433460076045
S036;523;epsilon;0;0.08985024958402663
S036;528;epsilon;0;0.43877019280875457
S036;532;epsilon;0;0.31387478849407785
S036;534;epsilon;0;0.31387478849407785
S036;541;epsilon;0;0.04578465424692137
S036;546;epsilon;0;0.31387478849407785
S036;548;epsilon;1;0.43877019280875457
S036;549;epsilon;0;0.020763358778625954
S036;561;epsilon;0;0.0015006002400960385
S036;589;epsilon;0;0.43877019280875457
S036;598;epsilon;1;0.43877019280875457
S036;599;epsilon;1;0.43877019280875457
S036;600;epsilon;0;0.20722433460076045
S036;602;epsilon;0;0.43877019280875457
S036;604;epsilon;1;0.43877019280875457
S036;605;epsilon;0;0.43877019280875457
S036;608;epsilon;0;0.43877019280875457
S036;610;epsilon;0;0.08985024958402663
S036;621;epsilon;1;0.08985024958402663
S036;622;epsilon;1;0.20722433460076045
S036;623;epsilon;0;0.43877019280875457
S036;664;epsilon;0;0.31387478849407785
S036;666;epsilon;0;0.08985024958402663
S036;686;epsilon;1;0.20722433460076045
S036;687;epsilon;0;0.31387478849407785
S036;691;epsilon;0;0.20722433460076045
S036;735;epsilon;1;0.43877019280875457
S036;736;epsilon;0;0.43877019280875457
S036;738;epsilon;0;0.43877019280875457
S036;842;epsilon;1;0.14285714285714285
S036;843;epsilon;0;0.026210299105766267
S036;853;epsilon;0;0.31387478849407785
S036;903;epsilon;0;0.026210299105766267
S036;908;epsilon;0;0.01793858315597446
S036;911;epsilon;0;0.20722433460076045
S036;916;epsilon;0;0.020763358778625954
S036;925;epsilon;0;0.14285714285714285
S036;936;epsilon;0;0.31387478849407785
S036;967;epsilon;0;0.08985024958402663
S036;970;epsilon;1;0.43877019280875457
S036;971;epsilon;0;0.20722433460076045
S036;974;epsilon;1;0.43877019280875457
S036;975;epsilon;0;0.08985024958402663
S036;977;epsilon;0;0.31387478849407785
S036;979;epsilon;1;0.14285714285714285
S036;980;epsilon;1;0.31387478849407785
S036;981;epsilon;0;0.31387478849407785
S036;984;epsilon;0;0.01793858315597446
S036;990;epsilon;0;0.43877019280875457
S036;992;epsilon;0;0.43877019280875457
S036;999;epsilon;1;0.31387478849407785
S036;1000;epsilon;0;0.008753395713854513
S036;1012;epsilon;0;0.20722433460076045
S036;1018;epsilon;0;0.20722433460076045
S036;1020;epsilon;0;0.0075075075075075074
S036;1038;epsilon;0;0.14285714285714285
S036;1040;epsilon;0;0.0075075075075075074
S036;1056;epsilon;0;0.14285714285714285
S036;1068;epsilon;0;0.20722433460076045
S036;1089;epsilon;0;0.010558069381598794
S036;1200;epsilon;0;0.08985024958402663
S036;1224;epsilon;0;0.010558069381598794
S036;1320;epsilon;0;0.20722433460076045
S036;1354;epsilon;1;0.43877019280875457
S036;1355;epsilon;0;0.31387478849407785
S036;1357;epsilon;0;0.43877019280875457
S036;1360;epsilon;1;0.43877019280875457
S036;1361;epsilon;0;0.20722433460076045
S036;1369;epsilon;0;0.43877019280875457
S036;1372;epsilon;0;0.14285714285714285
S036;1374;epsilon;0;0.04578465424692137
S036;1376;epsilon;0;0.026210299105766267
S036;1382;epsilon;0;0.31387478849407785
S036;1384;epsilon;0;0.026210299105766267
S036;1389;epsilon;0;0.20722433460076045
S036;1399;epsilon;0;0.14285714285714285
S036;1403;epsilon;0;0.43877019280875457
S036;1418;epsilon;1;0.43877019280875457
S036;1419;epsilon;0;0.43877019280875457
S036;1424;epsilon;0;0.14285714285714285
S036;1429;epsilon;0;0.20722433460076045
S036;1431;epsilon;0;0.43877019280875457
S037;37;epsilon;0;0.31387478849407785
S037;95;epsilon;0;0.20722433460076045
S037;144;epsilon;1;0.43877019280875457
S037;145;epsilon;0;0.31387478849407785
S037;147;epsilon;0;0.31387478849407785
S037;153;epsilon;1;0.43877019280875457
S037;154;epsilon;1;0.20722433460076045
S037;155;epsilon;0;0.04578465424692137
S037;178;epsilon;0;0.20722433460076045
S037;180;epsilon;0;0.20722433460076045
S037;183;epsilon;0;0.20722433460076045
S037;191;epsilon;1;0.43877019280875457
S037;192;epsilon;0;0.08985024958402663
S037;195;epsilon;0;0.43877019280875457
S037;203;epsilon;1;0.08985024958402663
S037;204;epsilon;1;0.31387478849407785
S037;205;epsilon;0;0.08985024958402663
S037;254;epsilon;0;0.08985024958402663
S037;307;epsilon;0;0.31387478849407785
S037;321;epsilon;1;0.43877019280875457
S037;322;epsilon;0;0.08985024958402663
S037;324;epsilon;0;0.14285714285714285
S037;334;epsilon;0;0.20722433460076045
S037;344;epsilon;0;0.20722433460076045
S037;348;epsilon;0;0.14285714285714285
S037;359;epsilon;0;0.14285714285714285
S037;378;epsilon;0;0.31387478849407785
S037;380;epsilon;0;0.14285714285714285
S037;386;epsilon;0;0.43877019280875457
S037;406;epsilon;1;0.43877019280875457
S037;407;epsilon;0;0.31387478849407785
S037;409;epsilon;0;0.31387478849407785
S037;412;epsilon;1;0.43877019280875457
S037;413;epsilon;1;0.31387478849407785
S037;414;epsilon;0;0.08985024958402663
S037;418;epsilon;0;0.20722433460076045
S037;434;epsilon;1;0.43877019280875457
S037;435;epsilon;0;0.31387478849407785
S037;458;epsilon;0;0.14285714285714285
S037;460;epsilon;0;0.08985024958402663
S037;462;epsilon;0;0.06322207958921694
S037;467;epsilon;0;0.20722433460076045
S037;502;epsilon;0;0.020763358778625954
S037;604;epsilon;1;0.43877019280875457
S037;605;epsilon;0;0.14285714285714285
S037;626;epsilon;0;0.06322207958921694
S037;642;epsilon;0;0.06322207958921694
S037;644;epsilon;0;0.0015006002400960385
S037;727;epsilon;0;0.31387478849407785
S037;741;epsilon;0;0.31387478849407785
S037;744;epsilon;1;0.43877019280875457
S037;745;epsilon;0;0.20722433460076045
S037;748;epsilon;1;0.43877019280875457
S037;749;epsilon;0;0.43877019280875457
S037;778;epsilon;0;0.20722433460076045
S037;800;epsilon;0;0.43877019280875457
S037;857;epsilon;0;0.04578465424692137
S037;894;epsilon;1;0.43877019280875457
S037;895;epsilon;0;0.31387478849407785
S037;897;epsilon;0;0.43877019280875457
S037;900;epsilon;1;0.31387478849407785
S037;901;epsilon;1;0.31387478849407785
S037;902;epsilon;0;0.31387478849407785
S037;906;epsilon;1;0.43877019280875457
S037;907;epsilon;0;0.14285714285714285
S037;909;epsilon;0;0.008753395713854513
S037;916;epsilon;0;0.01793858315597446
S037;938;epsilon;0;0.010558069381598794
S037;979;epsilon;1;0.43877019280875457
S037;980;epsilon;0;0.31387478849407785
S037;996;epsilon;0;0.20722433460076045
S037;1002;epsilon;0;0.020763358778625954
S037;1049;epsilon;0;0.43877019280875457
S037;1147;epsilon;0;0.43877019280875457
S037;1154;epsilon;0;0.43877019280875457
S037;1156;epsilon;0;0.06322207958921694
S037;1164;epsilon;0;0.20722433460076045
S037;1180;epsilon;0;0.14285714285714285
S037;1184;epsilon;0;0.43877019280875457
S037;1186;epsilon;1;0.43877019280875457
S037;1187;epsilon;0;0.20722433460076045
S037;1240;epsilon;0;0.20722433460076045
S037;1242;epsilon;1;0.43877019280875457
S037;1243;epsilon;0;0.43877019280875457
S037;1245;epsilon;0;0.08985024958402663
S037;1250;epsilon;1;0.20722433460076045
S037;1251;epsilon;0;0.43877019280875457
S037;1256;epsilon;0;0.14285714285714285
S037;1322;epsilon;1;0.31387478849407785
S037;1323;epsilon;0;0.14285714285714285
S037;1329;epsilon;1;0.43877019280875457
S037;1330;epsilon;0;0.026210299105766267
S037;1332;epsilon;0;0.20722433460076045
S037;1334;epsilon;0;0.43877019280875457
S037;1337;epsilon;0;0.020763358778625954
S037;1339;epsilon;1;0.20722433460076045
S037;1340;epsilon;0;0.14285714285714285
S037;1344;epsilon;0;0.06322207958921694
S037;1375;epsilon;0;0.43877019280875457
S037;1428;epsilon;0;0.43877019280875457
S038;93;epsilon;1;0.04578465424692137
S038;94;epsilon;0;0.04578465424692137
S038;210;epsilon;0;0.31387478849407785
S038;241;epsilon;0;0.14285714285714285
S038;278;epsilon;0;0.43877019280875457
S038;280;epsilon;0;0.43877019280875457
S038;282;epsilon;1;0.43877019280875457
S038;283;epsilon;1;0.43877019280875457
S038;284;epsilon;0;0.20722433460076045
S038;307;epsilon;1;0.31387478849407785
S038;308;epsilon;0;0.43877019280875457
S038;310;epsilon;0;0.43877019280875457
S038;317;epsilon;1;0.14285714285714285
S038;318;epsilon;0;0.14285714285714285
S038;424;epsilon;0;0.14285714285714285
S038;475;epsilon;0;0.08985024958402663
S038;494;epsilon;0;0.06322207958921694
S038;496;epsilon;0;0.43877019280875457
S038;498;epsilon;0;0.14285714285714285
S038;544;epsilon;0;0.43877019280875457
S038;551;epsilon;0;0.43877019280875457
S038;619;epsilon;0;0.31387478849407785
S038;634;epsilon;0;0.31387478849407785
S038;638;epsilon;1;0.20722433460076045
S038;639;epsilon;0;0.43877019280875457
S038;641;epsilon;0;0.04578465424692137
S038;643;epsilon;1;0.31387478849407785
S038;644;epsilon;0;0.43877019280875457
S038;647;epsilon;0;0.43877019280875457
S038;649;epsilon;0;0.20722433460076045
S038;651;epsilon;0;0.20722433460076045
S038;653;epsilon;0;0.08985024958402663
S038;760;epsilon;0;0.31387478849407785
S038;801;epsilon;0;0.31387478849407785
S038;826;epsilon;1;0.43877019280875457
S038;827;epsilon;1;0.43877019280875457
S038;828;epsilon;0;0.20722433460076045
S038;832;epsilon;0;0.01793858315597446
S038;945;epsilon;0;0.31387478849407785
S038;989;epsilon;1;0.43877019280875457
S038;990;epsilon;0;0.43877019280875457
S038;993;epsilon;0;0.43877019280875457
S038;1016;epsilon;1;0.43877019280875457
S038;1017;epsilon;0;0.31387478849407785
S038;1022;epsilon;1;0.43877019280875457
S038;1023;epsilon;0;0.20722433460076045
S038;1033;epsilon;1;0.43877019280875457
S038;1034;epsilon;1;0.43877019280875457
S038;1035;epsilon;0;0.04578465424692137
S038;1047;epsilon;0;0.43877019280875457
S038;1146;epsilon;1;0.43877019280875457
S038;1147;epsilon;1;0.31387478849407785
S038;1148;epsilon;0;0.08985024958402663
S038;1233;epsilon;0;0.20722433460076045
S038;1236;epsilon;0;0.31387478849407785
S038;1320;epsilon;0;0.0008976660682226212
S038;1326;epsilon;1;0.31387478849407785
S038;1327;epsilon;0;0.08985024958402663
S038;1329;epsilon;1;0.31387478849407785
S038;1330;epsilon;0;0.026210299105766267
S038;1366;epsilon;1;0.43877019280875457
S038;1367;epsilon;0;0.08985024958402663
S038;1371;epsilon;1;0.43877019280875457
S038;1372;epsilon;0;0.08985024958402663
S038;1374;epsilon;1;0.31387478849407785
S038;1375;epsilon;0;0.43877019280875457
S039;1;epsilon;0;0.20722433460076045
S039;7;epsilon;0;0.20722433460076045
S039;11;epsilon;0;0.20722433460076045
S039;15;epsilon;0;0.20722433460076045
S039;28;epsilon;0;0.14285714285714285
S039;30;epsilon;0;0.20722433460076045
S039;71;epsilon;0;0.31387478849407785
S039;97;epsilon;0;0.43877019280875457
S039;104;epsilon;0;0.43877019280875457
S039;106;epsilon;1;0.43877019280875457
S039;107;epsilon;1;0.43877019280875457
S039;108;epsilon;0;0.01793858315597446
S039;117;epsilon;1;0.31387478849407785
S039;118;epsilon;0;0.43877019280875457
S039;148;epsilon;0;0.43877019280875457
S039;244;epsilon;1;0.43877019280875457
S039;245;epsilon;0;0.08985024958402663
S039;247;epsilon;0;0.20722433460076045
S039;253;epsilon;0;0.08985024958402663
S039;290;epsilon;0;0.20722433460076045
S039;292;epsilon;0;0.20722433460076045
S039;294;epsilon;0;0.31387478849407785
S039;304;epsilon;0;0.43877019280875457
S039;335;epsilon;1;0.08985024958402663
S039;336;epsilon;1;0.43877019280875457
S039;337;epsilon;0;0.31387478849407785
S039;371;epsilon;0;0.31387478849407785
S039;424;epsilon;0;0.20722433460076045
S039;456;epsilon;0;0.31387478849407785
S039;474;epsilon;0;0.31387478849407785
S039;476;epsilon;1;0.31387478849407785
S039;477;epsilon;0;0.08985024958402663
S039;575;epsilon;0;0.43877019280875457
S039;579;epsilon;1;0.43877019280875457
S039;580;epsilon;0;0.04578465424692137
S039;649;epsilon;0;0.14285714285714285
S039;664;epsilon;1;0.20722433460076045
S039;665;epsilon;1;0.20722433460076045
S039;666;epsilon;1;0.06322207958921694
S039;667;epsilon;0;0.14285714285714285
S039;669;epsilon;0;0.008753395713854513
S039;674;epsilon;0;0.43877019280875457
S039;678;epsilon;0;0.0017964071856287425
S039;723;epsilon;0;0.08985024958402663
S039;726;epsilon;1;0.14285714285714285
S039;727;epsilon;1;0.43877019280875457
S039;728;epsilon;0;0.026210299105766267
S039;740;epsilon;0;0.06322207958921694
S039;742;epsilon;1;0.43877019280875457
S039;743;epsilon;0;0.14285714285714285
S039;745;epsilon;0;0.04578465424692137
S039;748;epsilon;0;0.20722433460076045
S039;768;epsilon;0;0.020763358778625954
S039;812;epsilon;0;0.43877019280875457
S039;861;epsilon;0;0.31387478849407785
S039;868;epsilon;1;0.31387478849407785
S039;869;epsilon;1;0.20722433460076045
S039;870;epsilon;0;0.04578465424692137
S039;889;epsilon;0;0.026210299105766267
S039;894;epsilon;0;0.04578465424692137
S039;909;epsilon;0;0.06322207958921694
S039;1002;epsilon;1;0.43877019280875457
S039;1003;epsilon;0;0.31387478849407785
S039;1007;epsilon;0;0.31387478849407785
S039;1067;epsilon;1;0.04578465424692137
S039;1068;epsilon;0;0.026210299105766267
S039;1112;epsilon;0;0.08985024958402663
S039;1141;epsilon;0;0.20722433460076045
S039;1163;epsilon;0;0.43877019280875457
S039;1193;epsilon;0;0.0075075075075075074
S039;1225;epsilon;0;0.43877019280875457
S039;1335;epsilon;0;0.43877019280875457
S039;1360;epsilon;1;0.43877019280875457
S039;1361;epsilon;0;0.08985024958402663
S039;1363;epsilon;0;0.31387478849407785
S039;1365;epsilon;0;0.14285714285714285
S039;1383;epsilon;1;0.14285714285714285
S039;1384;epsilon;0;0.020763358778625954
S040;11;epsilon;0;0.04578465424692137
S040;63;epsilon;0;0.14285714285714285
S040;154;epsilon;0;0.20722433460076045
S040;183;epsilon;0;0.08985024958402663
S040;191;epsilon;1;0.43877019280875457
S040;192;epsilon;0;0.20722433460076045
S040;194;epsilon;0;0.31387478849407785
S040;201;epsilon;0;0.08985024958402663
S040;280;epsilon;0;0.08985024958402663
S040;282;epsilon;1;0.14285714285714285
S040;283;epsilon;0;0.31387478849407785
S040;290;epsilon;0;0.08985024958402663
S040;292;epsilon;1;0.43877019280875457
S040;293;epsilon;0;0.20722433460076045
S040;299;epsilon;0;0.08985024958402663
S040;303;epsilon;0;0.14285714285714285
S040;305;epsilon;0;0.0075075075075075074
S040;309;epsilon;0;0.0075075075075075074
S040;328;epsilon;1;0.20722433460076045
S040;329;epsilon;0;0.31387478849407785
S040;433;epsilon;1;0.43877019280875457
S040;434;epsilon;0;0.43877019280875457
S040;436;epsilon;1;0.20722433460076045
S040;437;epsilon;1;0.31387478849407785
S040;438;epsilon;1;0.43877019280875457
S040;439;epsilon;0;0.43877019280875457
S040;441;epsilon;0;0.43877019280875457
S040;475;epsilon;0;0.08985024958402663
S040;568;epsilon;0;0.31387478849407785
S040;578;epsilon;0;0.08985024958402663
S040;611;epsilon;0;0.20722433460076045
S040;619;epsilon;1;0.31387478849407785
S040;620;epsilon;0;0.20722433460076045
S040;623;epsilon;1;0.43877019280875457
S040;624;epsilon;1;0.43877019280875457
S040;625;epsilon;1;0.31387478849407785
S040;626;epsilon;0;0.31387478849407785
S040;628;epsilon;0;0.43877019280875457
S040;630;epsilon;1;0.43877019280875457
S040;631;epsilon;1;0.04578465424692137
S040;632;epsilon;1;0.43877019280875457
S040;633;epsilon;0;0.20722433460076045
S040;711;epsilon;0;0.31387478849407785
S040;713;epsilon;0;0.14285714285714285
S040;717;epsilon;0;0.31387478849407785
S040;722;epsilon;1;0.14285714285714285
S040;723;epsilon;0;0.31387478849407785
S040;750;epsilon;0;0.0015006002400960385
S040;791;epsilon;0;0.43877019280875457
S040;811;epsilon;1;0.43877019280875457
S040;812;epsilon;0;0.43877019280875457
S040;816;epsilon;0;0.20722433460076045
S040;829;epsilon;1;0.43877019280875457
S040;830;epsilon;0;0.43877019280875457
S040;836;epsilon;0;0.010558069381598794
S040;863;epsilon;0;0.31387478849407785
S040;870;epsilon;0;0.20722433460076045
S040;874;epsilon;0;0.43877019280875457
S040;878;epsilon;0;0.31387478849407785
S040;880;epsilon;0;0.14285714285714285
S040;884;epsilon;1;0.43877019280875457
S040;885;epsilon;0;0.20722433460076045
S040;888;epsilon;0;0.14285714285714285
S040;890;epsilon;0;0.06322207958921694
S040;897;epsilon;0;0.31387478849407785
S040;900;epsilon;0;0.08985024958402663
S040;902;epsilon;1;0.43877019280875457
S040;903;epsilon;0;0.43877019280875457
S040;931;epsilon;1;0.43877019280875457
S040;932;epsilon;0;0.31387478849407785
S040;943;epsilon;0;0.43877019280875457
S040;1005;epsilon;1;0.43877019280875457
S040;1006;epsilon;0;0.20722433460076045
S040;1041;epsilon;0;0.43877019280875457
S040;1052;epsilon;1;0.20722433460076045
S040;1053;epsilon;0;0.08985024958402663
S040;1055;epsilon;0;0.01793858315597446
S040;1060;epsilon;0;0.31387478849407785
S040;1093;epsilon;0;0.20722433460076045
S040;1115;epsilon;0;0.43877019280875457
S040;1118;epsilon;0;0.20722433460076045
S040;1140;epsilon;0;0.04578465424692137
S040;1193;epsilon;0;0.08985024958402663
S040;1240;epsilon;0;0.31387478849407785
S040;1242;epsilon;0;0.20722433460076045
S040;1244;epsilon;0;0.43877019280875457
S040;1247;epsilon;0;0.43877019280875457
S040;1252;epsilon;1;0.14285714285714285
S040;1253;epsilon;1;0.43877019280875457
S040;1254;epsilon;0;0.14285714285714285
S041;10;epsilon;1;0.20722433460076045
S041;11;epsilon;1;0.06322207958921694
S041;12;epsilon;0;0.14285714285714285
S041;16;epsilon;0;0.14285714285714285
S041;18;epsilon;0;0.43877019280875457
S041;21;epsilon;0;0.08985024958402663
S041;61;epsilon;1;0.43877019280875457
S041;62;epsilon;0;0.43877019280875457
S041;119;epsilon;0;0.08985024958402663
S041;121;epsilon;1;0.43877019280875457
S041;122;epsilon;0;0.31387478849407785
S041;125;epsilon;0;0.14285714285714285
S041;127;epsilon;0;0.01793858315597446
S041;166;epsilon;0;0.20722433460076045
S041;199;epsilon;0;0.20722433460076045
S041;242;epsilon;0;0.31387478849407785
S041;244;epsilon;1;0.31387478849407785
S041;245;epsilon;0;0.20722433460076045
S041;248;epsilon;0;0.08985024958402663
S041;280;epsilon;0;0.43877019280875457
S041;283;epsilon;0;0.31387478849407785
S041;313;epsilon;0;0.20722433460076045
S041;315;epsilon;1;0.20722433460076045
S041;316;epsilon;0;0.08985024958402663
S041;322;epsilon;0;0.31387478849407785
S041;324;epsilon;1;0.43877019280875457
S041;325;epsilon;1;0.43877019280875457
S041;326;epsilon;0;0.14285714285714285
S041;331;epsilon;0;0.08985024958402663
S041;379;epsilon;1;0.31387478849407785
S041;380;epsilon;1;0.43877019280875457
S041;381;epsilon;0;0.43877019280875457
S041;383;epsilon;0;0.43877019280875457
S041;386;epsilon;0;0.20722433460076045
S041;388;epsilon;0;0.08985024958402663
S041;433;epsilon;0;0.20722433460076045
S041;436;epsilon;0;0.43877019280875457
S041;446;epsilon;0;0.43877019280875457
S041;448;epsilon;0;0.43877019280875457
S041;450;epsilon;0;0.20722433460076045
S041;457;epsilon;0;0.43877019280875457
S041;480;epsilon;0;0.43877019280875457
S041;482;epsilon;1;0.43877019280875457
S041;483;epsilon;1;0.20722433460076045
S041;484;epsilon;0;0.43877019280875457
S041;486;epsilon;0;0.14285714285714285
S041;509;epsilon;1;0.43877019280875457
S041;510;epsilon;0;0.31387478849407785
S041;551;epsilon;1;0.43877019280875457
S041;552;epsilon;1;0.31387478849407785
S041;553;epsilon;0;0.43877019280875457
S041;555;epsilon;0;0.43877019280875457
S041;564;epsilon;0;0.43877019280875457
S041;567;epsilon;0;0.06322207958921694
S041;621;epsilon;0;0.08985024958402663
S041;632;epsilon;0;0.20722433460076045
S041;634;epsilon;1;0.31387478849407785
S041;635;epsilon;0;0.026210299105766267
S041;691;epsilon;0;0.020763358778625954
S041;708;epsilon;0;0.08985024958402663
S041;711;epsilon;0;0.20722433460076045
S041;716;epsilon;1;0.43877019280875457
S041;717;epsilon;0;0.43877019280875457
S041;720;epsilon;1;0.04578465424692137
S041;721;epsilon;1;0.43877019280875457
S041;722;epsilon;0;0.14285714285714285
S041;727;epsilon;1;0.06322207958921694
S041;728;epsilon;1;0.31387478849407785
S041;729;epsilon;1;0.43877019280875457
S041;730;epsilon;0;0.31387478849407785
S041;761;epsilon;0;0.43877019280875457
S041;763;epsilon;0;0.06322207958921694
S041;767;epsilon;0;0.43877019280875457
S041;770;epsilon;1;0.20722433460076045
S041;771;epsilon;0;0.43877019280875457
S041;780;epsilon;1;0.43877019280875457
S041;781;epsilon;1;0.31387478849407785
S041;782;epsilon;0;0.003290457672749028
S041;785;epsilon;1;0.31387478849407785
S041;786;epsilon;1;0.31387478849407785
S041;787;epsilon;0;0.14285714285714285
S041;802;epsilon;0;0.06322207958921694
S041;805;epsilon;0;0.20722433460076045
S041;823;epsilon;0;0.08985024958402663
S041;853;epsilon;0;0.43877019280875457
S041;991;epsilon;0;0.008753395713854513
S041;1032;epsilon;0;0.43877019280875457
S041;1065;epsilon;1;0.43877019280875457
S041;1066;epsilon;0;0.43877019280875457
S041;1074;epsilon;0;0.43877019280875457
S041;1078;epsilon;0;0.43877019280875457
S041;1206;epsilon;0;0.31387478849407785
S041;1212;epsilon;0;0.14285714285714285
S041;1220;epsilon;0;0.31387478849407785
S041;1227;epsilon;0;0.08985024958402663
S041;1244;epsilon;1;0.43877019280875457
S041;1245;epsilon;0;0.31387478849407785
S041;1247;epsilon;0;0.31387478849407785
S041;1250;epsilon;0;0.08985024958402663
S041;1254;epsilon;0;0.43877019280875457
S041;1320;epsilon;0;0.31387478849407785
S041;1323;epsilon;0;0.14285714285714285
S041;1325;epsilon;0;0.14285714285714285
S041;1396;epsilon;0;0.08985024958402663
S041;1415;epsilon;0;0.43877019280875457
S041;1425;epsilon;1;0.31387478849407785
S041;1426;epsilon;0;0.14285714285714285
S041;1430;epsilon;1;0.31387478849407785
S041;1431;epsilon;0;0.14285714285714285
S042;59;epsilon;0;0.31387478849407785
S042;71;epsilon;0;0.010558069381598794
S042;151;epsilon;0;0.20722433460076045
S042;200;epsilon;0;0.31387478849407785
S042;202;epsilon;0;0.43877019280875457
S042;205;epsilon;0;0.43877019280875457
S042;228;epsilon;0;0.31387478849407785
S042;230;epsilon;1;0.43877019280875457
S042;231;epsilon;0;0.14285714285714285
S042;233;epsilon;0;0.04578465424692137
S042;236;epsilon;1;0.43877019280875457
S042;237;epsilon;0;0.31387478849407785
S042;246;epsilon;0;0.43877019280875457
S042;271;epsilon;0;0.20722433460076045
S042;275;epsilon;0;0.04578465424692137
S042;369;epsilon;1;0.43877019280875457
S042;370;epsilon;0;0.31387478849407785
S042;446;epsilon;1;0.08985024958402663
S042;447;epsilon;1;0.43877019280875457
S042;448;epsilon;1;0.31387478849407785
S042;449;epsilon;0;0.20722433460076045
S042;482;epsilon;0;0.06322207958921694
S042;498;epsilon;1;0.43877019280875457
S042;499;epsilon;1;0.20722433460076045
S042;500;epsilon;1;0.20722433460076045
S042;501;epsilon;0;0.43877019280875457
S042;539;epsilon;0;0.43877019280875457
S042;542;epsilon;0;0.20722433460076045
S042;561;epsilon;1;0.31387478849407785
S042;562;epsilon;0;0.08985024958402663
S042;565;epsilon;1;0.31387478849407785
S042;566;epsilon;0;0.43877019280875457
S042;569;epsilon;0;0.14285714285714285
S042;571;epsilon;0;0.06322207958921694
S042;582;epsilon;0;0.06322207958921694
S042;586;epsilon;0;0.31387478849407785
S042;591;epsilon;0;0.14285714285714285
S042;593;epsilon;1;0.31387478849407785
S042;594;epsilon;0;0.14285714285714285
S042;600;epsilon;0;0.04578465424692137
S042;602;epsilon;0;0.020763358778625954
S042;605;epsilon;0;0.20722433460076045
S042;607;epsilon;1;0.08985024958402663
S042;608;epsilon;0;0.06322207958921694
S042;619;epsilon;0;0.04578465424692137
S042;621;epsilon;0;0.20722433460076045
S042;697;epsilon;0;0.43877019280875457
S042;705;epsilon;0;0.20722433460076045
S042;708;epsilon;1;0.31387478849407785
S042;709;epsilon;1;0.43877019280875457
S042;710;epsilon;0;0.20722433460076045
S042;712;epsilon;1;0.08985024958402663
S042;713;epsilon;0;0.43877019280875457
S042;717;epsilon;0;0.31387478849407785
S042;720;epsilon;0;0.026210299105766267
S042;725;epsilon;0;0.0075075075075075074
S042;743;epsilon;1;0.43877019280875457
S042;744;epsilon;0;0.43877019280875457
S042;754;epsilon;1;0.43877019280875457
S042;755;epsilon;0;0.43877019280875457
S042;757;epsilon;1;0.31387478849407785
S042;758;epsilon;1;0.43877019280875457
S042;759;epsilon;1;0.20722433460076045
S042;760;epsilon;0;0.43877019280875457
S042;779;epsilon;1;0.08985024958402663
S042;780;epsilon;0;0.010558069381598794
S042;784;epsilon;1;0.14285714285714285
S042;785;epsilon;0;0.20722433460076045
S042;794;epsilon;0;0.31387478849407785
S042;800;epsilon;0;0.04578465424692137
S042;812;epsilon;0;0.14285714285714285
S042;817;epsilon;0;0.020763358778625954
S042;828;epsilon;0;0.020763358778625954
S042;874;epsilon;0;0.20722433460076045
S042;908;epsilon;0;0.43877019280875457
S042;911;epsilon;0;0.43877019280875457
S042;915;epsilon;0;0.14285714285714285
S042;959;epsilon;0;0.31387478849407785
S042;964;epsilon;0;0.31387478849407785
S042;976;epsilon;0;0.31387478849407785
S042;978;epsilon;0;0.43877019280875457
S042;980;epsilon;0;0.43877019280875457
S042;1012;epsilon;0;0.31387478849407785
S042;1014;epsilon;0;0.31387478849407785
S042;1025;epsilon;1;0.43877019280875457
S042;1026;epsilon;0;0.31387478849407785
S042;1032;epsilon;0;0.08985024958402663
S042;1037;epsilon;1;0.20722433460076045
S042;1038;epsilon;1;0.06322207958921694
S042;1039;epsilon;0;0.31387478849407785
S042;1042;epsilon;0;0.003290457672749028
S042;1115;epsilon;0;0.43877019280875457
S042;1144;epsilon;0;0.31387478849407785
S042;1164;epsilon;0;0.31387478849407785
S042;1183;epsilon;0;0.14285714285714285
S042;1188;epsilon;0;0.31387478849407785
S042;1192;epsilon;0;0.20722433460076045
S042;1194;epsilon;0;0.06322207958921694
S042;1216;epsilon;0;0.20722433460076045
S042;1224;epsilon;0;0.31387478849407785
S042;1235;epsilon;0;0.43877019280875457
S042;1238;epsilon;1;0.20722433460076045
S042;1239;epsilon;0;0.43877019280875457
S042;1320;epsilon;0;0.001195457262402869
S042;1370;epsilon;0;0.20722433460076045
S042;1400;epsilon;0;0.31387478849407785
S042;1405;epsilon;0;0.31387478849407785
S042;1408;epsilon;0;0.20722433460076045
S042;1412;epsilon;0;0.06322207958921694
S042;1425;epsilon;0;0.20722433460076045
S042;1428;epsilon;0;0.31387478849407785
S042;1430;epsilon;0;0.43877019280875457
S042;1432;epsilon;1;0.43877019280875457
S042;1433;epsilon;0;0.43877019280875457
S043;3;epsilon;1;0.04578465424692137
S043;4;epsilon;1;0.20722433460076045
S043;5;epsilon;1;0.43877019280875457
S043;6;epsilon;0;0.43877019280875457
S043;8;epsilon;0;0.31387478849407785
S043;55;epsilon;1;0.43877019280875457
S043;56;epsilon;0;0.20722433460076045
S043;60;epsilon;1;0.43877019280875457
S043;61;epsilon;0;0.31387478849407785
S043;197;epsilon;0;0.43877019280875457
S043;277;epsilon;1;0.43877019280875457
S043;278;epsilon;0;0.20722433460076045
S043;284;epsilon;0;0.20722433460076045
S043;315;epsilon;0;0.14285714285714285
S043;378;epsilon;1;0.43877019280875457
S043;379;epsilon;0;0.31387478849407785
S043;381;epsilon;1;0.43877019280875457
S043;382;epsilon;0;0.08985024958402663
S043;385;epsilon;1;0.31387478849407785
S043;386;epsilon;0;0.31387478849407785
S043;388;epsilon;0;0.20722433460076045
S043;506;epsilon;0;0.08985024958402663
S043;543;epsilon;0;0.04578465424692137
S043;592;epsilon;0;0.20722433460076045
S043;597;epsilon;0;0.14285714285714285
S043;635;epsilon;0;0.31387478849407785
S043;687;epsilon;0;0.14285714285714285
S043;697;epsilon;1;0.20722433460076045
S043;698;epsilon;0;0.43877019280875457
S043;721;epsilon;0;0.06322207958921694
S043;747;epsilon;0;0.026210299105766267
S043;750;epsilon;0;0.0015006002400960385
S043;752;epsilon;0;0.003296373988612526
S043;794;epsilon;1;0.31387478849407785
S043;795;epsilon;0;0.43877019280875457
S043;799;epsilon;0;0.31387478849407785
S043;827;epsilon;0;0.43877019280875457
S043;871;epsilon;0;0.14285714285714285
S043;912;epsilon;0;0.06322207958921694
S043;915;epsilon;1;0.43877019280875457
S043;916;epsilon;0;0.08985024958402663
S043;918;epsilon;1;0.31387478849407785
S043;919;epsilon;0;0.20722433460076045
S043;928;epsilon;0;0.20722433460076045
S043;930;epsilon;0;0.026210299105766267
S043;933;epsilon;0;0.01793858315597446
S043;957;epsilon;1;0.43877019280875457
S043;958;epsilon;0;0.43877019280875457
S043;960;epsilon;0;0.04578465424692137
S043;963;epsilon;0;0.31387478849407785
S043;965;epsilon;1;0.43877019280875457
S043;966;epsilon;0;0.31387478849407785
S043;972;epsilon;0;0.20722433460076045
S043;992;epsilon;0;0.06322207958921694
S043;1043;epsilon;0;0.31387478849407785
S043;1045;epsilon;1;0.43877019280875457
S043;1046;epsilon;0;0.31387478849407785
S043;1058;epsilon;1;0.31387478849407785
S043;1059;epsilon;1;0.43877019280875457
S043;1060;epsilon;0;0.20722433460076045
S043;1071;epsilon;1;0.43877019280875457
S043;1072;epsilon;0;0.04578465424692137
S043;1089;epsilon;0;0.43877019280875457
S043;1172;epsilon;0;0.14285714285714285
S043;1257;epsilon;0;0.20722433460076045
S043;1323;epsilon;0;0.001195457262402869
S043;1374;epsilon;0;0.31387478849407785
S044;55;epsilon;0;0.31387478849407785
S044;64;epsilon;0;0.20722433460076045
S044;67;epsilon;1;0.43877019280875457
S044;68;epsilon;0;0.43877019280875457
S044;71;epsilon;0;0.08985024958402663
S044;164;epsilon;1;0.08985024958402663
S044;165;epsilon;1;0.14285714285714285
S044;166;epsilon;0;0.31387478849407785
S044;174;epsilon;0;0.020763358778625954
S044;180;epsilon;0;0.06322207958921694
S044;191;epsilon;0;0.04578465424692137
S044;198;epsilon;0;0.14285714285714285
S044;220;epsilon;0;0.31387478849407785
S044;276;epsilon;0;0.43877019280875457
S044;278;epsilon;0;0.31387478849407785
S044;281;epsilon;0;0.20722433460076045
S044;283;epsilon;0;0.20722433460076045
S044;286;epsilon;1;0.20722433460076045
S044;287;epsilon;1;0.43877019280875457
S044;288;epsilon;1;0.43877019280875457
S044;289;epsilon;0;0.08985024958402663
S044;292;epsilon;0;0.14285714285714285
S044;301;epsilon;0;0.0075075075075075074
S044;306;epsilon;1;0.31387478849407785
S044;307;epsilon;0;0.14285714285714285
S044;310;epsilon;0;0.008753395713854513
S044;331;epsilon;0;0.20722433460076045
S044;339;epsilon;0;0.43877019280875457
S044;341;epsilon;0;0.008753395713854513
S044;408;epsilon;0;0.14285714285714285
S044;433;epsilon;1;0.43877019280875457
S044;434;epsilon;1;0.43877019280875457
S044;435;epsilon;0;0.14285714285714285
S044;444;epsilon;1;0.43877019280875457
S044;445;epsilon;0;0.43877019280875457
S044;464;epsilon;1;0.08985024958402663
S044;465;epsilon;0;0.04578465424692137
S044;506;epsilon;1;0.14285714285714285
S044;507;epsilon;1;0.43877019280875457
S044;508;epsilon;0;0.08985024958402663
S044;688;epsilon;0;0.20722433460076045
S044;726;epsilon;0;0.20722433460076045
S044;735;epsilon;0;0.14285714285714285
S044;740;epsilon;1;0.020763358778625954
S044;741;epsilon;0;0.20722433460076045
S044;749;epsilon;0;0.0008976660682226212
S044;751;epsilon;0;0.0075075075075075074
S044;753;epsilon;0;0.008753395713854513
S044;760;epsilon;1;0.31387478849407785
S044;761;epsilon;0;0.003290457672749028
S044;798;epsilon;0;0.43877019280875457
S044;800;epsilon;0;0.14285714285714285
S044;803;epsilon;0;0.31387478849407785
S044;861;epsilon;1;0.20722433460076045
S044;862;epsilon;0;0.06322207958921694
S044;873;epsilon;0;0.31387478849407785
S044;877;epsilon;1;0.43877019280875457
S044;878;epsilon;0;0.31387478849407785
S044;905;epsilon;0;0.08985024958402663
S044;990;epsilon;1;0.14285714285714285
S044;991;epsilon;1;0.43877019280875457
S044;992;epsilon;0;0.14285714285714285
S044;1048;epsilon;0;0.026210299105766267
S044;1092;epsilon;0;0.43877019280875457
S044;1104;epsilon;0;0.008753395713854513
S044;1117;epsilon;0;0.43877019280875457
S044;1121;epsilon;0;0.14285714285714285
S044;1178;epsilon;1;0.43877019280875457
S044;1179;epsilon;1;0.43877019280875457
S044;1180;epsilon;1;0.43877019280875457
S044;1181;epsilon;0;0.20722433460076045
S044;1200;epsilon;1;0.43877019280875457
S044;1201;epsilon;0;0.003296373988612526
S044;1209;epsilon;0;0.31387478849407785
S044;1212;epsilon;0;0.31387478849407785
S044;1214;epsilon;0;0.31387478849407785
S044;1221;epsilon;0;0.31387478849407785
S044;1225;epsilon;0;0.06322207958921694
S044;1231;epsilon;0;0.20722433460076045
S044;1236;epsilon;0;0.43877019280875457
S044;1238;epsilon;0;0.04578465424692137
S044;1242;epsilon;1;0.08985024958402663
S044;1243;epsilon;1;0.31387478849407785
S044;1244;epsilon;0;0.43877019280875457
S044;1246;epsilon;1;0.08985024958402663
S044;1247;epsilon;0;0.20722433460076045
S044;1251;epsilon;0;0.43877019280875457
S044;1257;epsilon;0;0.020763358778625954
S044;1369;epsilon;1;0.43877019280875457
S044;1370;epsilon;1;0.31387478849407785
S044;1371;epsilon;0;0.08985024958402663
S044;1389;epsilon;0;0.020763358778625954
S044;1392;epsilon;1;0.14285714285714285
S044;1393;epsilon;0;0.31387478849407785
S044;1433;epsilon;0;0.20722433460076045
S044;1436;epsilon;1;0.43877019280875457
S044;1437;epsilon;0;0.43877019280875457
S045;2;epsilon;0;0.06322207958921694
S045;5;epsilon;0;0.003290457672749028
S045;118;epsilon;1;0.43877019280875457
S045;119;epsilon;0;0.08985024958402663
S045;121;epsilon;0;0.31387478849407785
S045;124;epsilon;0;0.04578465424692137
S045;126;epsilon;0;0.31387478849407785
S045;128;epsilon;0;0.20722433460076045
S045;150;epsilon;0;0.06322207958921694
S045;153;epsilon;1;0.06322207958921694
S045;154;epsilon;0;0.0075075075075075074
S045;167;epsilon;0;0.026210299105766267
S045;170;epsilon;0;0.31387478849407785
S045;173;epsilon;0;0.20722433460076045
S045;182;epsilon;1;0.31387478849407785
S045;183;epsilon;1;0.20722433460076045
S045;184;epsilon;0;0.04578465424692137
S045;238;epsilon;0;0.43877019280875457
S045;252;epsilon;0;0.06322207958921694
S045;268;epsilon;0;0.20722433460076045
S045;278;epsilon;1;0.43877019280875457
S045;279;epsilon;0;0.43877019280875457
S045;281;epsilon;0;0.08985024958402663
S045;285;epsilon;0;0.010558069381598794
S045;297;epsilon;0;0.04578465424692137
S045;300;epsilon;0;0.14285714285714285
S045;338;epsilon;0;0.14285714285714285
S045;343;epsilon;0;0.06322207958921694
S045;345;epsilon;0;0.20722433460076045
S045;390;epsilon;1;0.43877019280875457
S045;391;epsilon;0;0.43877019280875457
S045;394;epsilon;0;0.43877019280875457
S045;403;epsilon;0;0.31387478849407785
S045;434;epsilon;0;0.06322207958921694
S045;437;epsilon;0;0.31387478849407785
S045;439;epsilon;0;0.31387478849407785
S045;441;epsilon;0;0.20722433460076045
S045;443;epsilon;1;0.43877019280875457
S045;444;epsilon;0;0.003296373988612526
S045;449;epsilon;0;0.04578465424692137
S045;453;epsilon;1;0.43877019280875457
S045;454;epsilon;1;0.43877019280875457
S045;455;epsilon;0;0.01793858315597446
S045;524;epsilon;0;0.06322207958921694
S045;531;epsilon;0;0.20722433460076045
S045;616;epsilon;0;0.20722433460076045
S045;668;epsilon;1;0.20722433460076045
S045;669;epsilon;1;0.31387478849407785
S045;670;epsilon;0;0.43877019280875457
S045;673;epsilon;0;0.43877019280875457
S045;675;epsilon;0;0.08985024958402663
S045;762;epsilon;0;0.43877019280875457
S045;768;epsilon;1;0.14285714285714285
S045;769;epsilon;0;0.43877019280875457
S045;773;epsilon;1;0.31387478849407785
S045;774;epsilon;0;0.43877019280875457
S045;783;epsilon;0;0.026210299105766267
S045;794;epsilon;1;0.06322207958921694
S045;795;epsilon;0;0.20722433460076045
S045;834;epsilon;1;0.43877019280875457
S045;835;epsilon;1;0.43877019280875457
S045;836;epsilon;0;0.20722433460076045
S045;840;epsilon;0;0.01793858315597446
S045;850;epsilon;1;0.43877019280875457
S045;851;epsilon;0;0.14285714285714285
S045;858;epsilon;0;0.31387478849407785
S045;863;epsilon;0;0.43877019280875457
S045;870;epsilon;1;0.14285714285714285
S045;871;epsilon;0;0.20722433460076045
S045;873;epsilon;0;0.31387478849407785
S045;902;epsilon;0;0.31387478849407785
S045;921;epsilon;0;0.43877019280875457
S045;923;epsilon;1;0.43877019280875457
S045;924;epsilon;0;0.06322207958921694
S045;929;epsilon;0;0.43877019280875457
S045;970;epsilon;1;0.43877019280875457
S045;971;epsilon;0;0.31387478849407785
S045;984;epsilon;0;0.14285714285714285
S045;1084;epsilon;0;0.04578465424692137
S045;1090;epsilon;0;0.43877019280875457
S045;1100;epsilon;0;0.43877019280875457
S045;1108;epsilon;1;0.31387478849407785
S045;1109;epsilon;0;0.14285714285714285
S045;1111;epsilon;0;0.14285714285714285
S045;1116;epsilon;0;0.008753395713854513
S045;1124;epsilon;0;0.003290457672749028
S045;1152;epsilon;1;0.31387478849407785
S045;1153;epsilon;0;0.43877019280875457
S045;1161;epsilon;0;0.43877019280875457
S045;1184;epsilon;1;0.43877019280875457
S045;1185;epsilon;1;0.43877019280875457
S045;1186;epsilon;0;0.31387478849407785
S045;1189;epsilon;0;0.43877019280875457
S045;1195;epsilon;0;0.008753395713854513
S045;1235;epsilon;1;0.43877019280875457
S045;1236;epsilon;1;0.43877019280875457
S045;1237;epsilon;0;0.020763358778625954
S046;4;epsilon;1;0.20722433460076045
S046;5;epsilon;0;0.43877019280875457
S046;7;epsilon;0;0.14285714285714285
S046;9;epsilon;1;0.20722433460076045
S046;10;epsilon;0;0.026210299105766267
S046;94;epsilon;0;0.31387478849407785
S046;146;epsilon;0;0.43877019280875457
S046;149;epsilon;1;0.20722433460076045
S046;150;epsilon;0;0.20722433460076045
S046;153;epsilon;0;0.04578465424692137
S046;180;epsilon;0;0.20722433460076045
S046;182;epsilon;0;0.31387478849407785
S046;187;epsilon;1;0.43877019280875457
S046;188;epsilon;0;0.04578465424692137
S046;209;epsilon;1;0.04578465424692137
S046;210;epsilon;1;0.31387478849407785
S046;211;epsilon;0;0.0038910505836575876
S046;261;epsilon;0;0.020763358778625954
S046;282;epsilon;0;0.43877019280875457
S046;294;epsilon;0;0.43877019280875457
S046;318;epsilon;0;0.43877019280875457
S046;320;epsilon;1;0.31387478849407785
S046;321;epsilon;0;0.0075075075075075074
S046;335;epsilon;0;0.31387478849407785
S046;337;epsilon;0;0.20722433460076045
S046;346;epsilon;1;0.31387478849407785
S046;347;epsilon;0;0.06322207958921694
S046;354;epsilon;1;0.20722433460076045
S046;355;epsilon;1;0.14285714285714285
S046;356;epsilon;0;0.31387478849407785
S046;358;epsilon;0;0.43877019280875457
S046;369;epsilon;0;0.43877019280875457
S046;374;epsilon;1;0.06322207958921694
S046;375;epsilon;0;0.31387478849407785
S046;382;epsilon;0;0.14285714285714285
S046;384;epsilon;1;0.31387478849407785
S046;385;epsilon;0;0.01793858315597446
S046;395;epsilon;0;0.020763358778625954
S046;404;epsilon;0;0.08985024958402663
S046;433;epsilon;0;0.08985024958402663
S046;438;epsilon;1;0.43877019280875457
S046;439;epsilon;0;0.08985024958402663
S046;447;epsilon;0;0.31387478849407785
S046;480;epsilon;0;0.31387478849407785
S046;549;epsilon;0;0.20722433460076045
S046;564;epsilon;1;0.31387478849407785
S046;565;epsilon;0;0.43877019280875457
S046;567;epsilon;0;0.43877019280875457
S046;576;epsilon;1;0.43877019280875457
S046;577;epsilon;0;0.31387478849407785
S046;607;epsilon;1;0.31387478849407785
S046;608;epsilon;0;0.31387478849407785
S046;613;epsilon;0;0.20722433460076045
S046;626;epsilon;0;0.0017964071856287425
S046;629;epsilon;0;0.0015006002400960385
S046;640;epsilon;1;0.31387478849407785
S046;641;epsilon;0;0.01793858315597446
S046;677;epsilon;0;0.43877019280875457
S046;680;epsilon;0;0.026210299105766267
S046;703;epsilon;0;0.20722433460076045
S046;780;epsilon;1;0.31387478849407785
S046;781;epsilon;0;0.31387478849407785
S046;790;epsilon;0;0.20722433460076045
S046;795;epsilon;0;0.06322207958921694
S046;798;epsilon;0;0.31387478849407785
S046;824;epsilon;1;0.31387478849407785
S046;825;epsilon;0;0.31387478849407785
S046;896;epsilon;0;0.31387478849407785
S046;899;epsilon;1;0.43877019280875457
S046;900;epsilon;0;0.43877019280875457
S046;902;epsilon;1;0.20722433460076045
S046;903;epsilon;1;0.43877019280875457
S046;904;epsilon;0;0.31387478849407785
S046;907;epsilon;0;0.43877019280875457
S046;910;epsilon;0;0.20722433460076045
S046;942;epsilon;1;0.43877019280875457
S046;943;epsilon;1;0.20722433460076045
S046;944;epsilon;0;0.08985024958402663
S046;947;epsilon;0;0.20722433460076045
S046;985;epsilon;0;0.43877019280875457
S046;989;epsilon;1;0.43877019280875457
S046;990;epsilon;0;0.43877019280875457
S046;996;epsilon;0;0.31387478849407785
S046;1004;epsilon;0;0.06322207958921694
S046;1021;epsilon;0;0.43877019280875457
S046;1024;epsilon;0;0.31387478849407785
S046;1070;epsilon;1;0.20722433460076045
S046;1071;epsilon;0;0.20722433460076045
S046;1097;epsilon;0;0.43877019280875457
S046;1100;epsilon;0;0.04578465424692137
S046;1151;epsilon;0;0.43877019280875457
S046;1223;epsilon;0;0.43877019280875457
S046;1256;epsilon;0;0.43877019280875457
S046;1322;epsilon;1;0.20722433460076045
S046;1323;epsilon;0;0.31387478849407785
S046;1326;epsilon;0;0.06322207958921694
S046;1331;epsilon;0;0.14285714285714285
S046;1339;epsilon;1;0.14285714285714285
S046;1340;epsilon;1;0.01793858315597446
S046;1341;epsilon;0;0.43877019280875457
S046;1363;epsilon;1;0.43877019280875457
S046;1364;epsilon;0;0.20722433460076045
S046;1369;epsilon;1;0.43877019280875457
S046;1370;epsilon;1;0.43877019280875457
S046;1371;epsilon;1;0.31387478849407785
S046;1372;epsilon;0;0.08985024958402663
S046;1386;epsilon;1;0.43877019280875457
S046;1387;epsilon;1;0.43877019280875457
S046;1388;epsilon;1;0.31387478849407785
S046;1389;epsilon;0;0.31387478849407785
S046;1391;epsilon;1;0.20722433460076045
S046;1392;epsilon;0;0.43877019280875457
S046;1394;epsilon;0;0.020763358778625954
S047;2;epsilon;1;0.43877019280875457
S047;3;epsilon;0;0.01793858315597446
S047;9;epsilon;0;0.08985024958402663
S047;15;epsilon;0;0.06322207958921694
S047;71;epsilon;0;0.43877019280875457
S047;75;epsilon;1;0.43877019280875457
S047;76;epsilon;0;0.001195457262402869
S047;179;epsilon;0;0.31387478849407785
S047;196;epsilon;0;0.31387478849407785
S047;270;epsilon;0;0.08985024958402663
S047;272;epsilon;0;0.14285714285714285
S047;275;epsilon;1;0.31387478849407785
S047;276;epsilon;0;0.010558069381598794
S047;281;epsilon;0;0.04578465424692137
S047;301;epsilon;0;0.31387478849407785
S047;308;epsilon;0;0.01793858315597446
S047;310;epsilon;0;0.06322207958921694
S047;317;epsilon;0;0.08985024958402663
S047;329;epsilon;0;0.008753395713854513
S047;344;epsilon;0;0.08985024958402663
S047;360;epsilon;0;0.06322207958921694
S047;369;epsilon;0;0.43877019280875457
S047;430;epsilon;1;0.43877019280875457
S047;431;epsilon;0;0.04578465424692137
S047;433;epsilon;0;0.08985024958402663
S047;435;epsilon;0;0.001195457262402869
S047;454;epsilon;0;0.008753395713854513
S047;456;epsilon;0;0.31387478849407785
S047;470;epsilon;0;0.20722433460076045
S047;515;epsilon;0;0.04578465424692137
S047;529;epsilon;0;0.43877019280875457
S047;533;epsilon;0;0.43877019280875457
S047;538;epsilon;1;0.43877019280875457
S047;539;epsilon;0;0.31387478849407785
S047;543;epsilon;0;0.43877019280875457
S047;573;epsilon;0;0.43877019280875457
S047;576;epsilon;1;0.43877019280875457
S047;577;epsilon;1;0.008753395713854513
S047;578;epsilon;0;0.20722433460076045
S047;589;epsilon;0;0.14285714285714285
S047;622;epsilon;0;0.31387478849407785
S047;631;epsilon;0;0.06322207958921694
S047;664;epsilon;0;0.08985024958402663
S047;707;epsilon;0;0.31387478849407785
S047;709;epsilon;0;0.20722433460076045
S047;716;epsilon;0;0.31387478849407785
S047;728;epsilon;0;0.20722433460076045
S047;734;epsilon;1;0.06322207958921694
S047;735;epsilon;1;0.43877019280875457
S047;736;epsilon;0;0.20722433460076045
S047;738;epsilon;1;0.43877019280875457
S047;739;epsilon;0;0.06322207958921694
S047;747;epsilon;1;0.31387478849407785
S047;748;epsilon;0;0.06322207958921694
S047;757;epsilon;1;0.20722433460076045
S047;758;epsilon;0;0.43877019280875457
S047;760;epsilon;0;0.04578465424692137
S047;765;epsilon;1;0.43877019280875457
S047;766;epsilon;1;0.31387478849407785
S047;767;epsilon;0;0.04578465424692137
S047;774;epsilon;0;0.08985024958402663
S047;779;epsilon;1;0.43877019280875457
S047;780;epsilon;0;0.0075075075075075074
S047;783;epsilon;0;0.14285714285714285
S047;786;epsilon;0;0.14285714285714285
S047;792;epsilon;1;0.43877019280875457
S047;793;epsilon;1;0.06322207958921694
S047;794;epsilon;0;0.04578465424692137
S047;796;epsilon;0;0.001195457262402869
S047;811;epsilon;0;0.31387478849407785
S047;826;epsilon;1;0.43877019280875457
S047;827;epsilon;0;0.08985024958402663
S047;831;epsilon;0;0.04578465424692137
S047;839;epsilon;0;0.31387478849407785
S047;851;epsilon;0;0.14285714285714285
S047;855;epsilon;0;0.14285714285714285
S047;864;epsilon;1;0.43877019280875457
S047;865;epsilon;1;0.43877019280875457
S047;866;epsilon;0;0.20722433460076045
S047;949;epsilon;0;0.31387478849407785
S047;987;epsilon;0;0.31387478849407785
S047;990;epsilon;1;0.20722433460076045
S047;991;epsilon;0;0.08985024958402663
S047;1000;epsilon;0;0.14285714285714285
S047;1003;epsilon;1;0.20722433460076045
S047;1004;epsilon;1;0.20722433460076045
S047;1005;epsilon;1;0.20722433460076045
S047;1006;epsilon;1;0.31387478849407785
S047;1007;epsilon;0;0.020763358778625954
S047;1012;epsilon;1;0.31387478849407785
S047;1013;epsilon;1;0.43877019280875457
S047;1014;epsilon;1;0.020763358778625954
S047;1015;epsilon;0;0.14285714285714285
S047;1030;epsilon;1;0.31387478849407785
S047;1031;epsilon;0;0.20722433460076045
S047;1033;epsilon;0;0.14285714285714285
S047;1037;epsilon;0;0.20722433460076045
S047;1041;epsilon;0;0.06322207958921694
S047;1046;epsilon;0;0.43877019280875457
S047;1048;epsilon;1;0.20722433460076045
S047;1049;epsilon;0;0.31387478849407785
S047;1108;epsilon;0;0.026210299105766267
S047;1120;epsilon;0;0.43877019280875457
S047;1141;epsilon;0;0.31387478849407785
S047;1144;epsilon;0;0.06322207958921694
S047;1151;epsilon;1;0.43877019280875457
S047;1152;epsilon;0;0.20722433460076045
S047;1154;epsilon;0;0.43877019280875457
S047;1158;epsilon;0;0.14285714285714285
S047;1171;epsilon;0;0.43877019280875457
S047;1173;epsilon;0;0.43877019280875457
S047;1180;epsilon;0;0.06322207958921694
S047;1183;epsilon;0;0.14285714285714285
S047;1324;epsilon;0;0.020763358778625954
S047;1341;epsilon;0;0.08985024958402663
S047;1345;epsilon;1;0.31387478849407785
S047;1346;epsilon;0;0.08985024958402663
S047;1385;epsilon;0;0.04578465424692137
S047;1388;epsilon;0;0.31387478849407785
S047;1401;epsilon;0;0.31387478849407785
S047;1403;epsilon;0;0.0075075075075075074
S047;1432;epsilon;0;0.08985024958402663
S047;1435;epsilon;0;0.31387478849407785
S047;1437;epsilon;0;0.31387478849407785
S048;54;epsilon;0;0.08985024958402663
S048;68;epsilon;1;0.31387478849407785
S048;69;epsilon;0;0.20722433460076045
S048;73;epsilon;0;0.14285714285714285
S048;76;epsilon;0;0.43877019280875457
S048;88;epsilon;0;0.43877019280875457
S048;157;epsilon;0;0.31387478849407785
S048;161;epsilon;0;0.14285714285714285
S048;163;epsilon;0;0.43877019280875457
S048;165;epsilon;0;0.43877019280875457
S048;167;epsilon;0;0.06322207958921694
S048;204;epsilon;0;0.08985024958402663
S048;234;epsilon;1;0.43877019280875457
S048;235;epsilon;0;0.14285714285714285
S048;237;epsilon;0;0.20722433460076045
S048;329;epsilon;1;0.20722433460076045
S048;330;epsilon;0;0.010558069381598794
S048;342;epsilon;1;0.43877019280875457
S048;343;epsilon;0;0.08985024958402663
S048;360;epsilon;1;0.20722433460076045
S048;361;epsilon;0;0.010558069381598794
S048;370;epsilon;0;0.020763358778625954
S048;373;epsilon;0;0.026210299105766267
S048;375;epsilon;0;0.04578465424692137
S048;390;epsilon;0;0.43877019280875457
S048;396;epsilon;0;0.06322207958921694
S048;481;epsilon;0;0.06322207958921694
S048;484;epsilon;0;0.06322207958921694
S048;513;epsilon;0;0.31387478849407785
S048;516;epsilon;0;0.04578465424692137
S048;532;epsilon;0;0.43877019280875457
S048;580;epsilon;0;0.31387478849407785
S048;692;epsilon;0;0.43877019280875457
S048;729;epsilon;1;0.43877019280875457
S048;730;epsilon;1;0.43877019280875457
S048;731;epsilon;0;0.020763358778625954
S048;738;epsilon;1;0.31387478849407785
S048;739;epsilon;0;0.14285714285714285
S048;829;epsilon;0;0.43877019280875457
S048;832;epsilon;0;0.31387478849407785
S048;902;epsilon;1;0.31387478849407785
S048;903;epsilon;0;0.31387478849407785
S048;909;epsilon;0;0.14285714285714285
S048;913;epsilon;1;0.31387478849407785
S048;914;epsilon;1;0.43877019280875457
S048;915;epsilon;1;0.20722433460076045
S048;916;epsilon;0;0.31387478849407785
S048;919;epsilon;1;0.43877019280875457
S048;920;epsilon;0;0.43877019280875457
S048;933;epsilon;0;0.31387478849407785
S048;987;epsilon;0;0.43877019280875457
S048;991;epsilon;0;0.31387478849407785
S048;996;epsilon;1;0.14285714285714285
S048;997;epsilon;0;0.14285714285714285
S048;1007;epsilon;0;0.31387478849407785
S048;1011;epsilon;0;0.14285714285714285
S048;1013;epsilon;0;0.31387478849407785
S048;1017;epsilon;1;0.43877019280875457
S048;1018;epsilon;0;0.43877019280875457
S048;1020;epsilon;0;0.010558069381598794
S048;1027;epsilon;0;0.020763358778625954
S048;1080;epsilon;0;0.04578465424692137
S048;1090;epsilon;0;0.43877019280875457
S048;1093;epsilon;1;0.20722433460076045
S048;1094;epsilon;0;0.31387478849407785
S048;1120;epsilon;0;0.08985024958402663
S048;1212;epsilon;0;0.43877019280875457
S048;1216;epsilon;0;0.43877019280875457
S048;1330;epsilon;1;0.43877019280875457
S048;1331;epsilon;0;0.43877019280875457
S048;1334;epsilon;0;0.43877019280875457
S048;1344;epsilon;1;0.20722433460076045
S048;1345;epsilon;0;0.31387478849407785
S048;1350;epsilon;0;0.43877019280875457
S048;1352;epsilon;0;0.003290457672749028
S048;1368;epsilon;1;0.20722433460076045
S048;1369;epsilon;1;0.08985024958402663
S048;1370;epsilon;0;0.20722433460076045
S048;1372;epsilon;0;0.20722433460076045
S048;1380;epsilon;0;0.08985024958402663
S048;1382;epsilon;1;0.003296373988612526
S048;1383;epsilon;0;0.04578465424692137
S048;1391;epsilon;1;0.31387478849407785
S048;1392;epsilon;0;0.14285714285714285
S048;1394;epsilon;0;0.14285714285714285
S048;1399;epsilon;1;0.43877019280875457
S048;1400;epsilon;0;0.20722433460076045
S049;3;epsilon;1;0.31387478849407785
S049;4;epsilon;1;0.08985024958402663
S049;5;epsilon;1;0.20722433460076045
S049;6;epsilon;1;0.08985024958402663
S049;7;epsilon;0;0.20722433460076045
S049;9;epsilon;0;0.20722433460076045
S049;14;epsilon;1;0.08985024958402663
S049;15;epsilon;1;0.43877019280875457
S049;16;epsilon;0;0.08985024958402663
S049;21;epsilon;0;0.0008976660682226212
S049;123;epsilon;0;0.14285714285714285
S049;127;epsilon;0;0.43877019280875457
S049;129;epsilon;0;0.31387478849407785
S049;138;epsilon;0;0.020763358778625954
S049;144;epsilon;1;0.43877019280875457
S049;145;epsilon;0;0.14285714285714285
S049;151;epsilon;0;0.20722433460076045
S049;153;epsilon;0;0.43877019280875457
S049;157;epsilon;1;0.43877019280875457
S049;158;epsilon;0;0.43877019280875457
S049;161;epsilon;1;0.20722433460076045
S049;162;epsilon;0;0.06322207958921694
S049;170;epsilon;1;0.43877019280875457
S049;171;epsilon;0;0.026210299105766267
S049;174;epsilon;1;0.43877019280875457
S049;175;epsilon;0;0.14285714285714285
S049;181;epsilon;0;0.020763358778625954
S049;189;epsilon;0;0.20722433460076045
S049;194;epsilon;1;0.43877019280875457
S049;195;epsilon;0;0.14285714285714285
S049;199;epsilon;0;0.20722433460076045
S049;244;epsilon;1;0.43877019280875457
S049;245;epsilon;0;0.31387478849407785
S049;254;epsilon;0;0.31387478849407785
S049;304;epsilon;0;0.43877019280875457
S049;311;epsilon;0;0.31387478849407785
S049;362;epsilon;0;0.14285714285714285
S049;413;epsilon;0;0.43877019280875457
S049;417;epsilon;0;0.31387478849407785
S049;420;epsilon;0;0.08985024958402663
S049;454;epsilon;0;0.43877019280875457
S049;507;epsilon;0;0.04578465424692137
S049;514;epsilon;0;0.20722433460076045
S049;519;epsilon;0;0.20722433460076045
S049;547;epsilon;0;0.43877019280875457
S049;549;epsilon;1;0.43877019280875457
S049;550;epsilon;0;0.08985024958402663
S049;557;epsilon;0;0.43877019280875457
S049;561;epsilon;0;0.04578465424692137
S049;563;epsilon;0;0.31387478849407785
S049;583;epsilon;1;0.31387478849407785
S049;584;epsilon;0;0.20722433460076045
S049;609;epsilon;0;0.026210299105766267
S049;622;epsilon;0;0.43877019280875457
S049;624;epsilon;0;0.04578465424692137
S049;652;epsilon;0;0.43877019280875457
S049;659;epsilon;1;0.43877019280875457
S049;660;epsilon;1;0.026210299105766267
S049;661;epsilon;1;0.31387478849407785
S049;662;epsilon;1;0.43877019280875457
S049;663;epsilon;1;0.43877019280875457
S049;664;epsilon;0;0.010558069381598794
S049;685;epsilon;1;0.31387478849407785
S049;686;epsilon;0;0.20722433460076045
S049;759;epsilon;0;0.31387478849407785
S049;762;epsilon;1;0.20722433460076045
S049;763;epsilon;0;0.020763358778625954
S049;809;epsilon;0;0.43877019280875457
S049;812;epsilon;0;0.43877019280875457
S049;859;epsilon;1;0.43877019280875457
S049;860;epsilon;0;0.020763358778625954
S049;937;epsilon;0;0.43877019280875457
S049;1020;epsilon;0;0.14285714285714285
S049;1028;epsilon;0;0.06322207958921694
S049;1036;epsilon;0;0.06322207958921694
S049;1039;epsilon;1;0.08985024958402663
S049;1040;epsilon;0;0.08985024958402663
S049;1088;epsilon;1;0.31387478849407785
S049;1089;epsilon;1;0.43877019280875457
S049;1090;epsilon;0;0.06322207958921694
S049;1102;epsilon;1;0.43877019280875457
S049;1103;epsilon;0;0.14285714285714285
S049;1105;epsilon;0;0.20722433460076045
S049;1169;epsilon;0;0.20722433460076045
S049;1172;epsilon;0;0.20722433460076045
S049;1201;epsilon;1;0.20722433460076045
S049;1202;epsilon;0;0.43877019280875457
S049;1205;epsilon;0;0.43877019280875457
S049;1325;epsilon;0;0.31387478849407785
S049;1327;epsilon;0;0.31387478849407785
S049;1335;epsilon;0;0.31387478849407785
S049;1341;epsilon;0;0.14285714285714285
S049;1345;epsilon;1;0.20722433460076045
S049;1346;epsilon;1;0.43877019280875457
S049;1347;epsilon;0;0.026210299105766267
S049;1408;epsilon;1;0.43877019280875457
S049;1409;epsilon;0;0.20722433460076045
S049;1411;epsilon;0;0.20722433460076045
S049;1429;epsilon;0;0.31387478849407785
S049;1431;epsilon;0;0.20722433460076045
S049;1433;epsilon;0;0.43877019280875457
S049;1435;epsilon;0;0.20722433460076045
S049;1438;epsilon;1;0.43877019280875457
S050;62;epsilon;0;0.20722433460076045
S050;64;epsilon;0;0.08985024958402663
S050;66;epsilon;0;0.20722433460076045
S050;68;epsilon;0;0.31387478849407785
S050;72;epsilon;0;0.0038910505836575876
S050;122;epsilon;0;0.43877019280875457
S050;144;epsilon;0;0.43877019280875457
S050;153;epsilon;1;0.43877019280875457
S050;154;epsilon;0;0.43877019280875457
S050;194;epsilon;0;0.31387478849407785
S050;196;epsilon;1;0.31387478849407785
S050;197;epsilon;1;0.31387478849407785
S050;198;epsilon;1;0.43877019280875457
S050;199;epsilon;0;0.31387478849407785
S050;212;epsilon;1;0.43877019280875457
S050;213;epsilon;1;0.20722433460076045
S050;214;epsilon;1;0.20722433460076045
S050;215;epsilon;0;0.026210299105766267
S050;228;epsilon;1;0.43877019280875457
S050;229;epsilon;0;0.08985024958402663
S050;231;epsilon;1;0.31387478849407785
S050;232;epsilon;0;0.20722433460076045
S050;234;epsilon;0;0.20722433460076045
S050;295;epsilon;0;0.43877019280875457
S050;333;epsilon;0;0.43877019280875457
S050;339;epsilon;0;0.20722433460076045
S050;342;epsilon;0;0.04578465424692137
S050;429;epsilon;0;0.14285714285714285
S050;434;epsilon;0;0.43877019280875457
S050;446;epsilon;0;0.01793858315597446
S050;458;epsilon;0;0.08985024958402663
S050;472;epsilon;0;0.43877019280875457
S050;477;epsilon;0;0.14285714285714285
S050;483;epsilon;0;0.20722433460076045
S050;491;epsilon;0;0.20722433460076045
S050;566;epsilon;0;0.43877019280875457
S050;602;epsilon;1;0.43877019280875457
S050;603;epsilon;0;0.43877019280875457
S050;617;epsilon;0;0.43877019280875457
S050;672;epsilon;0;0.43877019280875457
S050;674;epsilon;0;0.31387478849407785
S050;720;epsilon;1;0.43877019280875457
S050;721;epsilon;0;0.003296373988612526
S050;723;epsilon;0;0.06322207958921694
S050;725;epsilon;1;0.43877019280875457
S050;726;epsilon;0;0.14285714285714285
S050;780;epsilon;0;0.43877019280875457
S050;813;epsilon;0;0.026210299105766267
S050;816;epsilon;0;0.08985024958402663
S050;832;epsilon;0;0.14285714285714285
S050;835;epsilon;1;0.43877019280875457
S050;836;epsilon;0;0.31387478849407785
S050;842;epsilon;0;0.04578465424692137
S050;847;epsilon;1;0.20722433460076045
S050;848;epsilon;0;0.14285714285714285
S050;876;epsilon;0;0.31387478849407785
S050;889;epsilon;0;0.20722433460076045
S050;892;epsilon;1;0.43877019280875457
S050;893;epsilon;1;0.43877019280875457
S050;894;epsilon;0;0.31387478849407785
S050;897;epsilon;0;0.43877019280875457
S050;900;epsilon;0;0.14285714285714285
S050;902;epsilon;0;0.43877019280875457
S050;986;epsilon;1;0.43877019280875457
S050;987;epsilon;0;0.31387478849407785
S050;991;epsilon;1;0.43877019280875457
S050;992;epsilon;0;0.010558069381598794
S050;1040;epsilon;1;0.31387478849407785
S050;1041;epsilon;1;0.43877019280875457
S050;1042;epsilon;0;0.06322207958921694
S050;1080;epsilon;0;0.43877019280875457
S050;1110;epsilon;0;0.06322207958921694
S050;1128;epsilon;0;0.20722433460076045
S050;1131;epsilon;1;0.14285714285714285
S050;1132;epsilon;0;0.31387478849407785
S050;1136;epsilon;1;0.43877019280875457
S050;1137;epsilon;0;0.43877019280875457
S050;1141;epsilon;1;0.04578465424692137
S050;1142;epsilon;1;0.14285714285714285
S050;1143;epsilon;0;0.20722433460076045
S050;1160;epsilon;1;0.43877019280875457
S050;1161;epsilon;1;0.31387478849407785
S050;1162;epsilon;0;0.43877019280875457
S050;1166;epsilon;0;0.43877019280875457
S050;1187;epsilon;0;0.43877019280875457
S050;1196;epsilon;0;0.08985024958402663
