segment;pas;paire;succes;attendu
S001;31;alpha->epsilon;1;0.8878390734532154
S001;38;alpha->epsilon;1;0.8878390734532154
S001;62;alpha->epsilon;1;0.8264908600539407
S001;73;alpha->epsilon;1;0.7254842615012107
S001;76;alpha->epsilon;1;0.7789125863622709
S001;78;alpha->epsilon;1;0.8264908600539407
S001;173;alpha->epsilon;1;0.8072066522944257
S001;197;alpha->epsilon;0;0.7789125863622709
S001;210;alpha->epsilon;1;0.7789125863622709
S001;218;alpha->epsilon;1;0.8264908600539407
S001;225;alpha->epsilon;1;0.8264908600539407
S001;293;alpha->epsilon;1;0.8072066522944257
S001;303;alpha->epsilon;1;0.8072066522944257
S001;385;alpha->epsilon;1;0.7789125863622709
S001;394;alpha->epsilon;1;0.7254842615012107
S001;403;alpha->epsilon;1;0.8264908600539407
S001;408;alpha->epsilon;1;0.8264908600539407
S001;452;alpha->epsilon;1;0.7378345498783455
S001;460;alpha->epsilon;1;0.7378345498783455
S001;465;alpha->epsilon;1;0.7378345498783455
S001;509;alpha->epsilon;0;0.7378345498783455
S001;530;alpha->epsilon;1;0.848316342292246
S001;535;alpha->epsilon;1;0.8072066522944257
S001;551;alpha->epsilon;1;0.848316342292246
S001;555;alpha->epsilon;1;0.8878390734532154
S001;621;alpha->epsilon;1;0.883030303030303
S001;669;alpha->epsilon;1;0.8878390734532154
S001;676;alpha->epsilon;1;0.883030303030303
S001;686;alpha->epsilon;1;0.883030303030303
S001;725;alpha->epsilon;1;0.8264908600539407
S001;730;alpha->epsilon;1;0.8264908600539407
S001;780;alpha->epsilon;0;0.7378345498783455
S001;788;alpha->epsilon;0;0.8072066522944257
S001;830;alpha->epsilon;1;0.7378345498783455
S001;832;alpha->epsilon;1;0.8072066522944257
S001;922;alpha->epsilon;1;0.7789125863622709
S001;937;alpha->epsilon;1;0.8264908600539407
S001;952;alpha->epsilon;1;0.848316342292246
S001;960;alpha->epsilon;1;0.848316342292246
S001;1016;alpha->epsilon;0;0.7254842615012107
S001;1078;alpha->epsilon;1;0.6683046683046683
S001;1092;alpha->epsilon;1;0.7789125863622709
S001;1110;alpha->epsilon;1;0.8878390734532154
S001;1120;alpha->epsilon;1;0.8072066522944257
S001;1123;alpha->epsilon;1;0.8072066522944257
S001;1126;alpha->epsilon;1;0.8072066522944257
S001;1156;alpha->epsilon;0;0.8264908600539407
S001;1159;alpha->epsilon;0;0.883030303030303
S001;1164;alpha->epsilon;0;0.8264908600539407
S001;1170;alpha->epsilon;0;0.7789125863622709
S001;1173;alpha->epsilon;1;0.7789125863622709
S001;1198;alpha->epsilon;1;0.7254842615012107
S001;1205;alpha->epsilon;0;0.7254842615012107
S001;1208;alpha->epsilon;0;0.7789125863622709
S001;1320;alpha->epsilon;1;0.7789125863622709
S001;1322;alpha->epsilon;1;0.7789125863622709
S001;1355;alpha->epsilon;1;0.883030303030303
S001;1379;alpha->epsilon;0;0.848316342292246
S001;1394;alpha->epsilon;1;0.7378345498783455
S001;1398;alpha->epsilon;1;0.8878390734532154
S001;1402;alpha->epsilon;1;0.848316342292246
S002;1;alpha->epsilon;1;0.8072066522944257
S002;7;alpha->epsilon;1;0.8878390734532154
S002;36;alpha->epsilon;1;0.7789125863622709
S002;79;alpha->epsilon;1;0.7378345498783455
S002;81;alpha->epsilon;1;0.848316342292246
S002;89;alpha->epsilon;1;0.848316342292246
S002;107;alpha->epsilon;0;0.883030303030303
S002;109;alpha->epsilon;0;0.8264908600539407
S002;142;alpha->epsilon;1;0.7254842615012107
S002;146;alpha->epsilon;1;0.7254842615012107
S002;197;alpha->epsilon;0;0.8072066522944257
S002;243;alpha->epsilon;1;0.7378345498783455
S002;280;alpha->epsilon;1;0.7254842615012107
S002;295;alpha->epsilon;1;0.7254842615012107
S002;301;alpha->epsilon;1;0.7789125863622709
S002;324;alpha->epsilon;1;0.8072066522944257
S002;371;alpha->epsilon;1;0.7789125863622709
S002;380;alpha->epsilon;1;0.7789125863622709
S002;388;alpha->epsilon;1;0.8264908600539407
S002;391;alpha->epsilon;1;0.8264908600539407
S002;405;alpha->epsilon;1;0.883030303030303
S002;442;alpha->epsilon;0;0.7378345498783455
S002;455;alpha->epsilon;0;0.8072066522944257
S002;457;alpha->epsilon;0;0.8072066522944257
S002;464;alpha->epsilon;0;0.8072066522944257
S002;469;alpha->epsilon;0;0.8072066522944257
S002;518;alpha->epsilon;0;0.8072066522944257
S002;521;alpha->epsilon;0;0.7378345498783455
S002;530;alpha->epsilon;0;0.7378345498783455
S002;556;alpha->epsilon;1;0.8072066522944257
S002;589;alpha->epsilon;1;0.883030303030303
S002;601;alpha->epsilon;1;0.8878390734532154
S002;611;alpha->epsilon;1;0.848316342292246
S002;615;alpha->epsilon;1;0.8072066522944257
S002;622;alpha->epsilon;1;0.848316342292246
S002;641;alpha->epsilon;1;0.883030303030303
S002;688;alpha->epsilon;0;0.7789125863622709
S002;705;alpha->epsilon;1;0.8264908600539407
S002;710;alpha->epsilon;1;0.8264908600539407
S002;714;alpha->epsilon;1;0.8264908600539407
S002;738;alpha->epsilon;1;0.8878390734532154
S002;745;alpha->epsilon;1;0.8878390734532154
S002;784;alpha->epsilon;1;0.848316342292246
S002;817;alpha->epsilon;1;0.7254842615012107
S002;822;alpha->epsilon;1;0.7254842615012107
S002;828;alpha->epsilon;1;0.8264908600539407
S002;832;alpha->epsilon;1;0.7789125863622709
S002;840;alpha->epsilon;1;0.8264908600539407
S002;879;alpha->epsilon;1;0.7254842615012107
S002;896;alpha->epsilon;1;0.7789125863622709
S002;899;alpha->epsilon;1;0.8264908600539407
S002;911;alpha->epsilon;1;0.8878390734532154
S002;992;alpha->epsilon;1;0.8072066522944257
S002;1012;alpha->epsilon;1;0.8878390734532154
S002;1049;alpha->epsilon;1;0.7789125863622709
S002;1097;alpha->epsilon;1;0.8072066522944257
S002;1114;alpha->epsilon;1;0.848316342292246
S002;1136;alpha->epsilon;1;0.7789125863622709
S002;1140;alpha->epsilon;1;0.7254842615012107
S002;1162;alpha->epsilon;1;0.8878390734532154
S002;1164;alpha->epsilon;1;0.8878390734532154
S002;1166;alpha->epsilon;1;0.8878390734532154
S002;1219;alpha->epsilon;1;0.7254842615012107
S002;1235;alpha->epsilon;1;0.7789125863622709
S002;1244;alpha->epsilon;1;0.8878390734532154
S002;1350;alpha->epsilon;1;0.883030303030303
S003;28;alpha->epsilon;1;0.7378345498783455
S003;36;alpha->epsilon;1;0.8072066522944257
S003;56;alpha->epsilon;1;0.8264908600539407
S003;79;alpha->epsilon;1;0.8072066522944257
S003;114;alpha->epsilon;1;0.7254842615012107
S003;142;alpha->epsilon;1;0.848316342292246
S003;205;alpha->epsilon;1;0.7789125863622709
S003;207;alpha->epsilon;1;0.7789125863622709
S003;209;alpha->epsilon;1;0.7789125863622709
S003;221;alpha->epsilon;1;0.883030303030303
S003;230;alpha->epsilon;1;0.8878390734532154
S003;240;alpha->epsilon;1;0.8878390734532154
S003;291;alpha->epsilon;1;0.7254842615012107
S003;324;alpha->epsilon;1;0.848316342292246
S003;367;alpha->epsilon;1;0.848316342292246
S003;387;alpha->epsilon;1;0.8264908600539407
S003;394;alpha->epsilon;1;0.7789125863622709
S003;396;alpha->epsilon;1;0.7789125863622709
S003;398;alpha->epsilon;1;0.7789125863622709
S003;432;alpha->epsilon;1;0.8072066522944257
S003;438;alpha->epsilon;1;0.848316342292246
S003;458;alpha->epsilon;1;0.883030303030303
S003;488;alpha->epsilon;0;0.883030303030303
S003;507;alpha->epsilon;1;0.7789125863622709
S003;514;alpha->epsilon;1;0.7254842615012107
S003;531;alpha->epsilon;1;0.883030303030303
S003;584;alpha->epsilon;1;0.7378345498783455
S003;602;alpha->epsilon;1;0.8878390734532154
S003;633;alpha->epsilon;1;0.8878390734532154
S003;662;alpha->epsilon;1;0.848316342292246
S003;678;alpha->epsilon;1;0.8878390734532154
S003;682;alpha->epsilon;0;0.883030303030303
S003;714;alpha->epsilon;0;0.7254842615012107
S003;730;alpha->epsilon;1;0.7789125863622709
S003;738;alpha->epsilon;1;0.7254842615012107
S003;781;alpha->epsilon;1;0.8072066522944257
S003;792;alpha->epsilon;0;0.848316342292246
S003;839;alpha->epsilon;1;0.7378345498783455
S003;845;alpha->epsilon;0;0.8072066522944257
S003;853;alpha->epsilon;0;0.848316342292246
S003;880;alpha->epsilon;1;0.8072066522944257
S003;903;alpha->epsilon;1;0.883030303030303
S003;906;alpha->epsilon;1;0.883030303030303
S003;912;alpha->epsilon;1;0.7789125863622709
S003;971;alpha->epsilon;1;0.7378345498783455
S003;973;alpha->epsilon;1;0.7378345498783455
S003;976;alpha->epsilon;1;0.8072066522944257
S003;992;alpha->epsilon;1;0.8072066522944257
S003;1019;alpha->epsilon;1;0.8264908600539407
S003;1025;alpha->epsilon;1;0.7789125863622709
S003;1028;alpha->epsilon;1;0.8264908600539407
S003;1111;alpha->epsilon;1;0.7789125863622709
S003;1116;alpha->epsilon;1;0.7254842615012107
S003;1118;alpha->epsilon;1;0.7789125863622709
S003;1185;alpha->epsilon;1;0.7254842615012107
S003;1235;alpha->epsilon;1;0.7378345498783455
S003;1243;alpha->epsilon;1;0.7378345498783455
S003;1352;alpha->epsilon;1;0.7378345498783455
S003;1354;alpha->epsilon;1;0.8072066522944257
S003;1385;alpha->epsilon;1;0.8264908600539407
S004;59;alpha->epsilon;0;0.7378345498783455
S004;77;alpha->epsilon;0;0.8072066522944257
S004;82;alpha->epsilon;0;0.8072066522944257
S004;92;alpha->epsilon;1;0.848316342292246
S004;147;alpha->epsilon;1;0.848316342292246
S004;186;alpha->epsilon;1;0.7254842615012107
S004;195;alpha->epsilon;1;0.7789125863622709
S004;197;alpha->epsilon;1;0.7789125863622709
S004;229;alpha->epsilon;1;0.7378345498783455
S004;233;alpha->epsilon;1;0.8072066522944257
S004;238;alpha->epsilon;1;0.7378345498783455
S004;247;alpha->epsilon;1;0.848316342292246
S004;273;alpha->epsilon;1;0.8264908600539407
S004;289;alpha->epsilon;1;0.8264908600539407
S004;338;alpha->epsilon;1;0.8072066522944257
S004;381;alpha->epsilon;1;0.7789125863622709
S004;389;alpha->epsilon;1;0.883030303030303
S004;405;alpha->epsilon;1;0.883030303030303
S004;428;alpha->epsilon;1;0.848316342292246
S004;444;alpha->epsilon;1;0.8878390734532154
S004;512;alpha->epsilon;0;0.7789125863622709
S004;518;alpha->epsilon;0;0.7789125863622709
S004;557;alpha->epsilon;1;0.7789125863622709
S004;578;alpha->epsilon;1;0.883030303030303
S004;580;alpha->epsilon;1;0.883030303030303
S004;628;alpha->epsilon;1;0.883030303030303
S004;686;alpha->epsilon;0;0.7254842615012107
S004;688;alpha->epsilon;0;0.7254842615012107
S004;720;alpha->epsilon;1;0.7789125863622709
S004;723;alpha->epsilon;1;0.7789125863622709
S004;727;alpha->epsilon;1;0.7254842615012107
S004;729;alpha->epsilon;1;0.8264908600539407
S004;753;alpha->epsilon;1;0.8878390734532154
S004;779;alpha->epsilon;1;0.7789125863622709
S004;823;alpha->epsilon;1;0.7378345498783455
S004;859;alpha->epsilon;1;0.7789125863622709
S004;873;alpha->epsilon;1;0.7789125863622709
S004;960;alpha->epsilon;0;0.7789125863622709
S004;967;alpha->epsilon;1;0.8264908600539407
S004;1000;alpha->epsilon;1;0.7789125863622709
S004;1003;alpha->epsilon;1;0.7254842615012107
S004;1020;alpha->epsilon;1;0.7789125863622709
S004;1048;alpha->epsilon;1;0.7378345498783455
S004;1062;alpha->epsilon;1;0.8072066522944257
S004;1081;alpha->epsilon;1;0.8878390734532154
S004;1086;alpha->epsilon;1;0.848316342292246
S004;1093;alpha->epsilon;1;0.848316342292246
S004;1176;alpha->epsilon;1;0.7789125863622709
S004;1215;alpha->epsilon;1;0.8072066522944257
S004;1220;alpha->epsilon;1;0.8072066522944257
S004;1232;alpha->epsilon;1;0.848316342292246
S004;1335;alpha->epsilon;0;0.7789125863622709
S004;1362;alpha->epsilon;1;0.7254842615012107
S004;1364;alpha->epsilon;1;0.7254842615012107
S004;1410;alpha->epsilon;0;0.7254842615012107
S004;1412;alpha->epsilon;0;0.7254842615012107
S005;24;alpha->epsilon;1;0.7789125863622709
S005;30;alpha->epsilon;1;0.7789125863622709
S005;106;alpha->epsilon;0;0.883030303030303
S005;123;alpha->epsilon;0;0.7789125863622709
S005;154;alpha->epsilon;1;0.7789125863622709
S005;261;alpha->epsilon;0;0.7254842615012107
S005;268;alpha->epsilon;0;0.7254842615012107
S005;311;alpha->epsilon;1;0.7254842615012107
S005;313;alpha->epsilon;1;0.7789125863622709
S005;337;alpha->epsilon;0;0.8878390734532154
S005;342;alpha->epsilon;0;0.8072066522944257
S005;362;alpha->epsilon;0;0.848316342292246
S005;391;alpha->epsilon;1;0.8878390734532154
S005;407;alpha->epsilon;1;0.883030303030303
S005;445;alpha->epsilon;1;0.8072066522944257
S005;464;alpha->epsilon;1;0.8878390734532154
S005;517;alpha->epsilon;1;0.7378345498783455
S005;539;alpha->epsilon;1;0.883030303030303
S005;563;alpha->epsilon;1;0.883030303030303
S005;572;alpha->epsilon;1;0.7789125863622709
S005;574;alpha->epsilon;1;0.8264908600539407
S005;580;alpha->epsilon;1;0.7789125863622709
S005;586;alpha->epsilon;1;0.8264908600539407
S005;593;alpha->epsilon;0;0.883030303030303
S005;645;alpha->epsilon;0;0.7254842615012107
S005;650;alpha->epsilon;0;0.7254842615012107
S005;652;alpha->epsilon;0;0.8264908600539407
S005;681;alpha->epsilon;1;0.7789125863622709
S005;698;alpha->epsilon;1;0.8264908600539407
S005;738;alpha->epsilon;1;0.8072066522944257
S005;740;alpha->epsilon;1;0.8072066522944257
S005;742;alpha->epsilon;1;0.8072066522944257
S005;794;alpha->epsilon;1;0.7378345498783455
S005;867;alpha->epsilon;1;0.7254842615012107
S005;876;alpha->epsilon;1;0.7254842615012107
S005;887;alpha->epsilon;1;0.7789125863622709
S005;892;alpha->epsilon;1;0.883030303030303
S005;929;alpha->epsilon;1;0.7378345498783455
S005;937;alpha->epsilon;1;0.8878390734532154
S005;956;alpha->epsilon;1;0.883030303030303
S005;981;alpha->epsilon;1;0.7789125863622709
S005;986;alpha->epsilon;1;0.883030303030303
S006;85;alpha->epsilon;1;0.7378345498783455
S006;87;alpha->epsilon;1;0.7378345498783455
S006;144;alpha->epsilon;1;0.7254842615012107
S006;148;alpha->epsilon;1;0.7789125863622709
S006;213;alpha->epsilon;0;0.7254842615012107
S006;227;alpha->epsilon;1;0.7789125863622709
S006;247;alpha->epsilon;1;0.883030303030303
S006;269;alpha->epsilon;1;0.8878390734532154
S006;274;alpha->epsilon;1;0.848316342292246
S006;348;alpha->epsilon;1;0.7378345498783455
S006;359;alpha->epsilon;1;0.7378345498783455
S006;363;alpha->epsilon;1;0.8072066522944257
S006;391;alpha->epsilon;1;0.8072066522944257
S006;417;alpha->epsilon;1;0.848316342292246
S006;485;alpha->epsilon;1;0.7789125863622709
S006;495;alpha->epsilon;1;0.7254842615012107
S006;499;alpha->epsilon;1;0.7254842615012107
S006;508;alpha->epsilon;1;0.883030303030303
S006;567;alpha->epsilon;0;0.7378345498783455
S006;585;alpha->epsilon;0;0.8072066522944257
S006;620;alpha->epsilon;1;0.848316342292246
S006;629;alpha->epsilon;1;0.848316342292246
S006;674;alpha->epsilon;1;0.883030303030303
S006;676;alpha->epsilon;1;0.8264908600539407
S006;700;alpha->epsilon;1;0.8264908600539407
S006;704;alpha->epsilon;1;0.883030303030303
S006;714;alpha->epsilon;1;0.7789125863622709
S006;735;alpha->epsilon;1;0.848316342292246
S006;746;alpha->epsilon;1;0.848316342292246
S006;795;alpha->epsilon;0;0.7254842615012107
S006;817;alpha->epsilon;1;0.8264908600539407
S006;819;alpha->epsilon;1;0.883030303030303
S006;822;alpha->epsilon;1;0.883030303030303
S006;840;alpha->epsilon;1;0.848316342292246
S006;842;alpha->epsilon;1;0.8878390734532154
S006;857;alpha->epsilon;1;0.848316342292246
S006;881;alpha->epsilon;1;0.7254842615012107
S006;903;alpha->epsilon;1;0.8878390734532154
S006;956;alpha->epsilon;1;0.7254842615012107
S006;977;alpha->epsilon;1;0.8264908600539407
S006;1004;alpha->epsilon;0;0.8072066522944257
S006;1033;alpha->epsilon;1;0.7378345498783455
S006;1045;alpha->epsilon;1;0.8072066522944257
S006;1072;alpha->epsilon;1;0.7254842615012107
S006;1113;alpha->epsilon;0;0.7378345498783455
S006;1119;alpha->epsilon;0;0.7378345498783455
S006;1153;alpha->epsilon;1;0.7378345498783455
S006;1177;alpha->epsilon;1;0.8264908600539407
S006;1193;alpha->epsilon;1;0.7789125863622709
S006;1216;alpha->epsilon;0;0.8072066522944257
S006;1220;alpha->epsilon;0;0.7378345498783455
S006;1247;alpha->epsilon;1;0.8878390734532154
S006;1251;alpha->epsilon;1;0.8878390734532154
S006;1328;alpha->epsilon;1;0.8072066522944257
S006;1330;alpha->epsilon;1;0.8072066522944257
S006;1380;alpha->epsilon;1;0.883030303030303
S006;1409;alpha->epsilon;1;0.848316342292246
S007;29;alpha->epsilon;1;0.7254842615012107
S007;64;alpha->epsilon;1;0.8072066522944257
S007;117;alpha->epsilon;1;0.7254842615012107
S007;135;alpha->epsilon;1;0.7789125863622709
S007;157;alpha->epsilon;1;0.848316342292246
S007;159;alpha->epsilon;1;0.848316342292246
S007;208;alpha->epsilon;1;0.7254842615012107
S007;224;alpha->epsilon;1;0.8264908600539407
S007;252;alpha->epsilon;1;0.7378345498783455
S007;255;alpha->epsilon;1;0.7378345498783455
S007;284;alpha->epsilon;0;0.7254842615012107
S007;304;alpha->epsilon;0;0.7789125863622709
S007;320;alpha->epsilon;1;0.7254842615012107
S007;344;alpha->epsilon;1;0.883030303030303
S007;364;alpha->epsilon;1;0.8264908600539407
S007;392;alpha->epsilon;1;0.8264908600539407
S007;410;alpha->epsilon;1;0.8264908600539407
S007;449;alpha->epsilon;1;0.848316342292246
S007;498;alpha->epsilon;1;0.7254842615012107
S007;537;alpha->epsilon;0;0.7378345498783455
S007;593;alpha->epsilon;0;0.8072066522944257
S007;624;alpha->epsilon;1;0.7378345498783455
S007;631;alpha->epsilon;1;0.7378345498783455
S007;635;alpha->epsilon;1;0.8072066522944257
S007;666;alpha->epsilon;1;0.8264908600539407
S007;690;alpha->epsilon;1;0.848316342292246
S007;692;alpha->epsilon;1;0.8072066522944257
S007;716;alpha->epsilon;1;0.7789125863622709
S007;725;alpha->epsilon;0;0.7789125863622709
S007;750;alpha->epsilon;1;0.7789125863622709
S007;753;alpha->epsilon;1;0.883030303030303
S007;755;alpha->epsilon;1;0.883030303030303
S007;769;alpha->epsilon;1;0.8264908600539407
S007;803;alpha->epsilon;1;0.8264908600539407
S007;851;alpha->epsilon;1;0.7378345498783455
S007;855;alpha->epsilon;1;0.7378345498783455
S007;857;alpha->epsilon;1;0.7378345498783455
S007;862;alpha->epsilon;1;0.8072066522944257
S007;864;alpha->epsilon;1;0.848316342292246
S007;891;alpha->epsilon;1;0.7254842615012107
S007;897;alpha->epsilon;1;0.8264908600539407
S007;962;alpha->epsilon;1;0.7378345498783455
S007;1014;alpha->epsilon;1;0.8072066522944257
S007;1065;alpha->epsilon;0;0.8264908600539407
S007;1069;alpha->epsilon;0;0.8264908600539407
S007;1139;alpha->epsilon;1;0.7254842615012107
S007;1164;alpha->epsilon;1;0.8072066522944257
S007;1166;alpha->epsilon;1;0.848316342292246
S007;1171;alpha->epsilon;1;0.8072066522944257
S007;1182;alpha->epsilon;1;0.848316342292246
S007;1184;alpha->epsilon;1;0.8878390734532154
S007;1228;alpha->epsilon;1;0.7254842615012107
S007;1234;alpha->epsilon;1;0.7789125863622709
S007;1237;alpha->epsilon;1;0.8264908600539407
S007;1250;alpha->epsilon;1;0.883030303030303
S007;1365;alpha->epsilon;1;0.7254842615012107
S007;1405;alpha->epsilon;1;0.7254842615012107
S008;19;alpha->epsilon;1;0.7378345498783455
S008;46;alpha->epsilon;0;0.8264908600539407
S008;59;alpha->epsilon;1;0.7789125863622709
S008;72;alpha->epsilon;1;0.8264908600539407
S008;79;alpha->epsilon;1;0.8264908600539407
S008;84;alpha->epsilon;1;0.8264908600539407
S008;100;alpha->epsilon;1;0.8878390734532154
S008;103;alpha->epsilon;1;0.848316342292246
S008;174;alpha->epsilon;0;0.7789125863622709
S008;182;alpha->epsilon;0;0.7254842615012107
S008;205;alpha->epsilon;1;0.7789125863622709
S008;209;alpha->epsilon;1;0.7789125863622709
S008;235;alpha->epsilon;1;0.8072066522944257
S008;261;alpha->epsilon;1;0.7789125863622709
S008;288;alpha->epsilon;1;0.848316342292246
S008;300;alpha->epsilon;1;0.8072066522944257
S008;341;alpha->epsilon;0;0.7378345498783455
S008;348;alpha->epsilon;0;0.7378345498783455
S008;388;alpha->epsilon;1;0.848316342292246
S008;396;alpha->epsilon;1;0.7378345498783455
S008;398;alpha->epsilon;1;0.8072066522944257
S008;409;alpha->epsilon;1;0.848316342292246
S008;416;alpha->epsilon;1;0.8878390734532154
S008;466;alpha->epsilon;1;0.7789125863622709
S008;502;alpha->epsilon;1;0.7254842615012107
S008;504;alpha->epsilon;1;0.8264908600539407
S008;526;alpha->epsilon;1;0.848316342292246
S008;553;alpha->epsilon;0;0.7789125863622709
S008;591;alpha->epsilon;0;0.7254842615012107
S008;629;alpha->epsilon;1;0.7254842615012107
S008;640;alpha->epsilon;1;0.883030303030303
S008;690;alpha->epsilon;1;0.7254842615012107
S008;695;alpha->epsilon;1;0.7254842615012107
S008;710;alpha->epsilon;1;0.883030303030303
S008;719;alpha->epsilon;1;0.8878390734532154
S008;806;alpha->epsilon;1;0.7254842615012107
S008;809;alpha->epsilon;1;0.7254842615012107
S008;851;alpha->epsilon;1;0.7378345498783455
S008;916;alpha->epsilon;1;0.7254842615012107
S008;918;alpha->epsilon;1;0.7789125863622709
S008;926;alpha->epsilon;1;0.883030303030303
S008;953;alpha->epsilon;1;0.8878390734532154
S008;975;alpha->epsilon;1;0.8264908600539407
S008;980;alpha->epsilon;1;0.8264908600539407
S008;1003;alpha->epsilon;1;0.8878390734532154
S008;1032;alpha->epsilon;0;0.7789125863622709
S008;1088;alpha->epsilon;1;0.7254842615012107
S008;1113;alpha->epsilon;1;0.8072066522944257
S008;1115;alpha->epsilon;1;0.8072066522944257
S008;1143;alpha->epsilon;1;0.8264908600539407
S008;1164;alpha->epsilon;1;0.7789125863622709
S008;1182;alpha->epsilon;0;0.8878390734532154
S008;1187;alpha->epsilon;0;0.8072066522944257
S008;1219;alpha->epsilon;0;0.7378345498783455
S008;1222;alpha->epsilon;0;0.7378345498783455
S008;1238;alpha->epsilon;0;0.848316342292246
S008;1245;alpha->epsilon;0;0.8072066522944257
S008;1249;alpha->epsilon;0;0.8878390734532154
S008;1333;alpha->epsilon;1;0.8072066522944257
S008;1395;alpha->epsilon;1;0.8264908600539407
S009;1;alpha->epsilon;1;0.8072066522944257
S009;7;alpha->epsilon;1;0.8072066522944257
S009;12;alpha->epsilon;1;0.8072066522944257
S009;51;alpha->epsilon;1;0.7254842615012107
S009;111;alpha->epsilon;0;0.8264908600539407
S009;138;alpha->epsilon;1;0.7789125863622709
S009;160;alpha->epsilon;1;0.8878390734532154
S009;170;alpha->epsilon;1;0.848316342292246
S009;177;alpha->epsilon;1;0.848316342292246
S009;198;alpha->epsilon;1;0.883030303030303
S009;209;alpha->epsilon;1;0.8264908600539407
S009;214;alpha->epsilon;1;0.8264908600539407
S009;224;alpha->epsilon;1;0.883030303030303
S009;251;alpha->epsilon;1;0.7378345498783455
S009;271;alpha->epsilon;1;0.848316342292246
S009;284;alpha->epsilon;1;0.8264908600539407
S009;306;alpha->epsilon;1;0.8878390734532154
S009;316;alpha->epsilon;1;0.8878390734532154
S009;354;alpha->epsilon;0;0.7789125863622709
S009;363;alpha->epsilon;1;0.7254842615012107
S009;367;alpha->epsilon;1;0.7789125863622709
S009;392;alpha->epsilon;1;0.883030303030303
S009;399;alpha->epsilon;1;0.7789125863622709
S009;401;alpha->epsilon;1;0.8264908600539407
S009;454;alpha->epsilon;1;0.8072066522944257
S009;456;alpha->epsilon;1;0.848316342292246
S009;525;alpha->epsilon;1;0.8072066522944257
S009;550;alpha->epsilon;1;0.7789125863622709
S009;556;alpha->epsilon;1;0.8264908600539407
S009;560;alpha->epsilon;1;0.883030303030303
S009;595;alpha->epsilon;1;0.8264908600539407
S009;625;alpha->epsilon;1;0.8264908600539407
S009;633;alpha->epsilon;1;0.883030303030303
S009;660;alpha->epsilon;1;0.883030303030303
S009;664;alpha->epsilon;1;0.8264908600539407
S009;722;alpha->epsilon;1;0.848316342292246
S009;735;alpha->epsilon;1;0.8878390734532154
S009;798;alpha->epsilon;1;0.7378345498783455
S009;803;alpha->epsilon;1;0.7378345498783455
S009;843;alpha->epsilon;1;0.8264908600539407
S009;877;alpha->epsilon;1;0.848316342292246
S009;906;alpha->epsilon;1;0.883030303030303
S009;918;alpha->epsilon;1;0.7254842615012107
S009;967;alpha->epsilon;1;0.8072066522944257
S009;974;alpha->epsilon;1;0.7378345498783455
S009;990;alpha->epsilon;1;0.8878390734532154
S009;1024;alpha->epsilon;1;0.7254842615012107
S009;1033;alpha->epsilon;1;0.7789125863622709
S009;1039;alpha->epsilon;1;0.8264908600539407
S009;1065;alpha->epsilon;1;0.8878390734532154
S009;1112;alpha->epsilon;1;0.8072066522944257
S009;1139;alpha->epsilon;1;0.883030303030303
S009;1143;alpha->epsilon;1;0.7789125863622709
S009;1146;alpha->epsilon;1;0.883030303030303
S009;1168;alpha->epsilon;1;0.8878390734532154
S009;1210;alpha->epsilon;1;0.7254842615012107
S009;1217;alpha->epsilon;1;0.7789125863622709
S009;1220;alpha->epsilon;1;0.8264908600539407
S009;1256;alpha->epsilon;1;0.7254842615012107
S009;1331;alpha->epsilon;1;0.7789125863622709
S009;1349;alpha->epsilon;1;0.8264908600539407
S009;1397;alpha->epsilon;1;0.7789125863622709
S010;13;alpha->epsilon;1;0.7789125863622709
S010;73;alpha->epsilon;1;0.848316342292246
S010;85;alpha->epsilon;1;0.8072066522944257
S010;91;alpha->epsilon;1;0.8878390734532154
S010;185;alpha->epsilon;1;0.7254842615012107
S010;208;alpha->epsilon;0;0.8878390734532154
S010;210;alpha->epsilon;0;0.848316342292246
S010;212;alpha->epsilon;0;0.8072066522944257
S010;215;alpha->epsilon;0;0.8072066522944257
S010;245;alpha->epsilon;0;0.7378345498783455
S010;249;alpha->epsilon;1;0.7378345498783455
S010;272;alpha->epsilon;1;0.8072066522944257
S010;338;alpha->epsilon;1;0.8878390734532154
S010;367;alpha->epsilon;1;0.7789125863622709
S010;375;alpha->epsilon;1;0.8264908600539407
S010;380;alpha->epsilon;1;0.883030303030303
S010;411;alpha->epsilon;0;0.6817095038852361
S010;414;alpha->epsilon;0;0.7378345498783455
S010;431;alpha->epsilon;0;0.8072066522944257
S010;434;alpha->epsilon;0;0.8072066522944257
S010;440;alpha->epsilon;1;0.7378345498783455
S010;462;alpha->epsilon;1;0.8878390734532154
S010;488;alpha->epsilon;1;0.883030303030303
S010;491;alpha->epsilon;1;0.8264908600539407
S010;523;alpha->epsilon;1;0.7378345498783455
S010;528;alpha->epsilon;1;0.8072066522944257
S010;584;alpha->epsilon;1;0.7378345498783455
S010;595;alpha->epsilon;1;0.8072066522944257
S010;617;alpha->epsilon;1;0.8878390734532154
S010;629;alpha->epsilon;1;0.883030303030303
S010;644;alpha->epsilon;1;0.883030303030303
S010;681;alpha->epsilon;1;0.8878390734532154
S010;725;alpha->epsilon;1;0.7789125863622709
S010;769;alpha->epsilon;1;0.8264908600539407
S010;793;alpha->epsilon;1;0.8072066522944257
S010;870;alpha->epsilon;1;0.7378345498783455
S010;916;alpha->epsilon;1;0.883030303030303
S010;919;alpha->epsilon;1;0.883030303030303
S010;951;alpha->epsilon;1;0.848316342292246
S010;962;alpha->epsilon;1;0.8072066522944257
S010;965;alpha->epsilon;1;0.8072066522944257
S010;972;alpha->epsilon;1;0.848316342292246
S010;1025;alpha->epsilon;1;0.8264908600539407
S010;1044;alpha->epsilon;0;0.883030303030303
S010;1083;alpha->epsilon;1;0.7254842615012107
S010;1111;alpha->epsilon;0;0.883030303030303
S010;1119;alpha->epsilon;0;0.7789125863622709
S010;1123;alpha->epsilon;0;0.7254842615012107
S010;1153;alpha->epsilon;1;0.8264908600539407
S010;1158;alpha->epsilon;1;0.7789125863622709
S010;1167;alpha->epsilon;1;0.7789125863622709
S010;1172;alpha->epsilon;1;0.883030303030303
S010;1205;alpha->epsilon;1;0.8878390734532154
S011;4;alpha->epsilon;1;0.848316342292246
S011;60;alpha->epsilon;1;0.8072066522944257
S011;68;alpha->epsilon;1;0.8072066522944257
S011;88;alpha->epsilon;1;0.8264908600539407
S011;95;alpha->epsilon;1;0.883030303030303
S011;108;alpha->epsilon;1;0.883030303030303
S011;170;alpha->epsilon;1;0.8878390734532154
S011;211;alpha->epsilon;1;0.8072066522944257
S011;223;alpha->epsilon;1;0.848316342292246
S011;237;alpha->epsilon;0;0.883030303030303
S011;267;alpha->epsilon;0;0.7789125863622709
S011;304;alpha->epsilon;1;0.7254842615012107
S011;313;alpha->epsilon;1;0.8264908600539407
S011;342;alpha->epsilon;1;0.8264908600539407
S011;383;alpha->epsilon;1;0.7378345498783455
S011;392;alpha->epsilon;1;0.7378345498783455
S011;460;alpha->epsilon;1;0.8878390734532154
S011;465;alpha->epsilon;1;0.8878390734532154
S011;477;alpha->epsilon;1;0.848316342292246
S011;487;alpha->epsilon;1;0.8878390734532154
S011;490;alpha->epsilon;1;0.848316342292246
S011;493;alpha->epsilon;1;0.8878390734532154
S011;547;alpha->epsilon;0;0.7254842615012107
S011;556;alpha->epsilon;0;0.7254842615012107
S011;610;alpha->epsilon;1;0.7254842615012107
S011;697;alpha->epsilon;1;0.7789125863622709
S011;700;alpha->epsilon;1;0.883030303030303
S011;739;alpha->epsilon;1;0.7378345498783455
S011;757;alpha->epsilon;1;0.848316342292246
S011;762;alpha->epsilon;1;0.883030303030303
S011;790;alpha->epsilon;1;0.8072066522944257
S011;797;alpha->epsilon;1;0.8072066522944257
S011;864;alpha->epsilon;1;0.7254842615012107
S011;902;alpha->epsilon;1;0.848316342292246
S011;908;alpha->epsilon;1;0.8878390734532154
S011;939;alpha->epsilon;1;0.883030303030303
S011;944;alpha->epsilon;1;0.883030303030303
S011;965;alpha->epsilon;1;0.8878390734532154
S011;968;alpha->epsilon;1;0.8072066522944257
S011;971;alpha->epsilon;1;0.8072066522944257
S011;984;alpha->epsilon;1;0.8878390734532154
S011;1007;alpha->epsilon;1;0.883030303030303
S011;1043;alpha->epsilon;1;0.8072066522944257
S011;1081;alpha->epsilon;1;0.7254842615012107
S011;1084;alpha->epsilon;1;0.8264908600539407
S011;1162;alpha->epsilon;1;0.7254842615012107
S011;1188;alpha->epsilon;1;0.7378345498783455
S011;1341;alpha->epsilon;1;0.7378345498783455
S011;1371;alpha->epsilon;1;0.7254842615012107
S011;1404;alpha->epsilon;1;0.8072066522944257
S011;1412;alpha->epsilon;1;0.8072066522944257
S012;12;alpha->epsilon;0;0.7789125863622709
S012;80;alpha->epsilon;1;0.7789125863622709
S012;83;alpha->epsilon;1;0.7254842615012107
S012;143;alpha->epsilon;1;0.8264908600539407
S012;147;alpha->epsilon;1;0.7789125863622709
S012;158;alpha->epsilon;1;0.883030303030303
S012;166;alpha->epsilon;1;0.883030303030303
S012;178;alpha->epsilon;0;0.8878390734532154
S012;204;alpha->epsilon;1;0.848316342292246
S012;287;alpha->epsilon;1;0.8072066522944257
S012;293;alpha->epsilon;1;0.7378345498783455
S012;309;alpha->epsilon;1;0.8878390734532154
S012;338;alpha->epsilon;1;0.7254842615012107
S012;346;alpha->epsilon;1;0.7789125863622709
S012;352;alpha->epsilon;1;0.7789125863622709
S012;420;alpha->epsilon;0;0.7378345498783455
S012;423;alpha->epsilon;0;0.8072066522944257
S012;429;alpha->epsilon;1;0.8072066522944257
S012;456;alpha->epsilon;1;0.8878390734532154
S012;460;alpha->epsilon;1;0.848316342292246
S012;462;alpha->epsilon;1;0.8878390734532154
S012;509;alpha->epsilon;0;0.7789125863622709
S012;512;alpha->epsilon;0;0.7789125863622709
S012;543;alpha->epsilon;1;0.7254842615012107
S012;557;alpha->epsilon;1;0.8264908600539407
S012;566;alpha->epsilon;1;0.8878390734532154
S012;581;alpha->epsilon;1;0.883030303030303
S012;610;alpha->epsilon;0;0.8072066522944257
S012;660;alpha->epsilon;1;0.8878390734532154
S012;685;alpha->epsilon;1;0.848316342292246
S012;692;alpha->epsilon;1;0.848316342292246
S012;710;alpha->epsilon;1;0.8878390734532154
S012;714;alpha->epsilon;1;0.8878390734532154
S012;764;alpha->epsilon;1;0.7254842615012107
S012;780;alpha->epsilon;1;0.7789125863622709
S012;784;alpha->epsilon;1;0.8264908600539407
S012;804;alpha->epsilon;1;0.848316342292246
S012;811;alpha->epsilon;1;0.8072066522944257
S012;877;alpha->epsilon;1;0.7378345498783455
S012;935;alpha->epsilon;1;0.7254842615012107
S012;937;alpha->epsilon;1;0.7254842615012107
S012;943;alpha->epsilon;1;0.7254842615012107
S012;975;alpha->epsilon;1;0.8878390734532154
S012;988;alpha->epsilon;1;0.883030303030303
S012;1037;alpha->epsilon;1;0.8264908600539407
S012;1048;alpha->epsilon;1;0.7789125863622709
S012;1096;alpha->epsilon;1;0.8072066522944257
S012;1100;alpha->epsilon;1;0.8072066522944257
S012;1102;alpha->epsilon;1;0.8072066522944257
S012;1106;alpha->epsilon;1;0.848316342292246
S012;1123;alpha->epsilon;1;0.8264908600539407
S012;1128;alpha->epsilon;1;0.883030303030303
S012;1181;alpha->epsilon;0;0.7254842615012107
S012;1205;alpha->epsilon;1;0.7789125863622709
S012;1320;alpha->epsilon;1;0.7789125863622709
S012;1341;alpha->epsilon;1;0.8878390734532154
S012;1364;alpha->epsilon;1;0.8878390734532154
S012;1366;alpha->epsilon;1;0.8878390734532154
S013;9;alpha->epsilon;1;0.7254842615012107
S013;16;alpha->epsilon;0;0.8264908600539407
S013;89;alpha->epsilon;0;0.7254842615012107
S013;120;alpha->epsilon;1;0.7254842615012107
S013;133;alpha->epsilon;1;0.7789125863622709
S013;161;alpha->epsilon;1;0.7378345498783455
S013;169;alpha->epsilon;1;0.8072066522944257
S013;172;alpha->epsilon;1;0.848316342292246
S013;236;alpha->epsilon;0;0.7254842615012107
S013;263;alpha->epsilon;1;0.7789125863622709
S013;287;alpha->epsilon;1;0.883030303030303
S013;323;alpha->epsilon;1;0.7789125863622709
S013;342;alpha->epsilon;1;0.883030303030303
S013;344;alpha->epsilon;1;0.883030303030303
S013;348;alpha->epsilon;1;0.8878390734532154
S013;352;alpha->epsilon;1;0.848316342292246
S013;364;alpha->epsilon;1;0.848316342292246
S013;384;alpha->epsilon;1;0.7254842615012107
S013;388;alpha->epsilon;1;0.7254842615012107
S013;397;alpha->epsilon;1;0.7254842615012107
S013;421;alpha->epsilon;1;0.8072066522944257
S013;455;alpha->epsilon;1;0.7789125863622709
S013;482;alpha->epsilon;0;0.7378345498783455
S013;487;alpha->epsilon;0;0.8072066522944257
S013;513;alpha->epsilon;1;0.8072066522944257
S013;515;alpha->epsilon;1;0.848316342292246
S013;543;alpha->epsilon;1;0.8264908600539407
S013;552;alpha->epsilon;1;0.7789125863622709
S013;611;alpha->epsilon;1;0.7378345498783455
S013;613;alpha->epsilon;1;0.7378345498783455
S013;721;alpha->epsilon;1;0.7378345498783455
S013;741;alpha->epsilon;1;0.883030303030303
S013;773;alpha->epsilon;1;0.8878390734532154
S013;795;alpha->epsilon;1;0.8264908600539407
S013;843;alpha->epsilon;0;0.7378345498783455
S013;855;alpha->epsilon;1;0.8072066522944257
S013;881;alpha->epsilon;1;0.848316342292246
S013;917;alpha->epsilon;0;0.8264908600539407
S013;943;alpha->epsilon;1;0.7789125863622709
S013;973;alpha->epsilon;1;0.8878390734532154
S013;980;alpha->epsilon;1;0.8878390734532154
S013;1035;alpha->epsilon;1;0.7254842615012107
S013;1040;alpha->epsilon;1;0.7254842615012107
S013;1042;alpha->epsilon;1;0.7254842615012107
S013;1050;alpha->epsilon;1;0.8264908600539407
S013;1053;alpha->epsilon;1;0.7254842615012107
S013;1093;alpha->epsilon;0;0.8264908600539407
S013;1218;alpha->epsilon;0;0.6683046683046683
S013;1220;alpha->epsilon;0;0.7254842615012107
S013;1351;alpha->epsilon;0;0.8072066522944257
S013;1385;alpha->epsilon;1;0.7378345498783455
S013;1411;alpha->epsilon;0;0.7789125863622709
S014;5;alpha->epsilon;1;0.8264908600539407
S014;37;alpha->epsilon;1;0.7378345498783455
S014;80;alpha->epsilon;1;0.8072066522944257
S014;108;alpha->epsilon;1;0.7789125863622709
S014;159;alpha->epsilon;0;0.848316342292246
S014;188;alpha->epsilon;0;0.7378345498783455
S014;226;alpha->epsilon;0;0.8072066522944257
S014;250;alpha->epsilon;1;0.7378345498783455
S014;291;alpha->epsilon;0;0.7254842615012107
S014;295;alpha->epsilon;0;0.7254842615012107
S014;321;alpha->epsilon;1;0.7254842615012107
S014;349;alpha->epsilon;0;0.848316342292246
S014;397;alpha->epsilon;1;0.8072066522944257
S014;426;alpha->epsilon;0;0.7789125863622709
S014;428;alpha->epsilon;0;0.7789125863622709
S014;456;alpha->epsilon;1;0.7254842615012107
S014;487;alpha->epsilon;0;0.848316342292246
S014;513;alpha->epsilon;0;0.8072066522944257
S014;518;alpha->epsilon;1;0.7378345498783455
S014;526;alpha->epsilon;1;0.7378345498783455
S014;531;alpha->epsilon;1;0.8072066522944257
S014;540;alpha->epsilon;1;0.8072066522944257
S014;542;alpha->epsilon;1;0.8878390734532154
S014;581;alpha->epsilon;1;0.8264908600539407
S014;619;alpha->epsilon;1;0.8264908600539407
S014;634;alpha->epsilon;1;0.8264908600539407
S014;674;alpha->epsilon;1;0.8264908600539407
S014;695;alpha->epsilon;1;0.8878390734532154
S014;717;alpha->epsilon;1;0.8072066522944257
S014;731;alpha->epsilon;1;0.848316342292246
S014;774;alpha->epsilon;1;0.7378345498783455
S014;785;alpha->epsilon;1;0.8072066522944257
S014;795;alpha->epsilon;1;0.848316342292246
S014;797;alpha->epsilon;1;0.8878390734532154
S014;840;alpha->epsilon;1;0.7378345498783455
S014;857;alpha->epsilon;1;0.8878390734532154
S014;889;alpha->epsilon;1;0.8264908600539407
S014;916;alpha->epsilon;1;0.848316342292246
S014;943;alpha->epsilon;1;0.8878390734532154
S014;955;alpha->epsilon;1;0.8878390734532154
S014;1002;alpha->epsilon;1;0.7254842615012107
S014;1029;alpha->epsilon;1;0.848316342292246
S014;1039;alpha->epsilon;1;0.848316342292246
S014;1082;alpha->epsilon;1;0.7254842615012107
S014;1124;alpha->epsilon;1;0.8072066522944257
S014;1133;alpha->epsilon;1;0.8072066522944257
S014;1142;alpha->epsilon;1;0.8878390734532154
S014;1171;alpha->epsilon;1;0.7254842615012107
S014;1177;alpha->epsilon;1;0.7254842615012107
S014;1213;alpha->epsilon;1;0.7378345498783455
S014;1217;alpha->epsilon;1;0.7378345498783455
S014;1238;alpha->epsilon;1;0.848316342292246
S014;1360;alpha->epsilon;1;0.8878390734532154
S014;1398;alpha->epsilon;1;0.8072066522944257
S014;1401;alpha->epsilon;1;0.7378345498783455
S015;10;alpha->epsilon;1;0.8878390734532154
S015;32;alpha->epsilon;0;0.8072066522944257
S015;42;alpha->epsilon;0;0.8072066522944257
S015;99;alpha->epsilon;1;0.7378345498783455
S015;127;alpha->epsilon;1;0.7789125863622709
S015;130;alpha->epsilon;1;0.7789125863622709
S015;135;alpha->epsilon;1;0.7789125863622709
S015;141;alpha->epsilon;1;0.8264908600539407
S015;192;alpha->epsilon;1;0.848316342292246
S015;208;alpha->epsilon;1;0.883030303030303
S015;216;alpha->epsilon;0;0.883030303030303
S015;220;alpha->epsilon;0;0.8264908600539407
S015;249;alpha->epsilon;1;0.8264908600539407
S015;390;alpha->epsilon;1;0.7789125863622709
S015;416;alpha->epsilon;1;0.7378345498783455
S015;420;alpha->epsilon;1;0.7378345498783455
S015;422;alpha->epsilon;1;0.7378345498783455
S015;433;alpha->epsilon;1;0.8072066522944257
S015;446;alpha->epsilon;0;0.848316342292246
S015;451;alpha->epsilon;1;0.848316342292246
S015;475;alpha->epsilon;1;0.848316342292246
S015;502;alpha->epsilon;1;0.7378345498783455
S015;505;alpha->epsilon;1;0.8072066522944257
S015;518;alpha->epsilon;1;0.8072066522944257
S015;545;alpha->epsilon;0;0.7789125863622709
S015;554;alpha->epsilon;0;0.8264908600539407
S015;585;alpha->epsilon;1;0.7254842615012107
S015;629;alpha->epsilon;1;0.7378345498783455
S015;655;alpha->epsilon;1;0.7789125863622709
S015;661;alpha->epsilon;1;0.7254842615012107
S015;709;alpha->epsilon;1;0.8072066522944257
S015;727;alpha->epsilon;0;0.8264908600539407
S015;754;alpha->epsilon;1;0.7789125863622709
S015;761;alpha->epsilon;1;0.7254842615012107
S015;764;alpha->epsilon;1;0.7254842615012107
S015;806;alpha->epsilon;0;0.7789125863622709
S015;833;alpha->epsilon;0;0.8264908600539407
S015;835;alpha->epsilon;0;0.8264908600539407
S015;844;alpha->epsilon;1;0.7789125863622709
S015;857;alpha->epsilon;1;0.7789125863622709
S015;863;alpha->epsilon;1;0.8264908600539407
S015;918;alpha->epsilon;1;0.7378345498783455
S015;920;alpha->epsilon;1;0.8072066522944257
S015;947;alpha->epsilon;0;0.8264908600539407
S015;979;alpha->epsilon;1;0.7254842615012107
S015;982;alpha->epsilon;1;0.7789125863622709
S016;16;alpha->epsilon;1;0.7254842615012107
S016;19;alpha->epsilon;1;0.7254842615012107
S016;23;alpha->epsilon;1;0.7254842615012107
S016;31;alpha->epsilon;1;0.7789125863622709
S016;110;alpha->epsilon;1;0.8072066522944257
S016;140;alpha->epsilon;0;0.7789125863622709
S016;171;alpha->epsilon;0;0.7254842615012107
S016;179;alpha->epsilon;0;0.7254842615012107
S016;212;alpha->epsilon;1;0.7254842615012107
S016;214;alpha->epsilon;1;0.7254842615012107
S016;220;alpha->epsilon;1;0.7789125863622709
S016;235;alpha->epsilon;1;0.883030303030303
S016;253;alpha->epsilon;0;0.8264908600539407
S016;255;alpha->epsilon;0;0.8264908600539407
S016;258;alpha->epsilon;0;0.8264908600539407
S016;267;alpha->epsilon;0;0.8264908600539407
S016;290;alpha->epsilon;0;0.7254842615012107
S016;292;alpha->epsilon;0;0.7254842615012107
S016;296;alpha->epsilon;0;0.8264908600539407
S016;299;alpha->epsilon;0;0.7254842615012107
S016;328;alpha->epsilon;1;0.7254842615012107
S016;330;alpha->epsilon;1;0.7789125863622709
S016;332;alpha->epsilon;1;0.8264908600539407
S016;355;alpha->epsilon;1;0.8878390734532154
S016;374;alpha->epsilon;1;0.8264908600539407
S016;381;alpha->epsilon;1;0.7789125863622709
S016;406;alpha->epsilon;1;0.8072066522944257
S016;437;alpha->epsilon;1;0.8264908600539407
S016;482;alpha->epsilon;1;0.7378345498783455
S016;533;alpha->epsilon;0;0.7254842615012107
S016;547;alpha->epsilon;0;0.7789125863622709
S016;590;alpha->epsilon;1;0.7789125863622709
S016;655;alpha->epsilon;1;0.7378345498783455
S016;661;alpha->epsilon;1;0.848316342292246
S016;689;alpha->epsilon;1;0.848316342292246
S016;696;alpha->epsilon;1;0.8878390734532154
S016;739;alpha->epsilon;1;0.8878390734532154
S016;775;alpha->epsilon;1;0.7254842615012107
S016;807;alpha->epsilon;1;0.8072066522944257
S016;830;alpha->epsilon;1;0.8878390734532154
S016;853;alpha->epsilon;1;0.7789125863622709
S016;873;alpha->epsilon;1;0.8264908600539407
S016;880;alpha->epsilon;1;0.8264908600539407
S016;897;alpha->epsilon;1;0.883030303030303
S016;919;alpha->epsilon;0;0.8072066522944257
S016;948;alpha->epsilon;1;0.8072066522944257
S016;983;alpha->epsilon;1;0.7789125863622709
S016;1034;alpha->epsilon;1;0.7378345498783455
S016;1036;alpha->epsilon;1;0.7378345498783455
S016;1082;alpha->epsilon;1;0.848316342292246
S016;1131;alpha->epsilon;1;0.8072066522944257
S016;1160;alpha->epsilon;1;0.8264908600539407
S016;1196;alpha->epsilon;1;0.848316342292246
S016;1205;alpha->epsilon;1;0.848316342292246
S016;1255;alpha->epsilon;0;0.7378345498783455
S016;1323;alpha->epsilon;0;0.8072066522944257
S016;1343;alpha->epsilon;1;0.8072066522944257
S016;1367;alpha->epsilon;1;0.848316342292246
S016;1394;alpha->epsilon;1;0.883030303030303
S016;1399;alpha->epsilon;1;0.7789125863622709
S017;20;alpha->epsilon;1;0.8264908600539407
S017;91;alpha->epsilon;1;0.7254842615012107
S017;118;alpha->epsilon;1;0.848316342292246
S017;120;alpha->epsilon;1;0.8072066522944257
S017;137;alpha->epsilon;1;0.848316342292246
S017;183;alpha->epsilon;1;0.8264908600539407
S017;201;alpha->epsilon;0;0.883030303030303
S017;237;alpha->epsilon;1;0.8264908600539407
S017;305;alpha->epsilon;1;0.883030303030303
S017;324;alpha->epsilon;1;0.7789125863622709
S017;336;alpha->epsilon;1;0.7789125863622709
S017;353;alpha->epsilon;1;0.883030303030303
S017;376;alpha->epsilon;1;0.8878390734532154
S017;412;alpha->epsilon;1;0.7378345498783455
S017;420;alpha->epsilon;1;0.8878390734532154
S017;459;alpha->epsilon;1;0.8878390734532154
S017;510;alpha->epsilon;1;0.7378345498783455
S017;548;alpha->epsilon;1;0.7789125863622709
S017;550;alpha->epsilon;1;0.7254842615012107
S017;565;alpha->epsilon;1;0.8264908600539407
S017;638;alpha->epsilon;1;0.7378345498783455
S017;643;alpha->epsilon;1;0.7378345498783455
S017;657;alpha->epsilon;1;0.848316342292246
S017;675;alpha->epsilon;1;0.8264908600539407
S017;744;alpha->epsilon;1;0.7378345498783455
S017;749;alpha->epsilon;1;0.7378345498783455
S017;751;alpha->epsilon;1;0.8072066522944257
S017;768;alpha->epsilon;1;0.8878390734532154
S017;818;alpha->epsilon;1;0.848316342292246
S017;827;alpha->epsilon;1;0.848316342292246
S017;831;alpha->epsilon;1;0.8878390734532154
S017;858;alpha->epsilon;0;0.7254842615012107
S017;867;alpha->epsilon;1;0.7254842615012107
S017;885;alpha->epsilon;1;0.883030303030303
S017;939;alpha->epsilon;0;0.7254842615012107
S017;966;alpha->epsilon;1;0.8264908600539407
S017;972;alpha->epsilon;1;0.7254842615012107
S017;1000;alpha->epsilon;1;0.8072066522944257
S017;1004;alpha->epsilon;1;0.848316342292246
S017;1015;alpha->epsilon;1;0.848316342292246
S017;1021;alpha->epsilon;1;0.8878390734532154
S017;1067;alpha->epsilon;1;0.8072066522944257
S017;1069;alpha->epsilon;1;0.8878390734532154
S017;1102;alpha->epsilon;0;0.883030303030303
S017;1107;alpha->epsilon;0;0.7254842615012107
S017;1117;alpha->epsilon;0;0.8264908600539407
S017;1124;alpha->epsilon;0;0.883030303030303
S017;1170;alpha->epsilon;1;0.7254842615012107
S017;1214;alpha->epsilon;1;0.848316342292246
S017;1257;alpha->epsilon;0;0.7789125863622709
S017;1324;alpha->epsilon;0;0.7789125863622709
S017;1333;alpha->epsilon;0;0.7254842615012107
S017;1342;alpha->epsilon;0;0.7789125863622709
S017;1359;alpha->epsilon;1;0.883030303030303
S017;1362;alpha->epsilon;1;0.8264908600539407
S017;1400;alpha->epsilon;1;0.848316342292246
S017;1411;alpha->epsilon;1;0.7378345498783455
S018;1;alpha->epsilon;1;0.7789125863622709
S018;9;alpha->epsilon;1;0.8264908600539407
S018;54;alpha->epsilon;1;0.7378345498783455
S018;80;alpha->epsilon;1;0.7789125863622709
S018;85;alpha->epsilon;1;0.7789125863622709
S018;102;alpha->epsilon;1;0.7789125863622709
S018;156;alpha->epsilon;1;0.7378345498783455
S018;166;alpha->epsilon;1;0.848316342292246
S018;215;alpha->epsilon;1;0.7378345498783455
S018;231;alpha->epsilon;1;0.848316342292246
S018;247;alpha->epsilon;1;0.8264908600539407
S018;261;alpha->epsilon;1;0.883030303030303
S018;279;alpha->epsilon;1;0.883030303030303
S018;287;alpha->epsilon;1;0.8878390734532154
S018;292;alpha->epsilon;1;0.848316342292246
S018;313;alpha->epsilon;1;0.8878390734532154
S018;320;alpha->epsilon;1;0.8878390734532154
S018;350;alpha->epsilon;1;0.883030303030303
S018;444;alpha->epsilon;1;0.7254842615012107
S018;446;alpha->epsilon;1;0.7254842615012107
S018;457;alpha->epsilon;1;0.7789125863622709
S018;459;alpha->epsilon;1;0.8264908600539407
S018;472;alpha->epsilon;1;0.848316342292246
S018;495;alpha->epsilon;0;0.883030303030303
S018;555;alpha->epsilon;0;0.7254842615012107
S018;557;alpha->epsilon;0;0.7254842615012107
S018;562;alpha->epsilon;0;0.7789125863622709
S018;574;alpha->epsilon;0;0.8264908600539407
S018;617;alpha->epsilon;1;0.7789125863622709
S018;651;alpha->epsilon;1;0.7378345498783455
S018;656;alpha->epsilon;1;0.7378345498783455
S018;663;alpha->epsilon;1;0.848316342292246
S018;676;alpha->epsilon;1;0.883030303030303
S018;744;alpha->epsilon;0;0.8072066522944257
S018;748;alpha->epsilon;0;0.7378345498783455
S018;750;alpha->epsilon;0;0.8072066522944257
S018;752;alpha->epsilon;1;0.8072066522944257
S018;755;alpha->epsilon;1;0.848316342292246
S018;776;alpha->epsilon;1;0.8072066522944257
S018;786;alpha->epsilon;1;0.8072066522944257
S018;811;alpha->epsilon;1;0.8264908600539407
S018;825;alpha->epsilon;1;0.883030303030303
S018;865;alpha->epsilon;0;0.7789125863622709
S018;905;alpha->epsilon;0;0.7789125863622709
S018;908;alpha->epsilon;0;0.7254842615012107
S018;910;alpha->epsilon;0;0.7789125863622709
S018;938;alpha->epsilon;1;0.7254842615012107
S018;996;alpha->epsilon;0;0.7378345498783455
S018;1038;alpha->epsilon;0;0.7378345498783455
S018;1060;alpha->epsilon;1;0.8072066522944257
S018;1063;alpha->epsilon;1;0.8072066522944257
S018;1151;alpha->epsilon;1;0.7378345498783455
S018;1155;alpha->epsilon;1;0.7378345498783455
S018;1162;alpha->epsilon;1;0.8072066522944257
S018;1165;alpha->epsilon;1;0.848316342292246
S018;1174;alpha->epsilon;1;0.848316342292246
S018;1206;alpha->epsilon;0;0.7254842615012107
S018;1209;alpha->epsilon;0;0.7254842615012107
S018;1230;alpha->epsilon;1;0.7789125863622709
S018;1242;alpha->epsilon;1;0.7254842615012107
S018;1246;alpha->epsilon;1;0.7254842615012107
S018;1333;alpha->epsilon;1;0.8072066522944257
S018;1337;alpha->epsilon;1;0.8072066522944257
S018;1376;alpha->epsilon;1;0.848316342292246
S018;1396;alpha->epsilon;1;0.8878390734532154
S018;1406;alpha->epsilon;1;0.8264908600539407
S019;22;alpha->epsilon;1;0.8878390734532154
S019;37;alpha->epsilon;1;0.848316342292246
S019;70;alpha->epsilon;1;0.7254842615012107
S019;82;alpha->epsilon;1;0.7789125863622709
S019;93;alpha->epsilon;1;0.8264908600539407
S019;150;alpha->epsilon;1;0.7378345498783455
S019;206;alpha->epsilon;1;0.7254842615012107
S019;212;alpha->epsilon;1;0.8264908600539407
S019;221;alpha->epsilon;1;0.8264908600539407
S019;241;alpha->epsilon;1;0.8072066522944257
S019;246;alpha->epsilon;1;0.8072066522944257
S019;250;alpha->epsilon;1;0.8072066522944257
S019;324;alpha->epsilon;0;0.7378345498783455
S019;330;alpha->epsilon;0;0.8878390734532154
S019;399;alpha->epsilon;0;0.7378345498783455
S019;426;alpha->epsilon;1;0.8072066522944257
S019;432;alpha->epsilon;1;0.848316342292246
S019;451;alpha->epsilon;1;0.8878390734532154
S019;466;alpha->epsilon;1;0.848316342292246
S019;475;alpha->epsilon;1;0.8878390734532154
S019;492;alpha->epsilon;1;0.8878390734532154
S019;514;alpha->epsilon;1;0.8878390734532154
S019;523;alpha->epsilon;1;0.7378345498783455
S019;525;alpha->epsilon;1;0.8878390734532154
S019;552;alpha->epsilon;1;0.7254842615012107
S019;555;alpha->epsilon;1;0.7254842615012107
S019;557;alpha->epsilon;1;0.7789125863622709
S019;566;alpha->epsilon;0;0.8264908600539407
S019;594;alpha->epsilon;1;0.7789125863622709
S019;638;alpha->epsilon;1;0.8264908600539407
S019;661;alpha->epsilon;1;0.8264908600539407
S019;723;alpha->epsilon;1;0.8072066522944257
S019;725;alpha->epsilon;1;0.8072066522944257
S019;737;alpha->epsilon;1;0.8072066522944257
S019;739;alpha->epsilon;1;0.8878390734532154
S019;766;alpha->epsilon;1;0.8878390734532154
S019;769;alpha->epsilon;1;0.848316342292246
S019;771;alpha->epsilon;1;0.848316342292246
S019;820;alpha->epsilon;1;0.7378345498783455
S019;826;alpha->epsilon;1;0.8072066522944257
S019;833;alpha->epsilon;1;0.848316342292246
S019;872;alpha->epsilon;1;0.883030303030303
S019;881;alpha->epsilon;1;0.8264908600539407
S019;930;alpha->epsilon;1;0.8072066522944257
S019;933;alpha->epsilon;1;0.8072066522944257
S019;937;alpha->epsilon;1;0.848316342292246
S019;962;alpha->epsilon;1;0.848316342292246
S019;1007;alpha->epsilon;1;0.8072066522944257
S019;1009;alpha->epsilon;1;0.8878390734532154
S019;1043;alpha->epsilon;1;0.7254842615012107
S019;1048;alpha->epsilon;1;0.8264908600539407
S019;1081;alpha->epsilon;1;0.7378345498783455
S019;1122;alpha->epsilon;1;0.7254842615012107
S019;1136;alpha->epsilon;1;0.883030303030303
S019;1144;alpha->epsilon;1;0.8264908600539407
S019;1188;alpha->epsilon;1;0.8264908600539407
S019;1337;alpha->epsilon;1;0.8878390734532154
S019;1353;alpha->epsilon;1;0.7789125863622709
S019;1364;alpha->epsilon;1;0.8264908600539407
S020;41;alpha->epsilon;1;0.7789125863622709
S020;71;alpha->epsilon;1;0.848316342292246
S020;76;alpha->epsilon;1;0.8072066522944257
S020;113;alpha->epsilon;1;0.7789125863622709
S020;116;alpha->epsilon;1;0.8264908600539407
S020;143;alpha->epsilon;0;0.8072066522944257
S020;153;alpha->epsilon;0;0.7378345498783455
S020;165;alpha->epsilon;0;0.848316342292246
S020;168;alpha->epsilon;1;0.848316342292246
S020;192;alpha->epsilon;1;0.8072066522944257
S020;254;alpha->epsilon;1;0.8264908600539407
S020;271;alpha->epsilon;1;0.7789125863622709
S020;316;alpha->epsilon;1;0.883030303030303
S020;325;alpha->epsilon;1;0.883030303030303
S020;344;alpha->epsilon;1;0.883030303030303
S020;351;alpha->epsilon;1;0.883030303030303
S020;374;alpha->epsilon;1;0.8072066522944257
S020;385;alpha->epsilon;1;0.7378345498783455
S020;413;alpha->epsilon;1;0.7254842615012107
S020;423;alpha->epsilon;1;0.7254842615012107
S020;426;alpha->epsilon;1;0.7789125863622709
S020;438;alpha->epsilon;1;0.883030303030303
S020;479;alpha->epsilon;0;0.7789125863622709
S020;486;alpha->epsilon;0;0.7254842615012107
S020;489;alpha->epsilon;0;0.7254842615012107
S020;494;alpha->epsilon;0;0.7789125863622709
S020;545;alpha->epsilon;1;0.7789125863622709
S020;552;alpha->epsilon;1;0.7254842615012107
S020;576;alpha->epsilon;0;0.8878390734532154
S020;633;alpha->epsilon;1;0.848316342292246
S020;639;alpha->epsilon;1;0.8072066522944257
S020;643;alpha->epsilon;1;0.8072066522944257
S020;645;alpha->epsilon;1;0.848316342292246
S020;663;alpha->epsilon;1;0.883030303030303
S020;671;alpha->epsilon;1;0.883030303030303
S020;676;alpha->epsilon;1;0.8264908600539407
S020;702;alpha->epsilon;1;0.883030303030303
S020;770;alpha->epsilon;1;0.8264908600539407
S020;778;alpha->epsilon;1;0.7789125863622709
S020;780;alpha->epsilon;1;0.8264908600539407
S020;785;alpha->epsilon;1;0.7789125863622709
S020;819;alpha->epsilon;1;0.8264908600539407
S020;849;alpha->epsilon;1;0.848316342292246
S020;851;alpha->epsilon;1;0.848316342292246
S020;854;alpha->epsilon;1;0.8072066522944257
S020;885;alpha->epsilon;1;0.883030303030303
S020;971;alpha->epsilon;0;0.8072066522944257
S020;978;alpha->epsilon;1;0.7378345498783455
S020;1036;alpha->epsilon;1;0.7254842615012107
S020;1040;alpha->epsilon;1;0.7789125863622709
S020;1046;alpha->epsilon;1;0.7789125863622709
S020;1088;alpha->epsilon;1;0.7789125863622709
S020;1099;alpha->epsilon;1;0.8264908600539407
S020;1134;alpha->epsilon;1;0.8264908600539407
S020;1138;alpha->epsilon;1;0.7789125863622709
S020;1153;alpha->epsilon;1;0.883030303030303
S020;1170;alpha->epsilon;0;0.848316342292246
S020;1174;alpha->epsilon;0;0.8072066522944257
S020;1225;alpha->epsilon;0;0.6817095038852361
S021;16;alpha->epsilon;1;0.8072066522944257
S021;45;alpha->epsilon;1;0.7789125863622709
S021;50;alpha->epsilon;1;0.7254842615012107
S021;63;alpha->epsilon;1;0.883030303030303
S021;66;alpha->epsilon;1;0.883030303030303
S021;111;alpha->epsilon;1;0.7378345498783455
S021;139;alpha->epsilon;1;0.7254842615012107
S021;141;alpha->epsilon;1;0.6683046683046683
S021;153;alpha->epsilon;1;0.7789125863622709
S021;208;alpha->epsilon;0;0.7254842615012107
S021;218;alpha->epsilon;1;0.7254842615012107
S021;228;alpha->epsilon;1;0.883030303030303
S021;234;alpha->epsilon;1;0.883030303030303
S021;259;alpha->epsilon;0;0.7789125863622709
S021;264;alpha->epsilon;0;0.8264908600539407
S021;271;alpha->epsilon;1;0.7254842615012107
S021;278;alpha->epsilon;1;0.8264908600539407
S021;321;alpha->epsilon;1;0.7378345498783455
S021;340;alpha->epsilon;1;0.8878390734532154
S021;347;alpha->epsilon;1;0.883030303030303
S021;378;alpha->epsilon;1;0.7254842615012107
S021;406;alpha->epsilon;1;0.8072066522944257
S021;464;alpha->epsilon;1;0.8878390734532154
S021;466;alpha->epsilon;1;0.8072066522944257
S021;510;alpha->epsilon;0;0.7378345498783455
S021;514;alpha->epsilon;1;0.8072066522944257
S021;521;alpha->epsilon;1;0.7378345498783455
S021;525;alpha->epsilon;1;0.8072066522944257
S021;537;alpha->epsilon;1;0.848316342292246
S021;560;alpha->epsilon;1;0.883030303030303
S021;564;alpha->epsilon;1;0.8264908600539407
S021;584;alpha->epsilon;0;0.7789125863622709
S021;588;alpha->epsilon;0;0.7789125863622709
S021;595;alpha->epsilon;0;0.7789125863622709
S021;637;alpha->epsilon;1;0.8264908600539407
S021;656;alpha->epsilon;1;0.7789125863622709
S021;678;alpha->epsilon;1;0.8878390734532154
S021;688;alpha->epsilon;1;0.848316342292246
S021;735;alpha->epsilon;1;0.7789125863622709
S021;789;alpha->epsilon;1;0.848316342292246
S021;802;alpha->epsilon;1;0.883030303030303
S021;894;alpha->epsilon;1;0.7254842615012107
S021;925;alpha->epsilon;1;0.8072066522944257
S021;934;alpha->epsilon;1;0.8072066522944257
S021;938;alpha->epsilon;1;0.8072066522944257
S021;1027;alpha->epsilon;1;0.7789125863622709
S021;1045;alpha->epsilon;1;0.8878390734532154
S021;1056;alpha->epsilon;1;0.8072066522944257
S021;1066;alpha->epsilon;1;0.8878390734532154
S021;1094;alpha->epsilon;1;0.7254842615012107
S021;1103;alpha->epsilon;1;0.883030303030303
S021;1138;alpha->epsilon;1;0.8072066522944257
S021;1140;alpha->epsilon;1;0.8072066522944257
S021;1147;alpha->epsilon;1;0.848316342292246
S021;1170;alpha->epsilon;1;0.883030303030303
S021;1183;alpha->epsilon;1;0.8264908600539407
S021;1190;alpha->epsilon;1;0.883030303030303
S021;1212;alpha->epsilon;1;0.848316342292246
S021;1239;alpha->epsilon;1;0.8264908600539407
S021;1242;alpha->epsilon;1;0.8264908600539407
S021;1253;alpha->epsilon;1;0.8264908600539407
S021;1350;alpha->epsilon;1;0.7378345498783455
S021;1356;alpha->epsilon;1;0.848316342292246
S021;1369;alpha->epsilon;1;0.8878390734532154
S022;60;alpha->epsilon;1;0.8878390734532154
S022;86;alpha->epsilon;1;0.7789125863622709
S022;89;alpha->epsilon;1;0.7789125863622709
S022;153;alpha->epsilon;1;0.7378345498783455
S022;178;alpha->epsilon;1;0.883030303030303
S022;216;alpha->epsilon;1;0.8072066522944257
S022;221;alpha->epsilon;1;0.848316342292246
S022;226;alpha->epsilon;1;0.8072066522944257
S022;229;alpha->epsilon;1;0.8072066522944257
S022;241;alpha->epsilon;1;0.848316342292246
S022;248;alpha->epsilon;1;0.8878390734532154
S022;289;alpha->epsilon;1;0.8878390734532154
S022;299;alpha->epsilon;1;0.7378345498783455
S022;302;alpha->epsilon;1;0.8072066522944257
S022;304;alpha->epsilon;1;0.848316342292246
S022;317;alpha->epsilon;1;0.8878390734532154
S022;322;alpha->epsilon;1;0.848316342292246
S022;363;alpha->epsilon;1;0.8072066522944257
S022;374;alpha->epsilon;1;0.8072066522944257
S022;404;alpha->epsilon;1;0.7254842615012107
S022;410;alpha->epsilon;1;0.7254842615012107
S022;424;alpha->epsilon;1;0.883030303030303
S022;449;alpha->epsilon;1;0.8072066522944257
S022;459;alpha->epsilon;1;0.848316342292246
S022;474;alpha->epsilon;0;0.8264908600539407
S022;497;alpha->epsilon;1;0.7254842615012107
S022;501;alpha->epsilon;1;0.7254842615012107
S022;514;alpha->epsilon;1;0.7789125863622709
S022;516;alpha->epsilon;1;0.8264908600539407
S022;522;alpha->epsilon;1;0.8878390734532154
S022;585;alpha->epsilon;1;0.883030303030303
S022;602;alpha->epsilon;1;0.8878390734532154
S022;636;alpha->epsilon;1;0.7789125863622709
S022;666;alpha->epsilon;1;0.7378345498783455
S022;705;alpha->epsilon;1;0.7378345498783455
S022;710;alpha->epsilon;1;0.7378345498783455
S022;725;alpha->epsilon;1;0.8072066522944257
S022;772;alpha->epsilon;1;0.7378345498783455
S022;826;alpha->epsilon;1;0.8072066522944257
S022;828;alpha->epsilon;1;0.8072066522944257
S022;831;alpha->epsilon;1;0.8072066522944257
S022;847;alpha->epsilon;1;0.883030303030303
S022;851;alpha->epsilon;1;0.8264908600539407
S022;861;alpha->epsilon;1;0.7789125863622709
S022;866;alpha->epsilon;1;0.8264908600539407
S022;872;alpha->epsilon;1;0.883030303030303
S022;890;alpha->epsilon;0;0.8878390734532154
S022;901;alpha->epsilon;1;0.848316342292246
S022;918;alpha->epsilon;1;0.7378345498783455
S022;922;alpha->epsilon;1;0.7378345498783455
S022;976;alpha->epsilon;0;0.7254842615012107
S022;992;alpha->epsilon;1;0.7254842615012107
S022;1002;alpha->epsilon;1;0.8264908600539407
S022;1011;alpha->epsilon;1;0.7789125863622709
S022;1080;alpha->epsilon;1;0.848316342292246
S022;1085;alpha->epsilon;1;0.8878390734532154
S022;1135;alpha->epsilon;1;0.7254842615012107
S022;1161;alpha->epsilon;1;0.848316342292246
S022;1184;alpha->epsilon;1;0.883030303030303
S022;1210;alpha->epsilon;1;0.8072066522944257
S022;1214;alpha->epsilon;1;0.848316342292246
S022;1252;alpha->epsilon;1;0.7789125863622709
S022;1357;alpha->epsilon;0;0.8264908600539407
S022;1385;alpha->epsilon;1;0.7789125863622709
S022;1389;alpha->epsilon;1;0.8264908600539407
S022;1402;alpha->epsilon;1;0.883030303030303
S023;5;alpha->epsilon;1;0.8072066522944257
S023;39;alpha->epsilon;1;0.8878390734532154
S023;48;alpha->epsilon;1;0.8072066522944257
S023;63;alpha->epsilon;1;0.848316342292246
S023;65;alpha->epsilon;1;0.8878390734532154
S023;69;alpha->epsilon;1;0.8878390734532154
S023;71;alpha->epsilon;1;0.8072066522944257
S023;125;alpha->epsilon;0;0.7254842615012107
S023;150;alpha->epsilon;1;0.8264908600539407
S023;153;alpha->epsilon;1;0.8264908600539407
S023;178;alpha->epsilon;1;0.848316342292246
S023;183;alpha->epsilon;1;0.8072066522944257
S023;187;alpha->epsilon;1;0.848316342292246
S023;214;alpha->epsilon;1;0.7789125863622709
S023;228;alpha->epsilon;1;0.7789125863622709
S023;235;alpha->epsilon;1;0.7789125863622709
S023;254;alpha->epsilon;1;0.8878390734532154
S023;307;alpha->epsilon;0;0.883030303030303
S023;334;alpha->epsilon;1;0.7254842615012107
S023;347;alpha->epsilon;1;0.883030303030303
S023;365;alpha->epsilon;1;0.848316342292246
S023;392;alpha->epsilon;1;0.7789125863622709
S023;394;alpha->epsilon;1;0.8264908600539407
S023;420;alpha->epsilon;1;0.7378345498783455
S023;427;alpha->epsilon;1;0.8072066522944257
S023;466;alpha->epsilon;1;0.7254842615012107
S023;472;alpha->epsilon;1;0.7254842615012107
S023;482;alpha->epsilon;1;0.883030303030303
S023;551;alpha->epsilon;1;0.7378345498783455
S023;561;alpha->epsilon;1;0.7378345498783455
S023;587;alpha->epsilon;1;0.7254842615012107
S023;594;alpha->epsilon;1;0.8264908600539407
S023;597;alpha->epsilon;1;0.7789125863622709
S023;623;alpha->epsilon;1;0.8072066522944257
S023;641;alpha->epsilon;1;0.848316342292246
S023;662;alpha->epsilon;1;0.883030303030303
S023;668;alpha->epsilon;1;0.8264908600539407
S023;678;alpha->epsilon;1;0.883030303030303
S023;725;alpha->epsilon;0;0.7378345498783455
S023;728;alpha->epsilon;0;0.7378345498783455
S023;731;alpha->epsilon;0;0.7378345498783455
S023;745;alpha->epsilon;0;0.848316342292246
S023;790;alpha->epsilon;1;0.8072066522944257
S023;819;alpha->epsilon;1;0.7789125863622709
S023;823;alpha->epsilon;1;0.8264908600539407
S023;832;alpha->epsilon;1;0.7789125863622709
S023;835;alpha->epsilon;1;0.8264908600539407
S023;857;alpha->epsilon;1;0.848316342292246
S023;889;alpha->epsilon;1;0.7789125863622709
S023;897;alpha->epsilon;1;0.883030303030303
S023;907;alpha->epsilon;0;0.8264908600539407
S023;933;alpha->epsilon;1;0.7254842615012107
S023;953;alpha->epsilon;1;0.883030303030303
S023;1006;alpha->epsilon;1;0.8264908600539407
S023;1008;alpha->epsilon;1;0.7254842615012107
S023;1018;alpha->epsilon;1;0.7789125863622709
S023;1119;alpha->epsilon;1;0.7378345498783455
S023;1190;alpha->epsilon;1;0.7254842615012107
S023;1249;alpha->epsilon;1;0.7378345498783455
S023;1251;alpha->epsilon;1;0.7378345498783455
S023;1324;alpha->epsilon;1;0.8878390734532154
S023;1342;alpha->epsilon;1;0.848316342292246
S023;1376;alpha->epsilon;1;0.7789125863622709
S023;1381;alpha->epsilon;1;0.7789125863622709
S023;1386;alpha->epsilon;1;0.7789125863622709
S023;1394;alpha->epsilon;0;0.8264908600539407
S024;20;alpha->epsilon;1;0.8264908600539407
S024;39;alpha->epsilon;1;0.848316342292246
S024;50;alpha->epsilon;1;0.848316342292246
S024;94;alpha->epsilon;1;0.7254842615012107
S024;149;alpha->epsilon;1;0.7789125863622709
S024;174;alpha->epsilon;1;0.7254842615012107
S024;242;alpha->epsilon;1;0.7378345498783455
S024;281;alpha->epsilon;1;0.8264908600539407
S024;285;alpha->epsilon;1;0.883030303030303
S024;298;alpha->epsilon;0;0.883030303030303
S024;332;alpha->epsilon;1;0.8264908600539407
S024;336;alpha->epsilon;1;0.883030303030303
S024;339;alpha->epsilon;1;0.7789125863622709
S024;342;alpha->epsilon;1;0.7254842615012107
S024;408;alpha->epsilon;1;0.7789125863622709
S024;427;alpha->epsilon;1;0.883030303030303
S024;431;alpha->epsilon;1;0.8878390734532154
S024;458;alpha->epsilon;1;0.7254842615012107
S024;486;alpha->epsilon;1;0.7378345498783455
S024;489;alpha->epsilon;1;0.848316342292246
S024;534;alpha->epsilon;1;0.8072066522944257
S024;560;alpha->epsilon;1;0.8072066522944257
S024;582;alpha->epsilon;1;0.8264908600539407
S024;587;alpha->epsilon;1;0.7254842615012107
S024;618;alpha->epsilon;1;0.883030303030303
S024;692;alpha->epsilon;1;0.7789125863622709
S024;726;alpha->epsilon;1;0.848316342292246
S024;793;alpha->epsilon;1;0.7254842615012107
S024;831;alpha->epsilon;1;0.848316342292246
S024;849;alpha->epsilon;1;0.883030303030303
S024;889;alpha->epsilon;1;0.8072066522944257
S024;916;alpha->epsilon;1;0.7789125863622709
S024;945;alpha->epsilon;1;0.7378345498783455
S024;953;alpha->epsilon;1;0.8072066522944257
S024;995;alpha->epsilon;1;0.7254842615012107
S024;1049;alpha->epsilon;1;0.7254842615012107
S024;1068;alpha->epsilon;1;0.8264908600539407
S024;1078;alpha->epsilon;1;0.8264908600539407
S024;1094;alpha->epsilon;1;0.8878390734532154
S024;1105;alpha->epsilon;1;0.848316342292246
S024;1109;alpha->epsilon;1;0.848316342292246
S024;1125;alpha->epsilon;1;0.8264908600539407
S024;1129;alpha->epsilon;1;0.7789125863622709
S024;1135;alpha->epsilon;1;0.7254842615012107
S024;1140;alpha->epsilon;1;0.7789125863622709
S024;1158;alpha->epsilon;1;0.883030303030303
S024;1191;alpha->epsilon;1;0.8264908600539407
S024;1229;alpha->epsilon;1;0.8264908600539407
S024;1231;alpha->epsilon;1;0.7789125863622709
S024;1234;alpha->epsilon;1;0.8264908600539407
S024;1334;alpha->epsilon;1;0.8072066522944257
S024;1336;alpha->epsilon;1;0.848316342292246
S024;1351;alpha->epsilon;1;0.8878390734532154
S024;1402;alpha->epsilon;1;0.7378345498783455
S024;1409;alpha->epsilon;1;0.8072066522944257
S025;25;alpha->epsilon;1;0.7378345498783455
S025;83;alpha->epsilon;1;0.8072066522944257
S025;89;alpha->epsilon;1;0.8072066522944257
S025;100;alpha->epsilon;1;0.8072066522944257
S025;104;alpha->epsilon;1;0.8878390734532154
S025;135;alpha->epsilon;0;0.6683046683046683
S025;143;alpha->epsilon;0;0.7789125863622709
S025;149;alpha->epsilon;0;0.8264908600539407
S025;167;alpha->epsilon;1;0.7789125863622709
S025;172;alpha->epsilon;1;0.7789125863622709
S025;218;alpha->epsilon;1;0.7378345498783455
S025;304;alpha->epsilon;1;0.7789125863622709
S025;326;alpha->epsilon;1;0.7789125863622709
S025;345;alpha->epsilon;0;0.848316342292246
S025;359;alpha->epsilon;0;0.8072066522944257
S025;396;alpha->epsilon;1;0.7378345498783455
S025;436;alpha->epsilon;1;0.883030303030303
S025;446;alpha->epsilon;1;0.8264908600539407
S025;451;alpha->epsilon;1;0.8264908600539407
S025;459;alpha->epsilon;1;0.8264908600539407
S025;467;alpha->epsilon;1;0.883030303030303
S025;470;alpha->epsilon;1;0.8264908600539407
S025;505;alpha->epsilon;1;0.883030303030303
S025;523;alpha->epsilon;1;0.7789125863622709
S025;542;alpha->epsilon;0;0.8878390734532154
S025;544;alpha->epsilon;0;0.848316342292246
S025;573;alpha->epsilon;1;0.8878390734532154
S025;582;alpha->epsilon;1;0.8072066522944257
S025;597;alpha->epsilon;1;0.883030303030303
S025;608;alpha->epsilon;1;0.8264908600539407
S025;622;alpha->epsilon;1;0.883030303030303
S025;627;alpha->epsilon;1;0.883030303030303
S025;643;alpha->epsilon;1;0.8264908600539407
S025;673;alpha->epsilon;1;0.7254842615012107
S025;678;alpha->epsilon;1;0.7789125863622709
S025;702;alpha->epsilon;1;0.8878390734532154
S025;719;alpha->epsilon;1;0.848316342292246
S025;784;alpha->epsilon;1;0.7789125863622709
S025;793;alpha->epsilon;1;0.7789125863622709
S025;870;alpha->epsilon;1;0.7378345498783455
S025;876;alpha->epsilon;1;0.8878390734532154
S025;896;alpha->epsilon;1;0.883030303030303
S025;961;alpha->epsilon;0;0.8878390734532154
S025;966;alpha->epsilon;1;0.8072066522944257
S025;990;alpha->epsilon;1;0.8878390734532154
S025;1008;alpha->epsilon;1;0.883030303030303
S025;1020;alpha->epsilon;1;0.8264908600539407
S025;1069;alpha->epsilon;1;0.7789125863622709
S025;1083;alpha->epsilon;1;0.7789125863622709
S025;1086;alpha->epsilon;1;0.7254842615012107
S025;1094;alpha->epsilon;1;0.7789125863622709
S025;1096;alpha->epsilon;1;0.8264908600539407
S025;1115;alpha->epsilon;1;0.8072066522944257
S025;1119;alpha->epsilon;1;0.8878390734532154
S025;1136;alpha->epsilon;1;0.8264908600539407
S025;1170;alpha->epsilon;1;0.7254842615012107
S025;1211;alpha->epsilon;1;0.7378345498783455
S026;12;alpha->epsilon;1;0.883030303030303
S026;39;alpha->epsilon;0;0.7378345498783455
S026;43;alpha->epsilon;0;0.7378345498783455
S026;47;alpha->epsilon;0;0.8072066522944257
S026;58;alpha->epsilon;1;0.848316342292246
S026;77;alpha->epsilon;1;0.8072066522944257
S026;105;alpha->epsilon;1;0.7789125863622709
S026;108;alpha->epsilon;1;0.8264908600539407
S026;117;alpha->epsilon;1;0.7789125863622709
S026;185;alpha->epsilon;1;0.7378345498783455
S026;191;alpha->epsilon;1;0.7378345498783455
S026;207;alpha->epsilon;1;0.848316342292246
S026;209;alpha->epsilon;1;0.848316342292246
S026;218;alpha->epsilon;1;0.848316342292246
S026;247;alpha->epsilon;1;0.8878390734532154
S026;267;alpha->epsilon;1;0.883030303030303
S026;274;alpha->epsilon;0;0.7789125863622709
S026;278;alpha->epsilon;0;0.8264908600539407
S026;282;alpha->epsilon;0;0.7789125863622709
S026;340;alpha->epsilon;1;0.7254842615012107
S026;356;alpha->epsilon;1;0.7789125863622709
S026;360;alpha->epsilon;1;0.8264908600539407
S026;366;alpha->epsilon;1;0.8264908600539407
S026;372;alpha->epsilon;0;0.7789125863622709
S026;405;alpha->epsilon;1;0.8264908600539407
S026;414;alpha->epsilon;1;0.7254842615012107
S026;421;alpha->epsilon;1;0.8264908600539407
S026;424;alpha->epsilon;1;0.8264908600539407
S026;448;alpha->epsilon;1;0.883030303030303
S026;488;alpha->epsilon;1;0.7378345498783455
S026;508;alpha->epsilon;1;0.8072066522944257
S026;522;alpha->epsilon;1;0.848316342292246
S026;552;alpha->epsilon;1;0.8264908600539407
S026;600;alpha->epsilon;1;0.8878390734532154
S026;646;alpha->epsilon;1;0.848316342292246
S026;666;alpha->epsilon;1;0.8072066522944257
S026;669;alpha->epsilon;1;0.8878390734532154
S026;708;alpha->epsilon;1;0.848316342292246
S026;750;alpha->epsilon;1;0.7254842615012107
S026;752;alpha->epsilon;1;0.7254842615012107
S026;765;alpha->epsilon;1;0.7789125863622709
S026;780;alpha->epsilon;1;0.883030303030303
S026;782;alpha->epsilon;1;0.883030303030303
S026;799;alpha->epsilon;1;0.7789125863622709
S026;864;alpha->epsilon;1;0.7254842615012107
S026;894;alpha->epsilon;1;0.8072066522944257
S026;904;alpha->epsilon;0;0.8072066522944257
S026;933;alpha->epsilon;1;0.7378345498783455
S026;948;alpha->epsilon;1;0.848316342292246
S026;1000;alpha->epsilon;1;0.7789125863622709
S026;1019;alpha->epsilon;1;0.7789125863622709
S026;1039;alpha->epsilon;1;0.8878390734532154
S026;1048;alpha->epsilon;1;0.8072066522944257
S026;1050;alpha->epsilon;1;0.8072066522944257
S026;1080;alpha->epsilon;1;0.7789125863622709
S026;1084;alpha->epsilon;1;0.7789125863622709
S026;1122;alpha->epsilon;1;0.883030303030303
S026;1137;alpha->epsilon;1;0.8264908600539407
S026;1139;alpha->epsilon;1;0.883030303030303
S026;1182;alpha->epsilon;1;0.8072066522944257
S026;1216;alpha->epsilon;1;0.8264908600539407
S026;1220;alpha->epsilon;1;0.8264908600539407
S026;1245;alpha->epsilon;1;0.848316342292246
S026;1254;alpha->epsilon;1;0.8878390734532154
S026;1357;alpha->epsilon;1;0.883030303030303
S026;1382;alpha->epsilon;1;0.7789125863622709
S026;1392;alpha->epsilon;1;0.8264908600539407
S026;1394;alpha->epsilon;1;0.7789125863622709
S027;6;alpha->epsilon;1;0.848316342292246
S027;60;alpha->epsilon;0;0.7378345498783455
S027;63;alpha->epsilon;0;0.7378345498783455
S027;83;alpha->epsilon;1;0.8072066522944257
S027;89;alpha->epsilon;1;0.7378345498783455
S027;93;alpha->epsilon;1;0.8072066522944257
S027;95;alpha->epsilon;1;0.8072066522944257
S027;126;alpha->epsilon;1;0.8264908600539407
S027;131;alpha->epsilon;1;0.8264908600539407
S027;135;alpha->epsilon;1;0.7789125863622709
S027;137;alpha->epsilon;1;0.7789125863622709
S027;141;alpha->epsilon;1;0.883030303030303
S027;171;alpha->epsilon;0;0.7378345498783455
S027;195;alpha->epsilon;0;0.8072066522944257
S027;197;alpha->epsilon;0;0.8072066522944257
S027;223;alpha->epsilon;0;0.848316342292246
S027;250;alpha->epsilon;1;0.8072066522944257
S027;306;alpha->epsilon;0;0.8072066522944257
S027;320;alpha->epsilon;0;0.8072066522944257
S027;322;alpha->epsilon;0;0.7378345498783455
S027;357;alpha->epsilon;0;0.7378345498783455
S027;420;alpha->epsilon;1;0.7378345498783455
S027;422;alpha->epsilon;1;0.7378345498783455
S027;453;alpha->epsilon;0;0.7254842615012107
S027;465;alpha->epsilon;0;0.7254842615012107
S027;468;alpha->epsilon;0;0.7789125863622709
S027;532;alpha->epsilon;1;0.7254842615012107
S027;536;alpha->epsilon;1;0.7254842615012107
S027;538;alpha->epsilon;1;0.7254842615012107
S027;567;alpha->epsilon;1;0.8072066522944257
S027;615;alpha->epsilon;0;0.848316342292246
S027;640;alpha->epsilon;1;0.848316342292246
S027;642;alpha->epsilon;1;0.8878390734532154
S027;684;alpha->epsilon;1;0.7254842615012107
S027;687;alpha->epsilon;1;0.7789125863622709
S027;710;alpha->epsilon;1;0.883030303030303
S027;722;alpha->epsilon;1;0.883030303030303
S027;731;alpha->epsilon;1;0.8264908600539407
S027;736;alpha->epsilon;1;0.883030303030303
S027;754;alpha->epsilon;1;0.848316342292246
S027;814;alpha->epsilon;1;0.883030303030303
S027;833;alpha->epsilon;1;0.7789125863622709
S027;876;alpha->epsilon;0;0.7378345498783455
S027;893;alpha->epsilon;1;0.8072066522944257
S027;905;alpha->epsilon;1;0.8878390734532154
S027;941;alpha->epsilon;1;0.6817095038852361
S027;943;alpha->epsilon;1;0.7378345498783455
S027;1033;alpha->epsilon;1;0.7254842615012107
S027;1041;alpha->epsilon;1;0.7254842615012107
S027;1043;alpha->epsilon;1;0.7789125863622709
S027;1079;alpha->epsilon;1;0.7789125863622709
S027;1085;alpha->epsilon;1;0.7789125863622709
S027;1126;alpha->epsilon;1;0.6817095038852361
S027;1138;alpha->epsilon;1;0.8072066522944257
S027;1156;alpha->epsilon;1;0.883030303030303
S027;1182;alpha->epsilon;1;0.848316342292246
S027;1205;alpha->epsilon;1;0.8072066522944257
S027;1331;alpha->epsilon;1;0.6683046683046683
S027;1334;alpha->epsilon;1;0.7254842615012107
S027;1366;alpha->epsilon;1;0.7378345498783455
S027;1391;alpha->epsilon;1;0.7789125863622709
S028;32;alpha->epsilon;0;0.7378345498783455
S028;39;alpha->epsilon;0;0.7378345498783455
S028;52;alpha->epsilon;0;0.848316342292246
S028;54;alpha->epsilon;0;0.848316342292246
S028;56;alpha->epsilon;0;0.8878390734532154
S028;90;alpha->epsilon;0;0.6817095038852361
S028;115;alpha->epsilon;0;0.848316342292246
S028;123;alpha->epsilon;0;0.8072066522944257
S028;125;alpha->epsilon;0;0.8072066522944257
S028;139;alpha->epsilon;0;0.848316342292246
S028;159;alpha->epsilon;0;0.7378345498783455
S028;176;alpha->epsilon;0;0.7378345498783455
S028;208;alpha->epsilon;1;0.7378345498783455
S028;210;alpha->epsilon;1;0.7378345498783455
S028;262;alpha->epsilon;0;0.7254842615012107
S028;269;alpha->epsilon;0;0.7254842615012107
S028;271;alpha->epsilon;0;0.7254842615012107
S028;297;alpha->epsilon;1;0.7789125863622709
S028;354;alpha->epsilon;1;0.848316342292246
S028;366;alpha->epsilon;1;0.7378345498783455
S028;368;alpha->epsilon;1;0.8072066522944257
S028;432;alpha->epsilon;1;0.7789125863622709
S028;434;alpha->epsilon;1;0.8264908600539407
S028;455;alpha->epsilon;1;0.8878390734532154
S028;480;alpha->epsilon;1;0.7789125863622709
S028;483;alpha->epsilon;1;0.7254842615012107
S028;521;alpha->epsilon;1;0.7378345498783455
S028;561;alpha->epsilon;1;0.8072066522944257
S028;566;alpha->epsilon;1;0.8072066522944257
S028;596;alpha->epsilon;1;0.7789125863622709
S028;600;alpha->epsilon;1;0.7789125863622709
S028;605;alpha->epsilon;1;0.8264908600539407
S028;610;alpha->epsilon;1;0.8264908600539407
S028;635;alpha->epsilon;1;0.8878390734532154
S028;653;alpha->epsilon;1;0.8878390734532154
S028;665;alpha->epsilon;1;0.7789125863622709
S028;692;alpha->epsilon;1;0.8072066522944257
S028;707;alpha->epsilon;1;0.883030303030303
S028;754;alpha->epsilon;1;0.7378345498783455
S028;788;alpha->epsilon;1;0.7254842615012107
S028;855;alpha->epsilon;1;0.7378345498783455
S028;934;alpha->epsilon;1;0.7378345498783455
S028;938;alpha->epsilon;1;0.8072066522944257
S028;956;alpha->epsilon;1;0.848316342292246
S028;1001;alpha->epsilon;0;0.7254842615012107
S028;1017;alpha->epsilon;0;0.7789125863622709
S028;1020;alpha->epsilon;0;0.7254842615012107
S028;1043;alpha->epsilon;1;0.7789125863622709
S028;1047;alpha->epsilon;1;0.883030303030303
S028;1070;alpha->epsilon;0;0.8264908600539407
S028;1072;alpha->epsilon;0;0.8264908600539407
S028;1075;alpha->epsilon;0;0.7789125863622709
S028;1079;alpha->epsilon;0;0.7789125863622709
S028;1124;alpha->epsilon;1;0.7254842615012107
S028;1173;alpha->epsilon;1;0.8264908600539407
S028;1188;alpha->epsilon;1;0.883030303030303
S028;1207;alpha->epsilon;1;0.8264908600539407
S028;1211;alpha->epsilon;1;0.8264908600539407
S028;1235;alpha->epsilon;1;0.8878390734532154
S028;1339;alpha->epsilon;1;0.7254842615012107
S028;1343;alpha->epsilon;1;0.7254842615012107
S028;1373;alpha->epsilon;1;0.848316342292246
S028;1400;alpha->epsilon;1;0.7789125863622709
S028;1402;alpha->epsilon;1;0.7789125863622709
S028;1406;alpha->epsilon;1;0.8264908600539407
S028;1408;alpha->epsilon;1;0.7789125863622709
S028;1412;alpha->epsilon;1;0.8264908600539407
S029;7;alpha->epsilon;0;0.7378345498783455
S029;54;alpha->epsilon;1;0.883030303030303
S029;133;alpha->epsilon;1;0.7254842615012107
S029;142;alpha->epsilon;1;0.7254842615012107
S029;144;alpha->epsilon;1;0.7789125863622709
S029;146;alpha->epsilon;1;0.7789125863622709
S029;148;alpha->epsilon;1;0.7789125863622709
S029;154;alpha->epsilon;1;0.8264908600539407
S029;156;alpha->epsilon;1;0.883030303030303
S029;189;alpha->epsilon;0;0.7378345498783455
S029;192;alpha->epsilon;0;0.7378345498783455
S029;217;alpha->epsilon;1;0.848316342292246
S029;248;alpha->epsilon;1;0.7254842615012107
S029;252;alpha->epsilon;1;0.7254842615012107
S029;277;alpha->epsilon;1;0.8072066522944257
S029;307;alpha->epsilon;1;0.8264908600539407
S029;320;alpha->epsilon;1;0.7789125863622709
S029;350;alpha->epsilon;1;0.8878390734532154
S029;353;alpha->epsilon;1;0.7378345498783455
S029;376;alpha->epsilon;1;0.8264908600539407
S029;410;alpha->epsilon;0;0.7789125863622709
S029;487;alpha->epsilon;0;0.7254842615012107
S029;514;alpha->epsilon;1;0.8264908600539407
S029;516;alpha->epsilon;1;0.883030303030303
S029;518;alpha->epsilon;1;0.8264908600539407
S029;523;alpha->epsilon;1;0.7789125863622709
S029;556;alpha->epsilon;1;0.8072066522944257
S029;558;alpha->epsilon;1;0.8072066522944257
S029;560;alpha->epsilon;1;0.8072066522944257
S029;592;alpha->epsilon;1;0.7254842615012107
S029;612;alpha->epsilon;1;0.883030303030303
S029;614;alpha->epsilon;1;0.8264908600539407
S029;629;alpha->epsilon;1;0.8264908600539407
S029;633;alpha->epsilon;1;0.8264908600539407
S029;637;alpha->epsilon;1;0.8264908600539407
S029;639;alpha->epsilon;1;0.883030303030303
S029;644;alpha->epsilon;1;0.8264908600539407
S029;665;alpha->epsilon;1;0.8072066522944257
S029;708;alpha->epsilon;1;0.7254842615012107
S029;801;alpha->epsilon;1;0.7254842615012107
S029;824;alpha->epsilon;1;0.8878390734532154
S029;853;alpha->epsilon;1;0.7254842615012107
S029;856;alpha->epsilon;1;0.7254842615012107
S029;861;alpha->epsilon;1;0.7254842615012107
S029;894;alpha->epsilon;1;0.7378345498783455
S029;896;alpha->epsilon;1;0.7378345498783455
S029;899;alpha->epsilon;1;0.7378345498783455
S029;901;alpha->epsilon;1;0.8072066522944257
S029;917;alpha->epsilon;0;0.883030303030303
S029;940;alpha->epsilon;1;0.7254842615012107
S029;945;alpha->epsilon;1;0.7254842615012107
S029;953;alpha->epsilon;1;0.7789125863622709
S029;960;alpha->epsilon;1;0.883030303030303
S029;972;alpha->epsilon;1;0.8878390734532154
S029;1008;alpha->epsilon;1;0.8878390734532154
S029;1026;alpha->epsilon;1;0.848316342292246
S029;1086;alpha->epsilon;1;0.7254842615012107
S029;1088;alpha->epsilon;1;0.7789125863622709
S029;1091;alpha->epsilon;1;0.7254842615012107
S029;1096;alpha->epsilon;1;0.7789125863622709
S029;1106;alpha->epsilon;1;0.8264908600539407
S029;1137;alpha->epsilon;1;0.8072066522944257
S029;1144;alpha->epsilon;1;0.8878390734532154
S029;1160;alpha->epsilon;1;0.883030303030303
S029;1182;alpha->epsilon;1;0.848316342292246
S029;1205;alpha->epsilon;1;0.8072066522944257
S029;1215;alpha->epsilon;1;0.8072066522944257
S029;1249;alpha->epsilon;1;0.8878390734532154
S029;1322;alpha->epsilon;1;0.8878390734532154
S029;1330;alpha->epsilon;1;0.883030303030303
S029;1360;alpha->epsilon;1;0.848316342292246
S029;1362;alpha->epsilon;1;0.848316342292246
S029;1371;alpha->epsilon;1;0.848316342292246
S029;1374;alpha->epsilon;1;0.8878390734532154
S029;1401;alpha->epsilon;1;0.8264908600539407
S029;1404;alpha->epsilon;1;0.883030303030303
S030;22;alpha->epsilon;1;0.7789125863622709
S030;29;alpha->epsilon;1;0.883030303030303
S030;60;alpha->epsilon;1;0.8878390734532154
S030;84;alpha->epsilon;1;0.8264908600539407
S030;93;alpha->epsilon;1;0.8264908600539407
S030;96;alpha->epsilon;1;0.7789125863622709
S030;115;alpha->epsilon;1;0.848316342292246
S030;143;alpha->epsilon;1;0.883030303030303
S030;191;alpha->epsilon;1;0.6683046683046683
S030;223;alpha->epsilon;1;0.8072066522944257
S030;225;alpha->epsilon;1;0.848316342292246
S030;230;alpha->epsilon;1;0.848316342292246
S030;232;alpha->epsilon;1;0.8072066522944257
S030;261;alpha->epsilon;1;0.7254842615012107
S030;297;alpha->epsilon;1;0.883030303030303
S030;303;alpha->epsilon;1;0.8264908600539407
S030;366;alpha->epsilon;1;0.883030303030303
S030;403;alpha->epsilon;0;0.7378345498783455
S030;408;alpha->epsilon;0;0.8072066522944257
S030;459;alpha->epsilon;1;0.8072066522944257
S030;479;alpha->epsilon;1;0.848316342292246
S030;496;alpha->epsilon;1;0.8264908600539407
S030;500;alpha->epsilon;1;0.8264908600539407
S030;502;alpha->epsilon;1;0.8264908600539407
S030;545;alpha->epsilon;1;0.7378345498783455
S030;551;alpha->epsilon;1;0.8072066522944257
S030;577;alpha->epsilon;1;0.8264908600539407
S030;613;alpha->epsilon;1;0.7378345498783455
S030;638;alpha->epsilon;1;0.8072066522944257
S030;682;alpha->epsilon;1;0.8878390734532154
S030;685;alpha->epsilon;1;0.848316342292246
S030;718;alpha->epsilon;1;0.8264908600539407
S030;726;alpha->epsilon;1;0.7254842615012107
S030;751;alpha->epsilon;1;0.848316342292246
S030;754;alpha->epsilon;1;0.8072066522944257
S030;756;alpha->epsilon;1;0.8072066522944257
S030;807;alpha->epsilon;1;0.7254842615012107
S030;811;alpha->epsilon;1;0.8264908600539407
S030;847;alpha->epsilon;0;0.8072066522944257
S030;852;alpha->epsilon;1;0.8072066522944257
S030;877;alpha->epsilon;1;0.848316342292246
S030;935;alpha->epsilon;1;0.7378345498783455
S030;942;alpha->epsilon;1;0.8072066522944257
S030;1021;alpha->epsilon;1;0.7254842615012107
S030;1039;alpha->epsilon;1;0.8264908600539407
S030;1063;alpha->epsilon;1;0.8878390734532154
S030;1131;alpha->epsilon;0;0.7254842615012107
S030;1142;alpha->epsilon;0;0.8264908600539407
S030;1151;alpha->epsilon;1;0.8264908600539407
S030;1172;alpha->epsilon;1;0.883030303030303
S030;1190;alpha->epsilon;1;0.8878390734532154
S030;1192;alpha->epsilon;1;0.848316342292246
S030;1195;alpha->epsilon;1;0.8878390734532154
S030;1223;alpha->epsilon;1;0.7789125863622709
S031;22;alpha->epsilon;1;0.7378345498783455
S031;44;alpha->epsilon;1;0.883030303030303
S031;77;alpha->epsilon;1;0.8072066522944257
S031;98;alpha->epsilon;1;0.7789125863622709
S031;126;alpha->epsilon;1;0.848316342292246
S031;214;alpha->epsilon;1;0.7254842615012107
S031;220;alpha->epsilon;1;0.7789125863622709
S031;228;alpha->epsilon;1;0.7789125863622709
S031;270;alpha->epsilon;1;0.883030303030303
S031;304;alpha->epsilon;1;0.8072066522944257
S031;320;alpha->epsilon;1;0.848316342292246
S031;352;alpha->epsilon;1;0.7789125863622709
S031;354;alpha->epsilon;1;0.883030303030303
S031;380;alpha->epsilon;0;0.7378345498783455
S031;410;alpha->epsilon;0;0.848316342292246
S031;414;alpha->epsilon;0;0.8072066522944257
S031;427;alpha->epsilon;0;0.848316342292246
S031;452;alpha->epsilon;1;0.7378345498783455
S031;456;alpha->epsilon;1;0.848316342292246
S031;499;alpha->epsilon;1;0.7254842615012107
S031;503;alpha->epsilon;1;0.7254842615012107
S031;550;alpha->epsilon;1;0.7378345498783455
S031;554;alpha->epsilon;1;0.8072066522944257
S031;567;alpha->epsilon;1;0.848316342292246
S031;600;alpha->epsilon;1;0.8878390734532154
S031;604;alpha->epsilon;1;0.848316342292246
S031;625;alpha->epsilon;1;0.8264908600539407
S031;662;alpha->epsilon;1;0.848316342292246
S031;679;alpha->epsilon;1;0.8072066522944257
S031;681;alpha->epsilon;1;0.848316342292246
S031;683;alpha->epsilon;1;0.848316342292246
S031;721;alpha->epsilon;0;0.7254842615012107
S031;754;alpha->epsilon;0;0.7254842615012107
S031;758;alpha->epsilon;1;0.7254842615012107
S031;763;alpha->epsilon;1;0.7789125863622709
S031;778;alpha->epsilon;1;0.883030303030303
S031;780;alpha->epsilon;1;0.8264908600539407
S031;803;alpha->epsilon;1;0.883030303030303
S031;816;alpha->epsilon;1;0.8264908600539407
S031;857;alpha->epsilon;0;0.7789125863622709
S031;886;alpha->epsilon;1;0.883030303030303
S031;909;alpha->epsilon;1;0.848316342292246
S031;912;alpha->epsilon;1;0.8072066522944257
S031;925;alpha->epsilon;1;0.7378345498783455
S031;930;alpha->epsilon;1;0.7378345498783455
S031;1005;alpha->epsilon;1;0.7378345498783455
S031;1047;alpha->epsilon;1;0.7254842615012107
S031;1061;alpha->epsilon;1;0.7789125863622709
S031;1066;alpha->epsilon;1;0.8264908600539407
S031;1068;alpha->epsilon;1;0.8264908600539407
S031;1093;alpha->epsilon;1;0.7378345498783455
S031;1113;alpha->epsilon;1;0.8878390734532154
S031;1127;alpha->epsilon;1;0.8264908600539407
S031;1131;alpha->epsilon;1;0.883030303030303
S031;1145;alpha->epsilon;0;0.8878390734532154
S031;1196;alpha->epsilon;1;0.8072066522944257
S031;1357;alpha->epsilon;0;0.7254842615012107
S031;1361;alpha->epsilon;0;0.7789125863622709
S031;1369;alpha->epsilon;1;0.7789125863622709
S031;1376;alpha->epsilon;1;0.8264908600539407
S031;1386;alpha->epsilon;1;0.883030303030303
S031;1392;alpha->epsilon;1;0.883030303030303
S032;34;alpha->epsilon;0;0.7254842615012107
S032;41;alpha->epsilon;0;0.7789125863622709
S032;75;alpha->epsilon;0;0.7254842615012107
S032;129;alpha->epsilon;1;0.8264908600539407
S032;184;alpha->epsilon;1;0.7254842615012107
S032;221;alpha->epsilon;1;0.8072066522944257
S032;230;alpha->epsilon;1;0.8072066522944257
S032;235;alpha->epsilon;1;0.8072066522944257
S032;237;alpha->epsilon;1;0.848316342292246
S032;240;alpha->epsilon;1;0.8072066522944257
S032;259;alpha->epsilon;1;0.8264908600539407
S032;261;alpha->epsilon;1;0.7789125863622709
S032;274;alpha->epsilon;1;0.8264908600539407
S032;281;alpha->epsilon;1;0.8264908600539407
S032;310;alpha->epsilon;0;0.7789125863622709
S032;315;alpha->epsilon;0;0.7789125863622709
S032;329;alpha->epsilon;1;0.8264908600539407
S032;342;alpha->epsilon;1;0.883030303030303
S032;370;alpha->epsilon;0;0.8072066522944257
S032;374;alpha->epsilon;0;0.8072066522944257
S032;378;alpha->epsilon;0;0.8072066522944257
S032;383;alpha->epsilon;0;0.7378345498783455
S032;407;alpha->epsilon;1;0.8072066522944257
S032;416;alpha->epsilon;1;0.7378345498783455
S032;423;alpha->epsilon;1;0.848316342292246
S032;433;alpha->epsilon;1;0.848316342292246
S032;450;alpha->epsilon;1;0.848316342292246
S032;452;alpha->epsilon;1;0.848316342292246
S032;481;alpha->epsilon;1;0.883030303030303
S032;495;alpha->epsilon;1;0.883030303030303
S032;499;alpha->epsilon;1;0.8264908600539407
S032;539;alpha->epsilon;0;0.8264908600539407
S032;559;alpha->epsilon;0;0.8264908600539407
S032;617;alpha->epsilon;0;0.7254842615012107
S032;632;alpha->epsilon;1;0.8264908600539407
S032;641;alpha->epsilon;1;0.7789125863622709
S032;672;alpha->epsilon;0;0.8072066522944257
S032;687;alpha->epsilon;1;0.8072066522944257
S032;692;alpha->epsilon;1;0.8878390734532154
S032;702;alpha->epsilon;1;0.848316342292246
S032;752;alpha->epsilon;1;0.848316342292246
S032;773;alpha->epsilon;1;0.8072066522944257
S032;776;alpha->epsilon;1;0.8878390734532154
S032;781;alpha->epsilon;1;0.848316342292246
S032;785;alpha->epsilon;1;0.8878390734532154
S032;789;alpha->epsilon;1;0.848316342292246
S032;792;alpha->epsilon;1;0.848316342292246
S032;832;alpha->epsilon;1;0.8264908600539407
S032;840;alpha->epsilon;1;0.7789125863622709
S032;843;alpha->epsilon;1;0.7789125863622709
S032;876;alpha->epsilon;1;0.8264908600539407
S032;881;alpha->epsilon;1;0.8264908600539407
S032;904;alpha->epsilon;0;0.848316342292246
S032;934;alpha->epsilon;0;0.7378345498783455
S032;964;alpha->epsilon;1;0.7378345498783455
S032;967;alpha->epsilon;1;0.7378345498783455
S032;969;alpha->epsilon;1;0.7378345498783455
S032;976;alpha->epsilon;1;0.7378345498783455
S032;983;alpha->epsilon;1;0.8072066522944257
S032;1024;alpha->epsilon;1;0.7789125863622709
S032;1030;alpha->epsilon;1;0.7254842615012107
S032;1046;alpha->epsilon;1;0.8264908600539407
S032;1083;alpha->epsilon;0;0.7254842615012107
S032;1092;alpha->epsilon;0;0.7254842615012107
S032;1095;alpha->epsilon;0;0.8264908600539407
S032;1126;alpha->epsilon;1;0.7254842615012107
S032;1143;alpha->epsilon;1;0.8264908600539407
S032;1249;alpha->epsilon;1;0.8072066522944257
S032;1320;alpha->epsilon;1;0.848316342292246
S032;1368;alpha->epsilon;1;0.6683046683046683
S032;1371;alpha->epsilon;1;0.7254842615012107
S032;1387;alpha->epsilon;1;0.8264908600539407
S032;1395;alpha->epsilon;1;0.848316342292246
S032;1412;alpha->epsilon;1;0.8878390734532154
S033;5;alpha->epsilon;1;0.848316342292246
S033;28;alpha->epsilon;1;0.8878390734532154
S033;46;alpha->epsilon;1;0.8878390734532154
S033;85;alpha->epsilon;1;0.7254842615012107
S033;111;alpha->epsilon;0;0.7378345498783455
S033;117;alpha->epsilon;0;0.7378345498783455
S033;127;alpha->epsilon;0;0.8878390734532154
S033;167;alpha->epsilon;1;0.7378345498783455
S033;169;alpha->epsilon;1;0.7378345498783455
S033;171;alpha->epsilon;1;0.848316342292246
S033;215;alpha->epsilon;1;0.7789125863622709
S033;227;alpha->epsilon;0;0.7789125863622709
S033;261;alpha->epsilon;1;0.7254842615012107
S033;288;alpha->epsilon;0;0.8878390734532154
S033;318;alpha->epsilon;0;0.8072066522944257
S033;321;alpha->epsilon;0;0.8072066522944257
S033;355;alpha->epsilon;0;0.7378345498783455
S033;359;alpha->epsilon;0;0.8072066522944257
S033;369;alpha->epsilon;0;0.7378345498783455
S033;408;alpha->epsilon;0;0.7378345498783455
S033;411;alpha->epsilon;0;0.7378345498783455
S033;448;alpha->epsilon;1;0.7378345498783455
S033;454;alpha->epsilon;1;0.7378345498783455
S033;464;alpha->epsilon;1;0.7378345498783455
S033;466;alpha->epsilon;1;0.8072066522944257
S033;520;alpha->epsilon;1;0.7254842615012107
S033;522;alpha->epsilon;1;0.7254842615012107
S033;585;alpha->epsilon;1;0.7254842615012107
S033;628;alpha->epsilon;1;0.7789125863622709
S033;660;alpha->epsilon;1;0.7254842615012107
S033;671;alpha->epsilon;1;0.7789125863622709
S033;695;alpha->epsilon;1;0.7378345498783455
S033;700;alpha->epsilon;1;0.6817095038852361
S033;702;alpha->epsilon;1;0.7378345498783455
S033;714;alpha->epsilon;1;0.8072066522944257
S033;717;alpha->epsilon;1;0.848316342292246
S033;758;alpha->epsilon;1;0.7254842615012107
S033;858;alpha->epsilon;1;0.883030303030303
S033;898;alpha->epsilon;1;0.883030303030303
S033;938;alpha->epsilon;1;0.8072066522944257
S033;955;alpha->epsilon;1;0.7378345498783455
S033;972;alpha->epsilon;1;0.8878390734532154
S033;1005;alpha->epsilon;0;0.7378345498783455
S033;1048;alpha->epsilon;0;0.8072066522944257
S033;1102;alpha->epsilon;1;0.7378345498783455
S033;1148;alpha->epsilon;1;0.8072066522944257
S033;1156;alpha->epsilon;1;0.7378345498783455
S033;1228;alpha->epsilon;1;0.8264908600539407
S033;1327;alpha->epsilon;0;0.8072066522944257
S033;1346;alpha->epsilon;0;0.7378345498783455
S033;1348;alpha->epsilon;0;0.7378345498783455
S033;1395;alpha->epsilon;1;0.7378345498783455
S033;1402;alpha->epsilon;1;0.7378345498783455
S033;1404;alpha->epsilon;1;0.7378345498783455
S033;1407;alpha->epsilon;1;0.7378345498783455
S034;58;alpha->epsilon;1;0.7254842615012107
S034;74;alpha->epsilon;1;0.8878390734532154
S034;89;alpha->epsilon;0;0.7378345498783455
S034;117;alpha->epsilon;1;0.848316342292246
S034;121;alpha->epsilon;1;0.848316342292246
S034;130;alpha->epsilon;1;0.8878390734532154
S034;225;alpha->epsilon;1;0.7254842615012107
S034;314;alpha->epsilon;1;0.7254842615012107
S034;323;alpha->epsilon;1;0.7254842615012107
S034;327;alpha->epsilon;1;0.8264908600539407
S034;360;alpha->epsilon;1;0.7789125863622709
S034;381;alpha->epsilon;1;0.883030303030303
S034;416;alpha->epsilon;1;0.848316342292246
S034;447;alpha->epsilon;1;0.7378345498783455
S034;468;alpha->epsilon;1;0.883030303030303
S034;471;alpha->epsilon;1;0.883030303030303
S034;528;alpha->epsilon;1;0.7378345498783455
S034;569;alpha->epsilon;1;0.8072066522944257
S034;577;alpha->epsilon;1;0.848316342292246
S034;601;alpha->epsilon;1;0.883030303030303
S034;654;alpha->epsilon;1;0.7378345498783455
S034;673;alpha->epsilon;1;0.848316342292246
S034;678;alpha->epsilon;1;0.8878390734532154
S034;698;alpha->epsilon;1;0.8264908600539407
S034;703;alpha->epsilon;1;0.883030303030303
S034;712;alpha->epsilon;1;0.8264908600539407
S034;724;alpha->epsilon;1;0.883030303030303
S034;758;alpha->epsilon;1;0.883030303030303
S034;792;alpha->epsilon;1;0.8264908600539407
S034;814;alpha->epsilon;0;0.848316342292246
S034;847;alpha->epsilon;1;0.848316342292246
S034;870;alpha->epsilon;1;0.883030303030303
S034;919;alpha->epsilon;1;0.8264908600539407
S034;926;alpha->epsilon;1;0.7789125863622709
S034;993;alpha->epsilon;1;0.7378345498783455
S034;1019;alpha->epsilon;0;0.7789125863622709
S034;1044;alpha->epsilon;1;0.8264908600539407
S034;1056;alpha->epsilon;1;0.883030303030303
S034;1060;alpha->epsilon;1;0.7789125863622709
S034;1063;alpha->epsilon;1;0.7789125863622709
S034;1071;alpha->epsilon;1;0.7789125863622709
S034;1081;alpha->epsilon;1;0.883030303030303
S034;1143;alpha->epsilon;1;0.8264908600539407
S034;1182;alpha->epsilon;1;0.6817095038852361
S034;1184;alpha->epsilon;1;0.7378345498783455
S034;1189;alpha->epsilon;1;0.7378345498783455
S034;1320;alpha->epsilon;1;0.7254842615012107
S034;1326;alpha->epsilon;1;0.7254842615012107
S034;1377;alpha->epsilon;1;0.8072066522944257
S034;1388;alpha->epsilon;1;0.848316342292246
S035;23;alpha->epsilon;0;0.7789125863622709
S035;52;alpha->epsilon;1;0.7254842615012107
S035;55;alpha->epsilon;1;0.7254842615012107
S035;58;alpha->epsilon;1;0.7254842615012107
S035;116;alpha->epsilon;1;0.7254842615012107
S035;124;alpha->epsilon;1;0.7254842615012107
S035;205;alpha->epsilon;1;0.7254842615012107
S035;208;alpha->epsilon;1;0.7789125863622709
S035;229;alpha->epsilon;1;0.848316342292246
S035;232;alpha->epsilon;1;0.848316342292246
S035;285;alpha->epsilon;1;0.7378345498783455
S035;298;alpha->epsilon;0;0.848316342292246
S035;322;alpha->epsilon;1;0.8072066522944257
S035;326;alpha->epsilon;1;0.8878390734532154
S035;336;alpha->epsilon;1;0.8878390734532154
S035;364;alpha->epsilon;1;0.883030303030303
S035;390;alpha->epsilon;1;0.7378345498783455
S035;392;alpha->epsilon;1;0.8072066522944257
S035;417;alpha->epsilon;0;0.7254842615012107
S035;429;alpha->epsilon;0;0.7789125863622709
S035;435;alpha->epsilon;0;0.8264908600539407
S035;437;alpha->epsilon;0;0.7789125863622709
S035;439;alpha->epsilon;0;0.883030303030303
S035;468;alpha->epsilon;0;0.7789125863622709
S035;478;alpha->epsilon;0;0.7254842615012107
S035;499;alpha->epsilon;0;0.7254842615012107
S035;520;alpha->epsilon;1;0.7254842615012107
S035;526;alpha->epsilon;1;0.7789125863622709
S035;535;alpha->epsilon;1;0.883030303030303
S035;584;alpha->epsilon;1;0.7254842615012107
S035;586;alpha->epsilon;1;0.7789125863622709
S035;613;alpha->epsilon;1;0.7378345498783455
S035;642;alpha->epsilon;1;0.7789125863622709
S035;690;alpha->epsilon;1;0.8878390734532154
S035;714;alpha->epsilon;1;0.8264908600539407
S035;722;alpha->epsilon;1;0.883030303030303
S035;773;alpha->epsilon;0;0.7254842615012107
S035;801;alpha->epsilon;1;0.7254842615012107
S035;836;alpha->epsilon;1;0.7789125863622709
S035;841;alpha->epsilon;1;0.8264908600539407
S035;851;alpha->epsilon;1;0.7789125863622709
S035;910;alpha->epsilon;1;0.7378345498783455
S035;940;alpha->epsilon;1;0.8264908600539407
S035;944;alpha->epsilon;1;0.7789125863622709
S035;948;alpha->epsilon;1;0.7254842615012107
S035;950;alpha->epsilon;1;0.8264908600539407
S035;975;alpha->epsilon;1;0.848316342292246
S035;999;alpha->epsilon;1;0.8072066522944257
S035;1021;alpha->epsilon;1;0.883030303030303
S035;1025;alpha->epsilon;1;0.7789125863622709
S035;1084;alpha->epsilon;1;0.7378345498783455
S035;1109;alpha->epsilon;1;0.8264908600539407
S035;1117;alpha->epsilon;1;0.7254842615012107
S035;1161;alpha->epsilon;1;0.7789125863622709
S035;1163;alpha->epsilon;1;0.8264908600539407
S035;1192;alpha->epsilon;1;0.8072066522944257
S035;1194;alpha->epsilon;1;0.8072066522944257
S035;1199;alpha->epsilon;1;0.848316342292246
S035;1223;alpha->epsilon;1;0.7789125863622709
S035;1229;alpha->epsilon;1;0.7789125863622709
S036;10;alpha->epsilon;1;0.848316342292246
S036;61;alpha->epsilon;0;0.8264908600539407
S036;65;alpha->epsilon;0;0.8264908600539407
S036;94;alpha->epsilon;1;0.7789125863622709
S036;107;alpha->epsilon;1;0.8264908600539407
S036;130;alpha->epsilon;1;0.8072066522944257
S036;142;alpha->epsilon;1;0.8072066522944257
S036;151;alpha->epsilon;1;0.8878390734532154
S036;202;alpha->epsilon;1;0.8878390734532154
S036;207;alpha->epsilon;1;0.8072066522944257
S036;213;alpha->epsilon;1;0.848316342292246
S036;277;alpha->epsilon;1;0.7378345498783455
S036;280;alpha->epsilon;1;0.7378345498783455
S036;282;alpha->epsilon;1;0.7378345498783455
S036;286;alpha->epsilon;1;0.7378345498783455
S036;291;alpha->epsilon;1;0.848316342292246
S036;325;alpha->epsilon;1;0.7254842615012107
S036;338;alpha->epsilon;1;0.7789125863622709
S036;340;alpha->epsilon;1;0.7789125863622709
S036;386;alpha->epsilon;1;0.848316342292246
S036;390;alpha->epsilon;1;0.8072066522944257
S036;406;alpha->epsilon;0;0.883030303030303
S036;417;alpha->epsilon;0;0.8264908600539407
S036;430;alpha->epsilon;0;0.7254842615012107
S036;432;alpha->epsilon;0;0.7789125863622709
S036;450;alpha->epsilon;1;0.7789125863622709
S036;452;alpha->epsilon;1;0.7789125863622709
S036;458;alpha->epsilon;1;0.7254842615012107
S036;481;alpha->epsilon;1;0.8878390734532154
S036;488;alpha->epsilon;1;0.8072066522944257
S036;490;alpha->epsilon;1;0.8072066522944257
S036;492;alpha->epsilon;1;0.8072066522944257
S036;515;alpha->epsilon;1;0.8264908600539407
S036;518;alpha->epsilon;1;0.8264908600539407
S036;526;alpha->epsilon;1;0.8264908600539407
S036;547;alpha->epsilon;1;0.8878390734532154
S036;557;alpha->epsilon;1;0.848316342292246
S036;584;alpha->epsilon;1;0.7789125863622709
S036;611;alpha->epsilon;1;0.8072066522944257
S036;615;alpha->epsilon;1;0.8072066522944257
S036;617;alpha->epsilon;1;0.8878390734532154
S036;663;alpha->epsilon;1;0.8264908600539407
S036;673;alpha->epsilon;1;0.7789125863622709
S036;727;alpha->epsilon;1;0.7378345498783455
S036;730;alpha->epsilon;1;0.8072066522944257
S036;776;alpha->epsilon;0;0.7254842615012107
S036;785;alpha->epsilon;0;0.7254842615012107
S036;822;alpha->epsilon;1;0.7254842615012107
S036;825;alpha->epsilon;1;0.7789125863622709
S036;828;alpha->epsilon;1;0.7254842615012107
S036;830;alpha->epsilon;1;0.7254842615012107
S036;835;alpha->epsilon;1;0.7254842615012107
S036;837;alpha->epsilon;1;0.7789125863622709
S036;841;alpha->epsilon;1;0.8264908600539407
S036;879;alpha->epsilon;1;0.8072066522944257
S036;888;alpha->epsilon;1;0.848316342292246
S036;892;alpha->epsilon;1;0.8072066522944257
S036;900;alpha->epsilon;1;0.8072066522944257
S036;909;alpha->epsilon;1;0.8878390734532154
S036;958;alpha->epsilon;1;0.848316342292246
S036;1009;alpha->epsilon;1;0.8072066522944257
S036;1041;alpha->epsilon;1;0.7789125863622709
S036;1045;alpha->epsilon;1;0.7254842615012107
S036;1055;alpha->epsilon;1;0.883030303030303
S036;1087;alpha->epsilon;1;0.8264908600539407
S036;1195;alpha->epsilon;1;0.848316342292246
S036;1215;alpha->epsilon;1;0.8264908600539407
S036;1222;alpha->epsilon;1;0.7254842615012107
S036;1251;alpha->epsilon;1;0.7378345498783455
S036;1342;alpha->epsilon;1;0.7254842615012107
S036;1347;alpha->epsilon;1;0.6683046683046683
S036;1368;alpha->epsilon;1;0.8878390734532154
S036;1380;alpha->epsilon;1;0.8072066522944257
S036;1385;alpha->epsilon;1;0.848316342292246
S036;1407;alpha->epsilon;1;0.8264908600539407
S037;22;alpha->epsilon;1;0.7378345498783455
S037;77;alpha->epsilon;1;0.7254842615012107
S037;120;alpha->epsilon;1;0.7378345498783455
S037;123;alpha->epsilon;1;0.7378345498783455
S037;135;alpha->epsilon;1;0.8072066522944257
S037;137;alpha->epsilon;1;0.8072066522944257
S037;140;alpha->epsilon;1;0.848316342292246
S037;143;alpha->epsilon;1;0.8878390734532154
S037;152;alpha->epsilon;1;0.883030303030303
S037;174;alpha->epsilon;1;0.8072066522944257
S037;177;alpha->epsilon;1;0.848316342292246
S037;236;alpha->epsilon;1;0.7254842615012107
S037;247;alpha->epsilon;1;0.7254842615012107
S037;299;alpha->epsilon;1;0.7378345498783455
S037;319;alpha->epsilon;1;0.8264908600539407
S037;347;alpha->epsilon;1;0.8878390734532154
S037;377;alpha->epsilon;1;0.8878390734532154
S037;384;alpha->epsilon;1;0.8878390734532154
S037;404;alpha->epsilon;1;0.7789125863622709
S037;432;alpha->epsilon;1;0.8072066522944257
S037;441;alpha->epsilon;1;0.8072066522944257
S037;447;alpha->epsilon;1;0.848316342292246
S037;451;alpha->epsilon;1;0.8072066522944257
S037;469;alpha->epsilon;0;0.8878390734532154
S037;497;alpha->epsilon;1;0.8072066522944257
S037;499;alpha->epsilon;1;0.8072066522944257
S037;568;alpha->epsilon;0;0.7254842615012107
S037;572;alpha->epsilon;0;0.7254842615012107
S037;583;alpha->epsilon;1;0.7789125863622709
S037;588;alpha->epsilon;1;0.883030303030303
S037;597;alpha->epsilon;1;0.8264908600539407
S037;614;alpha->epsilon;1;0.8264908600539407
S037;621;alpha->epsilon;1;0.8264908600539407
S037;624;alpha->epsilon;1;0.8264908600539407
S037;660;alpha->epsilon;0;0.8072066522944257
S037;665;alpha->epsilon;0;0.8072066522944257
S037;721;alpha->epsilon;1;0.848316342292246
S037;771;alpha->epsilon;1;0.7378345498783455
S037;835;alpha->epsilon;1;0.7378345498783455
S037;837;alpha->epsilon;1;0.7378345498783455
S037;856;alpha->epsilon;1;0.848316342292246
S037;890;alpha->epsilon;1;0.8264908600539407
S037;915;alpha->epsilon;1;0.848316342292246
S037;965;alpha->epsilon;1;0.8072066522944257
S037;971;alpha->epsilon;1;0.8072066522944257
S037;1045;alpha->epsilon;1;0.7378345498783455
S037;1066;alpha->epsilon;0;0.883030303030303
S037;1102;alpha->epsilon;0;0.7254842615012107
S037;1105;alpha->epsilon;0;0.7254842615012107
S037;1135;alpha->epsilon;1;0.7254842615012107
S037;1207;alpha->epsilon;0;0.8264908600539407
S037;1234;alpha->epsilon;1;0.7789125863622709
S037;1249;alpha->epsilon;1;0.883030303030303
S037;1327;alpha->epsilon;1;0.848316342292246
S037;1373;alpha->epsilon;1;0.848316342292246
S038;10;alpha->epsilon;0;0.8072066522944257
S038;14;alpha->epsilon;0;0.8072066522944257
S038;44;alpha->epsilon;0;0.7378345498783455
S038;49;alpha->epsilon;0;0.7378345498783455
S038;61;alpha->epsilon;0;0.8878390734532154
S038;86;alpha->epsilon;1;0.848316342292246
S038;91;alpha->epsilon;1;0.8878390734532154
S038;137;alpha->epsilon;0;0.7378345498783455
S038;199;alpha->epsilon;1;0.8072066522944257
S038;206;alpha->epsilon;1;0.848316342292246
S038;225;alpha->epsilon;1;0.883030303030303
S038;236;alpha->epsilon;1;0.7254842615012107
S038;268;alpha->epsilon;1;0.6817095038852361
S038;298;alpha->epsilon;1;0.7254842615012107
S038;363;alpha->epsilon;0;0.7378345498783455
S038;365;alpha->epsilon;0;0.7378345498783455
S038;379;alpha->epsilon;0;0.8072066522944257
S038;381;alpha->epsilon;0;0.8878390734532154
S038;390;alpha->epsilon;0;0.8072066522944257
S038;422;alpha->epsilon;1;0.7378345498783455
S038;463;alpha->epsilon;1;0.7254842615012107
S038;469;alpha->epsilon;1;0.7789125863622709
S038;492;alpha->epsilon;1;0.8072066522944257
S038;523;alpha->epsilon;1;0.883030303030303
S038;541;alpha->epsilon;1;0.7789125863622709
S038;578;alpha->epsilon;0;0.7789125863622709
S038;584;alpha->epsilon;0;0.7789125863622709
S038;593;alpha->epsilon;1;0.7789125863622709
S038;597;alpha->epsilon;1;0.7789125863622709
S038;618;alpha->epsilon;1;0.7789125863622709
S038;646;alpha->epsilon;1;0.848316342292246
S038;751;alpha->epsilon;1;0.8072066522944257
S038;783;alpha->epsilon;1;0.8264908600539407
S038;799;alpha->epsilon;1;0.7789125863622709
S038;825;alpha->epsilon;1;0.8878390734532154
S038;874;alpha->epsilon;0;0.7378345498783455
S038;893;alpha->epsilon;0;0.848316342292246
S038;929;alpha->epsilon;1;0.7378345498783455
S038;933;alpha->epsilon;1;0.7378345498783455
S038;939;alpha->epsilon;1;0.8072066522944257
S038;976;alpha->epsilon;1;0.6683046683046683
S038;980;alpha->epsilon;1;0.7254842615012107
S038;1007;alpha->epsilon;1;0.7378345498783455
S038;1015;alpha->epsilon;1;0.848316342292246
S038;1026;alpha->epsilon;1;0.848316342292246
S038;1028;alpha->epsilon;1;0.848316342292246
S038;1113;alpha->epsilon;0;0.8072066522944257
S038;1121;alpha->epsilon;1;0.8072066522944257
S038;1123;alpha->epsilon;1;0.7378345498783455
S038;1127;alpha->epsilon;1;0.8072066522944257
S038;1142;alpha->epsilon;1;0.8878390734532154
S038;1182;alpha->epsilon;0;0.7254842615012107
S038;1184;alpha->epsilon;0;0.7254842615012107
S038;1212;alpha->epsilon;1;0.7254842615012107
S038;1232;alpha->epsilon;1;0.8264908600539407
S038;1240;alpha->epsilon;1;0.8264908600539407
S038;1257;alpha->epsilon;1;0.8264908600539407
S038;1343;alpha->epsilon;1;0.848316342292246
S038;1345;alpha->epsilon;1;0.8878390734532154
S038;1363;alpha->epsilon;1;0.848316342292246
S038;1369;alpha->epsilon;1;0.8878390734532154
S038;1373;alpha->epsilon;1;0.848316342292246
S039;9;alpha->epsilon;1;0.8878390734532154
S039;29;alpha->epsilon;1;0.883030303030303
S039;65;alpha->epsilon;1;0.848316342292246
S039;91;alpha->epsilon;1;0.8264908600539407
S039;94;alpha->epsilon;1;0.7789125863622709
S039;96;alpha->epsilon;1;0.8264908600539407
S039;115;alpha->epsilon;1;0.8878390734532154
S039;139;alpha->epsilon;1;0.8072066522944257
S039;185;alpha->epsilon;0;0.7254842615012107
S039;189;alpha->epsilon;0;0.7254842615012107
S039;234;alpha->epsilon;1;0.7789125863622709
S039;236;alpha->epsilon;1;0.7789125863622709
S039;246;alpha->epsilon;1;0.8264908600539407
S039;282;alpha->epsilon;1;0.8264908600539407
S039;287;alpha->epsilon;1;0.7789125863622709
S039;334;alpha->epsilon;1;0.8264908600539407
S039;368;alpha->epsilon;1;0.7378345498783455
S039;404;alpha->epsilon;1;0.7789125863622709
S039;418;alpha->epsilon;1;0.8264908600539407
S039;423;alpha->epsilon;1;0.883030303030303
S039;450;alpha->epsilon;1;0.7378345498783455
S039;452;alpha->epsilon;1;0.7378345498783455
S039;503;alpha->epsilon;0;0.8072066522944257
S039;553;alpha->epsilon;1;0.7378345498783455
S039;567;alpha->epsilon;1;0.8072066522944257
S039;573;alpha->epsilon;1;0.8878390734532154
S039;624;alpha->epsilon;1;0.7789125863622709
S039;632;alpha->epsilon;1;0.7254842615012107
S039;648;alpha->epsilon;1;0.8264908600539407
S039;668;alpha->epsilon;1;0.8878390734532154
S039;677;alpha->epsilon;1;0.8878390734532154
S039;716;alpha->epsilon;1;0.7789125863622709
S039;747;alpha->epsilon;1;0.883030303030303
S039;766;alpha->epsilon;1;0.848316342292246
S039;800;alpha->epsilon;1;0.7789125863622709
S039;806;alpha->epsilon;1;0.7789125863622709
S039;844;alpha->epsilon;1;0.6817095038852361
S039;846;alpha->epsilon;1;0.7378345498783455
S039;849;alpha->epsilon;1;0.8072066522944257
S039;855;alpha->epsilon;1;0.848316342292246
S039;888;alpha->epsilon;1;0.8878390734532154
S039;896;alpha->epsilon;1;0.848316342292246
S039;901;alpha->epsilon;1;0.848316342292246
S039;905;alpha->epsilon;1;0.848316342292246
S039;908;alpha->epsilon;1;0.848316342292246
S039;990;alpha->epsilon;1;0.7789125863622709
S039;992;alpha->epsilon;1;0.7789125863622709
S039;1035;alpha->epsilon;0;0.8072066522944257
S039;1041;alpha->epsilon;1;0.848316342292246
S039;1048;alpha->epsilon;1;0.8072066522944257
S039;1050;alpha->epsilon;1;0.848316342292246
S039;1103;alpha->epsilon;1;0.7378345498783455
S039;1107;alpha->epsilon;1;0.8072066522944257
S039;1129;alpha->epsilon;1;0.8264908600539407
S039;1139;alpha->epsilon;1;0.7254842615012107
S039;1158;alpha->epsilon;1;0.8878390734532154
S039;1162;alpha->epsilon;1;0.8878390734532154
S039;1187;alpha->epsilon;1;0.7254842615012107
S039;1213;alpha->epsilon;1;0.848316342292246
S039;1216;alpha->epsilon;1;0.8072066522944257
S039;1252;alpha->epsilon;1;0.7254842615012107
S039;1321;alpha->epsilon;1;0.7789125863622709
S039;1333;alpha->epsilon;1;0.8264908600539407
S039;1355;alpha->epsilon;1;0.8072066522944257
S039;1357;alpha->epsilon;1;0.8072066522944257
S039;1376;alpha->epsilon;1;0.848316342292246
S039;1408;alpha->epsilon;0;0.848316342292246
S040;2;alpha->epsilon;1;0.8072066522944257
S040;7;alpha->epsilon;1;0.8072066522944257
S040;9;alpha->epsilon;1;0.8072066522944257
S040;60;alpha->epsilon;1;0.883030303030303
S040;84;alpha->epsilon;0;0.8072066522944257
S040;90;alpha->epsilon;0;0.8878390734532154
S040;93;alpha->epsilon;0;0.848316342292246
S040;98;alpha->epsilon;0;0.848316342292246
S040;139;alpha->epsilon;1;0.7378345498783455
S040;150;alpha->epsilon;1;0.8878390734532154
S040;174;alpha->epsilon;1;0.7789125863622709
S040;182;alpha->epsilon;1;0.8264908600539407
S040;204;alpha->epsilon;0;0.848316342292246
S040;232;alpha->epsilon;0;0.7378345498783455
S040;257;alpha->epsilon;1;0.8072066522944257
S040;266;alpha->epsilon;1;0.8072066522944257
S040;269;alpha->epsilon;1;0.8072066522944257
S040;278;alpha->epsilon;1;0.8878390734532154
S040;324;alpha->epsilon;1;0.8878390734532154
S040;386;alpha->epsilon;0;0.7378345498783455
S040;394;alpha->epsilon;0;0.7378345498783455
S040;425;alpha->epsilon;1;0.848316342292246
S040;472;alpha->epsilon;1;0.7254842615012107
S040;503;alpha->epsilon;0;0.7378345498783455
S040;533;alpha->epsilon;0;0.7378345498783455
S040;536;alpha->epsilon;0;0.7378345498783455
S040;555;alpha->epsilon;1;0.848316342292246
S040;605;alpha->epsilon;1;0.7378345498783455
S040;627;alpha->epsilon;1;0.883030303030303
S040;656;alpha->epsilon;0;0.7378345498783455
S040;674;alpha->epsilon;0;0.7378345498783455
S040;696;alpha->epsilon;1;0.8072066522944257
S040;702;alpha->epsilon;1;0.8072066522944257
S040;704;alpha->epsilon;1;0.8878390734532154
S040;709;alpha->epsilon;1;0.8072066522944257
S040;731;alpha->epsilon;1;0.883030303030303
S040;776;alpha->epsilon;1;0.7378345498783455
S040;804;alpha->epsilon;1;0.7254842615012107
S040;806;alpha->epsilon;1;0.883030303030303
S040;826;alpha->epsilon;1;0.848316342292246
S040;828;alpha->epsilon;1;0.8072066522944257
S040;858;alpha->epsilon;1;0.8264908600539407
S040;882;alpha->epsilon;1;0.848316342292246
S040;891;alpha->epsilon;1;0.848316342292246
S040;929;alpha->epsilon;1;0.8072066522944257
S040;967;alpha->epsilon;0;0.8264908600539407
S040;980;alpha->epsilon;1;0.7789125863622709
S040;998;alpha->epsilon;1;0.8264908600539407
S040;1001;alpha->epsilon;1;0.8264908600539407
S040;1025;alpha->epsilon;1;0.8264908600539407
S040;1051;alpha->epsilon;1;0.8878390734532154
S040;1054;alpha->epsilon;1;0.8878390734532154
S040;1064;alpha->epsilon;0;0.8878390734532154
S040;1069;alpha->epsilon;1;0.848316342292246
S040;1092;alpha->epsilon;1;0.8072066522944257
S040;1112;alpha->epsilon;1;0.883030303030303
S040;1125;alpha->epsilon;1;0.883030303030303
S040;1172;alpha->epsilon;1;0.7378345498783455
S041;4;alpha->epsilon;1;0.7789125863622709
S041;22;alpha->epsilon;0;0.8264908600539407
S041;84;alpha->epsilon;0;0.7789125863622709
S041;108;alpha->epsilon;1;0.8264908600539407
S041;118;alpha->epsilon;1;0.8264908600539407
S041;126;alpha->epsilon;1;0.883030303030303
S041;158;alpha->epsilon;1;0.8072066522944257
S041;164;alpha->epsilon;1;0.8072066522944257
S041;195;alpha->epsilon;1;0.7254842615012107
S041;221;alpha->epsilon;1;0.7378345498783455
S041;236;alpha->epsilon;1;0.8072066522944257
S041;239;alpha->epsilon;1;0.8072066522944257
S041;241;alpha->epsilon;1;0.848316342292246
S041;279;alpha->epsilon;1;0.7378345498783455
S041;289;alpha->epsilon;1;0.8072066522944257
S041;311;alpha->epsilon;1;0.8878390734532154
S041;364;alpha->epsilon;1;0.848316342292246
S041;377;alpha->epsilon;1;0.8072066522944257
S041;422;alpha->epsilon;1;0.7378345498783455
S041;424;alpha->epsilon;1;0.7378345498783455
S041;439;alpha->epsilon;1;0.8072066522944257
S041;455;alpha->epsilon;1;0.883030303030303
S041;471;alpha->epsilon;1;0.848316342292246
S041;473;alpha->epsilon;1;0.8878390734532154
S041;498;alpha->epsilon;1;0.8264908600539407
S041;507;alpha->epsilon;1;0.8264908600539407
S041;542;alpha->epsilon;1;0.7254842615012107
S041;547;alpha->epsilon;1;0.7254842615012107
S041;549;alpha->epsilon;1;0.7789125863622709
S041;562;alpha->epsilon;1;0.883030303030303
S041;619;alpha->epsilon;1;0.7789125863622709
S041;684;alpha->epsilon;1;0.7254842615012107
S041;751;alpha->epsilon;1;0.7789125863622709
S041;756;alpha->epsilon;1;0.7789125863622709
S041;765;alpha->epsilon;1;0.883030303030303
S041;807;alpha->epsilon;1;0.8878390734532154
S041;811;alpha->epsilon;1;0.848316342292246
S041;820;alpha->epsilon;1;0.8072066522944257
S041;850;alpha->epsilon;1;0.7254842615012107
S041;890;alpha->epsilon;0;0.7378345498783455
S041;908;alpha->epsilon;0;0.848316342292246
S041;934;alpha->epsilon;0;0.848316342292246
S041;945;alpha->epsilon;0;0.848316342292246
S041;990;alpha->epsilon;1;0.8072066522944257
S041;1018;alpha->epsilon;1;0.7789125863622709
S041;1028;alpha->epsilon;1;0.8264908600539407
S041;1063;alpha->epsilon;1;0.7378345498783455
S041;1132;alpha->epsilon;0;0.7378345498783455
S041;1195;alpha->epsilon;1;0.7378345498783455
S041;1201;alpha->epsilon;1;0.848316342292246
S041;1214;alpha->epsilon;1;0.8878390734532154
S041;1225;alpha->epsilon;1;0.883030303030303
S041;1352;alpha->epsilon;0;0.7378345498783455
S041;1388;alpha->epsilon;1;0.7378345498783455
S042;2;alpha->epsilon;0;0.848316342292246
S042;40;alpha->epsilon;1;0.8072066522944257
S042;48;alpha->epsilon;1;0.8072066522944257
S042;50;alpha->epsilon;1;0.7378345498783455
S042;58;alpha->epsilon;1;0.8878390734532154
S042;70;alpha->epsilon;1;0.883030303030303
S042;101;alpha->epsilon;0;0.7378345498783455
S042;104;alpha->epsilon;0;0.848316342292246
S042;123;alpha->epsilon;0;0.7378345498783455
S042;127;alpha->epsilon;1;0.8072066522944257
S042;142;alpha->epsilon;1;0.8072066522944257
S042;149;alpha->epsilon;1;0.848316342292246
S042;189;alpha->epsilon;1;0.7254842615012107
S042;223;alpha->epsilon;1;0.848316342292246
S042;234;alpha->epsilon;1;0.8878390734532154
S042;239;alpha->epsilon;1;0.8878390734532154
S042;268;alpha->epsilon;1;0.883030303030303
S042;278;alpha->epsilon;0;0.7789125863622709
S042;361;alpha->epsilon;1;0.7254842615012107
S042;409;alpha->epsilon;0;0.7254842615012107
S042;419;alpha->epsilon;1;0.7789125863622709
S042;422;alpha->epsilon;1;0.7789125863622709
S042;433;alpha->epsilon;1;0.8264908600539407
S042;455;alpha->epsilon;1;0.8264908600539407
S042;472;alpha->epsilon;1;0.883030303030303
S042;481;alpha->epsilon;1;0.8264908600539407
S042;497;alpha->epsilon;1;0.8878390734532154
S042;534;alpha->epsilon;1;0.8072066522944257
S042;590;alpha->epsilon;1;0.8878390734532154
S042;657;alpha->epsilon;0;0.7378345498783455
S042;681;alpha->epsilon;1;0.8072066522944257
S042;723;alpha->epsilon;1;0.8264908600539407
S042;749;alpha->epsilon;1;0.848316342292246
S042;753;alpha->epsilon;1;0.848316342292246
S042;778;alpha->epsilon;1;0.8878390734532154
S042;811;alpha->epsilon;1;0.848316342292246
S042;818;alpha->epsilon;1;0.8878390734532154
S042;827;alpha->epsilon;1;0.8878390734532154
S042;857;alpha->epsilon;1;0.7789125863622709
S042;860;alpha->epsilon;1;0.7789125863622709
S042;868;alpha->epsilon;1;0.7789125863622709
S042;870;alpha->epsilon;1;0.7789125863622709
S042;906;alpha->epsilon;1;0.7378345498783455
S042;954;alpha->epsilon;1;0.7789125863622709
S042;986;alpha->epsilon;1;0.8072066522944257
S042;992;alpha->epsilon;1;0.8878390734532154
S042;1010;alpha->epsilon;1;0.8878390734532154
S042;1022;alpha->epsilon;1;0.848316342292246
S042;1031;alpha->epsilon;1;0.848316342292246
S042;1099;alpha->epsilon;1;0.6683046683046683
S042;1105;alpha->epsilon;1;0.7254842615012107
S042;1111;alpha->epsilon;1;0.7254842615012107
S042;1140;alpha->epsilon;1;0.7378345498783455
S042;1190;alpha->epsilon;1;0.8072066522944257
S042;1202;alpha->epsilon;1;0.848316342292246
S042;1215;alpha->epsilon;1;0.8878390734532154
S042;1233;alpha->epsilon;1;0.8878390734532154
S042;1255;alpha->epsilon;1;0.8264908600539407
S042;1363;alpha->epsilon;1;0.848316342292246
S042;1369;alpha->epsilon;1;0.8878390734532154
S042;1396;alpha->epsilon;1;0.8264908600539407
S043;50;alpha->epsilon;1;0.7378345498783455
S043;92;alpha->epsilon;0;0.8072066522944257
S043;151;alpha->epsilon;0;0.7378345498783455
S043;185;alpha->epsilon;1;0.7378345498783455
S043;194;alpha->epsilon;1;0.8072066522944257
S043;244;alpha->epsilon;0;0.7254842615012107
S043;269;alpha->epsilon;1;0.7254842615012107
S043;273;alpha->epsilon;1;0.7254842615012107
S043;283;alpha->epsilon;1;0.883030303030303
S043;314;alpha->epsilon;1;0.8072066522944257
S043;356;alpha->epsilon;1;0.7254842615012107
S043;376;alpha->epsilon;1;0.7789125863622709
S043;384;alpha->epsilon;1;0.883030303030303
S043;434;alpha->epsilon;0;0.7378345498783455
S043;476;alpha->epsilon;0;0.848316342292246
S043;489;alpha->epsilon;1;0.8072066522944257
S043;495;alpha->epsilon;1;0.848316342292246
S043;505;alpha->epsilon;1;0.848316342292246
S043;542;alpha->epsilon;1;0.8264908600539407
S043;569;alpha->epsilon;1;0.7378345498783455
S043;573;alpha->epsilon;1;0.7378345498783455
S043;578;alpha->epsilon;1;0.7378345498783455
S043;582;alpha->epsilon;1;0.7378345498783455
S043;591;alpha->epsilon;1;0.8878390734532154
S043;630;alpha->epsilon;1;0.7378345498783455
S043;632;alpha->epsilon;1;0.7378345498783455
S043;660;alpha->epsilon;1;0.7789125863622709
S043;680;alpha->epsilon;1;0.7789125863622709
S043;683;alpha->epsilon;1;0.8264908600539407
S043;717;alpha->epsilon;1;0.8072066522944257
S043;719;alpha->epsilon;1;0.848316342292246
S043;746;alpha->epsilon;1;0.7254842615012107
S043;792;alpha->epsilon;1;0.848316342292246
S043;823;alpha->epsilon;1;0.7254842615012107
S043;825;alpha->epsilon;1;0.7789125863622709
S043;842;alpha->epsilon;0;0.8878390734532154
S043;869;alpha->epsilon;1;0.8072066522944257
S043;885;alpha->epsilon;1;0.883030303030303
S043;899;alpha->epsilon;1;0.7254842615012107
S043;901;alpha->epsilon;1;0.7254842615012107
S043;909;alpha->epsilon;1;0.7789125863622709
S043;927;alpha->epsilon;1;0.848316342292246
S043;931;alpha->epsilon;1;0.8878390734532154
S043;956;alpha->epsilon;1;0.7789125863622709
S043;971;alpha->epsilon;1;0.883030303030303
S043;990;alpha->epsilon;1;0.848316342292246
S043;1026;alpha->epsilon;1;0.7254842615012107
S043;1040;alpha->epsilon;1;0.7789125863622709
S043;1087;alpha->epsilon;1;0.7254842615012107
S043;1137;alpha->epsilon;0;0.7378345498783455
S043;1164;alpha->epsilon;1;0.7378345498783455
S043;1166;alpha->epsilon;1;0.8072066522944257
S043;1170;alpha->epsilon;1;0.848316342292246
S043;1196;alpha->epsilon;0;0.7254842615012107
S043;1199;alpha->epsilon;0;0.883030303030303
S043;1236;alpha->epsilon;1;0.6683046683046683
S043;1244;alpha->epsilon;1;0.7789125863622709
S043;1248;alpha->epsilon;1;0.7789125863622709
S043;1255;alpha->epsilon;1;0.8264908600539407
S043;1365;alpha->epsilon;1;0.7254842615012107
S044;49;alpha->epsilon;1;0.8878390734532154
S044;72;alpha->epsilon;0;0.883030303030303
S044;75;alpha->epsilon;0;0.883030303030303
S044;92;alpha->epsilon;0;0.8264908600539407
S044;129;alpha->epsilon;0;0.7254842615012107
S044;135;alpha->epsilon;0;0.7254842615012107
S044;137;alpha->epsilon;1;0.7254842615012107
S044;159;alpha->epsilon;1;0.883030303030303
S044;161;alpha->epsilon;1;0.8264908600539407
S044;175;alpha->epsilon;1;0.883030303030303
S044;188;alpha->epsilon;1;0.8878390734532154
S044;200;alpha->epsilon;1;0.8878390734532154
S044;206;alpha->epsilon;1;0.8878390734532154
S044;264;alpha->epsilon;1;0.7789125863622709
S044;285;alpha->epsilon;1;0.883030303030303
S044;300;alpha->epsilon;1;0.8878390734532154
S044;309;alpha->epsilon;1;0.883030303030303
S044;330;alpha->epsilon;1;0.8072066522944257
S044;384;alpha->epsilon;1;0.7254842615012107
S044;392;alpha->epsilon;1;0.7254842615012107
S044;405;alpha->epsilon;1;0.8264908600539407
S044;426;alpha->epsilon;1;0.8072066522944257
S044;429;alpha->epsilon;1;0.848316342292246
S044;457;alpha->epsilon;1;0.7789125863622709
S044;461;alpha->epsilon;1;0.8264908600539407
S044;466;alpha->epsilon;0;0.7789125863622709
S044;501;alpha->epsilon;1;0.7254842615012107
S044;542;alpha->epsilon;0;0.8072066522944257
S044;581;alpha->epsilon;0;0.8072066522944257
S044;583;alpha->epsilon;0;0.7378345498783455
S044;587;alpha->epsilon;0;0.848316342292246
S044;613;alpha->epsilon;0;0.8072066522944257
S044;662;alpha->epsilon;1;0.7378345498783455
S044;669;alpha->epsilon;1;0.7378345498783455
S044;685;alpha->epsilon;1;0.848316342292246
S044;718;alpha->epsilon;1;0.7789125863622709
S044;782;alpha->epsilon;1;0.7378345498783455
S044;786;alpha->epsilon;1;0.8072066522944257
S044;789;alpha->epsilon;1;0.8072066522944257
S044;846;alpha->epsilon;1;0.7254842615012107
S044;857;alpha->epsilon;1;0.883030303030303
S044;864;alpha->epsilon;1;0.8264908600539407
S044;903;alpha->epsilon;1;0.7378345498783455
S044;938;alpha->epsilon;0;0.7789125863622709
S044;956;alpha->epsilon;0;0.883030303030303
S044;985;alpha->epsilon;1;0.7254842615012107
S044;988;alpha->epsilon;1;0.7254842615012107
S044;1037;alpha->epsilon;1;0.8878390734532154
S044;1081;alpha->epsilon;1;0.7254842615012107
S044;1084;alpha->epsilon;1;0.7254842615012107
S044;1087;alpha->epsilon;1;0.7254842615012107
S044;1142;alpha->epsilon;0;0.8264908600539407
S044;1169;alpha->epsilon;1;0.7254842615012107
S044;1173;alpha->epsilon;1;0.7789125863622709
S044;1224;alpha->epsilon;1;0.883030303030303
S044;1249;alpha->epsilon;1;0.8878390734532154
S044;1256;alpha->epsilon;1;0.883030303030303
S044;1337;alpha->epsilon;0;0.8072066522944257
S044;1368;alpha->epsilon;1;0.8072066522944257
S045;54;alpha->epsilon;0;0.7254842615012107
S045;101;alpha->epsilon;1;0.7254842615012107
S045;113;alpha->epsilon;1;0.7789125863622709
S045;146;alpha->epsilon;1;0.8264908600539407
S045;231;alpha->epsilon;1;0.8072066522944257
S045;251;alpha->epsilon;1;0.883030303030303
S045;282;alpha->epsilon;1;0.848316342292246
S045;292;alpha->epsilon;1;0.883030303030303
S045;295;alpha->epsilon;1;0.883030303030303
S045;303;alpha->epsilon;0;0.8264908600539407
S045;336;alpha->epsilon;1;0.8264908600539407
S045;378;alpha->epsilon;1;0.7378345498783455
S045;402;alpha->epsilon;1;0.883030303030303
S045;427;alpha->epsilon;1;0.7378345498783455
S045;430;alpha->epsilon;1;0.848316342292246
S045;433;alpha->epsilon;1;0.8878390734532154
S045;446;alpha->epsilon;1;0.8878390734532154
S045;501;alpha->epsilon;1;0.7378345498783455
S045;512;alpha->epsilon;1;0.848316342292246
S045;523;alpha->epsilon;1;0.848316342292246
S045;614;alpha->epsilon;1;0.8878390734532154
S045;644;alpha->epsilon;1;0.7789125863622709
S045;662;alpha->epsilon;1;0.8264908600539407
S045;733;alpha->epsilon;0;0.7378345498783455
S045;737;alpha->epsilon;1;0.7378345498783455
S045;760;alpha->epsilon;1;0.8878390734532154
S045;828;alpha->epsilon;1;0.7378345498783455
S045;841;alpha->epsilon;1;0.848316342292246
S045;843;alpha->epsilon;1;0.8072066522944257
S045;872;alpha->epsilon;1;0.8878390734532154
S045;900;alpha->epsilon;1;0.7254842615012107
S045;919;alpha->epsilon;1;0.8878390734532154
S045;931;alpha->epsilon;0;0.8878390734532154
S045;938;alpha->epsilon;0;0.848316342292246
S045;964;alpha->epsilon;1;0.8072066522944257
S045;968;alpha->epsilon;1;0.8072066522944257
S045;982;alpha->epsilon;1;0.848316342292246
S045;1009;alpha->epsilon;0;0.7254842615012107
S045;1011;alpha->epsilon;0;0.7254842615012107
S045;1014;alpha->epsilon;0;0.7254842615012107
S045;1020;alpha->epsilon;0;0.7789125863622709
S045;1054;alpha->epsilon;0;0.8264908600539407
S045;1079;alpha->epsilon;1;0.7254842615012107
S045;1083;alpha->epsilon;1;0.883030303030303
S045;1097;alpha->epsilon;1;0.8264908600539407
S045;1099;alpha->epsilon;1;0.8264908600539407
S045;1123;alpha->epsilon;1;0.848316342292246
S045;1148;alpha->epsilon;1;0.7254842615012107
S045;1177;alpha->epsilon;1;0.8072066522944257
S045;1179;alpha->epsilon;1;0.7378345498783455
S045;1221;alpha->epsilon;1;0.7254842615012107
S045;1224;alpha->epsilon;1;0.7789125863622709
S046;2;alpha->epsilon;1;0.883030303030303
S046;89;alpha->epsilon;1;0.8072066522944257
S046;136;alpha->epsilon;1;0.7789125863622709
S046;143;alpha->epsilon;1;0.7789125863622709
S046;157;alpha->epsilon;1;0.883030303030303
S046;163;alpha->epsilon;1;0.8264908600539407
S046;179;alpha->epsilon;1;0.8264908600539407
S046;186;alpha->epsilon;1;0.8264908600539407
S046;236;alpha->epsilon;1;0.7378345498783455
S046;258;alpha->epsilon;1;0.8072066522944257
S046;280;alpha->epsilon;1;0.7789125863622709
S046;340;alpha->epsilon;1;0.848316342292246
S046;343;alpha->epsilon;1;0.848316342292246
S046;350;alpha->epsilon;1;0.8072066522944257
S046;380;alpha->epsilon;1;0.883030303030303
S046;392;alpha->epsilon;1;0.8878390734532154
S046;427;alpha->epsilon;1;0.8072066522944257
S046;471;alpha->epsilon;1;0.8072066522944257
S046;495;alpha->epsilon;0;0.883030303030303
S046;500;alpha->epsilon;0;0.7254842615012107
S046;518;alpha->epsilon;0;0.8264908600539407
S046;544;alpha->epsilon;1;0.7254842615012107
S046;598;alpha->epsilon;1;0.7254842615012107
S046;605;alpha->epsilon;1;0.8264908600539407
S046;610;alpha->epsilon;1;0.883030303030303
S046;636;alpha->epsilon;1;0.8072066522944257
S046;638;alpha->epsilon;1;0.848316342292246
S046;649;alpha->epsilon;0;0.848316342292246
S046;653;alpha->epsilon;1;0.848316342292246
S046;675;alpha->epsilon;1;0.8878390734532154
S046;701;alpha->epsilon;1;0.848316342292246
S046;739;alpha->epsilon;0;0.7254842615012107
S046;772;alpha->epsilon;1;0.7254842615012107
S046;820;alpha->epsilon;1;0.8072066522944257
S046;822;alpha->epsilon;1;0.848316342292246
S046;878;alpha->epsilon;1;0.7378345498783455
S046;892;alpha->epsilon;1;0.8072066522944257
S046;936;alpha->epsilon;1;0.8072066522944257
S046;938;alpha->epsilon;1;0.7378345498783455
S046;977;alpha->epsilon;1;0.7378345498783455
S046;983;alpha->epsilon;1;0.848316342292246
S046;1010;alpha->epsilon;1;0.8264908600539407
S046;1015;alpha->epsilon;1;0.8264908600539407
S046;1064;alpha->epsilon;1;0.7789125863622709
S046;1096;alpha->epsilon;1;0.883030303030303
S046;1102;alpha->epsilon;0;0.8264908600539407
S046;1128;alpha->epsilon;1;0.7254842615012107
S046;1150;alpha->epsilon;1;0.883030303030303
S046;1205;alpha->epsilon;1;0.848316342292246
S046;1246;alpha->epsilon;1;0.8264908600539407
S046;1254;alpha->epsilon;1;0.7789125863622709
S046;1338;alpha->epsilon;1;0.848316342292246
S046;1362;alpha->epsilon;1;0.7789125863622709
S046;1384;alpha->epsilon;1;0.8264908600539407
S047;1;alpha->epsilon;1;0.8072066522944257
S047;8;alpha->epsilon;1;0.8878390734532154
S047;16;alpha->epsilon;0;0.848316342292246
S047;45;alpha->epsilon;1;0.7378345498783455
S047;57;alpha->epsilon;1;0.848316342292246
S047;68;alpha->epsilon;1;0.848316342292246
S047;138;alpha->epsilon;0;0.7254842615012107
S047;143;alpha->epsilon;0;0.7789125863622709
S047;172;alpha->epsilon;1;0.7254842615012107
S047;252;alpha->epsilon;1;0.7254842615012107
S047;262;alpha->epsilon;1;0.7789125863622709
S047;264;alpha->epsilon;1;0.8264908600539407
S047;274;alpha->epsilon;1;0.8264908600539407
S047;394;alpha->epsilon;0;0.848316342292246
S047;398;alpha->epsilon;0;0.8072066522944257
S047;404;alpha->epsilon;1;0.7378345498783455
S047;418;alpha->epsilon;1;0.848316342292246
S047;421;alpha->epsilon;1;0.8878390734532154
S047;427;alpha->epsilon;1;0.848316342292246
S047;468;alpha->epsilon;1;0.848316342292246
S047;512;alpha->epsilon;1;0.7789125863622709
S047;554;alpha->epsilon;1;0.883030303030303
S047;588;alpha->epsilon;1;0.883030303030303
S047;613;alpha->epsilon;1;0.7378345498783455
S047;621;alpha->epsilon;1;0.848316342292246
S047;632;alpha->epsilon;0;0.848316342292246
S047;663;alpha->epsilon;1;0.8878390734532154
S047;700;alpha->epsilon;1;0.7789125863622709
S047;705;alpha->epsilon;1;0.883030303030303
S047;715;alpha->epsilon;1;0.8264908600539407
S047;727;alpha->epsilon;1;0.848316342292246
S047;750;alpha->epsilon;1;0.8878390734532154
S047;800;alpha->epsilon;1;0.7789125863622709
S047;828;alpha->epsilon;1;0.8878390734532154
S047;861;alpha->epsilon;1;0.8878390734532154
S047;863;alpha->epsilon;1;0.8878390734532154
S047;935;alpha->epsilon;1;0.7254842615012107
S047;938;alpha->epsilon;1;0.7789125863622709
S047;944;alpha->epsilon;1;0.7254842615012107
S047;975;alpha->epsilon;1;0.7378345498783455
S047;977;alpha->epsilon;1;0.7378345498783455
S047;983;alpha->epsilon;1;0.7378345498783455
S047;986;alpha->epsilon;1;0.848316342292246
S047;1011;alpha->epsilon;1;0.8264908600539407
S047;1028;alpha->epsilon;1;0.883030303030303
S047;1093;alpha->epsilon;1;0.7254842615012107
S047;1104;alpha->epsilon;1;0.7789125863622709
S047;1178;alpha->epsilon;1;0.883030303030303
S047;1373;alpha->epsilon;1;0.7789125863622709
S047;1376;alpha->epsilon;1;0.7789125863622709
S047;1380;alpha->epsilon;1;0.7789125863622709
S048;27;alpha->epsilon;1;0.7378345498783455
S048;33;alpha->epsilon;1;0.848316342292246
S048;45;alpha->epsilon;1;0.8072066522944257
S048;72;alpha->epsilon;1;0.883030303030303
S048;80;alpha->epsilon;1;0.8264908600539407
S048;87;alpha->epsilon;1;0.883030303030303
S048;122;alpha->epsilon;0;0.7378345498783455
S048;126;alpha->epsilon;0;0.8072066522944257
S048;132;alpha->epsilon;1;0.8072066522944257
S048;151;alpha->epsilon;1;0.848316342292246
S048;154;alpha->epsilon;1;0.848316342292246
S048;184;alpha->epsilon;1;0.8264908600539407
S048;191;alpha->epsilon;1;0.7254842615012107
S048;194;alpha->epsilon;1;0.7254842615012107
S048;203;alpha->epsilon;1;0.7789125863622709
S048;228;alpha->epsilon;1;0.8072066522944257
S048;233;alpha->epsilon;1;0.8072066522944257
S048;297;alpha->epsilon;0;0.7789125863622709
S048;327;alpha->epsilon;1;0.7254842615012107
S048;333;alpha->epsilon;1;0.7789125863622709
S048;336;alpha->epsilon;1;0.7254842615012107
S048;339;alpha->epsilon;1;0.883030303030303
S048;362;alpha->epsilon;1;0.8264908600539407
S048;368;alpha->epsilon;1;0.883030303030303
S048;388;alpha->epsilon;1;0.848316342292246
S048;401;alpha->epsilon;0;0.7378345498783455
S048;404;alpha->epsilon;0;0.848316342292246
S048;435;alpha->epsilon;0;0.8072066522944257
S048;463;alpha->epsilon;1;0.848316342292246
S048;469;alpha->epsilon;1;0.7378345498783455
S048;501;alpha->epsilon;1;0.8878390734532154
S048;508;alpha->epsilon;1;0.8072066522944257
S048;512;alpha->epsilon;1;0.8878390734532154
S048;531;alpha->epsilon;1;0.848316342292246
S048;564;alpha->epsilon;1;0.7254842615012107
S048;569;alpha->epsilon;1;0.7789125863622709
S048;639;alpha->epsilon;0;0.7378345498783455
S048;651;alpha->epsilon;0;0.8072066522944257
S048;677;alpha->epsilon;1;0.8072066522944257
S048;680;alpha->epsilon;1;0.848316342292246
S048;683;alpha->epsilon;1;0.8072066522944257
S048;688;alpha->epsilon;1;0.7378345498783455
S048;725;alpha->epsilon;1;0.7254842615012107
S048;727;alpha->epsilon;1;0.7789125863622709
S048;815;alpha->epsilon;1;0.8072066522944257
S048;827;alpha->epsilon;1;0.848316342292246
S048;886;alpha->epsilon;1;0.8072066522944257
S048;900;alpha->epsilon;1;0.8878390734532154
S048;908;alpha->epsilon;1;0.8878390734532154
S048;912;alpha->epsilon;1;0.883030303030303
S048;918;alpha->epsilon;1;0.883030303030303
S048;980;alpha->epsilon;1;0.7378345498783455
S048;995;alpha->epsilon;1;0.8878390734532154
S048;1056;alpha->epsilon;1;0.7789125863622709
S048;1061;alpha->epsilon;1;0.883030303030303
S048;1070;alpha->epsilon;1;0.7789125863622709
S048;1119;alpha->epsilon;1;0.883030303030303
S048;1177;alpha->epsilon;0;0.7378345498783455
S048;1181;alpha->epsilon;0;0.8072066522944257
S048;1185;alpha->epsilon;1;0.7378345498783455
S048;1205;alpha->epsilon;1;0.8072066522944257
S048;1322;alpha->epsilon;1;0.7378345498783455
S048;1324;alpha->epsilon;1;0.8072066522944257
S048;1328;alpha->epsilon;1;0.848316342292246
S048;1349;alpha->epsilon;1;0.883030303030303
S048;1367;alpha->epsilon;1;0.8264908600539407
S048;1374;alpha->epsilon;1;0.8264908600539407
S048;1377;alpha->epsilon;1;0.8264908600539407
S048;1390;alpha->epsilon;1;0.848316342292246
S049;1;alpha->epsilon;1;0.8264908600539407
S049;11;alpha->epsilon;1;0.8264908600539407
S049;57;alpha->epsilon;0;0.7254842615012107
S049;80;alpha->epsilon;0;0.8264908600539407
S049;121;alpha->epsilon;1;0.7789125863622709
S049;178;alpha->epsilon;1;0.8264908600539407
S049;180;alpha->epsilon;1;0.8264908600539407
S049;209;alpha->epsilon;0;0.848316342292246
S049;241;alpha->epsilon;1;0.7378345498783455
S049;243;alpha->epsilon;1;0.8878390734532154
S049;289;alpha->epsilon;1;0.7254842615012107
S049;298;alpha->epsilon;1;0.7254842615012107
S049;300;alpha->epsilon;1;0.7254842615012107
S049;358;alpha->epsilon;1;0.7789125863622709
S049;361;alpha->epsilon;1;0.7789125863622709
S049;399;alpha->epsilon;1;0.7378345498783455
S049;409;alpha->epsilon;1;0.848316342292246
S049;478;alpha->epsilon;0;0.8878390734532154
S049;506;alpha->epsilon;1;0.8878390734532154
S049;533;alpha->epsilon;1;0.7789125863622709
S049;544;alpha->epsilon;1;0.8264908600539407
S049;546;alpha->epsilon;1;0.8264908600539407
S049;605;alpha->epsilon;1;0.8264908600539407
S049;639;alpha->epsilon;1;0.8072066522944257
S049;645;alpha->epsilon;1;0.8072066522944257
S049;684;alpha->epsilon;1;0.8264908600539407
S049;695;alpha->epsilon;0;0.8264908600539407
S049;733;alpha->epsilon;1;0.7254842615012107
S049;735;alpha->epsilon;1;0.7254842615012107
S049;789;alpha->epsilon;1;0.7378345498783455
S049;837;alpha->epsilon;1;0.8072066522944257
S049;844;alpha->epsilon;1;0.7378345498783455
S049;922;alpha->epsilon;1;0.7378345498783455
S049;930;alpha->epsilon;1;0.7378345498783455
S049;956;alpha->epsilon;0;0.7789125863622709
S049;995;alpha->epsilon;1;0.7254842615012107
S049;1000;alpha->epsilon;1;0.6683046683046683
S049;1004;alpha->epsilon;1;0.7254842615012107
S049;1006;alpha->epsilon;1;0.8264908600539407
S049;1017;alpha->epsilon;1;0.8264908600539407
S049;1019;alpha->epsilon;1;0.883030303030303
S049;1047;alpha->epsilon;0;0.8878390734532154
S049;1087;alpha->epsilon;1;0.848316342292246
S049;1104;alpha->epsilon;1;0.883030303030303
S049;1125;alpha->epsilon;0;0.848316342292246
S049;1140;alpha->epsilon;0;0.8072066522944257
S049;1144;alpha->epsilon;1;0.8072066522944257
S049;1168;alpha->epsilon;1;0.8878390734532154
S049;1251;alpha->epsilon;1;0.8264908600539407
S049;1320;alpha->epsilon;1;0.883030303030303
S049;1348;alpha->epsilon;0;0.8878390734532154
S049;1367;alpha->epsilon;0;0.848316342292246
S049;1406;alpha->epsilon;1;0.848316342292246
S050;26;alpha->epsilon;0;0.7789125863622709
S050;60;alpha->epsilon;1;0.7789125863622709
S050;100;alpha->epsilon;1;0.8072066522944257
S050;110;alpha->epsilon;1;0.8072066522944257
S050;121;alpha->epsilon;1;0.848316342292246
S050;142;alpha->epsilon;1;0.7789125863622709
S050;178;alpha->epsilon;1;0.7378345498783455
S050;184;alpha->epsilon;1;0.848316342292246
S050;278;alpha->epsilon;1;0.8072066522944257
S050;332;alpha->epsilon;1;0.7789125863622709
S050;368;alpha->epsilon;0;0.7378345498783455
S050;370;alpha->epsilon;0;0.7378345498783455
S050;383;alpha->epsilon;0;0.7378345498783455
S050;417;alpha->epsilon;1;0.7378345498783455
S050;426;alpha->epsilon;1;0.8072066522944257
S050;450;alpha->epsilon;1;0.883030303030303
S050;478;alpha->epsilon;1;0.8878390734532154
S050;535;alpha->epsilon;0;0.7378345498783455
S050;561;alpha->epsilon;1;0.848316342292246
S050;594;alpha->epsilon;1;0.7789125863622709
S050;601;alpha->epsilon;1;0.883030303030303
S050;606;alpha->epsilon;1;0.883030303030303
S050;650;alpha->epsilon;1;0.7378345498783455
S050;652;alpha->epsilon;1;0.7378345498783455
S050;654;alpha->epsilon;1;0.7378345498783455
S050;692;alpha->epsilon;0;0.848316342292246
S050;700;alpha->epsilon;1;0.848316342292246
S050;712;alpha->epsilon;1;0.8072066522944257
S050;715;alpha->epsilon;1;0.8072066522944257
S050;718;alpha->epsilon;1;0.848316342292246
S050;722;alpha->epsilon;1;0.848316342292246
S050;768;alpha->epsilon;1;0.7254842615012107
S050;798;alpha->epsilon;1;0.848316342292246
S050;806;alpha->epsilon;1;0.8072066522944257
S050;810;alpha->epsilon;1;0.8072066522944257
S050;843;alpha->epsilon;1;0.848316342292246
S050;874;alpha->epsilon;1;0.8878390734532154
S050;896;alpha->epsilon;1;0.883030303030303
S050;968;alpha->epsilon;1;0.8072066522944257
S050;980;alpha->epsilon;1;0.848316342292246
S050;984;alpha->epsilon;1;0.848316342292246
S050;1032;alpha->epsilon;1;0.7378345498783455
S050;1055;alpha->epsilon;1;0.883030303030303
S050;1077;alpha->epsilon;1;0.8264908600539407
S050;1107;alpha->epsilon;1;0.7378345498783455
S050;1127;alpha->epsilon;1;0.883030303030303
S001;41;epsilon->gamma;1;0.7261982928430729
S001;46;epsilon->gamma;1;0.7261982928430729
S001;182;epsilon->gamma;1;0.7687952186222082
S001;227;epsilon->gamma;1;0.8323000619962803
S001;240;epsilon->gamma;1;0.7958996328029376
S001;246;epsilon->gamma;1;0.7958996328029376
S001;250;epsilon->gamma;1;0.7958996328029376
S001;258;epsilon->gamma;1;0.7958996328029376
S001;266;epsilon->gamma;1;0.8323000619962803
S001;305;epsilon->gamma;1;0.853125
S001;316;epsilon->gamma;1;0.9066581713921631
S001;332;epsilon->gamma;1;0.853125
S001;409;epsilon->gamma;1;0.7380530973451327
S001;411;epsilon->gamma;1;0.7380530973451327
S001;423;epsilon->gamma;1;0.7380530973451327
S001;468;epsilon->gamma;0;0.7261982928430729
S001;539;epsilon->gamma;1;0.7261982928430729
S001;565;epsilon->gamma;1;0.7687952186222082
S001;568;epsilon->gamma;1;0.7261982928430729
S001;580;epsilon->gamma;1;0.7687952186222082
S001;582;epsilon->gamma;1;0.7687952186222082
S001;595;epsilon->gamma;1;0.853125
S001;598;epsilon->gamma;1;0.853125
S001;607;epsilon->gamma;1;0.9066581713921631
S001;616;epsilon->gamma;1;0.896468457591307
S001;619;epsilon->gamma;1;0.896468457591307
S001;624;epsilon->gamma;1;0.8323000619962803
S001;626;epsilon->gamma;1;0.896468457591307
S001;629;epsilon->gamma;1;0.896468457591307
S001;745;epsilon->gamma;1;0.896468457591307
S001;749;epsilon->gamma;1;0.896468457591307
S001;839;epsilon->gamma;1;0.7261982928430729
S001;852;epsilon->gamma;1;0.7687952186222082
S001;857;epsilon->gamma;1;0.7687952186222082
S001;860;epsilon->gamma;1;0.7687952186222082
S001;873;epsilon->gamma;1;0.7687952186222082
S001;897;epsilon->gamma;1;0.9066581713921631
S001;925;epsilon->gamma;1;0.8323000619962803
S001;941;epsilon->gamma;1;0.8323000619962803
S001;1097;epsilon->gamma;1;0.7380530973451327
S001;1114;epsilon->gamma;1;0.7380530973451327
S001;1117;epsilon->gamma;1;0.7958996328029376
S001;1200;epsilon->gamma;0;0.7958996328029376
S001;1323;epsilon->gamma;1;0.7380530973451327
S001;1337;epsilon->gamma;1;0.7380530973451327
S001;1341;epsilon->gamma;1;0.7380530973451327
S001;1356;epsilon->gamma;1;0.7958996328029376
S002;3;epsilon->gamma;1;0.853125
S002;11;epsilon->gamma;1;0.853125
S002;52;epsilon->gamma;1;0.896468457591307
S002;92;epsilon->gamma;1;0.9066581713921631
S002;150;epsilon->gamma;1;0.896468457591307
S002;166;epsilon->gamma;1;0.7380530973451327
S002;170;epsilon->gamma;1;0.7958996328029376
S002;251;epsilon->gamma;1;0.7261982928430729
S002;256;epsilon->gamma;1;0.7687952186222082
S002;394;epsilon->gamma;1;0.7958996328029376
S002;406;epsilon->gamma;1;0.8323000619962803
S002;408;epsilon->gamma;1;0.8323000619962803
S002;559;epsilon->gamma;1;0.7687952186222082
S002;583;epsilon->gamma;1;0.7687952186222082
S002;603;epsilon->gamma;1;0.9066581713921631
S002;620;epsilon->gamma;1;0.9066581713921631
S002;627;epsilon->gamma;1;0.9066581713921631
S002;638;epsilon->gamma;1;0.9066581713921631
S002;640;epsilon->gamma;1;0.9066581713921631
S002;717;epsilon->gamma;1;0.7380530973451327
S002;719;epsilon->gamma;1;0.7958996328029376
S002;721;epsilon->gamma;1;0.7380530973451327
S002;726;epsilon->gamma;1;0.7380530973451327
S002;742;epsilon->gamma;1;0.7958996328029376
S002;748;epsilon->gamma;1;0.8323000619962803
S002;787;epsilon->gamma;1;0.7261982928430729
S002;844;epsilon->gamma;0;0.7958996328029376
S002;848;epsilon->gamma;0;0.7380530973451327
S002;902;epsilon->gamma;1;0.7380530973451327
S002;905;epsilon->gamma;1;0.7380530973451327
S002;908;epsilon->gamma;1;0.7380530973451327
S002;923;epsilon->gamma;1;0.7958996328029376
S002;928;epsilon->gamma;1;0.7958996328029376
S002;939;epsilon->gamma;1;0.896468457591307
S002;941;epsilon->gamma;1;0.896468457591307
S002;949;epsilon->gamma;1;0.896468457591307
S002;1013;epsilon->gamma;1;0.7261982928430729
S002;1055;epsilon->gamma;1;0.896468457591307
S002;1060;epsilon->gamma;1;0.8323000619962803
S002;1067;epsilon->gamma;1;0.7958996328029376
S002;1117;epsilon->gamma;1;0.853125
S002;1154;epsilon->gamma;1;0.9066581713921631
S002;1173;epsilon->gamma;0;0.896468457591307
S002;1239;epsilon->gamma;0;0.7958996328029376
S002;1320;epsilon->gamma;1;0.8323000619962803
S002;1325;epsilon->gamma;1;0.7958996328029376
S002;1329;epsilon->gamma;1;0.7958996328029376
S002;1331;epsilon->gamma;1;0.7958996328029376
S002;1352;epsilon->gamma;1;0.896468457591307
S003;5;epsilon->gamma;1;0.9066581713921631
S003;92;epsilon->gamma;1;0.9066581713921631
S003;103;epsilon->gamma;1;0.9066581713921631
S003;117;epsilon->gamma;1;0.853125
S003;123;epsilon->gamma;1;0.9066581713921631
S003;222;epsilon->gamma;1;0.7380530973451327
S003;239;epsilon->gamma;1;0.7958996328029376
S003;251;epsilon->gamma;1;0.7958996328029376
S003;257;epsilon->gamma;1;0.8323000619962803
S003;301;epsilon->gamma;1;0.8323000619962803
S003;308;epsilon->gamma;1;0.7958996328029376
S003;318;epsilon->gamma;1;0.8323000619962803
S003;326;epsilon->gamma;1;0.8323000619962803
S003;355;epsilon->gamma;1;0.9066581713921631
S003;369;epsilon->gamma;1;0.7687952186222082
S003;373;epsilon->gamma;1;0.7261982928430729
S003;375;epsilon->gamma;1;0.7687952186222082
S003;461;epsilon->gamma;1;0.7687952186222082
S003;464;epsilon->gamma;1;0.7687952186222082
S003;534;epsilon->gamma;1;0.8323000619962803
S003;551;epsilon->gamma;1;0.7958996328029376
S003;591;epsilon->gamma;0;0.7687952186222082
S003;593;epsilon->gamma;0;0.7687952186222082
S003;605;epsilon->gamma;0;0.7261982928430729
S003;611;epsilon->gamma;1;0.7261982928430729
S003;617;epsilon->gamma;1;0.7261982928430729
S003;628;epsilon->gamma;1;0.7687952186222082
S003;634;epsilon->gamma;1;0.9066581713921631
S003;679;epsilon->gamma;1;0.853125
S003;742;epsilon->gamma;1;0.7380530973451327
S003;842;epsilon->gamma;1;0.7687952186222082
S003;893;epsilon->gamma;0;0.853125
S003;994;epsilon->gamma;1;0.7261982928430729
S003;1123;epsilon->gamma;0;0.7958996328029376
S003;1200;epsilon->gamma;1;0.7380530973451327
S003;1250;epsilon->gamma;0;0.853125
S003;1254;epsilon->gamma;0;0.7687952186222082
S003;1364;epsilon->gamma;0;0.7687952186222082
S003;1366;epsilon->gamma;0;0.853125
S003;1380;epsilon->gamma;1;0.7687952186222082
S004;110;epsilon->gamma;1;0.7261982928430729
S004;126;epsilon->gamma;1;0.7687952186222082
S004;151;epsilon->gamma;1;0.853125
S004;200;epsilon->gamma;1;0.7958996328029376
S004;209;epsilon->gamma;1;0.7380530973451327
S004;256;epsilon->gamma;1;0.9066581713921631
S004;276;epsilon->gamma;1;0.9066581713921631
S004;293;epsilon->gamma;1;0.896468457591307
S004;295;epsilon->gamma;1;0.896468457591307
S004;301;epsilon->gamma;1;0.7958996328029376
S004;306;epsilon->gamma;1;0.896468457591307
S004;406;epsilon->gamma;1;0.7380530973451327
S004;427;epsilon->gamma;1;0.8323000619962803
S004;450;epsilon->gamma;1;0.9066581713921631
S004;584;epsilon->gamma;1;0.6766940139775144
S004;614;epsilon->gamma;1;0.7958996328029376
S004;730;epsilon->gamma;1;0.7958996328029376
S004;827;epsilon->gamma;1;0.9066581713921631
S004;832;epsilon->gamma;1;0.7687952186222082
S004;876;epsilon->gamma;1;0.8323000619962803
S004;894;epsilon->gamma;1;0.7958996328029376
S004;915;epsilon->gamma;0;0.8323000619962803
S004;990;epsilon->gamma;1;0.7380530973451327
S004;1022;epsilon->gamma;1;0.7958996328029376
S004;1024;epsilon->gamma;1;0.8323000619962803
S004;1056;epsilon->gamma;1;0.896468457591307
S004;1083;epsilon->gamma;1;0.7687952186222082
S004;1094;epsilon->gamma;1;0.7687952186222082
S004;1099;epsilon->gamma;1;0.7687952186222082
S004;1106;epsilon->gamma;1;0.853125
S004;1108;epsilon->gamma;1;0.9066581713921631
S004;1180;epsilon->gamma;1;0.7958996328029376
S004;1233;epsilon->gamma;1;0.853125
S004;1238;epsilon->gamma;1;0.853125
S004;1369;epsilon->gamma;0;0.8323000619962803
S005;1;epsilon->gamma;0;0.7380530973451327
S005;34;epsilon->gamma;1;0.7958996328029376
S005;41;epsilon->gamma;1;0.7380530973451327
S005;43;epsilon->gamma;1;0.7958996328029376
S005;85;epsilon->gamma;1;0.896468457591307
S005;155;epsilon->gamma;0;0.7958996328029376
S005;161;epsilon->gamma;0;0.8323000619962803
S005;325;epsilon->gamma;1;0.7380530973451327
S005;392;epsilon->gamma;1;0.7261982928430729
S005;467;epsilon->gamma;0;0.7261982928430729
S005;473;epsilon->gamma;0;0.7261982928430729
S005;530;epsilon->gamma;1;0.7687952186222082
S005;541;epsilon->gamma;1;0.7687952186222082
S005;700;epsilon->gamma;1;0.8323000619962803
S005;747;epsilon->gamma;1;0.853125
S005;805;epsilon->gamma;1;0.7687952186222082
S005;808;epsilon->gamma;1;0.7687952186222082
S005;811;epsilon->gamma;1;0.7687952186222082
S005;894;epsilon->gamma;1;0.7958996328029376
S005;954;epsilon->gamma;1;0.7687952186222082
S005;960;epsilon->gamma;1;0.9066581713921631
S006;1;epsilon->gamma;1;0.8323000619962803
S006;9;epsilon->gamma;1;0.8323000619962803
S006;92;epsilon->gamma;1;0.7261982928430729
S006;100;epsilon->gamma;1;0.7261982928430729
S006;153;epsilon->gamma;1;0.7958996328029376
S006;169;epsilon->gamma;0;0.7380530973451327
S006;171;epsilon->gamma;0;0.7380530973451327
S006;249;epsilon->gamma;1;0.7380530973451327
S006;256;epsilon->gamma;1;0.7958996328029376
S006;260;epsilon->gamma;1;0.7958996328029376
S006;266;epsilon->gamma;1;0.7958996328029376
S006;268;epsilon->gamma;1;0.8323000619962803
S006;283;epsilon->gamma;1;0.7958996328029376
S006;364;epsilon->gamma;0;0.7261982928430729
S006;418;epsilon->gamma;1;0.7687952186222082
S006;423;epsilon->gamma;1;0.7687952186222082
S006;429;epsilon->gamma;1;0.7261982928430729
S006;433;epsilon->gamma;1;0.7687952186222082
S006;436;epsilon->gamma;1;0.7687952186222082
S006;440;epsilon->gamma;1;0.853125
S006;501;epsilon->gamma;1;0.8323000619962803
S006;503;epsilon->gamma;1;0.7380530973451327
S006;515;epsilon->gamma;1;0.7380530973451327
S006;521;epsilon->gamma;1;0.7958996328029376
S006;639;epsilon->gamma;1;0.7687952186222082
S006;683;epsilon->gamma;1;0.896468457591307
S006;719;epsilon->gamma;1;0.896468457591307
S006;825;epsilon->gamma;1;0.7380530973451327
S006;905;epsilon->gamma;1;0.9066581713921631
S006;981;epsilon->gamma;1;0.7958996328029376
S006;983;epsilon->gamma;1;0.7380530973451327
S006;1048;epsilon->gamma;1;0.7687952186222082
S006;1086;epsilon->gamma;1;0.896468457591307
S006;1088;epsilon->gamma;1;0.896468457591307
S006;1160;epsilon->gamma;1;0.7687952186222082
S006;1249;epsilon->gamma;1;0.7687952186222082
S006;1252;epsilon->gamma;1;0.7687952186222082
S006;1335;epsilon->gamma;1;0.7687952186222082
S006;1340;epsilon->gamma;1;0.7687952186222082
S006;1343;epsilon->gamma;1;0.7687952186222082
S006;1354;epsilon->gamma;1;0.7687952186222082
S007;39;epsilon->gamma;1;0.7958996328029376
S007;42;epsilon->gamma;1;0.7958996328029376
S007;141;epsilon->gamma;0;0.7380530973451327
S007;143;epsilon->gamma;0;0.7380530973451327
S007;155;epsilon->gamma;0;0.7380530973451327
S007;230;epsilon->gamma;0;0.7380530973451327
S007;334;epsilon->gamma;0;0.7958996328029376
S007;361;epsilon->gamma;0;0.7958996328029376
S007;372;epsilon->gamma;1;0.7380530973451327
S007;375;epsilon->gamma;1;0.7958996328029376
S007;384;epsilon->gamma;1;0.7958996328029376
S007;415;epsilon->gamma;1;0.8323000619962803
S007;417;epsilon->gamma;1;0.7958996328029376
S007;422;epsilon->gamma;1;0.7958996328029376
S007;424;epsilon->gamma;1;0.896468457591307
S007;439;epsilon->gamma;1;0.8323000619962803
S007;511;epsilon->gamma;1;0.6766940139775144
S007;641;epsilon->gamma;1;0.7261982928430729
S007;677;epsilon->gamma;1;0.853125
S007;698;epsilon->gamma;1;0.8323000619962803
S007;717;epsilon->gamma;1;0.896468457591307
S007;723;epsilon->gamma;0;0.896468457591307
S007;757;epsilon->gamma;1;0.7958996328029376
S007;771;epsilon->gamma;1;0.896468457591307
S007;786;epsilon->gamma;1;0.8323000619962803
S007;788;epsilon->gamma;1;0.7958996328029376
S007;804;epsilon->gamma;1;0.8323000619962803
S007;808;epsilon->gamma;1;0.8323000619962803
S007;866;epsilon->gamma;1;0.7261982928430729
S007;906;epsilon->gamma;1;0.9066581713921631
S007;915;epsilon->gamma;1;0.896468457591307
S007;920;epsilon->gamma;1;0.8323000619962803
S007;927;epsilon->gamma;1;0.7958996328029376
S007;930;epsilon->gamma;1;0.896468457591307
S007;976;epsilon->gamma;1;0.7687952186222082
S007;986;epsilon->gamma;1;0.7261982928430729
S007;988;epsilon->gamma;1;0.7261982928430729
S007;1016;epsilon->gamma;1;0.9066581713921631
S007;1141;epsilon->gamma;1;0.7958996328029376
S007;1161;epsilon->gamma;1;0.7380530973451327
S007;1163;epsilon->gamma;1;0.8323000619962803
S007;1245;epsilon->gamma;1;0.6766940139775144
S007;1251;epsilon->gamma;1;0.7380530973451327
S007;1320;epsilon->gamma;1;0.8323000619962803
S007;1370;epsilon->gamma;0;0.896468457591307
S008;29;epsilon->gamma;1;0.896468457591307
S008;120;epsilon->gamma;1;0.896468457591307
S008;210;epsilon->gamma;1;0.7380530973451327
S008;214;epsilon->gamma;1;0.7958996328029376
S008;243;epsilon->gamma;1;0.8323000619962803
S008;303;epsilon->gamma;0;0.9066581713921631
S008;410;epsilon->gamma;1;0.7687952186222082
S008;417;epsilon->gamma;1;0.7687952186222082
S008;427;epsilon->gamma;1;0.7687952186222082
S008;468;epsilon->gamma;1;0.8323000619962803
S008;505;epsilon->gamma;1;0.7958996328029376
S008;528;epsilon->gamma;1;0.8323000619962803
S008;641;epsilon->gamma;0;0.7958996328029376
S008;702;epsilon->gamma;1;0.7380530973451327
S008;711;epsilon->gamma;1;0.7958996328029376
S008;721;epsilon->gamma;0;0.7380530973451327
S008;812;epsilon->gamma;1;0.7380530973451327
S008;878;epsilon->gamma;1;0.7261982928430729
S008;920;epsilon->gamma;1;0.896468457591307
S008;927;epsilon->gamma;1;0.7958996328029376
S008;934;epsilon->gamma;1;0.7380530973451327
S008;945;epsilon->gamma;1;0.7958996328029376
S008;1011;epsilon->gamma;1;0.9066581713921631
S008;1013;epsilon->gamma;1;0.9066581713921631
S008;1024;epsilon->gamma;1;0.9066581713921631
S008;1090;epsilon->gamma;1;0.7958996328029376
S008;1102;epsilon->gamma;1;0.7380530973451327
S008;1121;epsilon->gamma;1;0.7958996328029376
S008;1166;epsilon->gamma;1;0.896468457591307
S008;1350;epsilon->gamma;1;0.853125
S008;1364;epsilon->gamma;1;0.7687952186222082
S009;13;epsilon->gamma;1;0.7687952186222082
S009;53;epsilon->gamma;1;0.8323000619962803
S009;56;epsilon->gamma;1;0.896468457591307
S009;60;epsilon->gamma;1;0.896468457591307
S009;77;epsilon->gamma;0;0.7380530973451327
S009;79;epsilon->gamma;0;0.7958996328029376
S009;90;epsilon->gamma;1;0.7958996328029376
S009;139;epsilon->gamma;1;0.7958996328029376
S009;165;epsilon->gamma;1;0.7958996328029376
S009;167;epsilon->gamma;1;0.8323000619962803
S009;172;epsilon->gamma;1;0.7958996328029376
S009;174;epsilon->gamma;1;0.7958996328029376
S009;176;epsilon->gamma;1;0.896468457591307
S009;272;epsilon->gamma;1;0.7261982928430729
S009;274;epsilon->gamma;1;0.7261982928430729
S009;288;epsilon->gamma;1;0.7261982928430729
S009;317;epsilon->gamma;1;0.853125
S009;328;epsilon->gamma;1;0.9066581713921631
S009;387;epsilon->gamma;1;0.7380530973451327
S009;389;epsilon->gamma;1;0.7380530973451327
S009;402;epsilon->gamma;1;0.7958996328029376
S009;405;epsilon->gamma;1;0.7958996328029376
S009;409;epsilon->gamma;1;0.7958996328029376
S009;426;epsilon->gamma;1;0.7958996328029376
S009;437;epsilon->gamma;1;0.8323000619962803
S009;528;epsilon->gamma;1;0.7261982928430729
S009;546;epsilon->gamma;1;0.7261982928430729
S009;563;epsilon->gamma;1;0.7687952186222082
S009;566;epsilon->gamma;1;0.7687952186222082
S009;596;epsilon->gamma;0;0.896468457591307
S009;629;epsilon->gamma;0;0.8323000619962803
S009;636;epsilon->gamma;0;0.7958996328029376
S009;639;epsilon->gamma;0;0.7958996328029376
S009;666;epsilon->gamma;1;0.7380530973451327
S009;699;epsilon->gamma;1;0.7958996328029376
S009;720;epsilon->gamma;1;0.896468457591307
S009;724;epsilon->gamma;1;0.8323000619962803
S009;729;epsilon->gamma;1;0.896468457591307
S009;731;epsilon->gamma;1;0.896468457591307
S009;734;epsilon->gamma;1;0.896468457591307
S009;747;epsilon->gamma;1;0.896468457591307
S009;811;epsilon->gamma;1;0.7261982928430729
S009;818;epsilon->gamma;1;0.7261982928430729
S009;820;epsilon->gamma;1;0.7261982928430729
S009;847;epsilon->gamma;1;0.853125
S009;852;epsilon->gamma;1;0.9066581713921631
S009;888;epsilon->gamma;1;0.8323000619962803
S009;909;epsilon->gamma;1;0.9066581713921631
S009;991;epsilon->gamma;1;0.7687952186222082
S009;1035;epsilon->gamma;1;0.896468457591307
S009;1041;epsilon->gamma;1;0.8323000619962803
S009;1069;epsilon->gamma;1;0.7958996328029376
S009;1094;epsilon->gamma;1;0.9066581713921631
S009;1114;epsilon->gamma;1;0.853125
S009;1117;epsilon->gamma;1;0.7687952186222082
S009;1121;epsilon->gamma;1;0.9066581713921631
S009;1133;epsilon->gamma;1;0.853125
S009;1136;epsilon->gamma;1;0.853125
S009;1201;epsilon->gamma;0;0.896468457591307
S009;1221;epsilon->gamma;0;0.7958996328029376
S009;1223;epsilon->gamma;0;0.7958996328029376
S009;1320;epsilon->gamma;1;0.8323000619962803
S009;1350;epsilon->gamma;1;0.7958996328029376
S009;1379;epsilon->gamma;1;0.896468457591307
S010;15;epsilon->gamma;1;0.7958996328029376
S010;17;epsilon->gamma;1;0.896468457591307
S010;36;epsilon->gamma;1;0.7380530973451327
S010;40;epsilon->gamma;1;0.7380530973451327
S010;42;epsilon->gamma;1;0.7958996328029376
S010;55;epsilon->gamma;1;0.7958996328029376
S010;70;epsilon->gamma;1;0.896468457591307
S010;87;epsilon->gamma;1;0.9066581713921631
S010;94;epsilon->gamma;1;0.7687952186222082
S010;104;epsilon->gamma;1;0.7687952186222082
S010;116;epsilon->gamma;1;0.9066581713921631
S010;120;epsilon->gamma;1;0.9066581713921631
S010;124;epsilon->gamma;1;0.853125
S010;192;epsilon->gamma;1;0.7380530973451327
S010;197;epsilon->gamma;1;0.7380530973451327
S010;205;epsilon->gamma;1;0.7380530973451327
S010;276;epsilon->gamma;0;0.7261982928430729
S010;305;epsilon->gamma;1;0.7261982928430729
S010;343;epsilon->gamma;1;0.7261982928430729
S010;355;epsilon->gamma;1;0.853125
S010;465;epsilon->gamma;1;0.7261982928430729
S010;477;epsilon->gamma;1;0.7687952186222082
S010;500;epsilon->gamma;1;0.7687952186222082
S010;503;epsilon->gamma;1;0.853125
S010;601;epsilon->gamma;1;0.7261982928430729
S010;618;epsilon->gamma;1;0.7261982928430729
S010;643;epsilon->gamma;1;0.853125
S010;648;epsilon->gamma;1;0.853125
S010;672;epsilon->gamma;1;0.9066581713921631
S010;688;epsilon->gamma;1;0.7687952186222082
S010;697;epsilon->gamma;1;0.853125
S010;732;epsilon->gamma;1;0.896468457591307
S010;748;epsilon->gamma;1;0.7380530973451327
S010;750;epsilon->gamma;1;0.7958996328029376
S010;771;epsilon->gamma;1;0.896468457591307
S010;813;epsilon->gamma;1;0.9066581713921631
S010;815;epsilon->gamma;1;0.853125
S010;878;epsilon->gamma;0;0.7261982928430729
S010;880;epsilon->gamma;0;0.7261982928430729
S010;898;epsilon->gamma;1;0.7261982928430729
S010;918;epsilon->gamma;1;0.853125
S010;923;epsilon->gamma;1;0.853125
S010;925;epsilon->gamma;1;0.853125
S010;934;epsilon->gamma;1;0.9066581713921631
S010;980;epsilon->gamma;1;0.7687952186222082
S010;993;epsilon->gamma;1;0.7687952186222082
S010;1092;epsilon->gamma;0;0.7380530973451327
S010;1173;epsilon->gamma;1;0.7380530973451327
S010;1186;epsilon->gamma;1;0.7958996328029376
S011;18;epsilon->gamma;1;0.896468457591307
S011;35;epsilon->gamma;1;0.8323000619962803
S011;71;epsilon->gamma;1;0.9066581713921631
S011;84;epsilon->gamma;1;0.9066581713921631
S011;87;epsilon->gamma;1;0.9066581713921631
S011;135;epsilon->gamma;1;0.896468457591307
S011;156;epsilon->gamma;1;0.9066581713921631
S011;171;epsilon->gamma;1;0.853125
S011;215;epsilon->gamma;1;0.853125
S011;224;epsilon->gamma;1;0.853125
S011;235;epsilon->gamma;1;0.7687952186222082
S011;318;epsilon->gamma;1;0.7380530973451327
S011;346;epsilon->gamma;1;0.7958996328029376
S011;352;epsilon->gamma;1;0.7958996328029376
S011;395;epsilon->gamma;0;0.853125
S011;398;epsilon->gamma;0;0.7687952186222082
S011;420;epsilon->gamma;0;0.7687952186222082
S011;425;epsilon->gamma;0;0.7687952186222082
S011;431;epsilon->gamma;0;0.7687952186222082
S011;436;epsilon->gamma;0;0.853125
S011;479;epsilon->gamma;1;0.9066581713921631
S011;481;epsilon->gamma;1;0.9066581713921631
S011;483;epsilon->gamma;1;0.853125
S011;488;epsilon->gamma;1;0.7687952186222082
S011;495;epsilon->gamma;1;0.7687952186222082
S011;500;epsilon->gamma;1;0.853125
S011;515;epsilon->gamma;1;0.853125
S011;624;epsilon->gamma;0;0.7380530973451327
S011;636;epsilon->gamma;0;0.7380530973451327
S011;642;epsilon->gamma;1;0.7380530973451327
S011;646;epsilon->gamma;1;0.7380530973451327
S011;663;epsilon->gamma;1;0.8323000619962803
S011;666;epsilon->gamma;1;0.8323000619962803
S011;743;epsilon->gamma;0;0.853125
S011;761;epsilon->gamma;1;0.7687952186222082
S011;768;epsilon->gamma;1;0.7261982928430729
S011;774;epsilon->gamma;1;0.7261982928430729
S011;801;epsilon->gamma;1;0.9066581713921631
S011;803;epsilon->gamma;1;0.9066581713921631
S011;873;epsilon->gamma;1;0.7958996328029376
S011;890;epsilon->gamma;1;0.7380530973451327
S011;905;epsilon->gamma;1;0.7958996328029376
S011;915;epsilon->gamma;1;0.896468457591307
S011;986;epsilon->gamma;1;0.853125
S011;1093;epsilon->gamma;1;0.896468457591307
S011;1097;epsilon->gamma;1;0.896468457591307
S011;1166;epsilon->gamma;1;0.7958996328029376
S011;1194;epsilon->gamma;1;0.7958996328029376
S011;1235;epsilon->gamma;1;0.853125
S011;1238;epsilon->gamma;1;0.853125
S011;1243;epsilon->gamma;1;0.853125
S011;1246;epsilon->gamma;1;0.9066581713921631
S011;1345;epsilon->gamma;1;0.9066581713921631
S012;89;epsilon->gamma;0;0.7380530973451327
S012;97;epsilon->gamma;0;0.7380530973451327
S012;117;epsilon->gamma;1;0.7380530973451327
S012;119;epsilon->gamma;1;0.7380530973451327
S012;121;epsilon->gamma;1;0.7958996328029376
S012;168;epsilon->gamma;1;0.8323000619962803
S012;177;epsilon->gamma;1;0.7958996328029376
S012;312;epsilon->gamma;1;0.7261982928430729
S012;360;epsilon->gamma;1;0.896468457591307
S012;451;epsilon->gamma;1;0.7261982928430729
S012;463;epsilon->gamma;1;0.7687952186222082
S012;465;epsilon->gamma;1;0.7687952186222082
S012;468;epsilon->gamma;1;0.7687952186222082
S012;488;epsilon->gamma;1;0.9066581713921631
S012;546;epsilon->gamma;1;0.7380530973451327
S012;560;epsilon->gamma;1;0.7958996328029376
S012;582;epsilon->gamma;1;0.7958996328029376
S012;584;epsilon->gamma;1;0.8323000619962803
S012;662;epsilon->gamma;0;0.7261982928430729
S012;693;epsilon->gamma;1;0.7261982928430729
S012;696;epsilon->gamma;1;0.853125
S012;711;epsilon->gamma;1;0.7687952186222082
S012;715;epsilon->gamma;1;0.7261982928430729
S012;723;epsilon->gamma;1;0.7261982928430729
S012;785;epsilon->gamma;1;0.7380530973451327
S012;821;epsilon->gamma;1;0.8323000619962803
S012;889;epsilon->gamma;1;0.7261982928430729
S012;892;epsilon->gamma;1;0.7261982928430729
S012;945;epsilon->gamma;0;0.7958996328029376
S012;974;epsilon->gamma;1;0.7958996328029376
S012;978;epsilon->gamma;1;0.7958996328029376
S012;982;epsilon->gamma;1;0.8323000619962803
S012;986;epsilon->gamma;1;0.7958996328029376
S012;990;epsilon->gamma;1;0.8323000619962803
S012;994;epsilon->gamma;1;0.8323000619962803
S012;999;epsilon->gamma;1;0.8323000619962803
S012;1050;epsilon->gamma;1;0.8323000619962803
S012;1053;epsilon->gamma;1;0.896468457591307
S012;1059;epsilon->gamma;1;0.8323000619962803
S012;1110;epsilon->gamma;1;0.9066581713921631
S012;1133;epsilon->gamma;1;0.7261982928430729
S012;1135;epsilon->gamma;1;0.7687952186222082
S012;1138;epsilon->gamma;1;0.853125
S012;1212;epsilon->gamma;0;0.7380530973451327
S012;1215;epsilon->gamma;1;0.7380530973451327
S012;1322;epsilon->gamma;1;0.7380530973451327
S013;12;epsilon->gamma;0;0.7380530973451327
S013;137;epsilon->gamma;1;0.7380530973451327
S013;201;epsilon->gamma;1;0.853125
S013;204;epsilon->gamma;1;0.7261982928430729
S013;221;epsilon->gamma;1;0.853125
S013;267;epsilon->gamma;1;0.7380530973451327
S013;288;epsilon->gamma;1;0.896468457591307
S013;402;epsilon->gamma;1;0.8323000619962803
S013;456;epsilon->gamma;1;0.896468457591307
S013;516;epsilon->gamma;1;0.7687952186222082
S013;528;epsilon->gamma;1;0.7687952186222082
S013;536;epsilon->gamma;1;0.7687952186222082
S013;618;epsilon->gamma;0;0.7261982928430729
S013;627;epsilon->gamma;0;0.7261982928430729
S013;723;epsilon->gamma;1;0.6655172413793103
S013;740;epsilon->gamma;1;0.7261982928430729
S013;747;epsilon->gamma;1;0.7687952186222082
S013;756;epsilon->gamma;1;0.7687952186222082
S013;762;epsilon->gamma;1;0.853125
S013;767;epsilon->gamma;1;0.9066581713921631
S013;774;epsilon->gamma;1;0.9066581713921631
S013;882;epsilon->gamma;1;0.7261982928430729
S013;950;epsilon->gamma;0;0.7958996328029376
S013;960;epsilon->gamma;0;0.7958996328029376
S013;971;epsilon->gamma;0;0.7958996328029376
S013;975;epsilon->gamma;0;0.7958996328029376
S013;979;epsilon->gamma;0;0.8323000619962803
S013;983;epsilon->gamma;0;0.7958996328029376
S013;985;epsilon->gamma;0;0.7958996328029376
S013;1060;epsilon->gamma;0;0.7380530973451327
S013;1140;epsilon->gamma;1;0.8323000619962803
S013;1321;epsilon->gamma;1;0.7380530973451327
S013;1338;epsilon->gamma;1;0.8323000619962803
S014;6;epsilon->gamma;1;0.7958996328029376
S014;84;epsilon->gamma;1;0.7687952186222082
S014;86;epsilon->gamma;1;0.7261982928430729
S014;135;epsilon->gamma;1;0.896468457591307
S014;152;epsilon->gamma;1;0.896468457591307
S014;259;epsilon->gamma;1;0.7261982928430729
S014;324;epsilon->gamma;1;0.7380530973451327
S014;330;epsilon->gamma;1;0.7380530973451327
S014;337;epsilon->gamma;1;0.896468457591307
S014;401;epsilon->gamma;1;0.7687952186222082
S014;410;epsilon->gamma;1;0.7261982928430729
S014;420;epsilon->gamma;1;0.9066581713921631
S014;458;epsilon->gamma;1;0.896468457591307
S014;468;epsilon->gamma;1;0.8323000619962803
S014;485;epsilon->gamma;1;0.896468457591307
S014;545;epsilon->gamma;1;0.7261982928430729
S014;582;epsilon->gamma;0;0.896468457591307
S014;586;epsilon->gamma;0;0.896468457591307
S014;622;epsilon->gamma;1;0.7958996328029376
S014;627;epsilon->gamma;1;0.7958996328029376
S014;635;epsilon->gamma;1;0.7958996328029376
S014;641;epsilon->gamma;1;0.896468457591307
S014;676;epsilon->gamma;1;0.896468457591307
S014;681;epsilon->gamma;1;0.8323000619962803
S014;719;epsilon->gamma;1;0.9066581713921631
S014;741;epsilon->gamma;1;0.7687952186222082
S014;747;epsilon->gamma;1;0.853125
S014;798;epsilon->gamma;0;0.7261982928430729
S014;849;epsilon->gamma;1;0.853125
S014;854;epsilon->gamma;1;0.853125
S014;859;epsilon->gamma;1;0.853125
S014;894;epsilon->gamma;1;0.896468457591307
S014;918;epsilon->gamma;1;0.7958996328029376
S014;920;epsilon->gamma;1;0.8323000619962803
S014;930;epsilon->gamma;1;0.8323000619962803
S014;962;epsilon->gamma;1;0.9066581713921631
S014;1012;epsilon->gamma;0;0.7958996328029376
S014;1017;epsilon->gamma;0;0.7958996328029376
S014;1024;epsilon->gamma;0;0.7380530973451327
S014;1026;epsilon->gamma;0;0.7958996328029376
S014;1136;epsilon->gamma;1;0.7261982928430729
S014;1143;epsilon->gamma;1;0.7687952186222082
S014;1189;epsilon->gamma;1;0.8323000619962803
S014;1240;epsilon->gamma;0;0.7687952186222082
S014;1243;epsilon->gamma;0;0.7687952186222082
S014;1342;epsilon->gamma;1;0.7687952186222082
S014;1345;epsilon->gamma;1;0.853125
S014;1378;epsilon->gamma;1;0.853125
S015;7;epsilon->gamma;0;0.7687952186222082
S015;12;epsilon->gamma;0;0.7687952186222082
S015;111;epsilon->gamma;0;0.7261982928430729
S015;121;epsilon->gamma;1;0.7261982928430729
S015;167;epsilon->gamma;1;0.9066581713921631
S015;169;epsilon->gamma;1;0.9066581713921631
S015;184;epsilon->gamma;1;0.896468457591307
S015;189;epsilon->gamma;1;0.896468457591307
S015;197;epsilon->gamma;1;0.9066581713921631
S015;199;epsilon->gamma;1;0.9066581713921631
S015;214;epsilon->gamma;1;0.7687952186222082
S015;257;epsilon->gamma;1;0.7958996328029376
S015;285;epsilon->gamma;1;0.8323000619962803
S015;296;epsilon->gamma;1;0.8323000619962803
S015;394;epsilon->gamma;1;0.7958996328029376
S015;439;epsilon->gamma;1;0.9066581713921631
S015;478;epsilon->gamma;1;0.853125
S015;521;epsilon->gamma;1;0.7687952186222082
S015;526;epsilon->gamma;1;0.853125
S015;594;epsilon->gamma;1;0.7380530973451327
S015;601;epsilon->gamma;1;0.7958996328029376
S015;640;epsilon->gamma;1;0.9066581713921631
S015;646;epsilon->gamma;1;0.9066581713921631
S015;652;epsilon->gamma;0;0.7687952186222082
S015;713;epsilon->gamma;1;0.7687952186222082
S015;770;epsilon->gamma;0;0.7958996328029376
S015;779;epsilon->gamma;0;0.7958996328029376
S015;866;epsilon->gamma;1;0.7380530973451327
S015;874;epsilon->gamma;1;0.7380530973451327
S015;886;epsilon->gamma;1;0.7958996328029376
S015;925;epsilon->gamma;1;0.7687952186222082
S015;927;epsilon->gamma;1;0.853125
S016;34;epsilon->gamma;1;0.7958996328029376
S016;61;epsilon->gamma;1;0.7958996328029376
S016;118;epsilon->gamma;1;0.853125
S016;236;epsilon->gamma;0;0.7380530973451327
S016;241;epsilon->gamma;0;0.7380530973451327
S016;333;epsilon->gamma;1;0.7958996328029376
S016;340;epsilon->gamma;1;0.7958996328029376
S016;348;epsilon->gamma;1;0.7380530973451327
S016;351;epsilon->gamma;1;0.7958996328029376
S016;384;epsilon->gamma;1;0.8323000619962803
S016;491;epsilon->gamma;1;0.853125
S016;600;epsilon->gamma;1;0.7380530973451327
S016;604;epsilon->gamma;1;0.7380530973451327
S016;608;epsilon->gamma;1;0.7380530973451327
S016;670;epsilon->gamma;1;0.7261982928430729
S016;698;epsilon->gamma;1;0.7261982928430729
S016;700;epsilon->gamma;1;0.7687952186222082
S016;702;epsilon->gamma;1;0.853125
S016;716;epsilon->gamma;1;0.853125
S016;730;epsilon->gamma;1;0.853125
S016;737;epsilon->gamma;1;0.853125
S016;780;epsilon->gamma;1;0.7380530973451327
S016;782;epsilon->gamma;1;0.7958996328029376
S016;784;epsilon->gamma;1;0.7958996328029376
S016;801;epsilon->gamma;1;0.7958996328029376
S016;874;epsilon->gamma;1;0.8323000619962803
S016;877;epsilon->gamma;1;0.896468457591307
S016;898;epsilon->gamma;1;0.7380530973451327
S016;955;epsilon->gamma;1;0.7261982928430729
S016;961;epsilon->gamma;1;0.7687952186222082
S016;1040;epsilon->gamma;0;0.7687952186222082
S016;1085;epsilon->gamma;0;0.7687952186222082
S016;1143;epsilon->gamma;1;0.7687952186222082
S016;1170;epsilon->gamma;1;0.853125
S016;1173;epsilon->gamma;1;0.9066581713921631
S016;1224;epsilon->gamma;1;0.896468457591307
S016;1369;epsilon->gamma;1;0.7687952186222082
S017;25;epsilon->gamma;0;0.7958996328029376
S017;29;epsilon->gamma;0;0.7958996328029376
S017;104;epsilon->gamma;1;0.7958996328029376
S017;130;epsilon->gamma;1;0.7958996328029376
S017;143;epsilon->gamma;1;0.896468457591307
S017;162;epsilon->gamma;1;0.9066581713921631
S017;188;epsilon->gamma;0;0.896468457591307
S017;243;epsilon->gamma;1;0.7958996328029376
S017;258;epsilon->gamma;0;0.7958996328029376
S017;263;epsilon->gamma;0;0.7958996328029376
S017;325;epsilon->gamma;1;0.7958996328029376
S017;328;epsilon->gamma;1;0.7958996328029376
S017;350;epsilon->gamma;1;0.7380530973451327
S017;354;epsilon->gamma;1;0.7958996328029376
S017;375;epsilon->gamma;1;0.8323000619962803
S017;421;epsilon->gamma;1;0.7687952186222082
S017;443;epsilon->gamma;1;0.853125
S017;448;epsilon->gamma;1;0.7687952186222082
S017;468;epsilon->gamma;1;0.853125
S017;516;epsilon->gamma;1;0.853125
S017;518;epsilon->gamma;1;0.853125
S017;558;epsilon->gamma;1;0.896468457591307
S017;574;epsilon->gamma;1;0.7958996328029376
S017;591;epsilon->gamma;1;0.8323000619962803
S017;649;epsilon->gamma;1;0.7687952186222082
S017;652;epsilon->gamma;1;0.7261982928430729
S017;658;epsilon->gamma;1;0.7261982928430729
S017;660;epsilon->gamma;1;0.7687952186222082
S017;663;epsilon->gamma;1;0.7687952186222082
S017;761;epsilon->gamma;0;0.7261982928430729
S017;784;epsilon->gamma;1;0.7261982928430729
S017;804;epsilon->gamma;1;0.853125
S017;809;epsilon->gamma;1;0.853125
S017;832;epsilon->gamma;1;0.9066581713921631
S017;886;epsilon->gamma;0;0.7380530973451327
S017;893;epsilon->gamma;0;0.7380530973451327
S017;895;epsilon->gamma;0;0.7380530973451327
S017;901;epsilon->gamma;0;0.7380530973451327
S017;907;epsilon->gamma;0;0.7958996328029376
S017;978;epsilon->gamma;1;0.7380530973451327
S017;1008;epsilon->gamma;1;0.7958996328029376
S017;1030;epsilon->gamma;1;0.853125
S017;1032;epsilon->gamma;1;0.9066581713921631
S017;1185;epsilon->gamma;0;0.7380530973451327
S017;1189;epsilon->gamma;0;0.7380530973451327
S017;1384;epsilon->gamma;1;0.7958996328029376
S018;64;epsilon->gamma;1;0.853125
S018;171;epsilon->gamma;0;0.7687952186222082
S018;174;epsilon->gamma;0;0.7261982928430729
S018;234;epsilon->gamma;1;0.7261982928430729
S018;250;epsilon->gamma;1;0.853125
S018;252;epsilon->gamma;1;0.7687952186222082
S018;270;epsilon->gamma;1;0.9066581713921631
S018;273;epsilon->gamma;1;0.9066581713921631
S018;290;epsilon->gamma;1;0.8323000619962803
S018;296;epsilon->gamma;1;0.896468457591307
S018;348;epsilon->gamma;1;0.853125
S018;360;epsilon->gamma;1;0.9066581713921631
S018;391;epsilon->gamma;1;0.9066581713921631
S018;450;epsilon->gamma;1;0.896468457591307
S018;460;epsilon->gamma;1;0.7380530973451327
S018;476;epsilon->gamma;0;0.7958996328029376
S018;479;epsilon->gamma;0;0.7958996328029376
S018;619;epsilon->gamma;1;0.7958996328029376
S018;665;epsilon->gamma;1;0.9066581713921631
S018;667;epsilon->gamma;1;0.9066581713921631
S018;779;epsilon->gamma;1;0.7687952186222082
S018;787;epsilon->gamma;1;0.7687952186222082
S018;815;epsilon->gamma;1;0.853125
S018;818;epsilon->gamma;1;0.7687952186222082
S018;949;epsilon->gamma;1;0.7380530973451327
S018;957;epsilon->gamma;1;0.7380530973451327
S018;1069;epsilon->gamma;0;0.7261982928430729
S018;1073;epsilon->gamma;0;0.7261982928430729
S018;1084;epsilon->gamma;0;0.7261982928430729
S018;1086;epsilon->gamma;0;0.7687952186222082
S018;1100;epsilon->gamma;0;0.7687952186222082
S018;1104;epsilon->gamma;0;0.7687952186222082
S018;1110;epsilon->gamma;0;0.9066581713921631
S018;1113;epsilon->gamma;0;0.9066581713921631
S018;1178;epsilon->gamma;1;0.6655172413793103
S018;1250;epsilon->gamma;1;0.7380530973451327
S018;1253;epsilon->gamma;1;0.7958996328029376
S018;1326;epsilon->gamma;1;0.7958996328029376
S018;1351;epsilon->gamma;1;0.8323000619962803
S018;1379;epsilon->gamma;1;0.9066581713921631
S019;33;epsilon->gamma;1;0.853125
S019;78;epsilon->gamma;1;0.8323000619962803
S019;97;epsilon->gamma;1;0.7958996328029376
S019;101;epsilon->gamma;1;0.7958996328029376
S019;104;epsilon->gamma;1;0.7958996328029376
S019;119;epsilon->gamma;1;0.8323000619962803
S019;153;epsilon->gamma;1;0.9066581713921631
S019;224;epsilon->gamma;1;0.7380530973451327
S019;244;epsilon->gamma;1;0.7958996328029376
S019;270;epsilon->gamma;1;0.896468457591307
S019;291;epsilon->gamma;0;0.9066581713921631
S019;434;epsilon->gamma;0;0.7261982928430729
S019;437;epsilon->gamma;0;0.7261982928430729
S019;443;epsilon->gamma;0;0.7261982928430729
S019;476;epsilon->gamma;0;0.7687952186222082
S019;481;epsilon->gamma;0;0.853125
S019;493;epsilon->gamma;1;0.9066581713921631
S019;526;epsilon->gamma;1;0.853125
S019;559;epsilon->gamma;1;0.9066581713921631
S019;597;epsilon->gamma;1;0.7958996328029376
S019;601;epsilon->gamma;1;0.8323000619962803
S019;610;epsilon->gamma;0;0.8323000619962803
S019;663;epsilon->gamma;1;0.7958996328029376
S019;671;epsilon->gamma;1;0.7958996328029376
S019;692;epsilon->gamma;1;0.8323000619962803
S019;698;epsilon->gamma;1;0.896468457591307
S019;740;epsilon->gamma;1;0.853125
S019;772;epsilon->gamma;1;0.7687952186222082
S019;774;epsilon->gamma;1;0.7687952186222082
S019;784;epsilon->gamma;0;0.7687952186222082
S019;834;epsilon->gamma;1;0.853125
S019;850;epsilon->gamma;1;0.853125
S019;866;epsilon->gamma;1;0.9066581713921631
S019;871;epsilon->gamma;1;0.9066581713921631
S019;877;epsilon->gamma;1;0.853125
S019;883;epsilon->gamma;1;0.9066581713921631
S019;885;epsilon->gamma;1;0.9066581713921631
S019;953;epsilon->gamma;0;0.7687952186222082
S019;957;epsilon->gamma;0;0.7687952186222082
S019;963;epsilon->gamma;0;0.7687952186222082
S019;1017;epsilon->gamma;1;0.9066581713921631
S019;1140;epsilon->gamma;0;0.7958996328029376
S019;1146;epsilon->gamma;1;0.7380530973451327
S019;1154;epsilon->gamma;1;0.7380530973451327
S019;1158;epsilon->gamma;1;0.7380530973451327
S019;1191;epsilon->gamma;1;0.7958996328029376
S019;1198;epsilon->gamma;1;0.7958996328029376
S019;1204;epsilon->gamma;1;0.7958996328029376
S019;1207;epsilon->gamma;1;0.7958996328029376
S019;1216;epsilon->gamma;1;0.7380530973451327
S019;1224;epsilon->gamma;1;0.7958996328029376
S019;1329;epsilon->gamma;1;0.9066581713921631
S019;1331;epsilon->gamma;1;0.9066581713921631
S019;1339;epsilon->gamma;1;0.853125
S019;1347;epsilon->gamma;1;0.7687952186222082
S019;1358;epsilon->gamma;1;0.7687952186222082
S020;15;epsilon->gamma;1;0.896468457591307
S020;42;epsilon->gamma;1;0.896468457591307
S020;64;epsilon->gamma;1;0.896468457591307
S020;67;epsilon->gamma;1;0.896468457591307
S020;81;epsilon->gamma;1;0.9066581713921631
S020;125;epsilon->gamma;1;0.8323000619962803
S020;195;epsilon->gamma;1;0.7687952186222082
S020;197;epsilon->gamma;1;0.7687952186222082
S020;215;epsilon->gamma;1;0.853125
S020;278;epsilon->gamma;0;0.7380530973451327
S020;282;epsilon->gamma;0;0.7380530973451327
S020;287;epsilon->gamma;0;0.7380530973451327
S020;317;epsilon->gamma;1;0.7958996328029376
S020;319;epsilon->gamma;1;0.8323000619962803
S020;352;epsilon->gamma;1;0.7958996328029376
S020;448;epsilon->gamma;1;0.8323000619962803
S020;450;epsilon->gamma;1;0.896468457591307
S020;454;epsilon->gamma;0;0.896468457591307
S020;554;epsilon->gamma;1;0.7380530973451327
S020;646;epsilon->gamma;1;0.7261982928430729
S020;649;epsilon->gamma;1;0.7261982928430729
S020;656;epsilon->gamma;1;0.7687952186222082
S020;703;epsilon->gamma;1;0.8323000619962803
S020;729;epsilon->gamma;1;0.7958996328029376
S020;771;epsilon->gamma;1;0.896468457591307
S020;792;epsilon->gamma;1;0.896468457591307
S020;822;epsilon->gamma;1;0.8323000619962803
S020;826;epsilon->gamma;1;0.8323000619962803
S020;839;epsilon->gamma;1;0.8323000619962803
S020;841;epsilon->gamma;1;0.8323000619962803
S020;1002;epsilon->gamma;1;0.7261982928430729
S020;1051;epsilon->gamma;0;0.7958996328029376
S020;1072;epsilon->gamma;0;0.7380530973451327
S020;1090;epsilon->gamma;0;0.7958996328029376
S020;1093;epsilon->gamma;0;0.7958996328029376
S020;1096;epsilon->gamma;0;0.7958996328029376
S020;1101;epsilon->gamma;0;0.8323000619962803
S020;1105;epsilon->gamma;1;0.7958996328029376
S020;1108;epsilon->gamma;1;0.7958996328029376
S020;1114;epsilon->gamma;1;0.7958996328029376
S020;1147;epsilon->gamma;1;0.8323000619962803
S020;1154;epsilon->gamma;1;0.8323000619962803
S021;25;epsilon->gamma;1;0.853125
S021;78;epsilon->gamma;1;0.7958996328029376
S021;80;epsilon->gamma;1;0.8323000619962803
S021;84;epsilon->gamma;1;0.7958996328029376
S021;173;epsilon->gamma;0;0.7380530973451327
S021;236;epsilon->gamma;0;0.7380530973451327
S021;295;epsilon->gamma;1;0.7958996328029376
S021;301;epsilon->gamma;1;0.8323000619962803
S021;328;epsilon->gamma;1;0.9066581713921631
S021;346;epsilon->gamma;1;0.853125
S021;351;epsilon->gamma;1;0.7687952186222082
S021;538;epsilon->gamma;1;0.6655172413793103
S021;540;epsilon->gamma;1;0.6655172413793103
S021;542;epsilon->gamma;1;0.6655172413793103
S021;547;epsilon->gamma;1;0.7261982928430729
S021;566;epsilon->gamma;1;0.7687952186222082
S021;663;epsilon->gamma;1;0.7958996328029376
S021;685;epsilon->gamma;1;0.7380530973451327
S021;787;epsilon->gamma;1;0.9066581713921631
S021;809;epsilon->gamma;1;0.853125
S021;811;epsilon->gamma;1;0.853125
S021;900;epsilon->gamma;0;0.7380530973451327
S021;903;epsilon->gamma;0;0.7380530973451327
S021;906;epsilon->gamma;1;0.6766940139775144
S021;967;epsilon->gamma;1;0.853125
S021;972;epsilon->gamma;1;0.853125
S021;1036;epsilon->gamma;0;0.7380530973451327
S021;1061;epsilon->gamma;1;0.7958996328029376
S021;1104;epsilon->gamma;1;0.8323000619962803
S021;1151;epsilon->gamma;1;0.853125
S021;1153;epsilon->gamma;1;0.853125
S021;1173;epsilon->gamma;1;0.7687952186222082
S021;1370;epsilon->gamma;1;0.7687952186222082
S022;10;epsilon->gamma;1;0.8323000619962803
S022;28;epsilon->gamma;1;0.7958996328029376
S022;31;epsilon->gamma;1;0.8323000619962803
S022;81;epsilon->gamma;1;0.853125
S022;94;epsilon->gamma;1;0.9066581713921631
S022;163;epsilon->gamma;0;0.7261982928430729
S022;182;epsilon->gamma;0;0.7261982928430729
S022;185;epsilon->gamma;0;0.7261982928430729
S022;193;epsilon->gamma;0;0.7687952186222082
S022;197;epsilon->gamma;1;0.853125
S022;237;epsilon->gamma;1;0.9066581713921631
S022;249;epsilon->gamma;1;0.9066581713921631
S022;269;epsilon->gamma;0;0.7687952186222082
S022;290;epsilon->gamma;0;0.9066581713921631
S022;318;epsilon->gamma;0;0.7261982928430729
S022;324;epsilon->gamma;0;0.7261982928430729
S022;379;epsilon->gamma;1;0.7687952186222082
S022;435;epsilon->gamma;1;0.7958996328029376
S022;456;epsilon->gamma;1;0.896468457591307
S022;506;epsilon->gamma;1;0.8323000619962803
S022;520;epsilon->gamma;1;0.7380530973451327
S022;525;epsilon->gamma;1;0.7380530973451327
S022;527;epsilon->gamma;1;0.7380530973451327
S022;534;epsilon->gamma;1;0.7380530973451327
S022;544;epsilon->gamma;1;0.7958996328029376
S022;547;epsilon->gamma;1;0.7958996328029376
S022;559;epsilon->gamma;1;0.896468457591307
S022;586;epsilon->gamma;1;0.896468457591307
S022;607;epsilon->gamma;1;0.896468457591307
S022;615;epsilon->gamma;1;0.896468457591307
S022;727;epsilon->gamma;1;0.7261982928430729
S022;746;epsilon->gamma;0;0.7687952186222082
S022;799;epsilon->gamma;1;0.7261982928430729
S022;811;epsilon->gamma;1;0.7261982928430729
S022;832;epsilon->gamma;1;0.853125
S022;926;epsilon->gamma;1;0.853125
S022;932;epsilon->gamma;1;0.7687952186222082
S022;1016;epsilon->gamma;1;0.7380530973451327
S022;1018;epsilon->gamma;1;0.7380530973451327
S022;1043;epsilon->gamma;1;0.8323000619962803
S022;1089;epsilon->gamma;1;0.9066581713921631
S022;1096;epsilon->gamma;1;0.853125
S022;1149;epsilon->gamma;1;0.7380530973451327
S022;1165;epsilon->gamma;1;0.7380530973451327
S022;1185;epsilon->gamma;1;0.8323000619962803
S022;1222;epsilon->gamma;1;0.9066581713921631
S022;1227;epsilon->gamma;1;0.9066581713921631
S022;1322;epsilon->gamma;1;0.896468457591307
S022;1324;epsilon->gamma;1;0.896468457591307
S022;1341;epsilon->gamma;1;0.8323000619962803
S022;1348;epsilon->gamma;1;0.7380530973451327
S023;12;epsilon->gamma;1;0.7687952186222082
S023;19;epsilon->gamma;0;0.853125
S023;36;epsilon->gamma;1;0.7687952186222082
S023;41;epsilon->gamma;1;0.853125
S023;74;epsilon->gamma;1;0.853125
S023;155;epsilon->gamma;0;0.7380530973451327
S023;158;epsilon->gamma;0;0.7380530973451327
S023;175;epsilon->gamma;0;0.7958996328029376
S023;180;epsilon->gamma;0;0.7958996328029376
S023;240;epsilon->gamma;1;0.8323000619962803
S023;248;epsilon->gamma;1;0.7380530973451327
S023;256;epsilon->gamma;1;0.8323000619962803
S023;276;epsilon->gamma;1;0.8323000619962803
S023;286;epsilon->gamma;1;0.896468457591307
S023;303;epsilon->gamma;1;0.853125
S023;352;epsilon->gamma;1;0.7958996328029376
S023;368;epsilon->gamma;1;0.8323000619962803
S023;396;epsilon->gamma;1;0.896468457591307
S023;483;epsilon->gamma;1;0.7958996328029376
S023;498;epsilon->gamma;1;0.7958996328029376
S023;556;epsilon->gamma;1;0.7261982928430729
S023;562;epsilon->gamma;1;0.7261982928430729
S023;666;epsilon->gamma;1;0.853125
S023;803;epsilon->gamma;1;0.7261982928430729
S023;861;epsilon->gamma;1;0.8323000619962803
S023;873;epsilon->gamma;1;0.896468457591307
S023;899;epsilon->gamma;1;0.896468457591307
S023;954;epsilon->gamma;0;0.7958996328029376
S023;1010;epsilon->gamma;1;0.7380530973451327
S023;1012;epsilon->gamma;1;0.7380530973451327
S023;1020;epsilon->gamma;1;0.7958996328029376
S023;1036;epsilon->gamma;1;0.7380530973451327
S023;1124;epsilon->gamma;1;0.7261982928430729
S023;1199;epsilon->gamma;1;0.7958996328029376
S023;1257;epsilon->gamma;1;0.7687952186222082
S023;1343;epsilon->gamma;1;0.7261982928430729
S024;1;epsilon->gamma;1;0.7958996328029376
S024;46;epsilon->gamma;1;0.896468457591307
S024;108;epsilon->gamma;0;0.7380530973451327
S024;176;epsilon->gamma;1;0.7380530973451327
S024;185;epsilon->gamma;1;0.7958996328029376
S024;192;epsilon->gamma;1;0.7380530973451327
S024;195;epsilon->gamma;1;0.7958996328029376
S024;198;epsilon->gamma;1;0.7380530973451327
S024;205;epsilon->gamma;1;0.7958996328029376
S024;246;epsilon->gamma;1;0.853125
S024;257;epsilon->gamma;1;0.7687952186222082
S024;262;epsilon->gamma;1;0.7261982928430729
S024;272;epsilon->gamma;1;0.9066581713921631
S024;297;epsilon->gamma;1;0.9066581713921631
S024;344;epsilon->gamma;1;0.896468457591307
S024;360;epsilon->gamma;1;0.7958996328029376
S024;377;epsilon->gamma;1;0.8323000619962803
S024;424;epsilon->gamma;1;0.896468457591307
S024;460;epsilon->gamma;1;0.8323000619962803
S024;465;epsilon->gamma;1;0.896468457591307
S024;492;epsilon->gamma;1;0.896468457591307
S024;496;epsilon->gamma;1;0.896468457591307
S024;561;epsilon->gamma;1;0.7261982928430729
S024;620;epsilon->gamma;1;0.7958996328029376
S024;629;epsilon->gamma;1;0.8323000619962803
S024;632;epsilon->gamma;1;0.8323000619962803
S024;641;epsilon->gamma;1;0.896468457591307
S024;693;epsilon->gamma;1;0.7958996328029376
S024;804;epsilon->gamma;1;0.7380530973451327
S024;827;epsilon->gamma;1;0.7380530973451327
S024;829;epsilon->gamma;1;0.7380530973451327
S024;840;epsilon->gamma;1;0.8323000619962803
S024;856;epsilon->gamma;1;0.8323000619962803
S024;864;epsilon->gamma;1;0.8323000619962803
S024;892;epsilon->gamma;1;0.9066581713921631
S024;958;epsilon->gamma;1;0.7687952186222082
S024;960;epsilon->gamma;1;0.853125
S024;1010;epsilon->gamma;0;0.7958996328029376
S024;1021;epsilon->gamma;0;0.7380530973451327
S024;1073;epsilon->gamma;1;0.8323000619962803
S024;1080;epsilon->gamma;1;0.7958996328029376
S024;1087;epsilon->gamma;1;0.7958996328029376
S024;1159;epsilon->gamma;1;0.8323000619962803
S024;1192;epsilon->gamma;1;0.7958996328029376
S024;1197;epsilon->gamma;0;0.7958996328029376
S024;1204;epsilon->gamma;1;0.7958996328029376
S024;1237;epsilon->gamma;1;0.7958996328029376
S024;1247;epsilon->gamma;1;0.8323000619962803
S024;1252;epsilon->gamma;1;0.7958996328029376
S024;1254;epsilon->gamma;1;0.8323000619962803
S024;1352;epsilon->gamma;1;0.9066581713921631
S024;1361;epsilon->gamma;1;0.9066581713921631
S025;30;epsilon->gamma;1;0.853125
S025;38;epsilon->gamma;1;0.7261982928430729
S025;105;epsilon->gamma;1;0.7261982928430729
S025;180;epsilon->gamma;1;0.7958996328029376
S025;230;epsilon->gamma;1;0.7261982928430729
S025;328;epsilon->gamma;1;0.7380530973451327
S025;330;epsilon->gamma;1;0.896468457591307
S025;404;epsilon->gamma;1;0.7261982928430729
S025;409;epsilon->gamma;1;0.7261982928430729
S025;412;epsilon->gamma;1;0.7261982928430729
S025;419;epsilon->gamma;1;0.7261982928430729
S025;426;epsilon->gamma;1;0.7261982928430729
S025;453;epsilon->gamma;1;0.9066581713921631
S025;481;epsilon->gamma;1;0.8323000619962803
S025;524;epsilon->gamma;1;0.7958996328029376
S025;526;epsilon->gamma;1;0.7958996328029376
S025;574;epsilon->gamma;1;0.853125
S025;576;epsilon->gamma;1;0.7687952186222082
S025;584;epsilon->gamma;1;0.9066581713921631
S025;596;epsilon->gamma;1;0.7687952186222082
S025;601;epsilon->gamma;1;0.9066581713921631
S025;615;epsilon->gamma;1;0.7687952186222082
S025;621;epsilon->gamma;1;0.9066581713921631
S025;631;epsilon->gamma;1;0.896468457591307
S025;634;epsilon->gamma;1;0.896468457591307
S025;648;epsilon->gamma;1;0.896468457591307
S025;686;epsilon->gamma;1;0.7958996328029376
S025;698;epsilon->gamma;1;0.7380530973451327
S025;706;epsilon->gamma;1;0.896468457591307
S025;800;epsilon->gamma;1;0.7380530973451327
S025;805;epsilon->gamma;1;0.7380530973451327
S025;812;epsilon->gamma;1;0.7380530973451327
S025;815;epsilon->gamma;1;0.7380530973451327
S025;873;epsilon->gamma;0;0.7261982928430729
S025;882;epsilon->gamma;0;0.7261982928430729
S025;885;epsilon->gamma;0;0.7261982928430729
S025;889;epsilon->gamma;0;0.7261982928430729
S025;891;epsilon->gamma;0;0.7687952186222082
S025;993;epsilon->gamma;1;0.7687952186222082
S025;1010;epsilon->gamma;1;0.7687952186222082
S025;1012;epsilon->gamma;1;0.7687952186222082
S025;1024;epsilon->gamma;1;0.853125
S025;1027;epsilon->gamma;1;0.853125
S025;1029;epsilon->gamma;1;0.853125
S025;1087;epsilon->gamma;1;0.7380530973451327
S025;1097;epsilon->gamma;1;0.7958996328029376
S025;1102;epsilon->gamma;1;0.8323000619962803
S025;1137;epsilon->gamma;1;0.8323000619962803
S025;1176;epsilon->gamma;1;0.7958996328029376
S025;1181;epsilon->gamma;1;0.896468457591307
S026;79;epsilon->gamma;1;0.7687952186222082
S026;211;epsilon->gamma;1;0.7261982928430729
S026;235;epsilon->gamma;1;0.7687952186222082
S026;249;epsilon->gamma;1;0.7687952186222082
S026;261;epsilon->gamma;1;0.9066581713921631
S026;270;epsilon->gamma;1;0.9066581713921631
S026;361;epsilon->gamma;0;0.6766940139775144
S026;363;epsilon->gamma;0;0.6766940139775144
S026;368;epsilon->gamma;0;0.7380530973451327
S026;427;epsilon->gamma;1;0.7958996328029376
S026;442;epsilon->gamma;1;0.896468457591307
S026;446;epsilon->gamma;1;0.7958996328029376
S026;449;epsilon->gamma;1;0.896468457591307
S026;510;epsilon->gamma;1;0.7261982928430729
S026;515;epsilon->gamma;1;0.7261982928430729
S026;524;epsilon->gamma;1;0.7261982928430729
S026;575;epsilon->gamma;1;0.896468457591307
S026;579;epsilon->gamma;1;0.8323000619962803
S026;587;epsilon->gamma;1;0.896468457591307
S026;596;epsilon->gamma;1;0.8323000619962803
S026;603;epsilon->gamma;1;0.8323000619962803
S026;618;epsilon->gamma;1;0.896468457591307
S026;649;epsilon->gamma;1;0.7687952186222082
S026;670;epsilon->gamma;1;0.7687952186222082
S026;680;epsilon->gamma;1;0.853125
S026;688;epsilon->gamma;1;0.853125
S026;719;epsilon->gamma;1;0.9066581713921631
S026;767;epsilon->gamma;1;0.7380530973451327
S026;784;epsilon->gamma;1;0.7380530973451327
S026;796;epsilon->gamma;1;0.7380530973451327
S026;800;epsilon->gamma;1;0.7958996328029376
S026;803;epsilon->gamma;1;0.7958996328029376
S026;810;epsilon->gamma;1;0.7958996328029376
S026;817;epsilon->gamma;1;0.8323000619962803
S026;826;epsilon->gamma;1;0.896468457591307
S026;869;epsilon->gamma;1;0.8323000619962803
S026;900;epsilon->gamma;1;0.896468457591307
S026;937;epsilon->gamma;1;0.7687952186222082
S026;957;epsilon->gamma;1;0.7687952186222082
S026;973;epsilon->gamma;1;0.853125
S026;978;epsilon->gamma;1;0.853125
S026;1020;epsilon->gamma;1;0.8323000619962803
S026;1022;epsilon->gamma;1;0.8323000619962803
S026;1028;epsilon->gamma;1;0.7958996328029376
S026;1036;epsilon->gamma;1;0.7958996328029376
S026;1089;epsilon->gamma;1;0.896468457591307
S026;1125;epsilon->gamma;1;0.7958996328029376
S026;1134;epsilon->gamma;1;0.8323000619962803
S026;1140;epsilon->gamma;1;0.8323000619962803
S026;1150;epsilon->gamma;1;0.896468457591307
S026;1156;epsilon->gamma;1;0.8323000619962803
S026;1158;epsilon->gamma;1;0.896468457591307
S026;1183;epsilon->gamma;1;0.9066581713921631
S026;1188;epsilon->gamma;1;0.9066581713921631
S026;1247;epsilon->gamma;1;0.896468457591307
S026;1344;epsilon->gamma;1;0.896468457591307
S026;1359;epsilon->gamma;1;0.896468457591307
S026;1385;epsilon->gamma;1;0.896468457591307
S027;7;epsilon->gamma;0;0.9066581713921631
S027;97;epsilon->gamma;1;0.7261982928430729
S027;115;epsilon->gamma;1;0.7687952186222082
S027;258;epsilon->gamma;0;0.7261982928430729
S027;261;epsilon->gamma;0;0.7261982928430729
S027;276;epsilon->gamma;0;0.7687952186222082
S027;279;epsilon->gamma;0;0.7687952186222082
S027;285;epsilon->gamma;0;0.7687952186222082
S027;290;epsilon->gamma;0;0.7687952186222082
S027;429;epsilon->gamma;1;0.7261982928430729
S027;541;epsilon->gamma;1;0.7380530973451327
S027;573;epsilon->gamma;1;0.8323000619962803
S027;644;epsilon->gamma;1;0.7687952186222082
S027;646;epsilon->gamma;1;0.853125
S027;698;epsilon->gamma;1;0.7380530973451327
S027;720;epsilon->gamma;1;0.7380530973451327
S027;723;epsilon->gamma;1;0.7380530973451327
S027;732;epsilon->gamma;1;0.8323000619962803
S027;737;epsilon->gamma;1;0.896468457591307
S027;815;epsilon->gamma;1;0.8323000619962803
S027;840;epsilon->gamma;1;0.7958996328029376
S027;906;epsilon->gamma;0;0.6655172413793103
S027;948;epsilon->gamma;1;0.7687952186222082
S027;957;epsilon->gamma;1;0.7261982928430729
S027;965;epsilon->gamma;1;0.7261982928430729
S027;970;epsilon->gamma;1;0.7261982928430729
S027;979;epsilon->gamma;1;0.7261982928430729
S027;983;epsilon->gamma;1;0.7687952186222082
S027;985;epsilon->gamma;1;0.7687952186222082
S027;1049;epsilon->gamma;1;0.7958996328029376
S027;1087;epsilon->gamma;1;0.8323000619962803
S027;1149;epsilon->gamma;0;0.7261982928430729
S027;1175;epsilon->gamma;1;0.7687952186222082
S027;1185;epsilon->gamma;1;0.7687952186222082
S027;1212;epsilon->gamma;1;0.7687952186222082
S027;1215;epsilon->gamma;1;0.853125
S027;1219;epsilon->gamma;1;0.7687952186222082
S027;1233;epsilon->gamma;1;0.853125
S027;1338;epsilon->gamma;1;0.7380530973451327
S027;1340;epsilon->gamma;1;0.8323000619962803
S028;215;epsilon->gamma;1;0.7261982928430729
S028;219;epsilon->gamma;1;0.7261982928430729
S028;301;epsilon->gamma;1;0.7380530973451327
S028;310;epsilon->gamma;1;0.8323000619962803
S028;330;epsilon->gamma;1;0.8323000619962803
S028;374;epsilon->gamma;1;0.853125
S028;379;epsilon->gamma;1;0.7687952186222082
S028;437;epsilon->gamma;0;0.7380530973451327
S028;457;epsilon->gamma;1;0.7958996328029376
S028;488;epsilon->gamma;1;0.8323000619962803
S028;493;epsilon->gamma;1;0.896468457591307
S028;495;epsilon->gamma;1;0.8323000619962803
S028;498;epsilon->gamma;1;0.896468457591307
S028;570;epsilon->gamma;1;0.7687952186222082
S028;613;epsilon->gamma;1;0.896468457591307
S028;648;epsilon->gamma;1;0.896468457591307
S028;695;epsilon->gamma;1;0.9066581713921631
S028;757;epsilon->gamma;1;0.7687952186222082
S028;762;epsilon->gamma;1;0.7261982928430729
S028;765;epsilon->gamma;1;0.7687952186222082
S028;865;epsilon->gamma;0;0.7261982928430729
S028;873;epsilon->gamma;0;0.7261982928430729
S028;880;epsilon->gamma;0;0.7261982928430729
S028;884;epsilon->gamma;0;0.7261982928430729
S028;961;epsilon->gamma;1;0.7687952186222082
S028;1052;epsilon->gamma;0;0.7958996328029376
S028;1127;epsilon->gamma;0;0.7380530973451327
S028;1130;epsilon->gamma;0;0.7380530973451327
S028;1146;epsilon->gamma;0;0.7380530973451327
S028;1174;epsilon->gamma;1;0.7958996328029376
S028;1183;epsilon->gamma;1;0.896468457591307
S028;1189;epsilon->gamma;1;0.7958996328029376
S028;1201;epsilon->gamma;1;0.7958996328029376
S028;1208;epsilon->gamma;1;0.7958996328029376
S028;1213;epsilon->gamma;1;0.7958996328029376
S028;1346;epsilon->gamma;0;0.7958996328029376
S028;1349;epsilon->gamma;0;0.8323000619962803
S028;1355;epsilon->gamma;0;0.7380530973451327
S028;1357;epsilon->gamma;0;0.8323000619962803
S028;1368;epsilon->gamma;0;0.7380530973451327
S028;1371;epsilon->gamma;1;0.7958996328029376
S029;39;epsilon->gamma;1;0.7687952186222082
S029;46;epsilon->gamma;1;0.7687952186222082
S029;150;epsilon->gamma;1;0.7380530973451327
S029;159;epsilon->gamma;1;0.7380530973451327
S029;222;epsilon->gamma;1;0.7261982928430729
S029;225;epsilon->gamma;1;0.7261982928430729
S029;256;epsilon->gamma;1;0.9066581713921631
S029;274;epsilon->gamma;1;0.896468457591307
S029;311;epsilon->gamma;1;0.8323000619962803
S029;326;epsilon->gamma;1;0.7958996328029376
S029;362;epsilon->gamma;1;0.9066581713921631
S029;382;epsilon->gamma;1;0.9066581713921631
S029;534;epsilon->gamma;1;0.7958996328029376
S029;617;epsilon->gamma;1;0.8323000619962803
S029;630;epsilon->gamma;1;0.896468457591307
S029;647;epsilon->gamma;1;0.7958996328029376
S029;668;epsilon->gamma;0;0.896468457591307
S029;712;epsilon->gamma;0;0.8323000619962803
S029;714;epsilon->gamma;0;0.7958996328029376
S029;716;epsilon->gamma;0;0.7958996328029376
S029;718;epsilon->gamma;0;0.8323000619962803
S029;724;epsilon->gamma;0;0.7380530973451327
S029;727;epsilon->gamma;0;0.7380530973451327
S029;809;epsilon->gamma;0;0.7380530973451327
S029;821;epsilon->gamma;1;0.7958996328029376
S029;831;epsilon->gamma;1;0.7380530973451327
S029;864;epsilon->gamma;1;0.8323000619962803
S029;906;epsilon->gamma;1;0.9066581713921631
S029;961;epsilon->gamma;1;0.7958996328029376
S029;968;epsilon->gamma;1;0.7380530973451327
S029;971;epsilon->gamma;1;0.7958996328029376
S029;980;epsilon->gamma;1;0.7958996328029376
S029;985;epsilon->gamma;1;0.7958996328029376
S029;998;epsilon->gamma;1;0.896468457591307
S029;1107;epsilon->gamma;1;0.7380530973451327
S029;1148;epsilon->gamma;1;0.9066581713921631
S029;1184;epsilon->gamma;0;0.9066581713921631
S029;1188;epsilon->gamma;0;0.9066581713921631
S029;1220;epsilon->gamma;1;0.853125
S029;1245;epsilon->gamma;1;0.7261982928430729
S029;1247;epsilon->gamma;1;0.7261982928430729
S029;1250;epsilon->gamma;1;0.7687952186222082
S029;1256;epsilon->gamma;1;0.853125
S029;1323;epsilon->gamma;1;0.853125
S029;1329;epsilon->gamma;1;0.853125
S029;1337;epsilon->gamma;1;0.853125
S029;1348;epsilon->gamma;1;0.9066581713921631
S029;1382;epsilon->gamma;1;0.9066581713921631
S030;1;epsilon->gamma;1;0.896468457591307
S030;33;epsilon->gamma;1;0.8323000619962803
S030;121;epsilon->gamma;1;0.896468457591307
S030;129;epsilon->gamma;1;0.8323000619962803
S030;131;epsilon->gamma;1;0.8323000619962803
S030;133;epsilon->gamma;1;0.896468457591307
S030;210;epsilon->gamma;0;0.7958996328029376
S030;269;epsilon->gamma;1;0.896468457591307
S030;304;epsilon->gamma;1;0.8323000619962803
S030;308;epsilon->gamma;1;0.7958996328029376
S030;326;epsilon->gamma;1;0.7958996328029376
S030;330;epsilon->gamma;1;0.8323000619962803
S030;341;epsilon->gamma;1;0.896468457591307
S030;368;epsilon->gamma;1;0.896468457591307
S030;482;epsilon->gamma;0;0.7261982928430729
S030;555;epsilon->gamma;0;0.7261982928430729
S030;560;epsilon->gamma;0;0.7261982928430729
S030;564;epsilon->gamma;0;0.7261982928430729
S030;567;epsilon->gamma;0;0.7261982928430729
S030;583;epsilon->gamma;0;0.7687952186222082
S030;586;epsilon->gamma;0;0.7687952186222082
S030;590;epsilon->gamma;0;0.7687952186222082
S030;640;epsilon->gamma;1;0.7261982928430729
S030;660;epsilon->gamma;1;0.853125
S030;662;epsilon->gamma;1;0.7687952186222082
S030;736;epsilon->gamma;1;0.8323000619962803
S030;743;epsilon->gamma;1;0.896468457591307
S030;779;epsilon->gamma;1;0.8323000619962803
S030;815;epsilon->gamma;1;0.8323000619962803
S030;879;epsilon->gamma;0;0.7687952186222082
S030;892;epsilon->gamma;0;0.7687952186222082
S030;906;epsilon->gamma;0;0.7687952186222082
S030;946;epsilon->gamma;1;0.7687952186222082
S030;965;epsilon->gamma;1;0.6655172413793103
S030;973;epsilon->gamma;1;0.7261982928430729
S030;976;epsilon->gamma;1;0.7687952186222082
S030;988;epsilon->gamma;1;0.853125
S030;1044;epsilon->gamma;0;0.8323000619962803
S030;1173;epsilon->gamma;1;0.7380530973451327
S030;1199;epsilon->gamma;1;0.8323000619962803
S031;25;epsilon->gamma;1;0.7687952186222082
S031;36;epsilon->gamma;1;0.7261982928430729
S031;39;epsilon->gamma;1;0.7687952186222082
S031;43;epsilon->gamma;1;0.7261982928430729
S031;59;epsilon->gamma;1;0.853125
S031;78;epsilon->gamma;1;0.853125
S031;140;epsilon->gamma;1;0.9066581713921631
S031;146;epsilon->gamma;1;0.9066581713921631
S031;233;epsilon->gamma;1;0.7380530973451327
S031;237;epsilon->gamma;1;0.7380530973451327
S031;252;epsilon->gamma;1;0.7958996328029376
S031;262;epsilon->gamma;1;0.7958996328029376
S031;271;epsilon->gamma;1;0.896468457591307
S031;321;epsilon->gamma;1;0.853125
S031;458;epsilon->gamma;1;0.7687952186222082
S031;521;epsilon->gamma;1;0.7380530973451327
S031;560;epsilon->gamma;1;0.896468457591307
S031;568;epsilon->gamma;1;0.9066581713921631
S031;605;epsilon->gamma;1;0.853125
S031;686;epsilon->gamma;1;0.7261982928430729
S031;782;epsilon->gamma;1;0.7958996328029376
S031;792;epsilon->gamma;1;0.7958996328029376
S031;795;epsilon->gamma;1;0.7380530973451327
S031;818;epsilon->gamma;1;0.896468457591307
S031;892;epsilon->gamma;1;0.7958996328029376
S031;1009;epsilon->gamma;1;0.7261982928430729
S031;1070;epsilon->gamma;1;0.7380530973451327
S031;1104;epsilon->gamma;1;0.8323000619962803
S031;1124;epsilon->gamma;1;0.853125
S031;1198;epsilon->gamma;1;0.7687952186222082
S032;137;epsilon->gamma;1;0.7380530973451327
S032;150;epsilon->gamma;1;0.7958996328029376
S032;152;epsilon->gamma;1;0.7380530973451327
S032;187;epsilon->gamma;1;0.8323000619962803
S032;244;epsilon->gamma;1;0.853125
S032;344;epsilon->gamma;1;0.7380530973451327
S032;348;epsilon->gamma;1;0.7380530973451327
S032;426;epsilon->gamma;1;0.7261982928430729
S032;453;epsilon->gamma;1;0.7261982928430729
S032;457;epsilon->gamma;1;0.7687952186222082
S032;460;epsilon->gamma;1;0.7687952186222082
S032;645;epsilon->gamma;1;0.7380530973451327
S032;703;epsilon->gamma;1;0.7261982928430729
S032;726;epsilon->gamma;1;0.7687952186222082
S032;735;epsilon->gamma;1;0.853125
S032;777;epsilon->gamma;1;0.9066581713921631
S032;795;epsilon->gamma;1;0.853125
S032;807;epsilon->gamma;1;0.853125
S032;845;epsilon->gamma;1;0.896468457591307
S032;871;epsilon->gamma;1;0.7380530973451327
S032;887;epsilon->gamma;1;0.8323000619962803
S032;988;epsilon->gamma;1;0.7261982928430729
S032;1040;epsilon->gamma;0;0.896468457591307
S032;1047;epsilon->gamma;0;0.7958996328029376
S032;1148;epsilon->gamma;1;0.7958996328029376
S032;1153;epsilon->gamma;1;0.7380530973451327
S032;1155;epsilon->gamma;1;0.7380530973451327
S032;1170;epsilon->gamma;1;0.896468457591307
S032;1322;epsilon->gamma;1;0.853125
S033;8;epsilon->gamma;1;0.853125
S033;14;epsilon->gamma;1;0.7687952186222082
S033;48;epsilon->gamma;1;0.7687952186222082
S033;55;epsilon->gamma;1;0.9066581713921631
S033;88;epsilon->gamma;1;0.8323000619962803
S033;91;epsilon->gamma;1;0.896468457591307
S033;172;epsilon->gamma;1;0.7687952186222082
S033;179;epsilon->gamma;1;0.7687952186222082
S033;265;epsilon->gamma;1;0.7958996328029376
S033;270;epsilon->gamma;1;0.7958996328029376
S033;469;epsilon->gamma;1;0.7687952186222082
S033;535;epsilon->gamma;0;0.7380530973451327
S033;589;epsilon->gamma;0;0.7958996328029376
S033;630;epsilon->gamma;1;0.7958996328029376
S033;674;epsilon->gamma;1;0.7958996328029376
S033;677;epsilon->gamma;1;0.8323000619962803
S033;720;epsilon->gamma;1;0.9066581713921631
S033;774;epsilon->gamma;0;0.7380530973451327
S033;776;epsilon->gamma;0;0.7958996328029376
S033;801;epsilon->gamma;0;0.7958996328029376
S033;863;epsilon->gamma;1;0.7380530973451327
S033;872;epsilon->gamma;1;0.7380530973451327
S033;881;epsilon->gamma;1;0.7380530973451327
S033;893;epsilon->gamma;1;0.7958996328029376
S033;899;epsilon->gamma;1;0.7958996328029376
S033;901;epsilon->gamma;1;0.8323000619962803
S033;920;epsilon->gamma;1;0.8323000619962803
S033;958;epsilon->gamma;0;0.7687952186222082
S033;960;epsilon->gamma;0;0.853125
S033;974;epsilon->gamma;0;0.7687952186222082
S033;1076;epsilon->gamma;0;0.6655172413793103
S033;1111;epsilon->gamma;0;0.7687952186222082
S033;1162;epsilon->gamma;1;0.7687952186222082
S033;1232;epsilon->gamma;1;0.7380530973451327
S034;60;epsilon->gamma;1;0.7380530973451327
S034;78;epsilon->gamma;1;0.7958996328029376
S034;132;epsilon->gamma;1;0.7687952186222082
S034;232;epsilon->gamma;0;0.7380530973451327
S034;239;epsilon->gamma;0;0.7380530973451327
S034;247;epsilon->gamma;0;0.7380530973451327
S034;328;epsilon->gamma;1;0.7380530973451327
S034;382;epsilon->gamma;1;0.8323000619962803
S034;392;epsilon->gamma;1;0.7380530973451327
S034;418;epsilon->gamma;1;0.8323000619962803
S034;452;epsilon->gamma;1;0.853125
S034;467;epsilon->gamma;1;0.7687952186222082
S034;474;epsilon->gamma;1;0.9066581713921631
S034;536;epsilon->gamma;0;0.7261982928430729
S034;539;epsilon->gamma;0;0.7261982928430729
S034;555;epsilon->gamma;1;0.6655172413793103
S034;570;epsilon->gamma;1;0.7687952186222082
S034;575;epsilon->gamma;1;0.7687952186222082
S034;578;epsilon->gamma;1;0.7687952186222082
S034;583;epsilon->gamma;1;0.853125
S034;585;epsilon->gamma;1;0.9066581713921631
S034;595;epsilon->gamma;1;0.853125
S034;612;epsilon->gamma;0;0.853125
S034;679;epsilon->gamma;1;0.7687952186222082
S034;686;epsilon->gamma;1;0.853125
S034;716;epsilon->gamma;1;0.853125
S034;734;epsilon->gamma;1;0.896468457591307
S034;745;epsilon->gamma;1;0.896468457591307
S034;759;epsilon->gamma;1;0.896468457591307
S034;761;epsilon->gamma;1;0.896468457591307
S034;787;epsilon->gamma;1;0.896468457591307
S034;793;epsilon->gamma;1;0.896468457591307
S034;800;epsilon->gamma;1;0.896468457591307
S034;858;epsilon->gamma;1;0.7261982928430729
S034;864;epsilon->gamma;1;0.853125
S034;890;epsilon->gamma;1;0.7687952186222082
S034;892;epsilon->gamma;1;0.7687952186222082
S034;896;epsilon->gamma;1;0.853125
S034;900;epsilon->gamma;1;0.853125
S034;933;epsilon->gamma;1;0.896468457591307
S034;997;epsilon->gamma;1;0.7261982928430729
S034;1065;epsilon->gamma;1;0.8323000619962803
S034;1083;epsilon->gamma;1;0.7958996328029376
S034;1098;epsilon->gamma;1;0.7958996328029376
S034;1100;epsilon->gamma;1;0.7958996328029376
S034;1110;epsilon->gamma;1;0.8323000619962803
S034;1123;epsilon->gamma;1;0.8323000619962803
S034;1144;epsilon->gamma;1;0.896468457591307
S034;1194;epsilon->gamma;1;0.7687952186222082
S034;1196;epsilon->gamma;1;0.7687952186222082
S034;1200;epsilon->gamma;1;0.7261982928430729
S034;1221;epsilon->gamma;1;0.7261982928430729
S034;1223;epsilon->gamma;1;0.7261982928430729
S034;1228;epsilon->gamma;1;0.7687952186222082
S034;1333;epsilon->gamma;1;0.7958996328029376
S035;62;epsilon->gamma;0;0.896468457591307
S035;80;epsilon->gamma;0;0.7380530973451327
S035;86;epsilon->gamma;0;0.7380530973451327
S035;129;epsilon->gamma;0;0.7958996328029376
S035;210;epsilon->gamma;1;0.7380530973451327
S035;241;epsilon->gamma;1;0.7958996328029376
S035;250;epsilon->gamma;1;0.8323000619962803
S035;253;epsilon->gamma;1;0.8323000619962803
S035;331;epsilon->gamma;1;0.7687952186222082
S035;333;epsilon->gamma;1;0.853125
S035;337;epsilon->gamma;1;0.9066581713921631
S035;536;epsilon->gamma;0;0.7380530973451327
S035;546;epsilon->gamma;0;0.7380530973451327
S035;589;epsilon->gamma;1;0.7958996328029376
S035;599;epsilon->gamma;1;0.7380530973451327
S035;601;epsilon->gamma;1;0.8323000619962803
S035;623;epsilon->gamma;1;0.7958996328029376
S035;630;epsilon->gamma;1;0.896468457591307
S035;652;epsilon->gamma;1;0.9066581713921631
S035;802;epsilon->gamma;0;0.7958996328029376
S035;808;epsilon->gamma;1;0.7958996328029376
S035;854;epsilon->gamma;1;0.7958996328029376
S035;917;epsilon->gamma;1;0.7261982928430729
S035;920;epsilon->gamma;1;0.7261982928430729
S035;922;epsilon->gamma;1;0.7261982928430729
S035;965;epsilon->gamma;1;0.9066581713921631
S035;1090;epsilon->gamma;1;0.853125
S035;1105;epsilon->gamma;1;0.7261982928430729
S035;1132;epsilon->gamma;1;0.9066581713921631
S035;1134;epsilon->gamma;1;0.9066581713921631
S035;1166;epsilon->gamma;1;0.7958996328029376
S035;1173;epsilon->gamma;1;0.8323000619962803
S036;12;epsilon->gamma;1;0.7687952186222082
S036;16;epsilon->gamma;1;0.7687952186222082
S036;96;epsilon->gamma;1;0.7380530973451327
S036;111;epsilon->gamma;1;0.7380530973451327
S036;115;epsilon->gamma;1;0.7958996328029376
S036;136;epsilon->gamma;1;0.8323000619962803
S036;215;epsilon->gamma;1;0.7261982928430729
S036;292;epsilon->gamma;1;0.7261982928430729
S036;342;epsilon->gamma;1;0.8323000619962803
S036;349;epsilon->gamma;1;0.7380530973451327
S036;352;epsilon->gamma;1;0.8323000619962803
S036;393;epsilon->gamma;1;0.853125
S036;399;epsilon->gamma;1;0.7687952186222082
S036;471;epsilon->gamma;1;0.7958996328029376
S036;484;epsilon->gamma;1;0.8323000619962803
S036;528;epsilon->gamma;1;0.896468457591307
S036;589;epsilon->gamma;1;0.8323000619962803
S036;599;epsilon->gamma;1;0.7958996328029376
S036;602;epsilon->gamma;1;0.8323000619962803
S036;605;epsilon->gamma;1;0.7958996328029376
S036;610;epsilon->gamma;1;0.896468457591307
S036;622;epsilon->gamma;0;0.8323000619962803
S036;664;epsilon->gamma;1;0.8323000619962803
S036;686;epsilon->gamma;1;0.7380530973451327
S036;691;epsilon->gamma;1;0.7380530973451327
S036;735;epsilon->gamma;1;0.7687952186222082
S036;738;epsilon->gamma;1;0.7687952186222082
S036;842;epsilon->gamma;1;0.7958996328029376
S036;853;epsilon->gamma;1;0.7380530973451327
S036;911;epsilon->gamma;1;0.7687952186222082
S036;925;epsilon->gamma;1;0.7687952186222082
S036;971;epsilon->gamma;1;0.9066581713921631
S036;981;epsilon->gamma;1;0.9066581713921631
S036;990;epsilon->gamma;1;0.7687952186222082
S036;999;epsilon->gamma;1;0.853125
S036;1012;epsilon->gamma;1;0.9066581713921631
S036;1056;epsilon->gamma;1;0.896468457591307
S036;1200;epsilon->gamma;0;0.7687952186222082
S036;1320;epsilon->gamma;1;0.853125
S036;1354;epsilon->gamma;1;0.896468457591307
S036;1357;epsilon->gamma;1;0.896468457591307
S036;1372;epsilon->gamma;1;0.8323000619962803
S036;1376;epsilon->gamma;1;0.8323000619962803
S036;1384;epsilon->gamma;1;0.8323000619962803
S037;37;epsilon->gamma;1;0.7687952186222082
S037;95;epsilon->gamma;1;0.7958996328029376
S037;144;epsilon->gamma;1;0.7687952186222082
S037;147;epsilon->gamma;1;0.7687952186222082
S037;154;epsilon->gamma;1;0.7261982928430729
S037;178;epsilon->gamma;1;0.7687952186222082
S037;183;epsilon->gamma;1;0.853125
S037;192;epsilon->gamma;1;0.9066581713921631
S037;203;epsilon->gamma;1;0.9066581713921631
S037;205;epsilon->gamma;1;0.9066581713921631
S037;254;epsilon->gamma;1;0.8323000619962803
S037;307;epsilon->gamma;1;0.7687952186222082
S037;322;epsilon->gamma;1;0.7687952186222082
S037;334;epsilon->gamma;1;0.7687952186222082
S037;348;epsilon->gamma;1;0.9066581713921631
S037;412;epsilon->gamma;1;0.9066581713921631
S037;435;epsilon->gamma;1;0.896468457591307
S037;458;epsilon->gamma;1;0.9066581713921631
S037;462;epsilon->gamma;1;0.9066581713921631
S037;604;epsilon->gamma;1;0.7380530973451327
S037;626;epsilon->gamma;1;0.7958996328029376
S037;727;epsilon->gamma;0;0.7687952186222082
S037;744;epsilon->gamma;1;0.7261982928430729
S037;748;epsilon->gamma;1;0.7261982928430729
S037;778;epsilon->gamma;1;0.9066581713921631
S037;857;epsilon->gamma;1;0.853125
S037;895;epsilon->gamma;1;0.9066581713921631
S037;906;epsilon->gamma;1;0.896468457591307
S037;979;epsilon->gamma;0;0.853125
S037;996;epsilon->gamma;0;0.7687952186222082
S037;1049;epsilon->gamma;1;0.7261982928430729
S037;1147;epsilon->gamma;0;0.7380530973451327
S037;1156;epsilon->gamma;0;0.7958996328029376
S037;1180;epsilon->gamma;0;0.8323000619962803
S037;1186;epsilon->gamma;0;0.8323000619962803
S037;1240;epsilon->gamma;1;0.7958996328029376
S037;1243;epsilon->gamma;1;0.7380530973451327
S037;1250;epsilon->gamma;1;0.7958996328029376
S037;1256;epsilon->gamma;1;0.7958996328029376
S037;1323;epsilon->gamma;1;0.7958996328029376
S037;1330;epsilon->gamma;1;0.8323000619962803
S037;1334;epsilon->gamma;1;0.7380530973451327
S037;1339;epsilon->gamma;1;0.7958996328029376
S037;1344;epsilon->gamma;1;0.896468457591307
S037;1375;epsilon->gamma;1;0.853125
S038;93;epsilon->gamma;0;0.853125
S038;210;epsilon->gamma;0;0.6655172413793103
S038;278;epsilon->gamma;1;0.853125
S038;282;epsilon->gamma;1;0.7687952186222082
S038;284;epsilon->gamma;1;0.853125
S038;308;epsilon->gamma;0;0.7687952186222082
S038;317;epsilon->gamma;0;0.853125
S038;424;epsilon->gamma;1;0.7687952186222082
S038;475;epsilon->gamma;1;0.8323000619962803
S038;496;epsilon->gamma;1;0.7958996328029376
S038;544;epsilon->gamma;1;0.7958996328029376
S038;619;epsilon->gamma;1;0.7380530973451327
S038;638;epsilon->gamma;1;0.7958996328029376
S038;641;epsilon->gamma;1;0.8323000619962803
S038;644;epsilon->gamma;1;0.7958996328029376
S038;649;epsilon->gamma;1;0.7958996328029376
S038;653;epsilon->gamma;1;0.8323000619962803
S038;760;epsilon->gamma;1;0.7261982928430729
S038;827;epsilon->gamma;1;0.8323000619962803
S038;945;epsilon->gamma;1;0.7261982928430729
S038;989;epsilon->gamma;1;0.7958996328029376
S038;993;epsilon->gamma;1;0.7958996328029376
S038;1017;epsilon->gamma;1;0.7958996328029376
S038;1023;epsilon->gamma;1;0.8323000619962803
S038;1034;epsilon->gamma;1;0.896468457591307
S038;1146;epsilon->gamma;1;0.7261982928430729
S038;1148;epsilon->gamma;1;0.7687952186222082
S038;1233;epsilon->gamma;1;0.7380530973451327
S038;1327;epsilon->gamma;1;0.8323000619962803
S038;1330;epsilon->gamma;1;0.896468457591307
S038;1366;epsilon->gamma;0;0.9066581713921631
S038;1371;epsilon->gamma;0;0.7687952186222082
S038;1374;epsilon->gamma;0;0.7687952186222082
S039;1;epsilon->gamma;0;0.7687952186222082
S039;11;epsilon->gamma;0;0.7261982928430729
S039;28;epsilon->gamma;1;0.7261982928430729
S039;71;epsilon->gamma;1;0.7687952186222082
S039;104;epsilon->gamma;1;0.7687952186222082
S039;107;epsilon->gamma;1;0.853125
S039;117;epsilon->gamma;1;0.9066581713921631
S039;148;epsilon->gamma;1;0.853125
S039;244;epsilon->gamma;0;0.7380530973451327
S039;247;epsilon->gamma;1;0.7380530973451327
S039;290;epsilon->gamma;1;0.8323000619962803
S039;294;epsilon->gamma;1;0.8323000619962803
S039;337;epsilon->gamma;1;0.8323000619962803
S039;424;epsilon->gamma;1;0.8323000619962803
S039;476;epsilon->gamma;0;0.853125
S039;575;epsilon->gamma;1;0.7261982928430729
S039;580;epsilon->gamma;1;0.7687952186222082
S039;649;epsilon->gamma;0;0.7380530973451327
S039;665;epsilon->gamma;0;0.7958996328029376
S039;667;epsilon->gamma;0;0.7958996328029376
S039;674;epsilon->gamma;0;0.7958996328029376
S039;723;epsilon->gamma;1;0.8323000619962803
S039;727;epsilon->gamma;1;0.7380530973451327
S039;740;epsilon->gamma;1;0.8323000619962803
S039;743;epsilon->gamma;1;0.7958996328029376
S039;748;epsilon->gamma;1;0.7958996328029376
S039;812;epsilon->gamma;1;0.7958996328029376
S039;861;epsilon->gamma;1;0.853125
S039;869;epsilon->gamma;1;0.7261982928430729
S039;889;epsilon->gamma;1;0.853125
S039;909;epsilon->gamma;1;0.9066581713921631
S039;1002;epsilon->gamma;1;0.7380530973451327
S039;1007;epsilon->gamma;1;0.7380530973451327
S039;1067;epsilon->gamma;1;0.7687952186222082
S039;1112;epsilon->gamma;1;0.853125
S039;1335;epsilon->gamma;1;0.8323000619962803
S039;1361;epsilon->gamma;1;0.8323000619962803
S039;1365;epsilon->gamma;1;0.896468457591307
S040;11;epsilon->gamma;1;0.853125
S040;63;epsilon->gamma;1;0.7958996328029376
S040;154;epsilon->gamma;1;0.7261982928430729
S040;191;epsilon->gamma;1;0.9066581713921631
S040;194;epsilon->gamma;1;0.9066581713921631
S040;280;epsilon->gamma;1;0.7687952186222082
S040;283;epsilon->gamma;1;0.7261982928430729
S040;292;epsilon->gamma;1;0.7261982928430729
S040;299;epsilon->gamma;1;0.7687952186222082
S040;305;epsilon->gamma;1;0.9066581713921631
S040;328;epsilon->gamma;0;0.9066581713921631
S040;433;epsilon->gamma;1;0.7261982928430729
S040;436;epsilon->gamma;1;0.7687952186222082
S040;438;epsilon->gamma;1;0.7261982928430729
S040;441;epsilon->gamma;1;0.7261982928430729
S040;568;epsilon->gamma;1;0.7261982928430729
S040;611;epsilon->gamma;1;0.853125
S040;620;epsilon->gamma;0;0.853125
S040;624;epsilon->gamma;0;0.7687952186222082
S040;626;epsilon->gamma;0;0.7687952186222082
S040;630;epsilon->gamma;0;0.7261982928430729
S040;632;epsilon->gamma;0;0.7261982928430729
S040;711;epsilon->gamma;1;0.7261982928430729
S040;717;epsilon->gamma;1;0.7261982928430729
S040;723;epsilon->gamma;1;0.7687952186222082
S040;791;epsilon->gamma;1;0.7687952186222082
S040;812;epsilon->gamma;1;0.7261982928430729
S040;829;epsilon->gamma;1;0.853125
S040;863;epsilon->gamma;1;0.896468457591307
S040;874;epsilon->gamma;1;0.8323000619962803
S040;880;epsilon->gamma;1;0.896468457591307
S040;885;epsilon->gamma;1;0.8323000619962803
S040;890;epsilon->gamma;1;0.896468457591307
S040;900;epsilon->gamma;1;0.896468457591307
S040;903;epsilon->gamma;1;0.8323000619962803
S040;931;epsilon->gamma;1;0.9066581713921631
S040;943;epsilon->gamma;1;0.7687952186222082
S040;1005;epsilon->gamma;1;0.7380530973451327
S040;1041;epsilon->gamma;1;0.7380530973451327
S040;1053;epsilon->gamma;1;0.8323000619962803
S040;1060;epsilon->gamma;1;0.7958996328029376
S040;1093;epsilon->gamma;1;0.9066581713921631
S040;1118;epsilon->gamma;1;0.9066581713921631
S040;1193;epsilon->gamma;1;0.7687952186222082
S041;18;epsilon->gamma;1;0.8323000619962803
S041;61;epsilon->gamma;0;0.7958996328029376
S041;119;epsilon->gamma;1;0.7380530973451327
S041;122;epsilon->gamma;1;0.7380530973451327
S041;127;epsilon->gamma;1;0.8323000619962803
S041;166;epsilon->gamma;1;0.9066581713921631
S041;245;epsilon->gamma;0;0.9066581713921631
S041;280;epsilon->gamma;0;0.7261982928430729
S041;313;epsilon->gamma;0;0.7261982928430729
S041;316;epsilon->gamma;0;0.7687952186222082
S041;324;epsilon->gamma;0;0.7687952186222082
S041;326;epsilon->gamma;0;0.853125
S041;379;epsilon->gamma;0;0.7687952186222082
S041;381;epsilon->gamma;0;0.7261982928430729
S041;386;epsilon->gamma;0;0.7261982928430729
S041;433;epsilon->gamma;0;0.853125
S041;446;epsilon->gamma;1;0.7261982928430729
S041;450;epsilon->gamma;1;0.7687952186222082
S041;480;epsilon->gamma;1;0.7687952186222082
S041;483;epsilon->gamma;1;0.853125
S041;486;epsilon->gamma;1;0.853125
S041;551;epsilon->gamma;0;0.7380530973451327
S041;553;epsilon->gamma;0;0.7380530973451327
S041;564;epsilon->gamma;0;0.7380530973451327
S041;621;epsilon->gamma;0;0.7958996328029376
S041;634;epsilon->gamma;0;0.7380530973451327
S041;691;epsilon->gamma;1;0.896468457591307
S041;711;epsilon->gamma;0;0.7958996328029376
S041;717;epsilon->gamma;0;0.7380530973451327
S041;721;epsilon->gamma;1;0.7380530973451327
S041;727;epsilon->gamma;1;0.896468457591307
S041;729;epsilon->gamma;1;0.8323000619962803
S041;761;epsilon->gamma;1;0.8323000619962803
S041;767;epsilon->gamma;1;0.7958996328029376
S041;771;epsilon->gamma;1;0.7958996328029376
S041;781;epsilon->gamma;1;0.7958996328029376
S041;785;epsilon->gamma;1;0.7958996328029376
S041;787;epsilon->gamma;1;0.7958996328029376
S041;823;epsilon->gamma;1;0.9066581713921631
S041;853;epsilon->gamma;1;0.896468457591307
S041;1066;epsilon->gamma;1;0.896468457591307
S041;1074;epsilon->gamma;1;0.9066581713921631
S041;1206;epsilon->gamma;0;0.7261982928430729
S041;1220;epsilon->gamma;0;0.7261982928430729
S041;1244;epsilon->gamma;0;0.7687952186222082
S041;1247;epsilon->gamma;0;0.853125
S041;1254;epsilon->gamma;0;0.853125
S041;1323;epsilon->gamma;0;0.9066581713921631
S042;59;epsilon->gamma;1;0.7261982928430729
S042;151;epsilon->gamma;1;0.7687952186222082
S042;200;epsilon->gamma;1;0.7958996328029376
S042;205;epsilon->gamma;1;0.7380530973451327
S042;230;epsilon->gamma;1;0.7958996328029376
S042;233;epsilon->gamma;1;0.896468457591307
S042;237;epsilon->gamma;1;0.8323000619962803
S042;369;epsilon->gamma;0;0.7380530973451327
S042;446;epsilon->gamma;1;0.7958996328029376
S042;448;epsilon->gamma;1;0.7380530973451327
S042;482;epsilon->gamma;1;0.8323000619962803
S042;499;epsilon->gamma;1;0.896468457591307
S042;501;epsilon->gamma;1;0.8323000619962803
S042;539;epsilon->gamma;0;0.7261982928430729
S042;561;epsilon->gamma;0;0.7261982928430729
S042;565;epsilon->gamma;1;0.7261982928430729
S042;569;epsilon->gamma;1;0.7261982928430729
S042;582;epsilon->gamma;1;0.853125
S042;591;epsilon->gamma;1;0.853125
S042;594;epsilon->gamma;1;0.853125
S042;602;epsilon->gamma;1;0.9066581713921631
S042;607;epsilon->gamma;1;0.9066581713921631
S042;697;epsilon->gamma;0;0.7261982928430729
S042;708;epsilon->gamma;0;0.7261982928430729
S042;710;epsilon->gamma;0;0.7261982928430729
S042;713;epsilon->gamma;0;0.7261982928430729
S042;720;epsilon->gamma;0;0.853125
S042;743;epsilon->gamma;1;0.853125
S042;754;epsilon->gamma;1;0.853125
S042;757;epsilon->gamma;1;0.853125
S042;759;epsilon->gamma;1;0.9066581713921631
S042;779;epsilon->gamma;1;0.7687952186222082
S042;784;epsilon->gamma;1;0.7687952186222082
S042;794;epsilon->gamma;1;0.7687952186222082
S042;812;epsilon->gamma;1;0.853125
S042;874;epsilon->gamma;1;0.8323000619962803
S042;911;epsilon->gamma;1;0.896468457591307
S042;959;epsilon->gamma;1;0.8323000619962803
S042;976;epsilon->gamma;1;0.7380530973451327
S042;980;epsilon->gamma;1;0.7380530973451327
S042;1025;epsilon->gamma;1;0.9066581713921631
S042;1032;epsilon->gamma;1;0.853125
S042;1038;epsilon->gamma;1;0.853125
S042;1115;epsilon->gamma;1;0.7380530973451327
S042;1216;epsilon->gamma;1;0.9066581713921631
S042;1235;epsilon->gamma;1;0.9066581713921631
S042;1239;epsilon->gamma;1;0.853125
S042;1370;epsilon->gamma;1;0.7687952186222082
S043;3;epsilon->gamma;1;0.896468457591307
S043;5;epsilon->gamma;1;0.7958996328029376
S043;8;epsilon->gamma;1;0.8323000619962803
S043;55;epsilon->gamma;0;0.7261982928430729
S043;60;epsilon->gamma;0;0.7261982928430729
S043;197;epsilon->gamma;1;0.7261982928430729
S043;277;epsilon->gamma;1;0.7380530973451327
S043;284;epsilon->gamma;1;0.7380530973451327
S043;378;epsilon->gamma;1;0.7380530973451327
S043;381;epsilon->gamma;1;0.7380530973451327
S043;385;epsilon->gamma;1;0.7380530973451327
S043;388;epsilon->gamma;1;0.7380530973451327
S043;506;epsilon->gamma;1;0.7687952186222082
S043;592;epsilon->gamma;1;0.853125
S043;635;epsilon->gamma;1;0.853125
S043;687;epsilon->gamma;1;0.8323000619962803
S043;698;epsilon->gamma;1;0.7380530973451327
S043;794;epsilon->gamma;1;0.7687952186222082
S043;799;epsilon->gamma;1;0.7261982928430729
S043;919;epsilon->gamma;1;0.896468457591307
S043;930;epsilon->gamma;1;0.896468457591307
S043;957;epsilon->gamma;1;0.8323000619962803
S043;965;epsilon->gamma;1;0.8323000619962803
S043;972;epsilon->gamma;1;0.896468457591307
S043;1043;epsilon->gamma;1;0.7958996328029376
S043;1046;epsilon->gamma;1;0.7380530973451327
S043;1059;epsilon->gamma;1;0.7380530973451327
S043;1071;epsilon->gamma;1;0.7958996328029376
S043;1089;epsilon->gamma;1;0.8323000619962803
S043;1172;epsilon->gamma;1;0.7261982928430729
S043;1257;epsilon->gamma;0;0.7380530973451327
S043;1374;epsilon->gamma;1;0.7380530973451327
S044;55;epsilon->gamma;1;0.7261982928430729
S044;67;epsilon->gamma;1;0.7261982928430729
S044;71;epsilon->gamma;1;0.7687952186222082
S044;164;epsilon->gamma;1;0.7380530973451327
S044;166;epsilon->gamma;1;0.7380530973451327
S044;180;epsilon->gamma;1;0.8323000619962803
S044;198;epsilon->gamma;1;0.8323000619962803
S044;276;epsilon->gamma;1;0.7380530973451327
S044;281;epsilon->gamma;1;0.7380530973451327
S044;286;epsilon->gamma;1;0.7380530973451327
S044;288;epsilon->gamma;1;0.6766940139775144
S044;292;epsilon->gamma;1;0.7380530973451327
S044;306;epsilon->gamma;1;0.7958996328029376
S044;310;epsilon->gamma;1;0.8323000619962803
S044;408;epsilon->gamma;1;0.7380530973451327
S044;434;epsilon->gamma;1;0.7958996328029376
S044;444;epsilon->gamma;1;0.7958996328029376
S044;506;epsilon->gamma;1;0.8323000619962803
S044;508;epsilon->gamma;1;0.8323000619962803
S044;688;epsilon->gamma;1;0.7261982928430729
S044;798;epsilon->gamma;1;0.7687952186222082
S044;803;epsilon->gamma;1;0.7687952186222082
S044;861;epsilon->gamma;1;0.7380530973451327
S044;873;epsilon->gamma;1;0.7380530973451327
S044;878;epsilon->gamma;1;0.7380530973451327
S044;990;epsilon->gamma;1;0.8323000619962803
S044;992;epsilon->gamma;1;0.8323000619962803
S044;1048;epsilon->gamma;1;0.9066581713921631
S044;1092;epsilon->gamma;0;0.7958996328029376
S044;1117;epsilon->gamma;0;0.7380530973451327
S044;1178;epsilon->gamma;1;0.7958996328029376
S044;1180;epsilon->gamma;1;0.7958996328029376
S044;1200;epsilon->gamma;1;0.7380530973451327
S044;1209;epsilon->gamma;1;0.7380530973451327
S044;1214;epsilon->gamma;1;0.7958996328029376
S044;1225;epsilon->gamma;1;0.8323000619962803
S044;1236;epsilon->gamma;1;0.8323000619962803
S044;1242;epsilon->gamma;1;0.896468457591307
S044;1244;epsilon->gamma;1;0.8323000619962803
S044;1247;epsilon->gamma;1;0.896468457591307
S044;1369;epsilon->gamma;1;0.7261982928430729
S044;1371;epsilon->gamma;1;0.853125
S045;118;epsilon->gamma;1;0.7380530973451327
S045;121;epsilon->gamma;1;0.7380530973451327
S045;126;epsilon->gamma;1;0.7380530973451327
S045;150;epsilon->gamma;1;0.8323000619962803
S045;154;epsilon->gamma;1;0.896468457591307
S045;170;epsilon->gamma;1;0.8323000619962803
S045;182;epsilon->gamma;1;0.8323000619962803
S045;238;epsilon->gamma;1;0.7261982928430729
S045;268;epsilon->gamma;1;0.7687952186222082
S045;279;epsilon->gamma;1;0.853125
S045;338;epsilon->gamma;1;0.896468457591307
S045;345;epsilon->gamma;1;0.8323000619962803
S045;390;epsilon->gamma;0;0.7687952186222082
S045;394;epsilon->gamma;0;0.7687952186222082
S045;434;epsilon->gamma;0;0.853125
S045;439;epsilon->gamma;0;0.853125
S045;443;epsilon->gamma;0;0.853125
S045;449;epsilon->gamma;0;0.9066581713921631
S045;454;epsilon->gamma;0;0.7687952186222082
S045;524;epsilon->gamma;0;0.7687952186222082
S045;616;epsilon->gamma;1;0.7261982928430729
S045;668;epsilon->gamma;1;0.8323000619962803
S045;670;epsilon->gamma;1;0.7958996328029376
S045;675;epsilon->gamma;1;0.7958996328029376
S045;762;epsilon->gamma;0;0.7261982928430729
S045;769;epsilon->gamma;0;0.7261982928430729
S045;774;epsilon->gamma;0;0.7261982928430729
S045;794;epsilon->gamma;0;0.7687952186222082
S045;834;epsilon->gamma;1;0.7687952186222082
S045;836;epsilon->gamma;1;0.7687952186222082
S045;850;epsilon->gamma;1;0.7261982928430729
S045;858;epsilon->gamma;1;0.7261982928430729
S045;870;epsilon->gamma;1;0.7687952186222082
S045;873;epsilon->gamma;1;0.7687952186222082
S045;902;epsilon->gamma;1;0.896468457591307
S045;923;epsilon->gamma;1;0.7958996328029376
S045;929;epsilon->gamma;1;0.7958996328029376
S045;970;epsilon->gamma;1;0.853125
S045;984;epsilon->gamma;1;0.853125
S045;1084;epsilon->gamma;1;0.8323000619962803
S045;1100;epsilon->gamma;1;0.7380530973451327
S045;1109;epsilon->gamma;1;0.7958996328029376
S045;1116;epsilon->gamma;1;0.896468457591307
S045;1152;epsilon->gamma;1;0.896468457591307
S045;1161;epsilon->gamma;1;0.8323000619962803
S045;1185;epsilon->gamma;1;0.7958996328029376
S045;1189;epsilon->gamma;1;0.7958996328029376
S046;4;epsilon->gamma;1;0.8323000619962803
S046;7;epsilon->gamma;1;0.8323000619962803
S046;10;epsilon->gamma;1;0.896468457591307
S046;94;epsilon->gamma;1;0.7261982928430729
S046;146;epsilon->gamma;0;0.7958996328029376
S046;150;epsilon->gamma;0;0.7958996328029376
S046;180;epsilon->gamma;1;0.7958996328029376
S046;187;epsilon->gamma;1;0.7958996328029376
S046;209;epsilon->gamma;1;0.8323000619962803
S046;261;epsilon->gamma;1;0.9066581713921631
S046;294;epsilon->gamma;1;0.853125
S046;318;epsilon->gamma;1;0.7958996328029376
S046;369;epsilon->gamma;1;0.7687952186222082
S046;375;epsilon->gamma;1;0.7687952186222082
S046;384;epsilon->gamma;1;0.9066581713921631
S046;439;epsilon->gamma;1;0.9066581713921631
S046;480;epsilon->gamma;1;0.853125
S046;549;epsilon->gamma;0;0.8323000619962803
S046;565;epsilon->gamma;1;0.7380530973451327
S046;576;epsilon->gamma;1;0.7380530973451327
S046;607;epsilon->gamma;1;0.8323000619962803
S046;613;epsilon->gamma;1;0.8323000619962803
S046;677;epsilon->gamma;1;0.7687952186222082
S046;703;epsilon->gamma;1;0.7687952186222082
S046;780;epsilon->gamma;1;0.7380530973451327
S046;790;epsilon->gamma;1;0.7958996328029376
S046;798;epsilon->gamma;1;0.7380530973451327
S046;825;epsilon->gamma;1;0.896468457591307
S046;896;epsilon->gamma;0;0.7261982928430729
S046;900;epsilon->gamma;0;0.7261982928430729
S046;903;epsilon->gamma;0;0.7261982928430729
S046;907;epsilon->gamma;0;0.7261982928430729
S046;942;epsilon->gamma;0;0.7687952186222082
S046;944;epsilon->gamma;0;0.853125
S046;985;epsilon->gamma;1;0.7687952186222082
S046;990;epsilon->gamma;1;0.7687952186222082
S046;1004;epsilon->gamma;1;0.7687952186222082
S046;1024;epsilon->gamma;1;0.9066581713921631
S046;1070;epsilon->gamma;0;0.7958996328029376
S046;1097;epsilon->gamma;0;0.7380530973451327
S046;1151;epsilon->gamma;1;0.7380530973451327
S046;1223;epsilon->gamma;1;0.7261982928430729
S046;1323;epsilon->gamma;1;0.896468457591307
S046;1331;epsilon->gamma;1;0.8323000619962803
S046;1340;epsilon->gamma;0;0.896468457591307
S046;1363;epsilon->gamma;1;0.8323000619962803
S046;1369;epsilon->gamma;1;0.8323000619962803
S046;1371;epsilon->gamma;1;0.8323000619962803
S047;2;epsilon->gamma;0;0.7261982928430729
S047;9;epsilon->gamma;0;0.7687952186222082
S047;71;epsilon->gamma;1;0.7261982928430729
S047;179;epsilon->gamma;0;0.7380530973451327
S047;270;epsilon->gamma;1;0.7958996328029376
S047;275;epsilon->gamma;1;0.7380530973451327
S047;281;epsilon->gamma;1;0.7958996328029376
S047;369;epsilon->gamma;1;0.896468457591307
S047;430;epsilon->gamma;1;0.7261982928430729
S047;433;epsilon->gamma;1;0.7687952186222082
S047;470;epsilon->gamma;1;0.7687952186222082
S047;533;epsilon->gamma;1;0.7380530973451327
S047;539;epsilon->gamma;1;0.7380530973451327
S047;573;epsilon->gamma;1;0.896468457591307
S047;589;epsilon->gamma;1;0.896468457591307
S047;664;epsilon->gamma;1;0.9066581713921631
S047;707;epsilon->gamma;1;0.896468457591307
S047;716;epsilon->gamma;1;0.7958996328029376
S047;734;epsilon->gamma;1;0.8323000619962803
S047;736;epsilon->gamma;1;0.8323000619962803
S047;739;epsilon->gamma;1;0.8323000619962803
S047;766;epsilon->gamma;1;0.9066581713921631
S047;774;epsilon->gamma;1;0.9066581713921631
S047;786;epsilon->gamma;1;0.9066581713921631
S047;811;epsilon->gamma;1;0.896468457591307
S047;864;epsilon->gamma;1;0.7687952186222082
S047;866;epsilon->gamma;1;0.853125
S047;949;epsilon->gamma;1;0.7380530973451327
S047;990;epsilon->gamma;1;0.896468457591307
S047;1003;epsilon->gamma;1;0.9066581713921631
S047;1005;epsilon->gamma;1;0.853125
S047;1007;epsilon->gamma;1;0.9066581713921631
S047;1013;epsilon->gamma;1;0.7687952186222082
S047;1015;epsilon->gamma;1;0.7687952186222082
S047;1031;epsilon->gamma;1;0.9066581713921631
S047;1037;epsilon->gamma;1;0.9066581713921631
S047;1108;epsilon->gamma;1;0.8323000619962803
S047;1141;epsilon->gamma;1;0.7958996328029376
S047;1151;epsilon->gamma;1;0.8323000619962803
S047;1154;epsilon->gamma;1;0.8323000619962803
S047;1171;epsilon->gamma;1;0.7958996328029376
S047;1180;epsilon->gamma;1;0.896468457591307
S047;1324;epsilon->gamma;0;0.8323000619962803
S047;1345;epsilon->gamma;1;0.7958996328029376
S048;54;epsilon->gamma;1;0.7261982928430729
S048;69;epsilon->gamma;1;0.7687952186222082
S048;76;epsilon->gamma;1;0.853125
S048;157;epsilon->gamma;1;0.7261982928430729
S048;163;epsilon->gamma;1;0.7261982928430729
S048;167;epsilon->gamma;1;0.7687952186222082
S048;329;epsilon->gamma;1;0.7380530973451327
S048;342;epsilon->gamma;1;0.7380530973451327
S048;360;epsilon->gamma;1;0.7380530973451327
S048;370;epsilon->gamma;1;0.8323000619962803
S048;375;epsilon->gamma;1;0.8323000619962803
S048;481;epsilon->gamma;0;0.7687952186222082
S048;513;epsilon->gamma;1;0.7687952186222082
S048;532;epsilon->gamma;1;0.7687952186222082
S048;580;epsilon->gamma;1;0.8323000619962803
S048;692;epsilon->gamma;1;0.7261982928430729
S048;729;epsilon->gamma;1;0.896468457591307
S048;739;epsilon->gamma;1;0.896468457591307
S048;829;epsilon->gamma;0;0.7261982928430729
S048;902;epsilon->gamma;0;0.7261982928430729
S048;909;epsilon->gamma;0;0.7261982928430729
S048;914;epsilon->gamma;0;0.7261982928430729
S048;916;epsilon->gamma;0;0.7261982928430729
S048;920;epsilon->gamma;0;0.7261982928430729
S048;987;epsilon->gamma;1;0.7261982928430729
S048;996;epsilon->gamma;1;0.7261982928430729
S048;1007;epsilon->gamma;1;0.7261982928430729
S048;1013;epsilon->gamma;1;0.7261982928430729
S048;1018;epsilon->gamma;1;0.7261982928430729
S048;1027;epsilon->gamma;1;0.853125
S048;1080;epsilon->gamma;1;0.8323000619962803
S048;1093;epsilon->gamma;1;0.7958996328029376
S048;1120;epsilon->gamma;1;0.896468457591307
S048;1212;epsilon->gamma;0;0.7261982928430729
S048;1330;epsilon->gamma;1;0.7261982928430729
S048;1334;epsilon->gamma;1;0.7261982928430729
S048;1345;epsilon->gamma;1;0.7261982928430729
S048;1352;epsilon->gamma;1;0.853125
S048;1369;epsilon->gamma;1;0.853125
S048;1372;epsilon->gamma;1;0.853125
S049;3;epsilon->gamma;1;0.7958996328029376
S049;5;epsilon->gamma;1;0.8323000619962803
S049;7;epsilon->gamma;1;0.7958996328029376
S049;14;epsilon->gamma;1;0.7958996328029376
S049;16;epsilon->gamma;1;0.7958996328029376
S049;123;epsilon->gamma;0;0.7958996328029376
S049;129;epsilon->gamma;1;0.7958996328029376
S049;144;epsilon->gamma;1;0.7958996328029376
S049;151;epsilon->gamma;1;0.7958996328029376
S049;157;epsilon->gamma;1;0.7958996328029376
S049;161;epsilon->gamma;1;0.8323000619962803
S049;170;epsilon->gamma;1;0.8323000619962803
S049;174;epsilon->gamma;1;0.896468457591307
S049;194;epsilon->gamma;1;0.8323000619962803
S049;199;epsilon->gamma;1;0.896468457591307
S049;244;epsilon->gamma;1;0.7687952186222082
S049;254;epsilon->gamma;1;0.7261982928430729
S049;304;epsilon->gamma;0;0.7958996328029376
S049;362;epsilon->gamma;1;0.7958996328029376
S049;413;epsilon->gamma;1;0.7261982928430729
S049;420;epsilon->gamma;1;0.7261982928430729
S049;519;epsilon->gamma;1;0.853125
S049;549;epsilon->gamma;1;0.9066581713921631
S049;583;epsilon->gamma;1;0.8323000619962803
S049;652;epsilon->gamma;1;0.9066581713921631
S049;662;epsilon->gamma;1;0.7687952186222082
S049;759;epsilon->gamma;1;0.7380530973451327
S049;763;epsilon->gamma;1;0.7958996328029376
S049;809;epsilon->gamma;0;0.7687952186222082
S049;859;epsilon->gamma;0;0.7687952186222082
S049;937;epsilon->gamma;1;0.7261982928430729
S049;1020;epsilon->gamma;1;0.7958996328029376
S049;1036;epsilon->gamma;1;0.7958996328029376
S049;1040;epsilon->gamma;1;0.7958996328029376
S049;1088;epsilon->gamma;1;0.7687952186222082
S049;1090;epsilon->gamma;1;0.853125
S049;1103;epsilon->gamma;0;0.7687952186222082
S049;1169;epsilon->gamma;1;0.7687952186222082
S049;1201;epsilon->gamma;1;0.7687952186222082
S049;1205;epsilon->gamma;1;0.7261982928430729
S049;1325;epsilon->gamma;1;0.7380530973451327
S049;1335;epsilon->gamma;1;0.7380530973451327
S049;1345;epsilon->gamma;1;0.7380530973451327
S049;1347;epsilon->gamma;1;0.7958996328029376
S050;62;epsilon->gamma;1;0.7380530973451327
S050;66;epsilon->gamma;1;0.7380530973451327
S050;72;epsilon->gamma;1;0.896468457591307
S050;122;epsilon->gamma;1;0.7261982928430729
S050;153;epsilon->gamma;0;0.853125
S050;194;epsilon->gamma;1;0.853125
S050;197;epsilon->gamma;1;0.853125
S050;199;epsilon->gamma;1;0.7687952186222082
S050;213;epsilon->gamma;1;0.7261982928430729
S050;215;epsilon->gamma;1;0.853125
S050;229;epsilon->gamma;0;0.9066581713921631
S050;232;epsilon->gamma;0;0.9066581713921631
S050;295;epsilon->gamma;1;0.7261982928430729
S050;333;epsilon->gamma;1;0.896468457591307
S050;429;epsilon->gamma;0;0.7687952186222082
S050;446;epsilon->gamma;1;0.7687952186222082
S050;472;epsilon->gamma;1;0.853125
S050;483;epsilon->gamma;1;0.9066581713921631
S050;566;epsilon->gamma;1;0.7261982928430729
S050;603;epsilon->gamma;1;0.853125
S050;617;epsilon->gamma;1;0.896468457591307
S050;672;epsilon->gamma;0;0.7261982928430729
S050;720;epsilon->gamma;1;0.7261982928430729
S050;723;epsilon->gamma;1;0.853125
S050;726;epsilon->gamma;1;0.7687952186222082
S050;780;epsilon->gamma;1;0.7380530973451327
S050;816;epsilon->gamma;1;0.8323000619962803
S050;836;epsilon->gamma;1;0.9066581713921631
S050;847;epsilon->gamma;1;0.853125
S050;876;epsilon->gamma;1;0.853125
S050;892;epsilon->gamma;1;0.853125
S050;894;epsilon->gamma;1;0.853125
S050;900;epsilon->gamma;0;0.9066581713921631
S050;986;epsilon->gamma;0;0.7261982928430729
S050;991;epsilon->gamma;1;0.7261982928430729
S050;1040;epsilon->gamma;1;0.7261982928430729
S050;1042;epsilon->gamma;1;0.853125
S050;1136;epsilon->gamma;1;0.853125
S050;1143;epsilon->gamma;1;0.9066581713921631
S050;1160;epsilon->gamma;1;0.896468457591307
S050;1162;epsilon->gamma;1;0.896468457591307
S050;1187;epsilon->gamma;1;0.8323000619962803
S001;55;gamma->beta;1;0.9359016937894388
S001;58;gamma->beta;1;0.9359016937894388
S001;201;gamma->beta;1;0.8459254371494557
S001;203;gamma->beta;1;0.8459254371494557
S001;212;gamma->beta;1;0.8459254371494557
S001;216;gamma->beta;1;0.8459254371494557
S001;271;gamma->beta;1;0.9359016937894388
S001;308;gamma->beta;1;0.918937100571813
S001;428;gamma->beta;1;0.8774476704929102
S001;432;gamma->beta;1;0.8774476704929102
S001;585;gamma->beta;1;0.8459254371494557
S001;599;gamma->beta;1;0.8459254371494557
S001;608;gamma->beta;1;0.8459254371494557
S001;628;gamma->beta;1;0.8998357963875205
S001;639;gamma->beta;1;0.9359016937894388
S001;668;gamma->beta;1;0.918937100571813
S001;673;gamma->beta;1;0.918937100571813
S001;676;gamma->beta;1;0.918937100571813
S001;877;gamma->beta;1;0.8998357963875205
S001;880;gamma->beta;1;0.8459254371494557
S001;886;gamma->beta;1;0.8459254371494557
S001;898;gamma->beta;1;0.8459254371494557
S001;946;gamma->beta;1;0.9359016937894388
S001;964;gamma->beta;0;0.918937100571813
S001;1130;gamma->beta;0;0.8448500651890483
S001;1134;gamma->beta;0;0.8448500651890483
S001;1138;gamma->beta;0;0.8448500651890483
S001;1156;gamma->beta;0;0.8448500651890483
S001;1159;gamma->beta;0;0.8448500651890483
S002;14;gamma->beta;1;0.9359016937894388
S002;16;gamma->beta;1;0.9359016937894388
S002;93;gamma->beta;1;0.9359016937894388
S002;267;gamma->beta;1;0.8998357963875205
S002;274;gamma->beta;1;0.8459254371494557
S002;276;gamma->beta;1;0.8459254371494557
S002;281;gamma->beta;1;0.8459254371494557
S002;304;gamma->beta;1;0.8459254371494557
S002;317;gamma->beta;1;0.8459254371494557
S002;320;gamma->beta;1;0.8998357963875205
S002;324;gamma->beta;1;0.8998357963875205
S002;415;gamma->beta;1;0.8774476704929102
S002;569;gamma->beta;1;0.8459254371494557
S002;585;gamma->beta;1;0.8459254371494557
S002;629;gamma->beta;1;0.8459254371494557
S002;631;gamma->beta;1;0.8459254371494557
S002;633;gamma->beta;1;0.8998357963875205
S002;744;gamma->beta;1;0.8774476704929102
S002;935;gamma->beta;1;0.8774476704929102
S002;944;gamma->beta;1;0.8448500651890483
S002;950;gamma->beta;1;0.918937100571813
S002;1031;gamma->beta;1;0.8998357963875205
S002;1057;gamma->beta;1;0.8998357963875205
S002;1074;gamma->beta;1;0.8998357963875205
S002;1131;gamma->beta;1;0.8774476704929102
S002;1135;gamma->beta;1;0.8774476704929102
S002;1162;gamma->beta;1;0.9359016937894388
S002;1169;gamma->beta;1;0.8998357963875205
S003;39;gamma->beta;1;0.9359016937894388
S003;41;gamma->beta;1;0.8998357963875205
S003;44;gamma->beta;1;0.8998357963875205
S003;54;gamma->beta;1;0.8998357963875205
S003;106;gamma->beta;1;0.9359016937894388
S003;108;gamma->beta;1;0.9359016937894388
S003;112;gamma->beta;1;0.8998357963875205
S003;145;gamma->beta;1;0.8998357963875205
S003;149;gamma->beta;1;0.8998357963875205
S003;154;gamma->beta;1;0.9359016937894388
S003;258;gamma->beta;1;0.8448500651890483
S003;360;gamma->beta;1;0.8774476704929102
S003;364;gamma->beta;1;0.918937100571813
S003;387;gamma->beta;1;0.918937100571813
S003;400;gamma->beta;1;0.918937100571813
S003;434;gamma->beta;1;0.9359016937894388
S003;439;gamma->beta;1;0.9359016937894388
S003;445;gamma->beta;1;0.9359016937894388
S003;451;gamma->beta;1;0.9359016937894388
S003;553;gamma->beta;1;0.8774476704929102
S003;664;gamma->beta;1;0.8998357963875205
S003;669;gamma->beta;1;0.8998357963875205
S003;684;gamma->beta;1;0.8998357963875205
S003;688;gamma->beta;1;0.8998357963875205
S003;750;gamma->beta;1;0.918937100571813
S003;789;gamma->beta;1;0.918937100571813
S003;1001;gamma->beta;1;0.8998357963875205
S003;1020;gamma->beta;1;0.8998357963875205
S003;1031;gamma->beta;1;0.9359016937894388
S003;1218;gamma->beta;1;0.8774476704929102
S003;1225;gamma->beta;1;0.8774476704929102
S003;1230;gamma->beta;1;0.8774476704929102
S004;155;gamma->beta;1;0.8459254371494557
S004;160;gamma->beta;1;0.8459254371494557
S004;224;gamma->beta;1;0.918937100571813
S004;253;gamma->beta;1;0.8774476704929102
S004;273;gamma->beta;1;0.8774476704929102
S004;296;gamma->beta;1;0.918937100571813
S004;316;gamma->beta;1;0.9359016937894388
S004;339;gamma->beta;1;0.9359016937894388
S004;431;gamma->beta;0;0.8774476704929102
S004;437;gamma->beta;0;0.8774476704929102
S004;445;gamma->beta;0;0.8448500651890483
S004;629;gamma->beta;1;0.8448500651890483
S004;732;gamma->beta;1;0.8774476704929102
S004;762;gamma->beta;1;0.8448500651890483
S004;785;gamma->beta;1;0.8774476704929102
S004;835;gamma->beta;1;0.8998357963875205
S004;864;gamma->beta;1;0.9359016937894388
S004;899;gamma->beta;1;0.9359016937894388
S004;901;gamma->beta;1;0.9359016937894388
S004;910;gamma->beta;1;0.9359016937894388
S004;1032;gamma->beta;1;0.8774476704929102
S004;1058;gamma->beta;1;0.8448500651890483
S004;1060;gamma->beta;1;0.8774476704929102
S004;1198;gamma->beta;1;0.8774476704929102
S004;1202;gamma->beta;1;0.8774476704929102
S005;60;gamma->beta;0;0.8448500651890483
S005;86;gamma->beta;0;0.8448500651890483
S005;95;gamma->beta;0;0.8448500651890483
S005;347;gamma->beta;1;0.8448500651890483
S005;351;gamma->beta;1;0.8448500651890483
S005;354;gamma->beta;1;0.8774476704929102
S005;363;gamma->beta;1;0.8448500651890483
S005;398;gamma->beta;1;0.8774476704929102
S005;400;gamma->beta;1;0.918937100571813
S005;555;gamma->beta;1;0.8998357963875205
S005;561;gamma->beta;1;0.8998357963875205
S005;568;gamma->beta;1;0.8998357963875205
S005;588;gamma->beta;1;0.8998357963875205
S005;706;gamma->beta;1;0.8448500651890483
S005;715;gamma->beta;1;0.8448500651890483
S005;751;gamma->beta;1;0.918937100571813
S005;758;gamma->beta;1;0.8774476704929102
S005;817;gamma->beta;1;0.8998357963875205
S005;823;gamma->beta;1;0.8998357963875205
S006;120;gamma->beta;1;0.8459254371494557
S006;128;gamma->beta;1;0.8459254371494557
S006;159;gamma->beta;1;0.8459254371494557
S006;286;gamma->beta;1;0.8774476704929102
S006;289;gamma->beta;1;0.8774476704929102
S006;443;gamma->beta;1;0.8459254371494557
S006;446;gamma->beta;1;0.8459254371494557
S006;455;gamma->beta;1;0.8998357963875205
S006;530;gamma->beta;1;0.8774476704929102
S006;646;gamma->beta;1;0.8459254371494557
S006;671;gamma->beta;1;0.8998357963875205
S006;681;gamma->beta;1;0.8998357963875205
S006;731;gamma->beta;1;0.918937100571813
S006;736;gamma->beta;1;0.918937100571813
S006;828;gamma->beta;1;0.918937100571813
S006;841;gamma->beta;1;0.8774476704929102
S006;844;gamma->beta;1;0.8774476704929102
S006;882;gamma->beta;1;0.8448500651890483
S006;885;gamma->beta;1;0.8774476704929102
S006;907;gamma->beta;1;0.918937100571813
S006;1009;gamma->beta;1;0.8774476704929102
S006;1082;gamma->beta;1;0.9359016937894388
S006;1092;gamma->beta;1;0.9359016937894388
S006;1170;gamma->beta;1;0.9359016937894388
S006;1180;gamma->beta;1;0.9359016937894388
S006;1221;gamma->beta;1;0.8998357963875205
S007;425;gamma->beta;0;0.8774476704929102
S007;428;gamma->beta;0;0.918937100571813
S007;441;gamma->beta;1;0.8774476704929102
S007;446;gamma->beta;1;0.8448500651890483
S007;454;gamma->beta;1;0.8774476704929102
S007;521;gamma->beta;1;0.918937100571813
S007;524;gamma->beta;1;0.918937100571813
S007;533;gamma->beta;1;0.8774476704929102
S007;539;gamma->beta;1;0.8774476704929102
S007;656;gamma->beta;1;0.8459254371494557
S007;694;gamma->beta;1;0.8998357963875205
S007;722;gamma->beta;1;0.9359016937894388
S007;811;gamma->beta;1;0.8774476704929102
S007;878;gamma->beta;1;0.9359016937894388
S007;896;gamma->beta;1;0.8998357963875205
S007;908;gamma->beta;1;0.9359016937894388
S007;1037;gamma->beta;1;0.8998357963875205
S007;1039;gamma->beta;1;0.8459254371494557
S007;1042;gamma->beta;1;0.8459254371494557
S007;1172;gamma->beta;0;0.8448500651890483
S007;1175;gamma->beta;0;0.8448500651890483
S008;46;gamma->beta;1;0.8774476704929102
S008;48;gamma->beta;1;0.8774476704929102
S008;51;gamma->beta;1;0.8774476704929102
S008;85;gamma->beta;1;0.918937100571813
S008;222;gamma->beta;1;0.8774476704929102
S008;262;gamma->beta;1;0.8448500651890483
S008;436;gamma->beta;1;0.8459254371494557
S008;443;gamma->beta;1;0.8998357963875205
S008;447;gamma->beta;1;0.8459254371494557
S008;519;gamma->beta;0;0.8774476704929102
S008;559;gamma->beta;0;0.8448500651890483
S008;712;gamma->beta;0;0.8774476704929102
S008;821;gamma->beta;1;0.8774476704929102
S008;949;gamma->beta;1;0.8998357963875205
S008;952;gamma->beta;1;0.9359016937894388
S008;981;gamma->beta;1;0.8774476704929102
S008;1010;gamma->beta;1;0.918937100571813
S008;1016;gamma->beta;1;0.8774476704929102
S008;1021;gamma->beta;1;0.918937100571813
S008;1110;gamma->beta;1;0.8774476704929102
S008;1167;gamma->beta;1;0.8448500651890483
S008;1178;gamma->beta;1;0.8774476704929102
S008;1183;gamma->beta;1;0.8774476704929102
S009;15;gamma->beta;1;0.9359016937894388
S009;141;gamma->beta;1;0.8448500651890483
S009;145;gamma->beta;1;0.8774476704929102
S009;149;gamma->beta;1;0.8774476704929102
S009;155;gamma->beta;1;0.918937100571813
S009;179;gamma->beta;1;0.8774476704929102
S009;199;gamma->beta;1;0.918937100571813
S009;225;gamma->beta;1;0.8774476704929102
S009;325;gamma->beta;1;0.8459254371494557
S009;330;gamma->beta;1;0.9359016937894388
S009;333;gamma->beta;1;0.8459254371494557
S009;335;gamma->beta;1;0.9359016937894388
S009;429;gamma->beta;1;0.8774476704929102
S009;431;gamma->beta;1;0.8774476704929102
S009;438;gamma->beta;1;0.8448500651890483
S009;443;gamma->beta;1;0.8774476704929102
S009;476;gamma->beta;1;0.918937100571813
S009;558;gamma->beta;1;0.8998357963875205
S009;575;gamma->beta;1;0.9359016937894388
S009;700;gamma->beta;1;0.8448500651890483
S009;711;gamma->beta;1;0.8774476704929102
S009;721;gamma->beta;1;0.8774476704929102
S009;834;gamma->beta;1;0.8998357963875205
S009;862;gamma->beta;1;0.8459254371494557
S009;864;gamma->beta;1;0.8998357963875205
S009;877;gamma->beta;1;0.8459254371494557
S009;883;gamma->beta;1;0.8998357963875205
S009;886;gamma->beta;1;0.8998357963875205
S009;892;gamma->beta;1;0.8998357963875205
S009;1010;gamma->beta;1;0.8998357963875205
S009;1014;gamma->beta;1;0.8998357963875205
S009;1048;gamma->beta;1;0.8998357963875205
S009;1065;gamma->beta;1;0.9359016937894388
S009;1089;gamma->beta;1;0.918937100571813
S009;1142;gamma->beta;1;0.9359016937894388
S009;1144;gamma->beta;1;0.9359016937894388
S009;1184;gamma->beta;1;0.9359016937894388
S010;51;gamma->beta;1;0.8774476704929102
S010;57;gamma->beta;1;0.8774476704929102
S010;68;gamma->beta;1;0.8774476704929102
S010;71;gamma->beta;1;0.918937100571813
S010;74;gamma->beta;1;0.8774476704929102
S010;96;gamma->beta;1;0.8774476704929102
S010;232;gamma->beta;1;0.8448500651890483
S010;345;gamma->beta;1;0.8998357963875205
S010;357;gamma->beta;1;0.8998357963875205
S010;482;gamma->beta;1;0.8459254371494557
S010;484;gamma->beta;1;0.8998357963875205
S010;535;gamma->beta;1;0.8998357963875205
S010;621;gamma->beta;1;0.8998357963875205
S010;673;gamma->beta;1;0.8459254371494557
S010;698;gamma->beta;1;0.8998357963875205
S010;773;gamma->beta;1;0.918937100571813
S010;775;gamma->beta;1;0.918937100571813
S010;791;gamma->beta;1;0.8774476704929102
S010;819;gamma->beta;1;0.918937100571813
S010;952;gamma->beta;1;0.8459254371494557
S010;981;gamma->beta;1;0.8998357963875205
S010;983;gamma->beta;1;0.9359016937894388
S010;998;gamma->beta;1;0.8998357963875205
S010;1028;gamma->beta;1;0.8998357963875205
S011;2;gamma->beta;1;0.8448500651890483
S011;38;gamma->beta;1;0.8774476704929102
S011;133;gamma->beta;1;0.9359016937894388
S011;218;gamma->beta;1;0.8998357963875205
S011;228;gamma->beta;1;0.8998357963875205
S011;357;gamma->beta;1;0.8774476704929102
S011;360;gamma->beta;1;0.8448500651890483
S011;502;gamma->beta;1;0.8998357963875205
S011;506;gamma->beta;1;0.9359016937894388
S011;508;gamma->beta;1;0.8998357963875205
S011;517;gamma->beta;1;0.8998357963875205
S011;691;gamma->beta;1;0.8448500651890483
S011;694;gamma->beta;1;0.8448500651890483
S011;701;gamma->beta;1;0.8774476704929102
S011;805;gamma->beta;1;0.8998357963875205
S011;916;gamma->beta;1;0.8448500651890483
S011;929;gamma->beta;1;0.8448500651890483
S011;940;gamma->beta;1;0.8448500651890483
S011;944;gamma->beta;1;0.8448500651890483
S011;1008;gamma->beta;1;0.9359016937894388
S011;1045;gamma->beta;1;0.9359016937894388
S011;1170;gamma->beta;1;0.8774476704929102
S011;1177;gamma->beta;1;0.8774476704929102
S011;1184;gamma->beta;1;0.8774476704929102
S011;1215;gamma->beta;1;0.8774476704929102
S012;170;gamma->beta;1;0.8448500651890483
S012;180;gamma->beta;1;0.8448500651890483
S012;182;gamma->beta;1;0.8774476704929102
S012;209;gamma->beta;1;0.918937100571813
S012;216;gamma->beta;1;0.8774476704929102
S012;223;gamma->beta;1;0.918937100571813
S012;330;gamma->beta;0;0.9359016937894388
S012;343;gamma->beta;0;0.8998357963875205
S012;490;gamma->beta;1;0.8459254371494557
S012;591;gamma->beta;1;0.8448500651890483
S012;728;gamma->beta;1;0.8459254371494557
S012;791;gamma->beta;1;0.918937100571813
S012;796;gamma->beta;1;0.918937100571813
S012;809;gamma->beta;1;0.8774476704929102
S012;823;gamma->beta;1;0.918937100571813
S012;901;gamma->beta;1;0.8998357963875205
S012;908;gamma->beta;1;0.8998357963875205
S012;1002;gamma->beta;1;0.8448500651890483
S012;1004;gamma->beta;1;0.8448500651890483
S012;1329;gamma->beta;1;0.8448500651890483
S013;150;gamma->beta;1;0.8448500651890483
S013;155;gamma->beta;1;0.8448500651890483
S013;162;gamma->beta;1;0.8448500651890483
S013;180;gamma->beta;1;0.8448500651890483
S013;182;gamma->beta;1;0.8448500651890483
S013;272;gamma->beta;1;0.9359016937894388
S013;332;gamma->beta;1;0.918937100571813
S013;338;gamma->beta;1;0.918937100571813
S013;346;gamma->beta;1;0.8774476704929102
S013;350;gamma->beta;1;0.8774476704929102
S013;355;gamma->beta;1;0.8774476704929102
S013;360;gamma->beta;1;0.8774476704929102
S013;362;gamma->beta;1;0.918937100571813
S013;403;gamma->beta;1;0.8774476704929102
S013;406;gamma->beta;1;0.8774476704929102
S013;413;gamma->beta;1;0.918937100571813
S013;439;gamma->beta;1;0.8774476704929102
S013;447;gamma->beta;1;0.918937100571813
S013;459;gamma->beta;1;0.8774476704929102
S013;538;gamma->beta;0;0.9359016937894388
S013;547;gamma->beta;0;0.8998357963875205
S013;775;gamma->beta;1;0.8459254371494557
S013;779;gamma->beta;1;0.8998357963875205
S013;799;gamma->beta;0;0.8998357963875205
S013;909;gamma->beta;1;0.8459254371494557
S013;918;gamma->beta;1;0.8459254371494557
S013;1148;gamma->beta;0;0.8774476704929102
S014;93;gamma->beta;1;0.9359016937894388
S014;104;gamma->beta;1;0.8998357963875205
S014;118;gamma->beta;1;0.8998357963875205
S014;142;gamma->beta;0;0.8998357963875205
S014;149;gamma->beta;0;0.8998357963875205
S014;158;gamma->beta;0;0.8998357963875205
S014;271;gamma->beta;1;0.8459254371494557
S014;274;gamma->beta;1;0.8459254371494557
S014;433;gamma->beta;1;0.8998357963875205
S014;467;gamma->beta;1;0.9359016937894388
S014;555;gamma->beta;1;0.9359016937894388
S014;559;gamma->beta;1;0.9359016937894388
S014;658;gamma->beta;1;0.8448500651890483
S014;679;gamma->beta;1;0.8448500651890483
S014;687;gamma->beta;1;0.8774476704929102
S014;696;gamma->beta;1;0.8448500651890483
S014;860;gamma->beta;1;0.8459254371494557
S014;892;gamma->beta;1;0.9359016937894388
S014;914;gamma->beta;1;0.9359016937894388
S014;927;gamma->beta;1;0.9359016937894388
S014;940;gamma->beta;1;0.9359016937894388
S014;953;gamma->beta;1;0.918937100571813
S014;968;gamma->beta;0;0.8774476704929102
S014;970;gamma->beta;0;0.8774476704929102
S014;1084;gamma->beta;1;0.8774476704929102
S014;1202;gamma->beta;0;0.8998357963875205
S015;1;gamma->beta;0;0.9359016937894388
S015;170;gamma->beta;1;0.8459254371494557
S015;181;gamma->beta;1;0.8459254371494557
S015;186;gamma->beta;1;0.8459254371494557
S015;195;gamma->beta;1;0.8459254371494557
S015;200;gamma->beta;1;0.8998357963875205
S015;203;gamma->beta;1;0.8998357963875205
S015;210;gamma->beta;1;0.9359016937894388
S015;215;gamma->beta;1;0.9359016937894388
S015;218;gamma->beta;1;0.9359016937894388
S015;298;gamma->beta;1;0.8774476704929102
S015;312;gamma->beta;1;0.8774476704929102
S015;318;gamma->beta;1;0.8774476704929102
S015;337;gamma->beta;1;0.918937100571813
S015;406;gamma->beta;1;0.8774476704929102
S015;408;gamma->beta;1;0.918937100571813
S015;417;gamma->beta;1;0.8774476704929102
S015;443;gamma->beta;1;0.8774476704929102
S015;529;gamma->beta;1;0.9359016937894388
S015;534;gamma->beta;1;0.8459254371494557
S015;541;gamma->beta;1;0.8998357963875205
S015;547;gamma->beta;1;0.8998357963875205
S015;637;gamma->beta;1;0.8774476704929102
S015;642;gamma->beta;1;0.8774476704929102
S015;717;gamma->beta;1;0.9359016937894388
S015;720;gamma->beta;1;0.8459254371494557
S015;722;gamma->beta;1;0.8998357963875205
S015;731;gamma->beta;1;0.8998357963875205
S015;887;gamma->beta;1;0.8774476704929102
S016;42;gamma->beta;1;0.9359016937894388
S016;53;gamma->beta;1;0.918937100571813
S016;72;gamma->beta;1;0.918937100571813
S016;84;gamma->beta;1;0.918937100571813
S016;335;gamma->beta;1;0.8774476704929102
S016;386;gamma->beta;1;0.8774476704929102
S016;439;gamma->beta;1;0.8774476704929102
S016;441;gamma->beta;1;0.918937100571813
S016;447;gamma->beta;1;0.8774476704929102
S016;495;gamma->beta;1;0.9359016937894388
S016;502;gamma->beta;1;0.9359016937894388
S016;614;gamma->beta;1;0.8774476704929102
S016;710;gamma->beta;1;0.8459254371494557
S016;712;gamma->beta;1;0.8459254371494557
S016;740;gamma->beta;1;0.8998357963875205
S016;803;gamma->beta;1;0.8774476704929102
S016;812;gamma->beta;1;0.8774476704929102
S016;814;gamma->beta;1;0.918937100571813
S016;819;gamma->beta;1;0.918937100571813
S016;824;gamma->beta;1;0.918937100571813
S016;829;gamma->beta;1;0.8774476704929102
S016;834;gamma->beta;1;0.8774476704929102
S016;850;gamma->beta;1;0.8774476704929102
S016;981;gamma->beta;0;0.9359016937894388
S016;1148;gamma->beta;1;0.8459254371494557
S016;1150;gamma->beta;1;0.8459254371494557
S016;1175;gamma->beta;1;0.8998357963875205
S016;1196;gamma->beta;1;0.8998357963875205
S016;1206;gamma->beta;1;0.8998357963875205
S017;144;gamma->beta;1;0.8448500651890483
S017;156;gamma->beta;1;0.8774476704929102
S017;362;gamma->beta;1;0.918937100571813
S017;366;gamma->beta;1;0.8774476704929102
S017;380;gamma->beta;1;0.8774476704929102
S017;427;gamma->beta;1;0.918937100571813
S017;429;gamma->beta;1;0.918937100571813
S017;449;gamma->beta;1;0.9359016937894388
S017;461;gamma->beta;1;0.8998357963875205
S017;469;gamma->beta;1;0.9359016937894388
S017;484;gamma->beta;1;0.8998357963875205
S017;523;gamma->beta;1;0.9359016937894388
S017;525;gamma->beta;1;0.9359016937894388
S017;579;gamma->beta;1;0.9359016937894388
S017;666;gamma->beta;0;0.9359016937894388
S017;669;gamma->beta;0;0.8998357963875205
S017;833;gamma->beta;1;0.8998357963875205
S017;987;gamma->beta;1;0.8774476704929102
S017;1009;gamma->beta;1;0.8448500651890483
S017;1017;gamma->beta;1;0.8448500651890483
S017;1044;gamma->beta;1;0.918937100571813
S017;1077;gamma->beta;1;0.9359016937894388
S017;1079;gamma->beta;1;0.9359016937894388
S018;4;gamma->beta;1;0.918937100571813
S018;11;gamma->beta;1;0.8774476704929102
S018;75;gamma->beta;1;0.9359016937894388
S018;77;gamma->beta;1;0.9359016937894388
S018;83;gamma->beta;1;0.9359016937894388
S018;111;gamma->beta;1;0.8998357963875205
S018;116;gamma->beta;0;0.8998357963875205
S018;122;gamma->beta;0;0.9359016937894388
S018;241;gamma->beta;1;0.8459254371494557
S018;244;gamma->beta;1;0.8459254371494557
S018;255;gamma->beta;1;0.8459254371494557
S018;278;gamma->beta;1;0.8459254371494557
S018;287;gamma->beta;1;0.8998357963875205
S018;289;gamma->beta;1;0.8998357963875205
S018;314;gamma->beta;1;0.8998357963875205
S018;452;gamma->beta;1;0.918937100571813
S018;463;gamma->beta;1;0.918937100571813
S018;631;gamma->beta;1;0.8448500651890483
S018;661;gamma->beta;1;0.8774476704929102
S018;672;gamma->beta;1;0.8774476704929102
S018;675;gamma->beta;1;0.8774476704929102
S018;686;gamma->beta;1;0.8774476704929102
S018;809;gamma->beta;1;0.9359016937894388
S018;822;gamma->beta;1;0.8459254371494557
S018;828;gamma->beta;1;0.8459254371494557
S018;966;gamma->beta;1;0.8448500651890483
S018;969;gamma->beta;1;0.8448500651890483
S018;1187;gamma->beta;1;0.8998357963875205
S018;1198;gamma->beta;1;0.8998357963875205
S019;24;gamma->beta;1;0.9359016937894388
S019;31;gamma->beta;1;0.9359016937894388
S019;48;gamma->beta;1;0.9359016937894388
S019;122;gamma->beta;1;0.918937100571813
S019;127;gamma->beta;1;0.918937100571813
S019;158;gamma->beta;0;0.8774476704929102
S019;271;gamma->beta;1;0.8448500651890483
S019;289;gamma->beta;1;0.8448500651890483
S019;537;gamma->beta;1;0.8998357963875205
S019;539;gamma->beta;1;0.8998357963875205
S019;562;gamma->beta;1;0.9359016937894388
S019;674;gamma->beta;1;0.8774476704929102
S019;779;gamma->beta;1;0.8998357963875205
S019;855;gamma->beta;1;0.9359016937894388
S019;857;gamma->beta;1;0.8998357963875205
S019;880;gamma->beta;0;0.8998357963875205
S019;887;gamma->beta;0;0.8459254371494557
S019;1019;gamma->beta;1;0.9359016937894388
S019;1052;gamma->beta;1;0.9359016937894388
S019;1084;gamma->beta;1;0.8998357963875205
S019;1088;gamma->beta;1;0.9359016937894388
S019;1200;gamma->beta;1;0.8448500651890483
S019;1233;gamma->beta;1;0.8774476704929102
S020;217;gamma->beta;1;0.9359016937894388
S020;358;gamma->beta;1;0.8774476704929102
S020;376;gamma->beta;1;0.918937100571813
S020;390;gamma->beta;1;0.918937100571813
S020;396;gamma->beta;1;0.8774476704929102
S020;439;gamma->beta;1;0.918937100571813
S020;451;gamma->beta;0;0.918937100571813
S020;581;gamma->beta;1;0.8448500651890483
S020;659;gamma->beta;1;0.9359016937894388
S020;668;gamma->beta;1;0.8998357963875205
S020;682;gamma->beta;1;0.8998357963875205
S020;685;gamma->beta;1;0.8998357963875205
S020;709;gamma->beta;1;0.8998357963875205
S020;713;gamma->beta;1;0.8998357963875205
S020;749;gamma->beta;1;0.918937100571813
S020;781;gamma->beta;1;0.918937100571813
S020;786;gamma->beta;1;0.8774476704929102
S020;788;gamma->beta;1;0.8774476704929102
S020;823;gamma->beta;1;0.918937100571813
S020;830;gamma->beta;1;0.918937100571813
S020;844;gamma->beta;1;0.918937100571813
S020;850;gamma->beta;1;0.918937100571813
S020;852;gamma->beta;1;0.918937100571813
S020;858;gamma->beta;1;0.918937100571813
S020;883;gamma->beta;1;0.918937100571813
S020;885;gamma->beta;1;0.918937100571813
S020;908;gamma->beta;1;0.918937100571813
S020;912;gamma->beta;1;0.918937100571813
S020;1012;gamma->beta;1;0.8998357963875205
S021;58;gamma->beta;1;0.918937100571813
S021;76;gamma->beta;1;0.9359016937894388
S021;86;gamma->beta;1;0.9359016937894388
S021;155;gamma->beta;0;0.918937100571813
S021;158;gamma->beta;0;0.918937100571813
S021;298;gamma->beta;1;0.8774476704929102
S021;302;gamma->beta;1;0.8448500651890483
S021;332;gamma->beta;1;0.918937100571813
S021;435;gamma->beta;1;0.918937100571813
S021;438;gamma->beta;1;0.918937100571813
S021;441;gamma->beta;1;0.918937100571813
S021;451;gamma->beta;1;0.8774476704929102
S021;471;gamma->beta;1;0.918937100571813
S021;574;gamma->beta;1;0.8459254371494557
S021;665;gamma->beta;1;0.8774476704929102
S021;693;gamma->beta;1;0.8774476704929102
S021;698;gamma->beta;1;0.8774476704929102
S021;743;gamma->beta;1;0.8448500651890483
S021;752;gamma->beta;1;0.918937100571813
S021;758;gamma->beta;1;0.918937100571813
S021;959;gamma->beta;0;0.8448500651890483
S021;976;gamma->beta;0;0.8448500651890483
S021;1105;gamma->beta;1;0.8448500651890483
S021;1108;gamma->beta;1;0.8448500651890483
S021;1111;gamma->beta;1;0.8774476704929102
S021;1214;gamma->beta;1;0.9359016937894388
S021;1230;gamma->beta;1;0.8998357963875205
S021;1245;gamma->beta;1;0.9359016937894388
S021;1248;gamma->beta;1;0.8998357963875205
S022;64;gamma->beta;1;0.918937100571813
S022;75;gamma->beta;1;0.918937100571813
S022;86;gamma->beta;1;0.918937100571813
S022;89;gamma->beta;1;0.918937100571813
S022;250;gamma->beta;0;0.8998357963875205
S022;257;gamma->beta;0;0.8998357963875205
S022;386;gamma->beta;1;0.8459254371494557
S022;388;gamma->beta;1;0.8998357963875205
S022;431;gamma->beta;1;0.9359016937894388
S022;449;gamma->beta;1;0.9359016937894388
S022;459;gamma->beta;1;0.9359016937894388
S022;510;gamma->beta;1;0.8774476704929102
S022;548;gamma->beta;1;0.8774476704929102
S022;550;gamma->beta;1;0.918937100571813
S022;560;gamma->beta;1;0.8774476704929102
S022;587;gamma->beta;1;0.918937100571813
S022;604;gamma->beta;1;0.8774476704929102
S022;610;gamma->beta;1;0.918937100571813
S022;617;gamma->beta;1;0.8774476704929102
S022;637;gamma->beta;1;0.918937100571813
S022;740;gamma->beta;0;0.8998357963875205
S022;844;gamma->beta;1;0.8459254371494557
S022;855;gamma->beta;1;0.8998357963875205
S022;864;gamma->beta;1;0.8459254371494557
S022;876;gamma->beta;1;0.8998357963875205
S022;889;gamma->beta;1;0.8998357963875205
S022;934;gamma->beta;1;0.9359016937894388
S022;1047;gamma->beta;1;0.8448500651890483
S022;1068;gamma->beta;1;0.8448500651890483
S022;1092;gamma->beta;1;0.8774476704929102
S022;1193;gamma->beta;1;0.8774476704929102
S022;1221;gamma->beta;1;0.8448500651890483
S022;1224;gamma->beta;1;0.8774476704929102
S022;1255;gamma->beta;1;0.918937100571813
S023;76;gamma->beta;1;0.8998357963875205
S023;80;gamma->beta;1;0.8998357963875205
S023;89;gamma->beta;1;0.8998357963875205
S023;266;gamma->beta;1;0.918937100571813
S023;270;gamma->beta;1;0.918937100571813
S023;287;gamma->beta;1;0.918937100571813
S023;290;gamma->beta;1;0.8774476704929102
S023;298;gamma->beta;1;0.918937100571813
S023;307;gamma->beta;1;0.8774476704929102
S023;339;gamma->beta;1;0.918937100571813
S023;397;gamma->beta;1;0.918937100571813
S023;509;gamma->beta;1;0.918937100571813
S023;518;gamma->beta;1;0.918937100571813
S023;582;gamma->beta;1;0.9359016937894388
S023;584;gamma->beta;1;0.9359016937894388
S023;591;gamma->beta;1;0.9359016937894388
S023;595;gamma->beta;1;0.9359016937894388
S023;624;gamma->beta;1;0.8998357963875205
S023;646;gamma->beta;1;0.9359016937894388
S023;678;gamma->beta;1;0.918937100571813
S023;682;gamma->beta;1;0.918937100571813
S023;833;gamma->beta;1;0.8459254371494557
S023;857;gamma->beta;1;0.8459254371494557
S023;860;gamma->beta;1;0.8459254371494557
S023;877;gamma->beta;1;0.8459254371494557
S023;879;gamma->beta;1;0.8998357963875205
S023;882;gamma->beta;1;0.9359016937894388
S023;1047;gamma->beta;1;0.8774476704929102
S023;1138;gamma->beta;1;0.8998357963875205
S023;1216;gamma->beta;1;0.8774476704929102
S023;1218;gamma->beta;1;0.8774476704929102
S024;22;gamma->beta;1;0.8774476704929102
S024;28;gamma->beta;1;0.918937100571813
S024;47;gamma->beta;1;0.8774476704929102
S024;49;gamma->beta;1;0.918937100571813
S024;208;gamma->beta;1;0.8774476704929102
S024;212;gamma->beta;1;0.8774476704929102
S024;282;gamma->beta;1;0.9359016937894388
S024;299;gamma->beta;1;0.9359016937894388
S024;373;gamma->beta;1;0.8774476704929102
S024;384;gamma->beta;1;0.8774476704929102
S024;414;gamma->beta;1;0.8774476704929102
S024;422;gamma->beta;1;0.8774476704929102
S024;429;gamma->beta;1;0.8774476704929102
S024;474;gamma->beta;1;0.918937100571813
S024;493;gamma->beta;1;0.8774476704929102
S024;571;gamma->beta;1;0.8998357963875205
S024;573;gamma->beta;1;0.8998357963875205
S024;585;gamma->beta;1;0.9359016937894388
S024;589;gamma->beta;1;0.8998357963875205
S024;596;gamma->beta;1;0.8459254371494557
S024;625;gamma->beta;1;0.8998357963875205
S024;637;gamma->beta;1;0.8998357963875205
S024;643;gamma->beta;1;0.9359016937894388
S024;696;gamma->beta;1;0.8774476704929102
S024;699;gamma->beta;1;0.8774476704929102
S024;701;gamma->beta;1;0.918937100571813
S024;734;gamma->beta;0;0.918937100571813
S024;858;gamma->beta;1;0.8448500651890483
S024;865;gamma->beta;1;0.8448500651890483
S024;896;gamma->beta;1;0.8774476704929102
S024;963;gamma->beta;1;0.8998357963875205
S024;1090;gamma->beta;0;0.8448500651890483
S024;1093;gamma->beta;0;0.8448500651890483
S024;1096;gamma->beta;0;0.8448500651890483
S024;1098;gamma->beta;0;0.8774476704929102
S024;1142;gamma->beta;0;0.8774476704929102
S024;1144;gamma->beta;0;0.8774476704929102
S024;1161;gamma->beta;1;0.8774476704929102
S024;1193;gamma->beta;1;0.918937100571813
S024;1320;gamma->beta;1;0.918937100571813
S025;39;gamma->beta;1;0.8998357963875205
S025;107;gamma->beta;1;0.8998357963875205
S025;249;gamma->beta;1;0.9359016937894388
S025;254;gamma->beta;1;0.9359016937894388
S025;256;gamma->beta;1;0.9359016937894388
S025;261;gamma->beta;1;0.9359016937894388
S025;332;gamma->beta;1;0.918937100571813
S025;339;gamma->beta;1;0.8774476704929102
S025;347;gamma->beta;1;0.8774476704929102
S025;440;gamma->beta;1;0.8459254371494557
S025;448;gamma->beta;1;0.8459254371494557
S025;454;gamma->beta;1;0.8459254371494557
S025;465;gamma->beta;1;0.8998357963875205
S025;485;gamma->beta;1;0.8459254371494557
S025;487;gamma->beta;1;0.8998357963875205
S025;527;gamma->beta;1;0.918937100571813
S025;533;gamma->beta;1;0.8774476704929102
S025;540;gamma->beta;1;0.8774476704929102
S025;545;gamma->beta;1;0.918937100571813
S025;588;gamma->beta;1;0.918937100571813
S025;629;gamma->beta;1;0.8998357963875205
S025;646;gamma->beta;1;0.8998357963875205
S025;708;gamma->beta;1;0.918937100571813
S025;710;gamma->beta;1;0.8774476704929102
S025;712;gamma->beta;1;0.8774476704929102
S025;720;gamma->beta;1;0.918937100571813
S025;817;gamma->beta;1;0.918937100571813
S025;1019;gamma->beta;1;0.8459254371494557
S025;1031;gamma->beta;1;0.8459254371494557
S025;1138;gamma->beta;1;0.8774476704929102
S026;13;gamma->beta;1;0.918937100571813
S026;98;gamma->beta;1;0.8998357963875205
S026;101;gamma->beta;1;0.8998357963875205
S026;106;gamma->beta;1;0.8998357963875205
S026;110;gamma->beta;1;0.8998357963875205
S026;262;gamma->beta;1;0.8459254371494557
S026;272;gamma->beta;1;0.8459254371494557
S026;275;gamma->beta;1;0.8459254371494557
S026;279;gamma->beta;1;0.8459254371494557
S026;444;gamma->beta;1;0.8774476704929102
S026;450;gamma->beta;1;0.8774476704929102
S026;545;gamma->beta;1;0.8998357963875205
S026;549;gamma->beta;1;0.8998357963875205
S026;554;gamma->beta;1;0.8459254371494557
S026;559;gamma->beta;1;0.8459254371494557
S026;590;gamma->beta;1;0.8998357963875205
S026;593;gamma->beta;1;0.8998357963875205
S026;600;gamma->beta;1;0.9359016937894388
S026;607;gamma->beta;1;0.9359016937894388
S026;681;gamma->beta;1;0.8998357963875205
S026;683;gamma->beta;1;0.8998357963875205
S026;685;gamma->beta;1;0.9359016937894388
S026;814;gamma->beta;1;0.8448500651890483
S026;819;gamma->beta;1;0.8774476704929102
S026;874;gamma->beta;1;0.918937100571813
S026;877;gamma->beta;1;0.8774476704929102
S026;906;gamma->beta;1;0.918937100571813
S026;979;gamma->beta;1;0.8998357963875205
S026;1058;gamma->beta;1;0.918937100571813
S026;1090;gamma->beta;1;0.918937100571813
S026;1095;gamma->beta;1;0.8774476704929102
S026;1159;gamma->beta;1;0.918937100571813
S026;1246;gamma->beta;1;0.9359016937894388
S026;1254;gamma->beta;1;0.9359016937894388
S026;1324;gamma->beta;1;0.9359016937894388
S027;1;gamma->beta;1;0.918937100571813
S027;118;gamma->beta;0;0.8998357963875205
S027;124;gamma->beta;0;0.8459254371494557
S027;130;gamma->beta;0;0.8459254371494557
S027;132;gamma->beta;0;0.8459254371494557
S027;443;gamma->beta;1;0.8459254371494557
S027;463;gamma->beta;1;0.8459254371494557
S027;560;gamma->beta;1;0.8774476704929102
S027;586;gamma->beta;1;0.8448500651890483
S027;610;gamma->beta;1;0.8774476704929102
S027;741;gamma->beta;1;0.8774476704929102
S027;768;gamma->beta;1;0.918937100571813
S027;780;gamma->beta;1;0.8448500651890483
S027;785;gamma->beta;1;0.918937100571813
S027;843;gamma->beta;1;0.918937100571813
S027;996;gamma->beta;1;0.8998357963875205
S027;1089;gamma->beta;1;0.8774476704929102
S027;1220;gamma->beta;1;0.8998357963875205
S027;1234;gamma->beta;1;0.8998357963875205
S027;1237;gamma->beta;1;0.8998357963875205
S028;236;gamma->beta;1;0.8459254371494557
S028;239;gamma->beta;1;0.8459254371494557
S028;331;gamma->beta;1;0.8448500651890483
S028;335;gamma->beta;1;0.8774476704929102
S028;500;gamma->beta;1;0.8448500651890483
S028;525;gamma->beta;1;0.8774476704929102
S028;532;gamma->beta;1;0.8774476704929102
S028;603;gamma->beta;1;0.9359016937894388
S028;616;gamma->beta;1;0.9359016937894388
S028;619;gamma->beta;1;0.8998357963875205
S028;635;gamma->beta;1;0.9359016937894388
S028;653;gamma->beta;1;0.9359016937894388
S028;687;gamma->beta;1;0.918937100571813
S028;766;gamma->beta;1;0.9359016937894388
S028;971;gamma->beta;1;0.8998357963875205
S028;974;gamma->beta;1;0.9359016937894388
S028;1216;gamma->beta;1;0.8774476704929102
S028;1237;gamma->beta;0;0.918937100571813
S028;1239;gamma->beta;0;0.8774476704929102
S029;50;gamma->beta;1;0.9359016937894388
S029;90;gamma->beta;1;0.8998357963875205
S029;95;gamma->beta;1;0.8998357963875205
S029;166;gamma->beta;1;0.918937100571813
S029;171;gamma->beta;1;0.918937100571813
S029;250;gamma->beta;1;0.9359016937894388
S029;259;gamma->beta;1;0.8998357963875205
S029;271;gamma->beta;1;0.8459254371494557
S029;277;gamma->beta;1;0.8459254371494557
S029;351;gamma->beta;1;0.918937100571813
S029;543;gamma->beta;1;0.8774476704929102
S029;585;gamma->beta;1;0.8774476704929102
S029;588;gamma->beta;1;0.8774476704929102
S029;593;gamma->beta;1;0.8774476704929102
S029;869;gamma->beta;1;0.8774476704929102
S029;873;gamma->beta;1;0.8448500651890483
S029;941;gamma->beta;1;0.918937100571813
S029;1005;gamma->beta;1;0.918937100571813
S029;1007;gamma->beta;1;0.918937100571813
S029;1015;gamma->beta;1;0.918937100571813
S029;1110;gamma->beta;1;0.918937100571813
S029;1116;gamma->beta;1;0.918937100571813
S029;1121;gamma->beta;1;0.8774476704929102
S029;1156;gamma->beta;1;0.8774476704929102
S029;1252;gamma->beta;1;0.8998357963875205
S030;2;gamma->beta;1;0.918937100571813
S030;36;gamma->beta;1;0.918937100571813
S030;101;gamma->beta;1;0.8774476704929102
S030;270;gamma->beta;1;0.8448500651890483
S030;305;gamma->beta;1;0.8774476704929102
S030;309;gamma->beta;1;0.8774476704929102
S030;347;gamma->beta;1;0.918937100571813
S030;370;gamma->beta;1;0.8774476704929102
S030;653;gamma->beta;1;0.8998357963875205
S030;686;gamma->beta;1;0.8459254371494557
S030;689;gamma->beta;1;0.8998357963875205
S030;695;gamma->beta;1;0.9359016937894388
S030;744;gamma->beta;1;0.918937100571813
S030;755;gamma->beta;1;0.918937100571813
S030;817;gamma->beta;1;0.918937100571813
S030;990;gamma->beta;1;0.8998357963875205
S030;993;gamma->beta;1;0.8998357963875205
S031;27;gamma->beta;0;0.9359016937894388
S031;83;gamma->beta;1;0.8998357963875205
S031;85;gamma->beta;1;0.8998357963875205
S031;93;gamma->beta;1;0.8998357963875205
S031;102;gamma->beta;1;0.8459254371494557
S031;110;gamma->beta;1;0.8459254371494557
S031;137;gamma->beta;1;0.9359016937894388
S031;141;gamma->beta;1;0.9359016937894388
S031;275;gamma->beta;1;0.8448500651890483
S031;286;gamma->beta;1;0.8448500651890483
S031;294;gamma->beta;1;0.8448500651890483
S031;299;gamma->beta;1;0.8774476704929102
S031;301;gamma->beta;1;0.8774476704929102
S031;303;gamma->beta;1;0.8774476704929102
S031;462;gamma->beta;1;0.8998357963875205
S031;467;gamma->beta;1;0.8459254371494557
S031;535;gamma->beta;1;0.918937100571813
S031;555;gamma->beta;1;0.8774476704929102
S031;557;gamma->beta;1;0.8774476704929102
S031;561;gamma->beta;1;0.918937100571813
S031;575;gamma->beta;1;0.8774476704929102
S031;582;gamma->beta;1;0.8448500651890483
S031;607;gamma->beta;1;0.918937100571813
S031;609;gamma->beta;1;0.918937100571813
S031;689;gamma->beta;1;0.8998357963875205
S031;693;gamma->beta;1;0.9359016937894388
S031;699;gamma->beta;1;0.9359016937894388
S031;821;gamma->beta;0;0.8774476704929102
S031;824;gamma->beta;0;0.8448500651890483
S031;914;gamma->beta;1;0.8774476704929102
S031;926;gamma->beta;1;0.8774476704929102
S031;928;gamma->beta;1;0.8774476704929102
S031;939;gamma->beta;1;0.8448500651890483
S031;941;gamma->beta;1;0.8774476704929102
S031;1021;gamma->beta;1;0.8998357963875205
S031;1111;gamma->beta;1;0.8774476704929102
S031;1121;gamma->beta;1;0.918937100571813
S031;1127;gamma->beta;1;0.8448500651890483
S031;1130;gamma->beta;1;0.8448500651890483
S031;1216;gamma->beta;1;0.8998357963875205
S031;1321;gamma->beta;1;0.9359016937894388
S032;191;gamma->beta;1;0.8448500651890483
S032;264;gamma->beta;1;0.9359016937894388
S032;354;gamma->beta;1;0.8774476704929102
S032;465;gamma->beta;1;0.8459254371494557
S032;471;gamma->beta;1;0.8998357963875205
S032;473;gamma->beta;1;0.8459254371494557
S032;475;gamma->beta;1;0.8459254371494557
S032;489;gamma->beta;1;0.8998357963875205
S032;502;gamma->beta;1;0.8998357963875205
S032;505;gamma->beta;1;0.8998357963875205
S032;508;gamma->beta;1;0.8998357963875205
S032;667;gamma->beta;1;0.8448500651890483
S032;675;gamma->beta;1;0.8774476704929102
S032;715;gamma->beta;1;0.8774476704929102
S032;722;gamma->beta;1;0.8774476704929102
S032;755;gamma->beta;1;0.8998357963875205
S032;757;gamma->beta;1;0.9359016937894388
S032;811;gamma->beta;1;0.9359016937894388
S032;815;gamma->beta;1;0.9359016937894388
S032;849;gamma->beta;1;0.9359016937894388
S032;852;gamma->beta;1;0.9359016937894388
S032;908;gamma->beta;1;0.8774476704929102
S032;1006;gamma->beta;1;0.8998357963875205
S032;1008;gamma->beta;1;0.8998357963875205
S032;1171;gamma->beta;1;0.8448500651890483
S032;1173;gamma->beta;1;0.8774476704929102
S032;1184;gamma->beta;1;0.8774476704929102
S032;1216;gamma->beta;1;0.8774476704929102
S032;1323;gamma->beta;1;0.9359016937894388
S033;1;gamma->beta;1;0.8448500651890483
S033;10;gamma->beta;1;0.8774476704929102
S033;49;gamma->beta;1;0.9359016937894388
S033;56;gamma->beta;1;0.9359016937894388
S033;59;gamma->beta;1;0.8998357963875205
S033;193;gamma->beta;1;0.8998357963875205
S033;217;gamma->beta;1;0.8998357963875205
S033;273;gamma->beta;1;0.8774476704929102
S033;280;gamma->beta;1;0.8774476704929102
S033;290;gamma->beta;1;0.8774476704929102
S033;478;gamma->beta;1;0.8459254371494557
S033;482;gamma->beta;1;0.8459254371494557
S033;485;gamma->beta;1;0.8459254371494557
S033;487;gamma->beta;1;0.8459254371494557
S033;678;gamma->beta;1;0.918937100571813
S033;725;gamma->beta;0;0.8774476704929102
S033;727;gamma->beta;0;0.8774476704929102
S033;905;gamma->beta;1;0.8774476704929102
S033;909;gamma->beta;1;0.918937100571813
S033;915;gamma->beta;1;0.8448500651890483
S033;922;gamma->beta;1;0.8774476704929102
S033;1173;gamma->beta;1;0.9359016937894388
S033;1256;gamma->beta;1;0.8774476704929102
S033;1320;gamma->beta;1;0.918937100571813
S034;1;gamma->beta;1;0.8998357963875205
S034;84;gamma->beta;1;0.8774476704929102
S034;147;gamma->beta;1;0.918937100571813
S034;150;gamma->beta;1;0.9359016937894388
S034;331;gamma->beta;1;0.8774476704929102
S034;411;gamma->beta;1;0.8774476704929102
S034;420;gamma->beta;1;0.918937100571813
S034;475;gamma->beta;1;0.9359016937894388
S034;599;gamma->beta;0;0.8459254371494557
S034;604;gamma->beta;0;0.8459254371494557
S034;706;gamma->beta;1;0.8459254371494557
S034;709;gamma->beta;1;0.8459254371494557
S034;717;gamma->beta;1;0.8459254371494557
S034;731;gamma->beta;1;0.9359016937894388
S034;749;gamma->beta;1;0.9359016937894388
S034;763;gamma->beta;1;0.9359016937894388
S034;788;gamma->beta;1;0.8774476704929102
S034;794;gamma->beta;1;0.918937100571813
S034;808;gamma->beta;1;0.918937100571813
S034;906;gamma->beta;1;0.8998357963875205
S034;935;gamma->beta;1;0.8459254371494557
S034;937;gamma->beta;1;0.8459254371494557
S034;1024;gamma->beta;1;0.8998357963875205
S034;1028;gamma->beta;1;0.8998357963875205
S034;1113;gamma->beta;1;0.8448500651890483
S034;1116;gamma->beta;1;0.8774476704929102
S034;1120;gamma->beta;1;0.8448500651890483
S034;1146;gamma->beta;1;0.8774476704929102
S034;1148;gamma->beta;1;0.8448500651890483
S034;1152;gamma->beta;1;0.8774476704929102
S034;1231;gamma->beta;1;0.9359016937894388
S035;254;gamma->beta;1;0.8448500651890483
S035;259;gamma->beta;1;0.8448500651890483
S035;261;gamma->beta;1;0.8448500651890483
S035;263;gamma->beta;1;0.8448500651890483
S035;291;gamma->beta;1;0.8774476704929102
S035;338;gamma->beta;1;0.9359016937894388
S035;340;gamma->beta;1;0.9359016937894388
S035;393;gamma->beta;1;0.9359016937894388
S035;407;gamma->beta;1;0.9359016937894388
S035;607;gamma->beta;1;0.8448500651890483
S035;609;gamma->beta;1;0.8774476704929102
S035;636;gamma->beta;1;0.8774476704929102
S035;645;gamma->beta;1;0.918937100571813
S035;654;gamma->beta;1;0.8448500651890483
S035;656;gamma->beta;1;0.8774476704929102
S035;658;gamma->beta;1;0.8448500651890483
S035;664;gamma->beta;1;0.918937100571813
S035;666;gamma->beta;1;0.8448500651890483
S035;862;gamma->beta;1;0.8448500651890483
S035;865;gamma->beta;1;0.8774476704929102
S035;933;gamma->beta;1;0.9359016937894388
S035;966;gamma->beta;1;0.8459254371494557
S035;1001;gamma->beta;1;0.8998357963875205
S035;1014;gamma->beta;1;0.9359016937894388
S035;1023;gamma->beta;1;0.9359016937894388
S035;1115;gamma->beta;1;0.9359016937894388
S035;1125;gamma->beta;1;0.8998357963875205
S035;1137;gamma->beta;1;0.8998357963875205
S035;1141;gamma->beta;1;0.9359016937894388
S036;20;gamma->beta;1;0.9359016937894388
S036;120;gamma->beta;1;0.8774476704929102
S036;138;gamma->beta;1;0.8774476704929102
S036;145;gamma->beta;1;0.8448500651890483
S036;147;gamma->beta;1;0.918937100571813
S036;153;gamma->beta;1;0.8448500651890483
S036;158;gamma->beta;1;0.8448500651890483
S036;225;gamma->beta;1;0.8998357963875205
S036;298;gamma->beta;1;0.8998357963875205
S036;395;gamma->beta;1;0.918937100571813
S036;414;gamma->beta;1;0.8774476704929102
S036;493;gamma->beta;1;0.918937100571813
S036;519;gamma->beta;1;0.8448500651890483
S036;522;gamma->beta;1;0.8448500651890483
S036;529;gamma->beta;1;0.8774476704929102
S036;534;gamma->beta;1;0.8448500651890483
S036;546;gamma->beta;1;0.8448500651890483
S036;549;gamma->beta;1;0.8774476704929102
S036;595;gamma->beta;1;0.918937100571813
S036;612;gamma->beta;1;0.8774476704929102
S036;700;gamma->beta;1;0.918937100571813
S036;741;gamma->beta;0;0.918937100571813
S036;876;gamma->beta;1;0.8448500651890483
S036;881;gamma->beta;1;0.8774476704929102
S036;889;gamma->beta;1;0.8774476704929102
S036;907;gamma->beta;1;0.8448500651890483
S036;935;gamma->beta;1;0.918937100571813
S036;967;gamma->beta;1;0.8998357963875205
S036;969;gamma->beta;1;0.8998357963875205
S036;975;gamma->beta;1;0.8998357963875205
S036;979;gamma->beta;1;0.8998357963875205
S036;982;gamma->beta;1;0.8998357963875205
S036;1013;gamma->beta;1;0.9359016937894388
S036;1321;gamma->beta;1;0.8459254371494557
S037;46;gamma->beta;1;0.8998357963875205
S037;52;gamma->beta;1;0.9359016937894388
S037;97;gamma->beta;1;0.9359016937894388
S037;185;gamma->beta;1;0.9359016937894388
S037;206;gamma->beta;1;0.8459254371494557
S037;262;gamma->beta;1;0.918937100571813
S037;340;gamma->beta;1;0.9359016937894388
S037;353;gamma->beta;1;0.9359016937894388
S037;378;gamma->beta;1;0.8459254371494557
S037;386;gamma->beta;1;0.8998357963875205
S037;502;gamma->beta;1;0.9359016937894388
S037;632;gamma->beta;1;0.8448500651890483
S037;637;gamma->beta;1;0.8448500651890483
S037;644;gamma->beta;1;0.918937100571813
S037;782;gamma->beta;1;0.8998357963875205
S037;874;gamma->beta;1;0.9359016937894388
S037;887;gamma->beta;1;0.9359016937894388
S037;900;gamma->beta;1;0.8998357963875205
S037;902;gamma->beta;1;0.8998357963875205
S037;910;gamma->beta;1;0.8459254371494557
S037;915;gamma->beta;1;0.8998357963875205
S037;1071;gamma->beta;1;0.8998357963875205
S038;289;gamma->beta;0;0.8459254371494557
S038;292;gamma->beta;0;0.8459254371494557
S038;442;gamma->beta;1;0.8459254371494557
S038;481;gamma->beta;1;0.8998357963875205
S038;486;gamma->beta;1;0.8998357963875205
S038;490;gamma->beta;1;0.8998357963875205
S038;547;gamma->beta;1;0.8774476704929102
S038;773;gamma->beta;1;0.8459254371494557
S038;791;gamma->beta;1;0.8459254371494557
S038;817;gamma->beta;1;0.8998357963875205
S038;825;gamma->beta;1;0.8998357963875205
S038;951;gamma->beta;1;0.8459254371494557
S038;1031;gamma->beta;1;0.918937100571813
S038;1047;gamma->beta;1;0.8774476704929102
S038;1156;gamma->beta;1;0.8459254371494557
S038;1320;gamma->beta;1;0.8448500651890483
S039;80;gamma->beta;1;0.8998357963875205
S039;87;gamma->beta;1;0.8459254371494557
S039;300;gamma->beta;1;0.8448500651890483
S039;335;gamma->beta;1;0.8774476704929102
S039;338;gamma->beta;1;0.8774476704929102
S039;427;gamma->beta;1;0.918937100571813
S039;584;gamma->beta;1;0.8998357963875205
S039;591;gamma->beta;1;0.8459254371494557
S039;816;gamma->beta;1;0.8774476704929102
S039;911;gamma->beta;1;0.8998357963875205
S039;1019;gamma->beta;1;0.8448500651890483
S039;1023;gamma->beta;1;0.8448500651890483
S039;1115;gamma->beta;1;0.8459254371494557
S039;1118;gamma->beta;1;0.8459254371494557
S039;1132;gamma->beta;1;0.8459254371494557
S039;1162;gamma->beta;1;0.8998357963875205
S039;1221;gamma->beta;1;0.918937100571813
S040;13;gamma->beta;1;0.9359016937894388
S040;94;gamma->beta;1;0.918937100571813
S040;164;gamma->beta;0;0.8998357963875205
S040;169;gamma->beta;0;0.8998357963875205
S040;177;gamma->beta;0;0.8998357963875205
S040;196;gamma->beta;0;0.8459254371494557
S040;203;gamma->beta;0;0.8459254371494557
S040;307;gamma->beta;0;0.8998357963875205
S040;446;gamma->beta;0;0.8459254371494557
S040;456;gamma->beta;0;0.8459254371494557
S040;477;gamma->beta;0;0.8459254371494557
S040;614;gamma->beta;0;0.8459254371494557
S040;618;gamma->beta;1;0.8459254371494557
S040;724;gamma->beta;1;0.8998357963875205
S040;836;gamma->beta;1;0.8998357963875205
S040;907;gamma->beta;1;0.918937100571813
S040;912;gamma->beta;1;0.918937100571813
S040;1048;gamma->beta;1;0.8774476704929102
S040;1070;gamma->beta;1;0.8774476704929102
S040;1096;gamma->beta;1;0.8774476704929102
S040;1112;gamma->beta;1;0.8774476704929102
S040;1125;gamma->beta;1;0.918937100571813
S041;15;gamma->beta;1;0.9359016937894388
S041;138;gamma->beta;1;0.8448500651890483
S041;141;gamma->beta;1;0.8774476704929102
S041;168;gamma->beta;1;0.8448500651890483
S041;196;gamma->beta;1;0.8774476704929102
S041;199;gamma->beta;1;0.918937100571813
S041;242;gamma->beta;0;0.8998357963875205
S041;489;gamma->beta;1;0.8998357963875205
S041;497;gamma->beta;1;0.8459254371494557
S041;500;gamma->beta;1;0.8998357963875205
S041;510;gamma->beta;1;0.8459254371494557
S041;698;gamma->beta;1;0.8774476704929102
S041;775;gamma->beta;1;0.8774476704929102
S041;805;gamma->beta;1;0.918937100571813
S041;991;gamma->beta;0;0.8998357963875205
S041;1001;gamma->beta;0;0.8998357963875205
S041;1008;gamma->beta;0;0.8998357963875205
S041;1023;gamma->beta;0;0.8998357963875205
S041;1065;gamma->beta;0;0.8998357963875205
S041;1075;gamma->beta;0;0.8998357963875205
S042;157;gamma->beta;1;0.8998357963875205
S042;241;gamma->beta;1;0.918937100571813
S042;271;gamma->beta;1;0.8448500651890483
S042;483;gamma->beta;1;0.8448500651890483
S042;485;gamma->beta;1;0.8774476704929102
S042;502;gamma->beta;1;0.8448500651890483
S042;619;gamma->beta;0;0.8459254371494557
S042;796;gamma->beta;1;0.8998357963875205
S042;813;gamma->beta;1;0.9359016937894388
S042;828;gamma->beta;1;0.8998357963875205
S042;830;gamma->beta;1;0.9359016937894388
S042;1001;gamma->beta;0;0.918937100571813
S042;1007;gamma->beta;0;0.8774476704929102
S042;1014;gamma->beta;0;0.8774476704929102
S042;1037;gamma->beta;0;0.918937100571813
S042;1049;gamma->beta;0;0.8774476704929102
S042;1164;gamma->beta;1;0.8448500651890483
S042;1186;gamma->beta;1;0.8448500651890483
S042;1188;gamma->beta;1;0.8774476704929102
S042;1194;gamma->beta;1;0.918937100571813
S042;1241;gamma->beta;1;0.9359016937894388
S043;219;gamma->beta;1;0.8459254371494557
S043;304;gamma->beta;1;0.8774476704929102
S043;398;gamma->beta;1;0.8774476704929102
S043;515;gamma->beta;1;0.8459254371494557
S043;523;gamma->beta;1;0.8459254371494557
S043;525;gamma->beta;1;0.8459254371494557
S043;639;gamma->beta;1;0.8998357963875205
S043;647;gamma->beta;1;0.8998357963875205
S043;714;gamma->beta;1;0.918937100571813
S043;718;gamma->beta;1;0.918937100571813
S043;747;gamma->beta;1;0.918937100571813
S043;804;gamma->beta;1;0.9359016937894388
S043;811;gamma->beta;1;0.9359016937894388
S043;871;gamma->beta;1;0.8998357963875205
S043;973;gamma->beta;1;0.918937100571813
S043;1096;gamma->beta;1;0.8448500651890483
S043;1188;gamma->beta;1;0.8998357963875205
S043;1192;gamma->beta;1;0.8998357963875205
S043;1197;gamma->beta;1;0.8998357963875205
S043;1200;gamma->beta;1;0.8998357963875205
S043;1203;gamma->beta;1;0.8998357963875205
S044;80;gamma->beta;1;0.8998357963875205
S044;96;gamma->beta;1;0.8459254371494557
S044;208;gamma->beta;1;0.8448500651890483
S044;336;gamma->beta;0;0.8448500651890483
S044;338;gamma->beta;0;0.8448500651890483
S044;462;gamma->beta;1;0.8448500651890483
S044;464;gamma->beta;1;0.8448500651890483
S044;514;gamma->beta;1;0.918937100571813
S044;520;gamma->beta;1;0.918937100571813
S044;693;gamma->beta;1;0.8998357963875205
S044;700;gamma->beta;1;0.8998357963875205
S044;730;gamma->beta;1;0.8459254371494557
S044;732;gamma->beta;1;0.8459254371494557
S044;756;gamma->beta;1;0.8998357963875205
S044;884;gamma->beta;1;0.8774476704929102
S044;1005;gamma->beta;1;0.8774476704929102
S044;1014;gamma->beta;1;0.8774476704929102
S044;1227;gamma->beta;1;0.8774476704929102
S044;1257;gamma->beta;1;0.8774476704929102
S045;5;gamma->beta;1;0.8998357963875205
S045;164;gamma->beta;1;0.8448500651890483
S045;184;gamma->beta;1;0.8448500651890483
S045;285;gamma->beta;1;0.8459254371494557
S045;294;gamma->beta;1;0.8459254371494557
S045;296;gamma->beta;1;0.8459254371494557
S045;300;gamma->beta;1;0.8459254371494557
S045;304;gamma->beta;1;0.8459254371494557
S045;627;gamma->beta;1;0.8998357963875205
S045;646;gamma->beta;1;0.8998357963875205
S045;648;gamma->beta;1;0.8998357963875205
S045;653;gamma->beta;1;0.9359016937894388
S045;874;gamma->beta;1;0.8998357963875205
S045;877;gamma->beta;1;0.8998357963875205
S045;880;gamma->beta;1;0.8998357963875205
S045;904;gamma->beta;1;0.8459254371494557
S045;909;gamma->beta;1;0.8998357963875205
S045;919;gamma->beta;1;0.8998357963875205
S045;931;gamma->beta;1;0.9359016937894388
S045;938;gamma->beta;1;0.9359016937894388
S045;942;gamma->beta;1;0.9359016937894388
S045;1118;gamma->beta;1;0.8774476704929102
S046;109;gamma->beta;1;0.8998357963875205
S046;115;gamma->beta;1;0.8459254371494557
S046;211;gamma->beta;1;0.8448500651890483
S046;217;gamma->beta;1;0.8448500651890483
S046;264;gamma->beta;1;0.918937100571813
S046;280;gamma->beta;1;0.918937100571813
S046;345;gamma->beta;1;0.9359016937894388
S046;353;gamma->beta;1;0.9359016937894388
S046;371;gamma->beta;1;0.918937100571813
S046;402;gamma->beta;1;0.918937100571813
S046;433;gamma->beta;1;0.8998357963875205
S046;441;gamma->beta;1;0.8998357963875205
S046;445;gamma->beta;1;0.8998357963875205
S046;483;gamma->beta;1;0.8998357963875205
S046;497;gamma->beta;1;0.8998357963875205
S046;509;gamma->beta;1;0.8998357963875205
S046;615;gamma->beta;1;0.8774476704929102
S046;620;gamma->beta;1;0.8774476704929102
S046;624;gamma->beta;1;0.8448500651890483
S046;814;gamma->beta;1;0.8448500651890483
S046;816;gamma->beta;1;0.8448500651890483
S046;826;gamma->beta;1;0.8774476704929102
S046;1007;gamma->beta;1;0.8998357963875205
S046;1012;gamma->beta;1;0.8998357963875205
S046;1019;gamma->beta;1;0.8459254371494557
S046;1025;gamma->beta;1;0.9359016937894388
S046;1155;gamma->beta;1;0.8774476704929102
S046;1253;gamma->beta;1;0.8998357963875205
S046;1321;gamma->beta;1;0.8459254371494557
S047;76;gamma->beta;1;0.8459254371494557
S047;289;gamma->beta;1;0.8774476704929102
S047;292;gamma->beta;1;0.8774476704929102
S047;300;gamma->beta;1;0.8448500651890483
S047;308;gamma->beta;1;0.8774476704929102
S047;317;gamma->beta;1;0.8774476704929102
S047;344;gamma->beta;1;0.918937100571813
S047;454;gamma->beta;1;0.8998357963875205
S047;474;gamma->beta;1;0.8459254371494557
S047;520;gamma->beta;1;0.9359016937894388
S047;574;gamma->beta;1;0.8774476704929102
S047;577;gamma->beta;1;0.918937100571813
S047;590;gamma->beta;1;0.8774476704929102
S047;669;gamma->beta;1;0.9359016937894388
S047;720;gamma->beta;1;0.9359016937894388
S047;777;gamma->beta;1;0.918937100571813
S047;826;gamma->beta;1;0.9359016937894388
S047;980;gamma->beta;1;0.8448500651890483
S047;984;gamma->beta;1;0.8448500651890483
S047;998;gamma->beta;1;0.8448500651890483
S047;1000;gamma->beta;1;0.8448500651890483
S047;1011;gamma->beta;1;0.8774476704929102
S047;1018;gamma->beta;1;0.8448500651890483
S047;1041;gamma->beta;1;0.918937100571813
S047;1155;gamma->beta;0;0.8448500651890483
S047;1181;gamma->beta;0;0.8774476704929102
S048;56;gamma->beta;1;0.9359016937894388
S048;58;gamma->beta;1;0.9359016937894388
S048;176;gamma->beta;1;0.8998357963875205
S048;186;gamma->beta;1;0.8998357963875205
S048;189;gamma->beta;1;0.8459254371494557
S048;193;gamma->beta;1;0.8459254371494557
S048;234;gamma->beta;1;0.8998357963875205
S048;236;gamma->beta;1;0.8998357963875205
S048;377;gamma->beta;1;0.8774476704929102
S048;389;gamma->beta;1;0.8774476704929102
S048;396;gamma->beta;1;0.8774476704929102
S048;536;gamma->beta;1;0.8459254371494557
S048;545;gamma->beta;1;0.8459254371494557
S048;700;gamma->beta;1;0.8998357963875205
S048;734;gamma->beta;0;0.8459254371494557
S048;737;gamma->beta;0;0.8998357963875205
S048;1121;gamma->beta;1;0.918937100571813
S049;181;gamma->beta;1;0.8774476704929102
S049;202;gamma->beta;1;0.8774476704929102
S049;266;gamma->beta;1;0.9359016937894388
S049;364;gamma->beta;1;0.8774476704929102
S049;463;gamma->beta;1;0.8998357963875205
S049;468;gamma->beta;1;0.8998357963875205
S049;477;gamma->beta;1;0.8998357963875205
S049;507;gamma->beta;1;0.9359016937894388
S049;525;gamma->beta;1;0.918937100571813
S049;533;gamma->beta;1;0.918937100571813
S049;562;gamma->beta;1;0.9359016937894388
S049;609;gamma->beta;1;0.918937100571813
S049;624;gamma->beta;1;0.8774476704929102
S049;657;gamma->beta;1;0.8774476704929102
S049;770;gamma->beta;1;0.8774476704929102
S049;971;gamma->beta;1;0.8459254371494557
S049;1049;gamma->beta;1;0.8774476704929102
S049;1051;gamma->beta;1;0.918937100571813
S049;1208;gamma->beta;1;0.8998357963875205
S049;1213;gamma->beta;1;0.9359016937894388
S050;3;gamma->beta;1;0.8998357963875205
S050;74;gamma->beta;1;0.918937100571813
S050;209;gamma->beta;1;0.8998357963875205
S050;219;gamma->beta;1;0.9359016937894388
S050;302;gamma->beta;1;0.8998357963875205
S050;307;gamma->beta;1;0.9359016937894388
S050;337;gamma->beta;1;0.8998357963875205
S050;484;gamma->beta;0;0.8459254371494557
S050;588;gamma->beta;0;0.8459254371494557
S050;591;gamma->beta;0;0.8459254371494557
S050;598;gamma->beta;0;0.8998357963875205
S050;605;gamma->beta;0;0.8459254371494557
S050;607;gamma->beta;0;0.8459254371494557
S050;619;gamma->beta;0;0.8459254371494557
S050;621;gamma->beta;0;0.8998357963875205
S050;729;gamma->beta;1;0.8459254371494557
S050;817;gamma->beta;1;0.918937100571813
S050;835;gamma->beta;1;0.8774476704929102
S050;842;gamma->beta;1;0.918937100571813
S050;895;gamma->beta;0;0.9359016937894388
S050;1043;gamma->beta;1;0.8998357963875205
S050;1045;gamma->beta;1;0.8459254371494557
S050;1064;gamma->beta;1;0.8459254371494557
S050;1078;gamma->beta;1;0.8459254371494557
S050;1110;gamma->beta;1;0.9359016937894388
S050;1131;gamma->beta;1;0.8998357963875205
S050;1141;gamma->beta;1;0.9359016937894388
S001;60;beta->delta;0;0.5604085945755548
S001;63;beta->delta;0;0.6474184782608695
S001;65;beta->delta;0;0.6474184782608695
S001;69;beta->delta;0;0.6474184782608695
S001;75;beta->delta;0;0.6474184782608695
S001;244;beta->delta;1;0.7180094786729858
S001;257;beta->delta;1;0.7180094786729858
S001;259;beta->delta;1;0.7180094786729858
S001;305;beta->delta;1;0.6474184782608695
S001;316;beta->delta;1;0.6474184782608695
S001;333;beta->delta;1;0.7180094786729858
S001;335;beta->delta;1;0.7180094786729858
S001;459;beta->delta;1;0.875750088245676
S001;470;beta->delta;1;0.803041018387553
S001;654;beta->delta;1;0.6474184782608695
S001;658;beta->delta;1;0.6474184782608695
S001;667;beta->delta;1;0.6474184782608695
S001;680;beta->delta;1;0.7180094786729858
S001;704;beta->delta;1;0.7180094786729858
S001;901;beta->delta;1;0.7180094786729858
S001;909;beta->delta;1;0.6474184782608695
S001;916;beta->delta;1;0.6474184782608695
S001;926;beta->delta;1;0.6474184782608695
S001;949;beta->delta;1;0.5604085945755548
S001;959;beta->delta;1;0.6474184782608695
S002;52;beta->delta;1;0.6931179775280899
S002;106;beta->delta;1;0.875750088245676
S002;150;beta->delta;1;0.875750088245676
S002;172;beta->delta;1;0.875750088245676
S002;332;beta->delta;1;0.6474184782608695
S002;664;beta->delta;1;0.5604085945755548
S002;666;beta->delta;1;0.5604085945755548
S002;729;beta->delta;1;0.7180094786729858
S002;732;beta->delta;1;0.7180094786729858
S002;736;beta->delta;1;0.7180094786729858
S002;756;beta->delta;1;0.7180094786729858
S002;789;beta->delta;1;0.7851093860268172
S002;795;beta->delta;1;0.7851093860268172
S002;952;beta->delta;1;0.6109520400858983
S002;1049;beta->delta;1;0.803041018387553
S002;1118;beta->delta;1;0.8212110354711573
S002;1128;beta->delta;1;0.8212110354711573
S002;1155;beta->delta;1;0.8911347517730497
S002;1175;beta->delta;1;0.8911347517730497
S002;1178;beta->delta;1;0.8911347517730497
S002;1182;beta->delta;1;0.8911347517730497
S002;1184;beta->delta;1;0.8212110354711573
S002;1187;beta->delta;1;0.8911347517730497
S003;3;beta->delta;1;0.7339743589743589
S003;47;beta->delta;1;0.803041018387553
S003;51;beta->delta;1;0.803041018387553
S003;109;beta->delta;1;0.8911347517730497
S003;158;beta->delta;1;0.7851093860268172
S003;163;beta->delta;1;0.7180094786729858
S003;330;beta->delta;0;0.803041018387553
S003;333;beta->delta;0;0.6931179775280899
S003;338;beta->delta;0;0.6109520400858983
S003;341;beta->delta;0;0.6109520400858983
S003;343;beta->delta;0;0.6931179775280899
S003;365;beta->delta;0;0.6931179775280899
S003;371;beta->delta;0;0.6109520400858983
S003;402;beta->delta;0;0.6931179775280899
S003;458;beta->delta;1;0.7339743589743589
S003;555;beta->delta;1;0.803041018387553
S003;752;beta->delta;1;0.8911347517730497
S003;887;beta->delta;0;0.7180094786729858
S003;1023;beta->delta;1;0.5604085945755548
S003;1080;beta->delta;1;0.8911347517730497
S004;166;beta->delta;0;0.6474184782608695
S004;223;beta->delta;1;0.6474184782608695
S004;227;beta->delta;1;0.6474184782608695
S004;229;beta->delta;1;0.6474184782608695
S004;233;beta->delta;1;0.6474184782608695
S004;247;beta->delta;1;0.6474184782608695
S004;256;beta->delta;1;0.7180094786729858
S004;313;beta->delta;1;0.7851093860268172
S004;342;beta->delta;1;0.8212110354711573
S004;733;beta->delta;1;0.6109520400858983
S004;735;beta->delta;1;0.6109520400858983
S004;737;beta->delta;1;0.6109520400858983
S004;751;beta->delta;1;0.6109520400858983
S004;788;beta->delta;1;0.6109520400858983
S004;863;beta->delta;0;0.7339743589743589
S004;898;beta->delta;0;0.803041018387553
S004;906;beta->delta;0;0.7339743589743589
S004;1064;beta->delta;0;0.6109520400858983
S004;1066;beta->delta;0;0.6109520400858983
S004;1068;beta->delta;0;0.6109520400858983
S005;369;beta->delta;1;0.6109520400858983
S005;371;beta->delta;1;0.6109520400858983
S005;394;beta->delta;1;0.5128291694800811
S005;407;beta->delta;1;0.6109520400858983
S005;584;beta->delta;1;0.7851093860268172
S005;598;beta->delta;1;0.7180094786729858
S005;725;beta->delta;1;0.8911347517730497
S005;753;beta->delta;1;0.875750088245676
S005;761;beta->delta;1;0.875750088245676
S005;766;beta->delta;1;0.803041018387553
S005;829;beta->delta;1;0.875750088245676
S006;11;beta->delta;1;0.875750088245676
S006;167;beta->delta;0;0.5604085945755548
S006;170;beta->delta;0;0.5604085945755548
S006;172;beta->delta;0;0.5604085945755548
S006;301;beta->delta;0;0.8212110354711573
S006;305;beta->delta;0;0.8212110354711573
S006;459;beta->delta;1;0.7851093860268172
S006;534;beta->delta;0;0.7180094786729858
S006;537;beta->delta;0;0.7180094786729858
S006;685;beta->delta;1;0.7180094786729858
S006;728;beta->delta;1;0.6474184782608695
S006;730;beta->delta;1;0.7180094786729858
S006;734;beta->delta;1;0.6474184782608695
S006;738;beta->delta;1;0.6474184782608695
S006;746;beta->delta;1;0.6474184782608695
S006;750;beta->delta;1;0.7851093860268172
S006;896;beta->delta;0;0.7339743589743589
S006;908;beta->delta;0;0.803041018387553
S006;910;beta->delta;0;0.7339743589743589
S006;1018;beta->delta;1;0.6931179775280899
S006;1029;beta->delta;1;0.6109520400858983
S006;1035;beta->delta;1;0.6931179775280899
S006;1081;beta->delta;1;0.6109520400858983
S006;1172;beta->delta;1;0.803041018387553
S006;1176;beta->delta;1;0.803041018387553
S006;1193;beta->delta;1;0.803041018387553
S007;65;beta->delta;1;0.8911347517730497
S007;544;beta->delta;1;0.6109520400858983
S007;697;beta->delta;1;0.8212110354711573
S007;702;beta->delta;1;0.8212110354711573
S007;718;beta->delta;1;0.7851093860268172
S007;724;beta->delta;1;0.7851093860268172
S007;813;beta->delta;0;0.8212110354711573
S007;815;beta->delta;0;0.8212110354711573
S007;818;beta->delta;0;0.8212110354711573
S007;909;beta->delta;0;0.8212110354711573
S007;921;beta->delta;0;0.8212110354711573
S007;1017;beta->delta;1;0.7180094786729858
S007;1020;beta->delta;1;0.7851093860268172
S007;1022;beta->delta;1;0.7851093860268172
S007;1028;beta->delta;1;0.8212110354711573
S007;1044;beta->delta;1;0.7180094786729858
S008;1;beta->delta;0;0.6109520400858983
S008;6;beta->delta;0;0.6109520400858983
S008;88;beta->delta;0;0.6109520400858983
S008;92;beta->delta;0;0.6931179775280899
S008;101;beta->delta;0;0.6109520400858983
S008;121;beta->delta;0;0.6109520400858983
S008;273;beta->delta;1;0.5128291694800811
S008;276;beta->delta;1;0.5128291694800811
S008;285;beta->delta;1;0.5128291694800811
S008;289;beta->delta;1;0.5128291694800811
S008;294;beta->delta;1;0.5128291694800811
S008;305;beta->delta;1;0.5128291694800811
S008;454;beta->delta;1;0.8212110354711573
S008;465;beta->delta;1;0.8212110354711573
S008;471;beta->delta;1;0.7851093860268172
S008;515;beta->delta;1;0.7180094786729858
S008;829;beta->delta;0;0.6109520400858983
S008;918;beta->delta;0;0.6109520400858983
S008;926;beta->delta;0;0.6109520400858983
S008;945;beta->delta;0;0.6931179775280899
S008;947;beta->delta;0;0.6931179775280899
S008;986;beta->delta;0;0.7339743589743589
S008;1023;beta->delta;0;0.7339743589743589
S008;1191;beta->delta;1;0.6931179775280899
S009;17;beta->delta;1;0.7851093860268172
S009;21;beta->delta;1;0.8212110354711573
S009;24;beta->delta;1;0.8212110354711573
S009;63;beta->delta;1;0.8212110354711573
S009;181;beta->delta;1;0.7339743589743589
S009;226;beta->delta;1;0.6931179775280899
S009;576;beta->delta;1;0.8911347517730497
S009;583;beta->delta;1;0.8911347517730497
S009;587;beta->delta;1;0.8212110354711573
S009;589;beta->delta;1;0.8212110354711573
S009;598;beta->delta;1;0.8212110354711573
S009;738;beta->delta;1;0.875750088245676
S009;748;beta->delta;1;0.875750088245676
S009;897;beta->delta;0;0.6474184782608695
S009;910;beta->delta;0;0.6474184782608695
S009;1005;beta->delta;0;0.7180094786729858
S009;1020;beta->delta;0;0.6474184782608695
S009;1066;beta->delta;1;0.7180094786729858
S009;1082;beta->delta;1;0.7180094786729858
S009;1093;beta->delta;1;0.7180094786729858
S009;1114;beta->delta;1;0.7180094786729858
S009;1121;beta->delta;1;0.7180094786729858
S009;1171;beta->delta;1;0.7851093860268172
S009;1176;beta->delta;1;0.7851093860268172
S009;1178;beta->delta;1;0.7851093860268172
S009;1181;beta->delta;1;0.7851093860268172
S009;1185;beta->delta;1;0.8911347517730497
S009;1202;beta->delta;1;0.7851093860268172
S010;46;beta->delta;0;0.6931179775280899
S010;58;beta->delta;0;0.7339743589743589
S010;60;beta->delta;0;0.803041018387553
S010;75;beta->delta;0;0.7339743589743589
S010;89;beta->delta;0;0.6931179775280899
S010;92;beta->delta;0;0.6109520400858983
S010;99;beta->delta;0;0.6931179775280899
S010;115;beta->delta;0;0.6931179775280899
S010;119;beta->delta;0;0.6931179775280899
S010;122;beta->delta;0;0.6931179775280899
S010;251;beta->delta;1;0.6931179775280899
S010;373;beta->delta;1;0.803041018387553
S010;540;beta->delta;0;0.5604085945755548
S010;703;beta->delta;1;0.6474184782608695
S010;736;beta->delta;1;0.6474184782608695
S010;787;beta->delta;0;0.7180094786729858
S010;798;beta->delta;0;0.8212110354711573
S010;813;beta->delta;0;0.7180094786729858
S010;816;beta->delta;0;0.8212110354711573
S010;999;beta->delta;1;0.5604085945755548
S010;1006;beta->delta;1;0.5604085945755548
S010;1031;beta->delta;1;0.6474184782608695
S011;40;beta->delta;1;0.7339743589743589
S011;42;beta->delta;1;0.803041018387553
S011;63;beta->delta;1;0.6931179775280899
S011;83;beta->delta;1;0.7339743589743589
S011;85;beta->delta;1;0.7339743589743589
S011;88;beta->delta;1;0.6931179775280899
S011;95;beta->delta;1;0.7339743589743589
S011;98;beta->delta;1;0.7339743589743589
S011;108;beta->delta;1;0.7339743589743589
S011;114;beta->delta;1;0.7339743589743589
S011;116;beta->delta;1;0.7339743589743589
S011;129;beta->delta;1;0.7339743589743589
S011;135;beta->delta;1;0.7339743589743589
S011;241;beta->delta;1;0.8911347517730497
S011;250;beta->delta;1;0.8911347517730497
S011;366;beta->delta;1;0.875750088245676
S011;374;beta->delta;1;0.803041018387553
S011;377;beta->delta;1;0.803041018387553
S011;396;beta->delta;1;0.7339743589743589
S011;399;beta->delta;1;0.875750088245676
S011;710;beta->delta;1;0.6109520400858983
S011;714;beta->delta;1;0.5128291694800811
S011;810;beta->delta;0;0.7339743589743589
S011;822;beta->delta;0;0.7339743589743589
S011;953;beta->delta;0;0.6931179775280899
S011;958;beta->delta;0;0.6931179775280899
S011;961;beta->delta;0;0.6931179775280899
S011;967;beta->delta;0;0.6931179775280899
S011;979;beta->delta;0;0.6109520400858983
S011;1007;beta->delta;0;0.6109520400858983
S011;1047;beta->delta;0;0.7339743589743589
S011;1062;beta->delta;0;0.6931179775280899
S011;1098;beta->delta;0;0.7339743589743589
S011;1100;beta->delta;0;0.7339743589743589
S011;1103;beta->delta;0;0.7339743589743589
S012;196;beta->delta;1;0.5128291694800811
S012;199;beta->delta;1;0.5128291694800811
S012;202;beta->delta;1;0.5128291694800811
S012;225;beta->delta;1;0.5128291694800811
S012;518;beta->delta;0;0.5604085945755548
S012;607;beta->delta;1;0.7180094786729858
S012;610;beta->delta;1;0.7180094786729858
S012;731;beta->delta;1;0.7851093860268172
S012;734;beta->delta;1;0.7851093860268172
S012;736;beta->delta;1;0.7851093860268172
S012;917;beta->delta;1;0.8911347517730497
S012;1062;beta->delta;1;0.875750088245676
S012;1122;beta->delta;1;0.875750088245676
S013;188;beta->delta;0;0.5128291694800811
S013;191;beta->delta;0;0.5128291694800811
S013;195;beta->delta;0;0.5128291694800811
S013;203;beta->delta;0;0.5128291694800811
S013;219;beta->delta;0;0.5128291694800811
S013;239;beta->delta;0;0.5128291694800811
S013;271;beta->delta;0;0.6109520400858983
S013;289;beta->delta;0;0.6109520400858983
S013;293;beta->delta;0;0.6931179775280899
S013;357;beta->delta;1;0.6931179775280899
S013;464;beta->delta;1;0.6931179775280899
S013;468;beta->delta;1;0.6109520400858983
S013;787;beta->delta;0;0.5604085945755548
S013;790;beta->delta;0;0.5604085945755548
S013;955;beta->delta;1;0.5604085945755548
S013;968;beta->delta;1;0.5604085945755548
S014;7;beta->delta;1;0.6109520400858983
S014;43;beta->delta;1;0.6931179775280899
S014;45;beta->delta;1;0.7339743589743589
S014;124;beta->delta;1;0.875750088245676
S014;298;beta->delta;0;0.6474184782608695
S014;339;beta->delta;1;0.6474184782608695
S014;342;beta->delta;1;0.7180094786729858
S014;346;beta->delta;1;0.6474184782608695
S014;439;beta->delta;1;0.7851093860268172
S014;473;beta->delta;1;0.7851093860268172
S014;487;beta->delta;1;0.7180094786729858
S014;547;beta->delta;1;0.7180094786729858
S014;550;beta->delta;1;0.7180094786729858
S014;556;beta->delta;1;0.7851093860268172
S014;561;beta->delta;1;0.7851093860268172
S014;583;beta->delta;1;0.8212110354711573
S014;588;beta->delta;1;0.8212110354711573
S014;699;beta->delta;1;0.875750088245676
S014;701;beta->delta;1;0.875750088245676
S014;724;beta->delta;1;0.875750088245676
S014;740;beta->delta;1;0.875750088245676
S014;905;beta->delta;1;0.5604085945755548
S014;915;beta->delta;1;0.5604085945755548
S014;929;beta->delta;1;0.6474184782608695
S014;944;beta->delta;1;0.6474184782608695
S014;951;beta->delta;1;0.6474184782608695
S014;962;beta->delta;1;0.6474184782608695
S014;1097;beta->delta;1;0.8911347517730497
S014;1101;beta->delta;1;0.8911347517730497
S014;1190;beta->delta;1;0.803041018387553
S015;221;beta->delta;1;0.5604085945755548
S015;223;beta->delta;1;0.5604085945755548
S015;262;beta->delta;1;0.6474184782608695
S015;301;beta->delta;1;0.7180094786729858
S015;309;beta->delta;1;0.7180094786729858
S015;335;beta->delta;1;0.7851093860268172
S015;419;beta->delta;1;0.8911347517730497
S015;422;beta->delta;1;0.8911347517730497
S015;433;beta->delta;1;0.8911347517730497
S015;435;beta->delta;1;0.8911347517730497
S015;630;beta->delta;1;0.8212110354711573
S015;632;beta->delta;1;0.8212110354711573
S015;652;beta->delta;1;0.8212110354711573
S015;734;beta->delta;1;0.8911347517730497
S016;40;beta->delta;1;0.6474184782608695
S016;48;beta->delta;1;0.6474184782608695
S016;50;beta->delta;1;0.6474184782608695
S016;57;beta->delta;1;0.6474184782608695
S016;65;beta->delta;1;0.6474184782608695
S016;81;beta->delta;1;0.6474184782608695
S016;119;beta->delta;1;0.7180094786729858
S016;121;beta->delta;1;0.7180094786729858
S016;123;beta->delta;1;0.7851093860268172
S016;141;beta->delta;1;0.7851093860268172
S016;390;beta->delta;0;0.6109520400858983
S016;400;beta->delta;0;0.6109520400858983
S016;444;beta->delta;0;0.6109520400858983
S016;448;beta->delta;0;0.6109520400858983
S016;450;beta->delta;0;0.6109520400858983
S016;498;beta->delta;1;0.7339743589743589
S016;505;beta->delta;1;0.6931179775280899
S016;509;beta->delta;1;0.7339743589743589
S016;630;beta->delta;1;0.7339743589743589
S016;820;beta->delta;1;0.875750088245676
S016;904;beta->delta;1;0.7339743589743589
S016;915;beta->delta;1;0.6931179775280899
S016;917;beta->delta;1;0.6931179775280899
S016;921;beta->delta;1;0.6931179775280899
S016;977;beta->delta;1;0.7339743589743589
S016;1214;beta->delta;1;0.6474184782608695
S017;248;beta->delta;0;0.6109520400858983
S017;384;beta->delta;1;0.6109520400858983
S017;393;beta->delta;1;0.6931179775280899
S017;399;beta->delta;1;0.6931179775280899
S017;424;beta->delta;1;0.6931179775280899
S017;430;beta->delta;1;0.6109520400858983
S017;432;beta->delta;1;0.7339743589743589
S017;452;beta->delta;1;0.6931179775280899
S017;473;beta->delta;1;0.6931179775280899
S017;480;beta->delta;1;0.6931179775280899
S017;558;beta->delta;1;0.875750088245676
S017;837;beta->delta;1;0.6474184782608695
S017;841;beta->delta;1;0.5604085945755548
S017;1047;beta->delta;0;0.803041018387553
S017;1049;beta->delta;0;0.7339743589743589
S017;1072;beta->delta;0;0.6931179775280899
S017;1075;beta->delta;0;0.6931179775280899
S017;1102;beta->delta;0;0.6931179775280899
S018;12;beta->delta;1;0.6931179775280899
S018;15;beta->delta;1;0.6109520400858983
S018;19;beta->delta;1;0.6931179775280899
S018;21;beta->delta;1;0.6931179775280899
S018;68;beta->delta;1;0.7339743589743589
S018;70;beta->delta;1;0.7339743589743589
S018;105;beta->delta;1;0.875750088245676
S018;113;beta->delta;1;0.875750088245676
S018;321;beta->delta;1;0.6474184782608695
S018;327;beta->delta;1;0.6474184782608695
S018;333;beta->delta;1;0.6474184782608695
S018;349;beta->delta;1;0.6474184782608695
S018;351;beta->delta;1;0.6474184782608695
S018;362;beta->delta;1;0.7180094786729858
S018;392;beta->delta;1;0.7180094786729858
S018;394;beta->delta;1;0.7180094786729858
S018;396;beta->delta;1;0.7180094786729858
S018;401;beta->delta;1;0.7180094786729858
S018;404;beta->delta;1;0.7180094786729858
S018;468;beta->delta;1;0.8212110354711573
S018;703;beta->delta;1;0.6109520400858983
S018;990;beta->delta;1;0.7339743589743589
S018;999;beta->delta;1;0.7339743589743589
S018;1201;beta->delta;0;0.7180094786729858
S019;25;beta->delta;1;0.8911347517730497
S019;35;beta->delta;1;0.8212110354711573
S019;41;beta->delta;1;0.8911347517730497
S019;49;beta->delta;1;0.8911347517730497
S019;123;beta->delta;1;0.803041018387553
S019;300;beta->delta;1;0.6931179775280899
S019;540;beta->delta;0;0.5604085945755548
S019;547;beta->delta;0;0.5604085945755548
S019;564;beta->delta;0;0.6474184782608695
S019;567;beta->delta;0;0.5604085945755548
S019;605;beta->delta;0;0.6474184782608695
S019;678;beta->delta;0;0.7851093860268172
S019;860;beta->delta;0;0.7180094786729858
S019;1020;beta->delta;1;0.7180094786729858
S019;1025;beta->delta;1;0.6474184782608695
S019;1085;beta->delta;1;0.7180094786729858
S019;1090;beta->delta;1;0.7851093860268172
S020;3;beta->delta;1;0.7339743589743589
S020;17;beta->delta;1;0.7339743589743589
S020;43;beta->delta;1;0.803041018387553
S020;49;beta->delta;1;0.875750088245676
S020;54;beta->delta;1;0.803041018387553
S020;68;beta->delta;1;0.875750088245676
S020;90;beta->delta;1;0.803041018387553
S020;203;beta->delta;1;0.8911347517730497
S020;218;beta->delta;1;0.8911347517730497
S020;363;beta->delta;0;0.7339743589743589
S020;368;beta->delta;0;0.6931179775280899
S020;377;beta->delta;0;0.7339743589743589
S020;441;beta->delta;0;0.6931179775280899
S020;597;beta->delta;1;0.6109520400858983
S020;600;beta->delta;1;0.6931179775280899
S020;702;beta->delta;1;0.6931179775280899
S020;789;beta->delta;1;0.875750088245676
S020;793;beta->delta;1;0.875750088245676
S020;831;beta->delta;1;0.803041018387553
S020;845;beta->delta;1;0.803041018387553
S020;847;beta->delta;1;0.803041018387553
S020;853;beta->delta;1;0.803041018387553
S020;886;beta->delta;1;0.803041018387553
S020;894;beta->delta;1;0.803041018387553
S020;913;beta->delta;1;0.7339743589743589
S020;915;beta->delta;1;0.7339743589743589
S020;920;beta->delta;1;0.803041018387553
S020;1019;beta->delta;1;0.8911347517730497
S020;1038;beta->delta;1;0.8911347517730497
S020;1044;beta->delta;1;0.8212110354711573
S020;1052;beta->delta;1;0.8212110354711573
S021;5;beta->delta;0;0.6931179775280899
S021;9;beta->delta;0;0.6931179775280899
S021;67;beta->delta;0;0.6109520400858983
S021;85;beta->delta;0;0.6109520400858983
S021;305;beta->delta;0;0.6109520400858983
S021;333;beta->delta;1;0.6109520400858983
S021;385;beta->delta;1;0.6931179775280899
S021;388;beta->delta;1;0.6931179775280899
S021;407;beta->delta;1;0.6931179775280899
S021;428;beta->delta;1;0.7339743589743589
S021;442;beta->delta;1;0.7339743589743589
S021;449;beta->delta;1;0.7339743589743589
S021;452;beta->delta;1;0.7339743589743589
S021;454;beta->delta;1;0.7339743589743589
S021;465;beta->delta;1;0.7339743589743589
S021;468;beta->delta;1;0.7339743589743589
S021;472;beta->delta;1;0.7339743589743589
S021;598;beta->delta;1;0.7180094786729858
S021;603;beta->delta;1;0.6474184782608695
S021;605;beta->delta;1;0.6474184782608695
S021;695;beta->delta;1;0.8212110354711573
S021;754;beta->delta;1;0.875750088245676
S021;760;beta->delta;1;0.875750088245676
S021;784;beta->delta;1;0.875750088245676
S021;793;beta->delta;1;0.803041018387553
S021;800;beta->delta;1;0.803041018387553
S021;1115;beta->delta;1;0.6109520400858983
S021;1121;beta->delta;1;0.6109520400858983
S021;1183;beta->delta;1;0.6931179775280899
S021;1190;beta->delta;1;0.6931179775280899
S022;60;beta->delta;1;0.8911347517730497
S022;398;beta->delta;1;0.6474184782608695
S022;400;beta->delta;1;0.7180094786729858
S022;408;beta->delta;1;0.6474184782608695
S022;414;beta->delta;1;0.6474184782608695
S022;433;beta->delta;1;0.6474184782608695
S022;450;beta->delta;1;0.6474184782608695
S022;460;beta->delta;1;0.6474184782608695
S022;552;beta->delta;1;0.8212110354711573
S022;597;beta->delta;1;0.875750088245676
S022;639;beta->delta;1;0.7339743589743589
S022;644;beta->delta;1;0.7339743589743589
S022;672;beta->delta;1;0.803041018387553
S022;935;beta->delta;1;0.6474184782608695
S022;1099;beta->delta;0;0.875750088245676
S023;15;beta->delta;1;0.803041018387553
S023;82;beta->delta;1;0.875750088245676
S023;268;beta->delta;0;0.5128291694800811
S023;273;beta->delta;0;0.5128291694800811
S023;292;beta->delta;0;0.5128291694800811
S023;300;beta->delta;0;0.6109520400858983
S023;340;beta->delta;0;0.6109520400858983
S023;356;beta->delta;0;0.6931179775280899
S023;401;beta->delta;1;0.6931179775280899
S023;403;beta->delta;1;0.6931179775280899
S023;408;beta->delta;1;0.6931179775280899
S023;410;beta->delta;1;0.6931179775280899
S023;430;beta->delta;1;0.6931179775280899
S023;510;beta->delta;1;0.6931179775280899
S023;512;beta->delta;1;0.7339743589743589
S023;520;beta->delta;1;0.6931179775280899
S023;523;beta->delta;1;0.7339743589743589
S023;580;beta->delta;1;0.7339743589743589
S023;587;beta->delta;1;0.803041018387553
S023;597;beta->delta;1;0.7339743589743589
S023;628;beta->delta;1;0.803041018387553
S023;661;beta->delta;0;0.8911347517730497
S023;664;beta->delta;0;0.8911347517730497
S023;667;beta->delta;0;0.8911347517730497
S023;675;beta->delta;0;0.8911347517730497
S023;677;beta->delta;0;0.8911347517730497
S023;686;beta->delta;0;0.8212110354711573
S023;690;beta->delta;0;0.8212110354711573
S023;884;beta->delta;1;0.5604085945755548
S023;891;beta->delta;1;0.6474184782608695
S023;903;beta->delta;1;0.5604085945755548
S023;1160;beta->delta;1;0.8911347517730497
S023;1168;beta->delta;1;0.8911347517730497
S023;1171;beta->delta;1;0.8911347517730497
S024;24;beta->delta;1;0.8911347517730497
S024;26;beta->delta;1;0.8212110354711573
S024;32;beta->delta;1;0.8212110354711573
S024;38;beta->delta;1;0.8911347517730497
S024;52;beta->delta;1;0.8911347517730497
S024;230;beta->delta;0;0.5128291694800811
S024;250;beta->delta;0;0.5128291694800811
S024;258;beta->delta;0;0.5128291694800811
S024;260;beta->delta;0;0.6109520400858983
S024;269;beta->delta;0;0.6109520400858983
S024;274;beta->delta;0;0.5128291694800811
S024;277;beta->delta;0;0.6109520400858983
S024;362;beta->delta;1;0.6931179775280899
S024;365;beta->delta;1;0.803041018387553
S024;416;beta->delta;1;0.7339743589743589
S024;466;beta->delta;1;0.7339743589743589
S024;475;beta->delta;1;0.7339743589743589
S024;497;beta->delta;1;0.6931179775280899
S024;499;beta->delta;1;0.7339743589743589
S024;627;beta->delta;1;0.8911347517730497
S024;631;beta->delta;1;0.8911347517730497
S024;639;beta->delta;1;0.8911347517730497
S024;645;beta->delta;1;0.8911347517730497
S024;882;beta->delta;0;0.6109520400858983
S024;917;beta->delta;0;0.5128291694800811
S025;109;beta->delta;1;0.7851093860268172
S025;121;beta->delta;1;0.7851093860268172
S025;263;beta->delta;1;0.8212110354711573
S025;272;beta->delta;1;0.8212110354711573
S025;343;beta->delta;1;0.8212110354711573
S025;350;beta->delta;1;0.8212110354711573
S025;357;beta->delta;1;0.8212110354711573
S025;476;beta->delta;1;0.7851093860268172
S025;491;beta->delta;1;0.8212110354711573
S025;531;beta->delta;1;0.7180094786729858
S025;538;beta->delta;1;0.7851093860268172
S025;549;beta->delta;1;0.7180094786729858
S025;586;beta->delta;1;0.8212110354711573
S025;606;beta->delta;1;0.8212110354711573
S025;617;beta->delta;1;0.8212110354711573
S025;619;beta->delta;1;0.8212110354711573
S025;624;beta->delta;1;0.8212110354711573
S025;633;beta->delta;1;0.8212110354711573
S025;636;beta->delta;1;0.8212110354711573
S025;640;beta->delta;1;0.8212110354711573
S025;650;beta->delta;1;0.8911347517730497
S025;682;beta->delta;1;0.8212110354711573
S025;690;beta->delta;1;0.8911347517730497
S025;718;beta->delta;1;0.8911347517730497
S025;827;beta->delta;1;0.803041018387553
S025;1051;beta->delta;0;0.6474184782608695
S026;17;beta->delta;1;0.6109520400858983
S026;19;beta->delta;1;0.6931179775280899
S026;105;beta->delta;1;0.875750088245676
S026;116;beta->delta;1;0.7339743589743589
S026;295;beta->delta;1;0.6474184782608695
S026;452;beta->delta;1;0.803041018387553
S026;572;beta->delta;1;0.875750088245676
S026;617;beta->delta;1;0.8212110354711573
S026;672;beta->delta;1;0.7851093860268172
S026;686;beta->delta;1;0.7851093860268172
S026;720;beta->delta;1;0.8212110354711573
S026;885;beta->delta;1;0.6109520400858983
S026;901;beta->delta;1;0.6109520400858983
S026;907;beta->delta;1;0.6109520400858983
S026;996;beta->delta;0;0.6931179775280899
S026;1020;beta->delta;1;0.803041018387553
S026;1022;beta->delta;1;0.803041018387553
S026;1029;beta->delta;1;0.803041018387553
S026;1041;beta->delta;1;0.803041018387553
S026;1045;beta->delta;1;0.803041018387553
S026;1049;beta->delta;1;0.803041018387553
S026;1053;beta->delta;1;0.803041018387553
S026;1097;beta->delta;1;0.875750088245676
S026;1160;beta->delta;1;0.875750088245676
S026;1186;beta->delta;1;0.803041018387553
S026;1189;beta->delta;1;0.803041018387553
S026;1200;beta->delta;1;0.803041018387553
S026;1203;beta->delta;1;0.803041018387553
S027;5;beta->delta;1;0.803041018387553
S027;9;beta->delta;1;0.875750088245676
S027;481;beta->delta;0;0.6474184782608695
S027;599;beta->delta;1;0.7851093860268172
S027;603;beta->delta;1;0.7851093860268172
S027;615;beta->delta;1;0.8212110354711573
S027;647;beta->delta;1;0.8911347517730497
S027;654;beta->delta;1;0.8911347517730497
S027;743;beta->delta;1;0.7339743589743589
S027;746;beta->delta;1;0.803041018387553
S027;750;beta->delta;1;0.7339743589743589
S027;794;beta->delta;1;0.6931179775280899
S027;844;beta->delta;1;0.6109520400858983
S027;850;beta->delta;1;0.803041018387553
S027;1004;beta->delta;0;0.6474184782608695
S027;1006;beta->delta;0;0.7180094786729858
S027;1015;beta->delta;0;0.6474184782608695
S028;250;beta->delta;1;0.5604085945755548
S028;257;beta->delta;1;0.5604085945755548
S028;259;beta->delta;1;0.5604085945755548
S028;265;beta->delta;1;0.5604085945755548
S028;354;beta->delta;1;0.7180094786729858
S028;383;beta->delta;1;0.7851093860268172
S028;533;beta->delta;1;0.6109520400858983
S028;580;beta->delta;1;0.6109520400858983
S028;587;beta->delta;1;0.6931179775280899
S028;589;beta->delta;1;0.6109520400858983
S028;595;beta->delta;1;0.6109520400858983
S028;600;beta->delta;1;0.6931179775280899
S028;605;beta->delta;1;0.6931179775280899
S028;610;beta->delta;1;0.6931179775280899
S028;640;beta->delta;1;0.7339743589743589
S028;648;beta->delta;1;0.7339743589743589
S028;666;beta->delta;1;0.803041018387553
S028;669;beta->delta;1;0.803041018387553
S028;688;beta->delta;1;0.803041018387553
S028;696;beta->delta;1;0.803041018387553
S028;698;beta->delta;1;0.803041018387553
S028;707;beta->delta;1;0.803041018387553
S028;768;beta->delta;1;0.8911347517730497
S028;976;beta->delta;1;0.5604085945755548
S028;982;beta->delta;1;0.5604085945755548
S029;173;beta->delta;1;0.875750088245676
S029;175;beta->delta;1;0.875750088245676
S029;186;beta->delta;1;0.875750088245676
S029;191;beta->delta;1;0.875750088245676
S029;193;beta->delta;1;0.803041018387553
S029;237;beta->delta;1;0.875750088245676
S029;241;beta->delta;1;0.803041018387553
S029;247;beta->delta;1;0.803041018387553
S029;340;beta->delta;1;0.8911347517730497
S029;377;beta->delta;1;0.875750088245676
S029;384;beta->delta;0;0.875750088245676
S029;649;beta->delta;0;0.6109520400858983
S029;664;beta->delta;0;0.6109520400858983
S029;886;beta->delta;0;0.6109520400858983
S029;892;beta->delta;0;0.6109520400858983
S029;895;beta->delta;0;0.5128291694800811
S029;897;beta->delta;0;0.6109520400858983
S029;902;beta->delta;0;0.5128291694800811
S029;907;beta->delta;0;0.5128291694800811
S029;917;beta->delta;0;0.5128291694800811
S029;1017;beta->delta;0;0.6931179775280899
S029;1021;beta->delta;0;0.7339743589743589
S029;1025;beta->delta;0;0.6931179775280899
S029;1126;beta->delta;1;0.7339743589743589
S029;1132;beta->delta;1;0.7339743589743589
S029;1135;beta->delta;1;0.7339743589743589
S029;1140;beta->delta;1;0.7339743589743589
S029;1161;beta->delta;1;0.7339743589743589
S029;1185;beta->delta;1;0.7339743589743589
S029;1187;beta->delta;1;0.7339743589743589
S029;1189;beta->delta;1;0.7339743589743589
S030;41;beta->delta;1;0.8911347517730497
S030;112;beta->delta;1;0.875750088245676
S030;144;beta->delta;1;0.803041018387553
S030;310;beta->delta;1;0.6109520400858983
S030;323;beta->delta;1;0.5128291694800811
S030;331;beta->delta;1;0.5128291694800811
S030;372;beta->delta;1;0.6931179775280899
S030;698;beta->delta;1;0.6474184782608695
S030;751;beta->delta;1;0.7851093860268172
S030;820;beta->delta;1;0.8911347517730497
S030;998;beta->delta;1;0.7180094786729858
S031;143;beta->delta;1;0.6474184782608695
S031;147;beta->delta;1;0.6474184782608695
S031;307;beta->delta;1;0.803041018387553
S031;357;beta->delta;1;0.7339743589743589
S031;539;beta->delta;1;0.8212110354711573
S031;548;beta->delta;1;0.8212110354711573
S031;606;beta->delta;1;0.8911347517730497
S031;703;beta->delta;1;0.8212110354711573
S031;711;beta->delta;1;0.8911347517730497
S031;724;beta->delta;1;0.8212110354711573
S031;950;beta->delta;1;0.6109520400858983
S031;1135;beta->delta;1;0.875750088245676
S031;1142;beta->delta;1;0.875750088245676
S031;1146;beta->delta;1;0.875750088245676
S032;210;beta->delta;0;0.5128291694800811
S032;257;beta->delta;1;0.6109520400858983
S032;274;beta->delta;1;0.6109520400858983
S032;282;beta->delta;1;0.6109520400858983
S032;357;beta->delta;1;0.6931179775280899
S032;368;beta->delta;1;0.7339743589743589
S032;373;beta->delta;1;0.7339743589743589
S032;375;beta->delta;1;0.7339743589743589
S032;379;beta->delta;1;0.7339743589743589
S032;510;beta->delta;1;0.8911347517730497
S032;698;beta->delta;0;0.6109520400858983
S032;719;beta->delta;0;0.5128291694800811
S032;725;beta->delta;0;0.5128291694800811
S032;733;beta->delta;0;0.6109520400858983
S032;810;beta->delta;1;0.7339743589743589
S032;845;beta->delta;1;0.7339743589743589
S032;848;beta->delta;1;0.803041018387553
S032;889;beta->delta;1;0.803041018387553
S032;891;beta->delta;1;0.803041018387553
S032;893;beta->delta;1;0.803041018387553
S032;900;beta->delta;1;0.803041018387553
S032;909;beta->delta;1;0.803041018387553
S032;1035;beta->delta;1;0.7180094786729858
S032;1043;beta->delta;1;0.7180094786729858
S032;1048;beta->delta;1;0.7180094786729858
S033;6;beta->delta;1;0.6931179775280899
S033;15;beta->delta;1;0.7339743589743589
S033;91;beta->delta;1;0.7339743589743589
S033;212;beta->delta;1;0.8911347517730497
S033;221;beta->delta;1;0.8212110354711573
S033;229;beta->delta;1;0.8212110354711573
S033;300;beta->delta;0;0.7180094786729858
S033;491;beta->delta;1;0.6474184782608695
S033;498;beta->delta;1;0.6474184782608695
S033;688;beta->delta;0;0.803041018387553
S033;707;beta->delta;0;0.803041018387553
S033;716;beta->delta;0;0.7339743589743589
S033;718;beta->delta;0;0.6931179775280899
S033;928;beta->delta;1;0.6109520400858983
S033;944;beta->delta;1;0.6109520400858983
S033;961;beta->delta;1;0.6109520400858983
S033;964;beta->delta;1;0.6109520400858983
S033;1185;beta->delta;0;0.6474184782608695
S033;1190;beta->delta;0;0.5604085945755548
S034;11;beta->delta;1;0.7851093860268172
S034;17;beta->delta;1;0.7851093860268172
S034;72;beta->delta;1;0.8212110354711573
S034;135;beta->delta;1;0.8911347517730497
S034;141;beta->delta;1;0.8911347517730497
S034;146;beta->delta;1;0.8911347517730497
S034;421;beta->delta;1;0.6109520400858983
S034;459;beta->delta;1;0.6109520400858983
S034;478;beta->delta;1;0.6109520400858983
S034;481;beta->delta;1;0.6109520400858983
S034;735;beta->delta;0;0.6474184782608695
S034;751;beta->delta;0;0.7180094786729858
S034;760;beta->delta;0;0.7180094786729858
S034;766;beta->delta;0;0.6474184782608695
S034;807;beta->delta;0;0.7180094786729858
S034;814;beta->delta;0;0.7180094786729858
S034;911;beta->delta;0;0.7180094786729858
S034;1034;beta->delta;0;0.6474184782608695
S034;1046;beta->delta;0;0.6474184782608695
S034;1048;beta->delta;0;0.6474184782608695
S034;1057;beta->delta;0;0.6474184782608695
S034;1062;beta->delta;0;0.7180094786729858
S034;1069;beta->delta;0;0.7180094786729858
S035;267;beta->delta;1;0.6109520400858983
S035;294;beta->delta;1;0.6109520400858983
S035;364;beta->delta;1;0.6931179775280899
S035;395;beta->delta;0;0.7339743589743589
S035;405;beta->delta;0;0.7339743589743589
S035;667;beta->delta;0;0.5128291694800811
S035;677;beta->delta;0;0.6109520400858983
S035;716;beta->delta;0;0.6109520400858983
S035;722;beta->delta;0;0.6109520400858983
S035;875;beta->delta;1;0.6931179775280899
S035;879;beta->delta;1;0.6109520400858983
S035;1004;beta->delta;1;0.803041018387553
S035;1018;beta->delta;1;0.803041018387553
S035;1020;beta->delta;1;0.803041018387553
S035;1025;beta->delta;1;0.875750088245676
S035;1034;beta->delta;1;0.875750088245676
S036;24;beta->delta;1;0.6474184782608695
S036;31;beta->delta;1;0.6474184782608695
S036;299;beta->delta;1;0.8911347517730497
S036;401;beta->delta;1;0.8212110354711573
S036;405;beta->delta;1;0.8212110354711573
S036;408;beta->delta;1;0.8911347517730497
S036;419;beta->delta;1;0.8212110354711573
S036;552;beta->delta;1;0.803041018387553
S036;701;beta->delta;1;0.6931179775280899
S036;916;beta->delta;0;0.5128291694800811
S036;936;beta->delta;0;0.6109520400858983
S036;1038;beta->delta;1;0.7339743589743589
S036;1046;beta->delta;1;0.7339743589743589
S036;1056;beta->delta;1;0.7339743589743589
S036;1061;beta->delta;1;0.7339743589743589
S036;1089;beta->delta;1;0.803041018387553
S036;1095;beta->delta;1;0.803041018387553
S037;56;beta->delta;1;0.7851093860268172
S037;99;beta->delta;1;0.8212110354711573
S037;220;beta->delta;1;0.8911347517730497
S037;259;beta->delta;1;0.8212110354711573
S037;312;beta->delta;1;0.8212110354711573
S037;354;beta->delta;1;0.8212110354711573
S037;356;beta->delta;1;0.8212110354711573
S037;389;beta->delta;1;0.8212110354711573
S037;407;beta->delta;1;0.7851093860268172
S037;414;beta->delta;1;0.8212110354711573
S037;433;beta->delta;1;0.7180094786729858
S037;437;beta->delta;1;0.7180094786729858
S037;503;beta->delta;1;0.7851093860268172
S037;512;beta->delta;1;0.8911347517730497
S037;516;beta->delta;1;0.8911347517730497
S037;645;beta->delta;1;0.803041018387553
S037;785;beta->delta;0;0.8212110354711573
S037;791;beta->delta;0;0.8212110354711573
S037;877;beta->delta;0;0.6474184782608695
S037;916;beta->delta;0;0.6474184782608695
S037;979;beta->delta;1;0.6474184782608695
S037;1077;beta->delta;1;0.7180094786729858
S038;18;beta->delta;1;0.6931179775280899
S038;21;beta->delta;1;0.6931179775280899
S038;494;beta->delta;1;0.6474184782608695
S038;830;beta->delta;0;0.5604085945755548
S038;962;beta->delta;0;0.6474184782608695
S038;968;beta->delta;0;0.6474184782608695
S038;971;beta->delta;0;0.6474184782608695
S038;978;beta->delta;0;0.6474184782608695
S038;1006;beta->delta;0;0.5604085945755548
S038;1015;beta->delta;0;0.6474184782608695
S038;1049;beta->delta;0;0.6474184782608695
S038;1160;beta->delta;1;0.7180094786729858
S038;1171;beta->delta;1;0.7851093860268172
S038;1181;beta->delta;1;0.7851093860268172
S038;1185;beta->delta;1;0.7851093860268172
S039;150;beta->delta;1;0.6474184782608695
S039;159;beta->delta;1;0.6474184782608695
S039;341;beta->delta;1;0.7339743589743589
S039;428;beta->delta;1;0.6109520400858983
S039;474;beta->delta;1;0.6931179775280899
S039;605;beta->delta;1;0.7180094786729858
S039;607;beta->delta;1;0.7851093860268172
S039;610;beta->delta;1;0.7851093860268172
S039;817;beta->delta;1;0.803041018387553
S039;1070;beta->delta;1;0.6109520400858983
S039;1214;beta->delta;1;0.803041018387553
S040;15;beta->delta;1;0.8911347517730497
S040;725;beta->delta;0;0.6474184782608695
S040;727;beta->delta;0;0.6474184782608695
S040;733;beta->delta;0;0.6474184782608695
S040;842;beta->delta;1;0.6474184782608695
S040;878;beta->delta;1;0.6474184782608695
S040;884;beta->delta;1;0.6474184782608695
S040;886;beta->delta;1;0.6474184782608695
S040;891;beta->delta;1;0.6474184782608695
S040;930;beta->delta;1;0.6474184782608695
S040;933;beta->delta;1;0.6474184782608695
S040;951;beta->delta;1;0.7851093860268172
S040;969;beta->delta;1;0.7180094786729858
S040;1077;beta->delta;1;0.8911347517730497
S041;9;beta->delta;1;0.8911347517730497
S041;20;beta->delta;1;0.8212110354711573
S041;148;beta->delta;1;0.6931179775280899
S041;152;beta->delta;1;0.6109520400858983
S041;162;beta->delta;1;0.6931179775280899
S041;200;beta->delta;1;0.5128291694800811
S041;205;beta->delta;1;0.5128291694800811
S041;512;beta->delta;1;0.6474184782608695
S041;778;beta->delta;1;0.6109520400858983
S041;789;beta->delta;1;0.6109520400858983
S041;806;beta->delta;1;0.6109520400858983
S041;809;beta->delta;1;0.6109520400858983
S041;856;beta->delta;1;0.6109520400858983
S042;61;beta->delta;0;0.7180094786729858
S042;158;beta->delta;1;0.6474184782608695
S042;166;beta->delta;1;0.6474184782608695
S042;213;beta->delta;1;0.6474184782608695
S042;218;beta->delta;1;0.6474184782608695
S042;222;beta->delta;1;0.6474184782608695
S042;274;beta->delta;1;0.7851093860268172
S042;506;beta->delta;1;0.5128291694800811
S042;815;beta->delta;1;0.6474184782608695
S042;831;beta->delta;1;0.6474184782608695
S042;833;beta->delta;1;0.7180094786729858
S042;837;beta->delta;1;0.6474184782608695
S042;893;beta->delta;1;0.6474184782608695
S042;908;beta->delta;1;0.7851093860268172
S042;914;beta->delta;1;0.7180094786729858
S042;1172;beta->delta;1;0.6109520400858983
S042;1195;beta->delta;1;0.6109520400858983
S042;1204;beta->delta;1;0.6109520400858983
S042;1207;beta->delta;1;0.6109520400858983
S043;246;beta->delta;1;0.5604085945755548
S043;313;beta->delta;1;0.6474184782608695
S043;404;beta->delta;0;0.8911347517730497
S043;537;beta->delta;0;0.8911347517730497
S043;648;beta->delta;1;0.7180094786729858
S043;663;beta->delta;1;0.6474184782608695
S043;694;beta->delta;1;0.6474184782608695
S043;708;beta->delta;1;0.7180094786729858
S043;805;beta->delta;1;0.7851093860268172
S043;814;beta->delta;1;0.8212110354711573
S043;817;beta->delta;1;0.8212110354711573
S043;824;beta->delta;1;0.7851093860268172
S043;874;beta->delta;1;0.7851093860268172
S043;887;beta->delta;1;0.7180094786729858
S043;915;beta->delta;1;0.7180094786729858
S043;917;beta->delta;1;0.7180094786729858
S043;925;beta->delta;1;0.7180094786729858
S043;962;beta->delta;1;0.8212110354711573
S043;986;beta->delta;1;0.7851093860268172
S043;1104;beta->delta;1;0.7339743589743589
S043;1106;beta->delta;1;0.7339743589743589
S043;1111;beta->delta;1;0.7339743589743589
S044;103;beta->delta;1;0.7180094786729858
S044;313;beta->delta;0;0.7339743589743589
S044;321;beta->delta;0;0.7339743589743589
S044;515;beta->delta;1;0.5128291694800811
S044;518;beta->delta;1;0.5128291694800811
S044;521;beta->delta;1;0.5128291694800811
S044;527;beta->delta;1;0.6109520400858983
S044;548;beta->delta;1;0.6931179775280899
S044;701;beta->delta;1;0.8911347517730497
S044;707;beta->delta;1;0.8911347517730497
S044;723;beta->delta;1;0.8212110354711573
S044;735;beta->delta;1;0.7851093860268172
S044;737;beta->delta;1;0.7851093860268172
S044;741;beta->delta;1;0.7851093860268172
S044;751;beta->delta;1;0.8212110354711573
S044;760;beta->delta;1;0.7180094786729858
S044;804;beta->delta;1;0.7180094786729858
S044;890;beta->delta;1;0.8911347517730497
S044;895;beta->delta;1;0.8911347517730497
S044;1026;beta->delta;0;0.6931179775280899
S044;1041;beta->delta;0;0.6109520400858983
S044;1044;beta->delta;0;0.6109520400858983
S045;8;beta->delta;1;0.875750088245676
S045;193;beta->delta;0;0.5128291694800811
S045;197;beta->delta;1;0.5128291694800811
S045;349;beta->delta;1;0.7339743589743589
S045;632;beta->delta;0;0.5604085945755548
S045;637;beta->delta;0;0.6474184782608695
S045;655;beta->delta;0;0.6474184782608695
S045;663;beta->delta;0;0.6474184782608695
S045;673;beta->delta;0;0.6474184782608695
S045;882;beta->delta;0;0.5604085945755548
S045;885;beta->delta;0;0.5604085945755548
S045;922;beta->delta;1;0.6474184782608695
S045;924;beta->delta;1;0.6474184782608695
S045;932;beta->delta;1;0.6474184782608695
S045;986;beta->delta;1;0.6474184782608695
S045;1000;beta->delta;1;0.7180094786729858
S046;11;beta->delta;1;0.803041018387553
S046;141;beta->delta;0;0.7180094786729858
S046;153;beta->delta;1;0.6474184782608695
S046;158;beta->delta;1;0.6474184782608695
S046;261;beta->delta;1;0.7851093860268172
S046;263;beta->delta;1;0.7851093860268172
S046;296;beta->delta;1;0.8212110354711573
S046;335;beta->delta;0;0.8212110354711573
S046;346;beta->delta;0;0.8911347517730497
S046;354;beta->delta;0;0.8911347517730497
S046;356;beta->delta;0;0.8911347517730497
S046;370;beta->delta;1;0.8911347517730497
S046;377;beta->delta;1;0.8911347517730497
S046;395;beta->delta;1;0.8911347517730497
S046;397;beta->delta;1;0.8911347517730497
S046;400;beta->delta;1;0.8911347517730497
S046;486;beta->delta;1;0.8212110354711573
S046;490;beta->delta;1;0.8212110354711573
S046;512;beta->delta;1;0.7180094786729858
S046;520;beta->delta;1;0.7851093860268172
S046;634;beta->delta;1;0.8911347517730497
S046;828;beta->delta;1;0.7339743589743589
S046;1026;beta->delta;1;0.6474184782608695
S046;1031;beta->delta;1;0.6474184782608695
S046;1035;beta->delta;1;0.6474184782608695
S047;81;beta->delta;1;0.7180094786729858
S047;85;beta->delta;1;0.7851093860268172
S047;92;beta->delta;1;0.7180094786729858
S047;320;beta->delta;1;0.6109520400858983
S047;322;beta->delta;1;0.6109520400858983
S047;346;beta->delta;1;0.6109520400858983
S047;370;beta->delta;1;0.6931179775280899
S047;614;beta->delta;1;0.875750088245676
S047;631;beta->delta;1;0.875750088245676
S047;675;beta->delta;1;0.875750088245676
S047;707;beta->delta;1;0.803041018387553
S047;723;beta->delta;1;0.803041018387553
S047;748;beta->delta;1;0.875750088245676
S047;758;beta->delta;1;0.875750088245676
S047;765;beta->delta;1;0.875750088245676
S047;779;beta->delta;1;0.875750088245676
S047;792;beta->delta;1;0.875750088245676
S047;837;beta->delta;1;0.803041018387553
S047;867;beta->delta;1;0.8911347517730497
S047;1035;beta->delta;0;0.5128291694800811
S047;1042;beta->delta;0;0.5128291694800811
S047;1048;beta->delta;0;0.5128291694800811
S047;1053;beta->delta;0;0.5128291694800811
S048;65;beta->delta;1;0.6931179775280899
S048;79;beta->delta;1;0.6931179775280899
S048;84;beta->delta;1;0.6931179775280899
S048;87;beta->delta;1;0.7339743589743589
S048;243;beta->delta;1;0.5604085945755548
S048;409;beta->delta;1;0.803041018387553
S048;557;beta->delta;0;0.8212110354711573
S048;560;beta->delta;0;0.7851093860268172
S048;563;beta->delta;0;0.7851093860268172
S048;566;beta->delta;0;0.7851093860268172
S048;573;beta->delta;0;0.7180094786729858
S048;702;beta->delta;0;0.7180094786729858
S048;711;beta->delta;0;0.7180094786729858
S048;719;beta->delta;0;0.6474184782608695
S048;1031;beta->delta;0;0.6474184782608695
S048;1037;beta->delta;0;0.6474184782608695
S048;1062;beta->delta;0;0.7180094786729858
S048;1085;beta->delta;0;0.7180094786729858
S048;1127;beta->delta;0;0.7851093860268172
S049;19;beta->delta;1;0.6474184782608695
S049;211;beta->delta;0;0.6109520400858983
S049;367;beta->delta;1;0.6931179775280899
S049;369;beta->delta;1;0.6931179775280899
S049;426;beta->delta;1;0.6931179775280899
S049;428;beta->delta;1;0.7339743589743589
S049;435;beta->delta;1;0.7339743589743589
S049;454;beta->delta;1;0.7339743589743589
S049;613;beta->delta;1;0.875750088245676
S049;685;beta->delta;1;0.875750088245676
S049;780;beta->delta;1;0.803041018387553
S049;813;beta->delta;1;0.6931179775280899
S049;987;beta->delta;0;0.7180094786729858
S049;990;beta->delta;0;0.7180094786729858
S049;997;beta->delta;0;0.6474184782608695
S049;1007;beta->delta;0;0.6474184782608695
S049;1010;beta->delta;0;0.6474184782608695
S049;1055;beta->delta;0;0.5604085945755548
S049;1057;beta->delta;0;0.5604085945755548
S049;1059;beta->delta;0;0.6474184782608695
S049;1090;beta->delta;0;0.7180094786729858
S049;1215;beta->delta;0;0.7851093860268172
S050;5;beta->delta;1;0.8911347517730497
S050;133;beta->delta;1;0.875750088245676
S050;136;beta->delta;1;0.875750088245676
S050;220;beta->delta;0;0.7851093860268172
S050;225;beta->delta;0;0.7851093860268172
S050;308;beta->delta;0;0.6474184782608695
S050;310;beta->delta;0;0.7180094786729858
S050;315;beta->delta;0;0.6474184782608695
S050;339;beta->delta;0;0.7180094786729858
S050;732;beta->delta;1;0.7180094786729858
S050;736;beta->delta;1;0.6474184782608695
S050;819;beta->delta;1;0.7851093860268172
S050;823;beta->delta;1;0.7851093860268172
S050;825;beta->delta;1;0.7851093860268172
S050;831;beta->delta;1;0.8212110354711573
S050;847;beta->delta;1;0.8911347517730497
S050;850;beta->delta;1;0.8212110354711573
S050;877;beta->delta;1;0.8911347517730497
