segment;pas;appel;succes;attendu
S001;142;F06->alpha;0;0.8729591836734694
S001;144;F06->alpha;0;0.8361522198731501
S001;198;F06->alpha;1;0.9309173272933182
S001;241;F06->alpha;1;0.9309173272933182
S001;329;F06->alpha;1;0.910212474297464
S001;331;F06->alpha;1;0.9469339622641509
S001;338;F06->alpha;0;0.7658536585365854
S001;340;F06->alpha;0;0.7658536585365854
S001;361;F06->alpha;1;0.882808181315644
S001;366;F06->alpha;1;0.882808181315644
S001;381;F06->alpha;1;0.8538095238095238
S001;508;F06->alpha;1;0.9587443946188341
S001;546;F06->alpha;1;0.8910256410256411
S001;641;F06->alpha;1;0.8429319371727748
S001;643;F06->alpha;1;0.8782742681047766
S001;645;F06->alpha;1;0.8514851485148515
S001;666;F06->alpha;1;0.9254345837145471
S001;675;F06->alpha;1;0.8706199460916442
S001;754;F06->alpha;1;0.8292228943694742
S001;756;F06->alpha;1;0.8292228943694742
S001;758;F06->alpha;1;0.8292228943694742
S001;800;F06->alpha;0;0.8292228943694742
S001;802;F06->alpha;0;0.7530186608122942
S001;877;F06->alpha;1;0.7632211538461539
S001;912;F06->alpha;1;0.8155067725361981
S001;934;F06->alpha;1;0.8821292775665399
S001;1019;F06->alpha;1;0.9223826714801444
S001;1095;F06->alpha;1;0.8254237288135593
S001;1097;F06->alpha;1;0.7740076824583867
S001;1099;F06->alpha;1;0.8087748344370861
S001;1101;F06->alpha;1;0.7530186608122942
S001;1119;F06->alpha;1;0.9309173272933182
S001;1153;F06->alpha;1;0.8662116040955632
S001;1163;F06->alpha;1;0.9206081081081081
S001;1195;F06->alpha;1;0.9429280397022333
S001;1224;F06->alpha;0;0.7684491978609626
S001;1349;F06->alpha;1;0.8600405679513184
S001;1369;F06->alpha;1;0.9469339622641509
S001;1399;F06->alpha;1;0.8547008547008547
S001;1406;F06->alpha;1;0.8910256410256411
S001;1408;F06->alpha;1;0.895330112721417
S001;1410;F06->alpha;1;0.8656410256410256
S002;9;F06->alpha;1;0.9254345837145471
S002;11;F06->alpha;1;0.875
S002;21;F06->alpha;1;0.7684491978609626
S002;23;F06->alpha;1;0.7684491978609626
S002;25;F06->alpha;1;0.7684491978609626
S002;27;F06->alpha;1;0.8245518739815317
S002;29;F06->alpha;1;0.8155067725361981
S002;43;F06->alpha;0;0.8958333333333334
S002;56;F06->alpha;1;0.7933884297520661
S002;67;F06->alpha;1;0.9587443946188341
S002;77;F06->alpha;1;0.9015025041736227
S002;94;F06->alpha;1;0.7658536585365854
S002;96;F06->alpha;1;0.7658536585365854
S002;159;F06->alpha;1;0.9469339622641509
S002;171;F06->alpha;1;0.9254345837145471
S002;183;F06->alpha;1;0.8577319587628865
S002;203;F06->alpha;1;0.8821292775665399
S002;268;F06->alpha;1;0.7778489116517285
S002;337;F06->alpha;0;0.7658536585365854
S002;351;F06->alpha;1;0.9429280397022333
S002;353;F06->alpha;1;0.9429280397022333
S002;359;F06->alpha;1;0.8287104622871047
S002;403;F06->alpha;1;0.9206081081081081
S002;405;F06->alpha;0;0.9254345837145471
S002;471;F06->alpha;0;0.7962962962962963
S002;493;F06->alpha;1;0.8361522198731501
S002;534;F06->alpha;1;0.8254237288135593
S002;536;F06->alpha;1;0.7740076824583867
S002;561;F06->alpha;1;0.7658536585365854
S002;687;F06->alpha;1;0.9429280397022333
S002;689;F06->alpha;1;0.9309173272933182
S002;714;F06->alpha;1;0.9254345837145471
S002;716;F06->alpha;1;0.8718703976435935
S002;827;F06->alpha;1;0.9102040816326531
S002;829;F06->alpha;1;0.9309173272933182
S002;870;F06->alpha;1;0.7778489116517285
S002;911;F06->alpha;1;0.9133202742409402
S002;913;F06->alpha;1;0.8401486988847584
S002;955;F06->alpha;0;0.7740076824583867
S002;957;F06->alpha;0;0.7740076824583867
S002;995;F06->alpha;1;0.8599695585996956
S002;997;F06->alpha;1;0.8185840707964602
S002;1036;F06->alpha;1;0.8287104622871047
S002;1038;F06->alpha;1;0.7778489116517285
S002;1096;F06->alpha;1;0.9587443946188341
S002;1120;F06->alpha;1;0.7632211538461539
S002;1153;F06->alpha;1;0.910212474297464
S002;1168;F06->alpha;0;0.9102040816326531
S002;1221;F06->alpha;1;0.8910256410256411
S002;1223;F06->alpha;1;0.8254237288135593
S002;1234;F06->alpha;1;0.8873517786561265
S002;1239;F06->alpha;1;0.8254237288135593
S002;1320;F06->alpha;1;0.8472222222222222
S002;1361;F06->alpha;0;0.8577319587628865
S002;1391;F06->alpha;1;0.7933884297520661
S002;1393;F06->alpha;1;0.8729591836734694
S003;12;F06->alpha;1;0.8292228943694742
S003;25;F06->alpha;1;0.9015025041736227
S003;27;F06->alpha;1;0.9587443946188341
S003;34;F06->alpha;1;0.9108159392789373
S003;49;F06->alpha;1;0.7684491978609626
S003;51;F06->alpha;1;0.8662116040955632
S003;63;F06->alpha;1;0.7740076824583867
S003;68;F06->alpha;1;0.7530186608122942
S003;74;F06->alpha;1;0.8577319587628865
S003;76;F06->alpha;1;0.9015025041736227
S003;114;F06->alpha;0;0.9254345837145471
S003;136;F06->alpha;1;0.8361522198731501
S003;146;F06->alpha;1;0.7632211538461539
S003;215;F06->alpha;1;0.8656410256410256
S003;349;F06->alpha;1;0.8361522198731501
S003;357;F06->alpha;1;0.764179104477612
S003;534;F06->alpha;1;0.8254237288135593
S003;539;F06->alpha;1;0.8087748344370861
S003;551;F06->alpha;0;0.9254345837145471
S003;556;F06->alpha;0;0.7740076824583867
S003;558;F06->alpha;1;0.8087748344370861
S003;566;F06->alpha;1;0.7530186608122942
S003;573;F06->alpha;1;0.8729591836734694
S003;592;F06->alpha;1;0.8600405679513184
S003;688;F06->alpha;1;0.8821292775665399
S003;701;F06->alpha;1;0.8155067725361981
S003;736;F06->alpha;1;0.8821292775665399
S003;738;F06->alpha;0;0.9254345837145471
S003;743;F06->alpha;0;0.7740076824583867
S003;745;F06->alpha;0;0.8087748344370861
S003;818;F06->alpha;1;0.8729591836734694
S003;895;F06->alpha;1;0.8662116040955632
S003;910;F06->alpha;1;0.9102040816326531
S003;959;F06->alpha;1;0.7933884297520661
S003;961;F06->alpha;1;0.7933884297520661
S003;980;F06->alpha;1;0.8362989323843416
S003;1029;F06->alpha;0;0.8401486988847584
S003;1031;F06->alpha;0;0.9223826714801444
S003;1033;F06->alpha;0;0.8656410256410256
S003;1074;F06->alpha;1;0.9015025041736227
S003;1152;F06->alpha;0;0.8245518739815317
S003;1197;F06->alpha;0;0.910212474297464
S003;1329;F06->alpha;1;0.7658371040723982
S003;1369;F06->alpha;1;0.8245518739815317
S004;18;F06->alpha;0;0.8577319587628865
S004;39;F06->alpha;1;0.8729591836734694
S004;45;F06->alpha;1;0.8361522198731501
S004;123;F06->alpha;1;0.8662116040955632
S004;144;F06->alpha;1;0.910212474297464
S004;146;F06->alpha;1;0.9587443946188341
S004;187;F06->alpha;1;0.9133202742409402
S004;232;F06->alpha;1;0.9254345837145471
S004;234;F06->alpha;1;0.8955916473317865
S004;236;F06->alpha;1;0.8973384030418251
S004;238;F06->alpha;1;0.9133202742409402
S004;285;F06->alpha;1;0.8185840707964602
S004;368;F06->alpha;1;0.7778489116517285
S004;381;F06->alpha;1;0.9254345837145471
S004;395;F06->alpha;1;0.8958333333333334
S004;466;F06->alpha;0;0.8662116040955632
S004;552;F06->alpha;1;0.8538095238095238
S004;665;F06->alpha;1;0.8287104622871047
S004;667;F06->alpha;1;0.8287104622871047
S004;799;F06->alpha;1;0.8729591836734694
S004;864;F06->alpha;1;0.8087748344370861
S004;919;F06->alpha;0;0.7658536585365854
S004;927;F06->alpha;0;0.8245518739815317
S004;929;F06->alpha;0;0.7684491978609626
S004;991;F06->alpha;1;0.9309173272933182
S004;1012;F06->alpha;1;0.8185840707964602
S004;1054;F06->alpha;1;0.7658536585365854
S004;1056;F06->alpha;1;0.8600405679513184
S004;1131;F06->alpha;0;0.8287104622871047
S004;1148;F06->alpha;0;0.7778489116517285
S004;1150;F06->alpha;1;0.8287104622871047
S004;1157;F06->alpha;1;0.8538095238095238
S004;1180;F06->alpha;0;0.7658371040723982
S004;1182;F06->alpha;0;0.7740076824583867
S004;1184;F06->alpha;0;0.7740076824583867
S004;1192;F06->alpha;1;0.8292228943694742
S004;1320;F06->alpha;1;0.9429280397022333
S004;1329;F06->alpha;1;0.8538095238095238
S004;1356;F06->alpha;1;0.9429280397022333
S005;22;F06->alpha;1;0.882808181315644
S005;35;F06->alpha;0;0.7740076824583867
S005;37;F06->alpha;0;0.8656410256410256
S005;51;F06->alpha;1;0.8729591836734694
S005;74;F06->alpha;1;0.8245518739815317
S005;122;F06->alpha;1;0.8662116040955632
S005;138;F06->alpha;1;0.7684491978609626
S005;140;F06->alpha;1;0.8155067725361981
S005;223;F06->alpha;0;0.8287104622871047
S005;262;F06->alpha;1;0.9309173272933182
S005;264;F06->alpha;1;0.895330112721417
S005;270;F06->alpha;0;0.9133202742409402
S005;272;F06->alpha;0;0.8873517786561265
S005;274;F06->alpha;0;0.7632211538461539
S005;296;F06->alpha;1;0.7778489116517285
S005;308;F06->alpha;1;0.8538095238095238
S005;326;F06->alpha;1;0.7530186608122942
S005;337;F06->alpha;1;0.9133202742409402
S005;358;F06->alpha;1;0.8292228943694742
S005;360;F06->alpha;1;0.8577319587628865
S005;396;F06->alpha;1;0.7658536585365854
S005;398;F06->alpha;1;0.7658536585365854
S005;414;F06->alpha;0;0.8087748344370861
S005;447;F06->alpha;1;0.8429319371727748
S005;449;F06->alpha;1;0.7632211538461539
S005;459;F06->alpha;1;0.8519480519480519
S005;516;F06->alpha;1;0.9015025041736227
S005;640;F06->alpha;1;0.8287104622871047
S005;694;F06->alpha;1;0.8245518739815317
S005;720;F06->alpha;1;0.7933884297520661
S005;722;F06->alpha;1;0.7933884297520661
S005;747;F06->alpha;1;0.7658536585365854
S005;795;F06->alpha;0;0.874251497005988
S005;916;F06->alpha;1;0.9587443946188341
S005;958;F06->alpha;1;0.8955916473317865
S005;963;F06->alpha;1;0.8349673202614379
S005;972;F06->alpha;1;0.7684491978609626
S005;974;F06->alpha;1;0.8155067725361981
S006;43;F06->alpha;0;0.7933884297520661
S006;86;F06->alpha;1;0.9254345837145471
S006;111;F06->alpha;0;0.882808181315644
S006;197;F06->alpha;1;0.7778489116517285
S006;199;F06->alpha;1;0.7778489116517285
S006;201;F06->alpha;1;0.7778489116517285
S006;220;F06->alpha;1;0.8600405679513184
S006;258;F06->alpha;1;0.910212474297464
S006;260;F06->alpha;1;0.8577319587628865
S006;344;F06->alpha;1;0.9015025041736227
S006;406;F06->alpha;1;0.7530186608122942
S006;445;F06->alpha;0;0.8600405679513184
S006;447;F06->alpha;0;0.8185840707964602
S006;449;F06->alpha;0;0.8155067725361981
S006;460;F06->alpha;1;0.7778489116517285
S006;462;F06->alpha;1;0.7778489116517285
S006;482;F06->alpha;1;0.882808181315644
S006;653;F06->alpha;1;0.882808181315644
S006;655;F06->alpha;1;0.8538095238095238
S006;667;F06->alpha;1;0.8254237288135593
S006;690;F06->alpha;1;0.8185840707964602
S006;718;F06->alpha;1;0.895330112721417
S006;725;F06->alpha;1;0.8292228943694742
S006;761;F06->alpha;0;0.8245518739815317
S006;763;F06->alpha;0;0.7684491978609626
S006;768;F06->alpha;1;0.8287104622871047
S006;806;F06->alpha;1;0.8600405679513184
S006;808;F06->alpha;1;0.7658536585365854
S006;849;F06->alpha;1;0.8087748344370861
S006;896;F06->alpha;1;0.910212474297464
S006;901;F06->alpha;1;0.9015025041736227
S006;940;F06->alpha;1;0.7778489116517285
S006;977;F06->alpha;1;0.9254345837145471
S006;979;F06->alpha;1;0.91792656587473
S006;981;F06->alpha;1;0.8449111470113085
S006;986;F06->alpha;1;0.910212474297464
S006;988;F06->alpha;1;0.8292228943694742
S006;990;F06->alpha;1;0.8292228943694742
S006;992;F06->alpha;1;0.7530186608122942
S006;1010;F06->alpha;1;0.7658371040723982
S006;1131;F06->alpha;1;0.8292228943694742
S006;1133;F06->alpha;1;0.8577319587628865
S006;1135;F06->alpha;1;0.9469339622641509
S006;1167;F06->alpha;1;0.8155067725361981
S006;1174;F06->alpha;1;0.8538095238095238
S006;1194;F06->alpha;1;0.8705501618122977
S006;1196;F06->alpha;1;0.9133202742409402
S006;1198;F06->alpha;1;0.7962962962962963
S006;1217;F06->alpha;1;0.9254345837145471
S006;1228;F06->alpha;1;0.9400749063670412
S006;1341;F06->alpha;1;0.9108159392789373
S006;1343;F06->alpha;1;0.8600405679513184
S007;149;F06->alpha;1;0.8292228943694742
S007;154;F06->alpha;1;0.9133202742409402
S007;248;F06->alpha;1;0.9015025041736227
S007;253;F06->alpha;1;0.9254345837145471
S007;255;F06->alpha;0;0.9133202742409402
S007;257;F06->alpha;1;0.8873517786561265
S007;259;F06->alpha;1;0.7632211538461539
S007;281;F06->alpha;1;0.882808181315644
S007;288;F06->alpha;1;0.8449111470113085
S007;377;F06->alpha;1;0.8656410256410256
S007;382;F06->alpha;1;0.910212474297464
S007;384;F06->alpha;1;0.9254345837145471
S007;386;F06->alpha;1;0.8547008547008547
S007;473;F06->alpha;1;0.8155067725361981
S007;483;F06->alpha;1;0.8538095238095238
S007;491;F06->alpha;1;0.882808181315644
S007;528;F06->alpha;1;0.9015025041736227
S007;571;F06->alpha;1;0.9015025041736227
S007;600;F06->alpha;1;0.7740076824583867
S007;619;F06->alpha;1;0.8729591836734694
S007;647;F06->alpha;1;0.7684491978609626
S007;670;F06->alpha;1;0.8449111470113085
S007;865;F06->alpha;1;0.8547008547008547
S007;915;F06->alpha;1;0.9400749063670412
S007;924;F06->alpha;1;0.8600405679513184
S007;976;F06->alpha;1;0.8155067725361981
S007;1059;F06->alpha;1;0.8245518739815317
S007;1099;F06->alpha;0;0.8538095238095238
S007;1110;F06->alpha;0;0.7778489116517285
S007;1185;F06->alpha;0;0.874251497005988
S007;1372;F06->alpha;1;0.8958333333333334
S007;1374;F06->alpha;1;0.910212474297464
S008;89;F06->alpha;1;0.8087748344370861
S008;91;F06->alpha;1;0.8656410256410256
S008;93;F06->alpha;1;0.8292228943694742
S008;177;F06->alpha;1;0.895330112721417
S008;219;F06->alpha;1;0.7530186608122942
S008;265;F06->alpha;1;0.7658371040723982
S008;331;F06->alpha;1;0.7933884297520661
S008;360;F06->alpha;0;0.8472222222222222
S008;362;F06->alpha;1;0.8519480519480519
S008;370;F06->alpha;1;0.7530186608122942
S008;424;F06->alpha;0;0.9108159392789373
S008;435;F06->alpha;0;0.9429280397022333
S008;469;F06->alpha;1;0.8449111470113085
S008;478;F06->alpha;1;0.8185840707964602
S008;503;F06->alpha;1;0.9133202742409402
S008;505;F06->alpha;1;0.7962962962962963
S008;542;F06->alpha;1;0.7684491978609626
S008;592;F06->alpha;1;0.8705501618122977
S008;629;F06->alpha;1;0.8973384030418251
S008;662;F06->alpha;0;0.8245518739815317
S008;704;F06->alpha;1;0.9469339622641509
S008;706;F06->alpha;1;0.874251497005988
S008;772;F06->alpha;0;0.7778489116517285
S008;779;F06->alpha;1;0.7778489116517285
S008;791;F06->alpha;1;0.8287104622871047
S008;822;F06->alpha;0;0.7530186608122942
S008;858;F06->alpha;1;0.8185840707964602
S008;915;F06->alpha;1;0.8538095238095238
S008;948;F06->alpha;1;0.7962962962962963
S008;957;F06->alpha;1;0.8349673202614379
S008;959;F06->alpha;1;0.8185840707964602
S008;961;F06->alpha;1;0.8185840707964602
S008;969;F06->alpha;1;0.8245518739815317
S008;1004;F06->alpha;0;0.8955916473317865
S008;1006;F06->alpha;1;0.8782742681047766
S008;1045;F06->alpha;0;0.7684491978609626
S008;1047;F06->alpha;0;0.7684491978609626
S008;1208;F06->alpha;1;0.7530186608122942
S008;1338;F06->alpha;1;0.9108159392789373
S008;1340;F06->alpha;1;0.9108159392789373
S008;1351;F06->alpha;1;0.9254345837145471
S008;1406;F06->alpha;0;0.8292228943694742
S009;72;F06->alpha;1;0.8600405679513184
S009;102;F06->alpha;1;0.8662116040955632
S009;170;F06->alpha;1;0.9133202742409402
S009;222;F06->alpha;1;0.8821292775665399
S009;296;F06->alpha;1;0.8577319587628865
S009;325;F06->alpha;1;0.8155067725361981
S009;327;F06->alpha;1;0.9254345837145471
S009;340;F06->alpha;1;0.7658536585365854
S009;342;F06->alpha;1;0.7658536585365854
S009;356;F06->alpha;1;0.8519480519480519
S009;369;F06->alpha;1;0.91792656587473
S009;396;F06->alpha;1;0.8599695585996956
S009;422;F06->alpha;1;0.7684491978609626
S009;427;F06->alpha;1;0.8498727735368957
S009;449;F06->alpha;1;0.8577319587628865
S009;489;F06->alpha;0;0.910212474297464
S009;491;F06->alpha;0;0.9469339622641509
S009;511;F06->alpha;1;0.8729591836734694
S009;544;F06->alpha;1;0.9254345837145471
S009;643;F06->alpha;1;0.8873517786561265
S009;663;F06->alpha;1;0.9102040816326531
S009;665;F06->alpha;1;0.9133202742409402
S009;667;F06->alpha;1;0.8401486988847584
S009;673;F06->alpha;1;0.8706199460916442
S009;678;F06->alpha;1;0.8821292775665399
S009;680;F06->alpha;1;0.8600405679513184
S009;688;F06->alpha;1;0.8155067725361981
S009;807;F06->alpha;1;0.7632211538461539
S009;841;F06->alpha;1;0.8538095238095238
S009;846;F06->alpha;1;0.8254237288135593
S009;898;F06->alpha;1;0.8287104622871047
S009;900;F06->alpha;1;0.8287104622871047
S009;902;F06->alpha;1;0.8538095238095238
S009;945;F06->alpha;1;0.9587443946188341
S009;950;F06->alpha;1;0.9015025041736227
S009;978;F06->alpha;1;0.7658371040723982
S009;1078;F06->alpha;1;0.8656410256410256
S009;1106;F06->alpha;1;0.7530186608122942
S009;1125;F06->alpha;1;0.7684491978609626
S009;1127;F06->alpha;1;0.8155067725361981
S009;1139;F06->alpha;1;0.8973384030418251
S009;1152;F06->alpha;1;0.7740076824583867
S009;1154;F06->alpha;1;0.7740076824583867
S009;1208;F06->alpha;1;0.9400749063670412
S009;1372;F06->alpha;1;0.8185840707964602
S009;1378;F06->alpha;1;0.8662116040955632
S010;53;F06->alpha;1;0.9469339622641509
S010;55;F06->alpha;1;0.8955916473317865
S010;71;F06->alpha;1;0.9254345837145471
S010;116;F06->alpha;1;0.9309173272933182
S010;176;F06->alpha;1;0.8538095238095238
S010;321;F06->alpha;1;0.9469339622641509
S010;323;F06->alpha;1;0.9469339622641509
S010;339;F06->alpha;1;0.874251497005988
S010;341;F06->alpha;1;0.8599695585996956
S010;393;F06->alpha;1;0.8292228943694742
S010;457;F06->alpha;1;0.8577319587628865
S010;527;F06->alpha;1;0.8449111470113085
S010;689;F06->alpha;1;0.8973384030418251
S010;694;F06->alpha;1;0.8656410256410256
S010;713;F06->alpha;1;0.8155067725361981
S010;719;F06->alpha;1;0.882808181315644
S010;795;F06->alpha;1;0.9309173272933182
S010;797;F06->alpha;1;0.895330112721417
S010;854;F06->alpha;1;0.8361522198731501
S010;856;F06->alpha;1;0.7933884297520661
S010;861;F06->alpha;1;0.8361522198731501
S010;879;F06->alpha;1;0.8155067725361981
S010;1001;F06->alpha;1;0.8185840707964602
S010;1089;F06->alpha;1;0.8087748344370861
S010;1122;F06->alpha;1;0.9102040816326531
S010;1145;F06->alpha;1;0.8287104622871047
S010;1160;F06->alpha;1;0.875
S010;1181;F06->alpha;1;0.910212474297464
S011;53;F06->alpha;1;0.8577319587628865
S011;72;F06->alpha;1;0.8349673202614379
S011;97;F06->alpha;1;0.8910256410256411
S011;127;F06->alpha;1;0.9469339622641509
S011;129;F06->alpha;1;0.9309173272933182
S011;188;F06->alpha;1;0.8577319587628865
S011;190;F06->alpha;1;0.910212474297464
S011;273;F06->alpha;0;0.7632211538461539
S011;287;F06->alpha;1;0.8662116040955632
S011;318;F06->alpha;1;0.8087748344370861
S011;333;F06->alpha;1;0.7684491978609626
S011;362;F06->alpha;1;0.8361522198731501
S011;409;F06->alpha;1;0.7530186608122942
S011;417;F06->alpha;1;0.910212474297464
S011;456;F06->alpha;1;0.910212474297464
S011;458;F06->alpha;1;0.910212474297464
S011;471;F06->alpha;1;0.7658371040723982
S011;634;F06->alpha;1;0.8429319371727748
S011;674;F06->alpha;1;0.7632211538461539
S011;703;F06->alpha;0;0.8449111470113085
S011;791;F06->alpha;1;0.9254345837145471
S011;829;F06->alpha;0;0.8287104622871047
S011;846;F06->alpha;1;0.7778489116517285
S011;883;F06->alpha;1;0.9587443946188341
S011;910;F06->alpha;1;0.9254345837145471
S011;976;F06->alpha;1;0.7658536585365854
S011;978;F06->alpha;1;0.8185840707964602
S011;998;F06->alpha;1;0.8245518739815317
S011;1059;F06->alpha;1;0.8662116040955632
S011;1064;F06->alpha;1;0.8538095238095238
S011;1084;F06->alpha;1;0.8502994011976048
S011;1126;F06->alpha;0;0.8287104622871047
S011;1137;F06->alpha;1;0.7778489116517285
S011;1191;F06->alpha;1;0.7632211538461539
S011;1200;F06->alpha;1;0.9328537170263789
S011;1219;F06->alpha;1;0.7658371040723982
S011;1245;F06->alpha;1;0.9328537170263789
S011;1346;F06->alpha;1;0.7658536585365854
S011;1356;F06->alpha;1;0.8155067725361981
S011;1404;F06->alpha;1;0.9133202742409402
S012;33;F06->alpha;0;0.7778489116517285
S012;44;F06->alpha;0;0.7778489116517285
S012;49;F06->alpha;0;0.8538095238095238
S012;65;F06->alpha;1;0.7778489116517285
S012;76;F06->alpha;1;0.8538095238095238
S012;99;F06->alpha;1;0.9469339622641509
S012;101;F06->alpha;1;0.8955916473317865
S012;132;F06->alpha;1;0.7658536585365854
S012;169;F06->alpha;1;0.8401486988847584
S012;228;F06->alpha;0;0.8449111470113085
S012;298;F06->alpha;1;0.8600405679513184
S012;300;F06->alpha;1;0.8600405679513184
S012;339;F06->alpha;1;0.9309173272933182
S012;341;F06->alpha;1;0.895330112721417
S012;365;F06->alpha;0;0.7740076824583867
S012;543;F06->alpha;1;0.9254345837145471
S012;563;F06->alpha;1;0.8958333333333334
S012;576;F06->alpha;1;0.7684491978609626
S012;625;F06->alpha;0;0.8292228943694742
S012;630;F06->alpha;0;0.9015025041736227
S012;648;F06->alpha;1;0.8361522198731501
S012;654;F06->alpha;1;0.9015025041736227
S012;668;F06->alpha;1;0.8254237288135593
S012;711;F06->alpha;1;0.874251497005988
S012;762;F06->alpha;1;0.9429280397022333
S012;810;F06->alpha;1;0.8705501618122977
S012;816;F06->alpha;1;0.7658536585365854
S012;889;F06->alpha;0;0.8155067725361981
S012;897;F06->alpha;0;0.7778489116517285
S012;923;F06->alpha;1;0.8287104622871047
S012;1051;F06->alpha;0;0.8449111470113085
S012;1053;F06->alpha;0;0.7740076824583867
S012;1067;F06->alpha;0;0.8361522198731501
S012;1164;F06->alpha;1;0.8287104622871047
S012;1201;F06->alpha;1;0.8538095238095238
S012;1237;F06->alpha;1;0.8245518739815317
S012;1239;F06->alpha;1;0.8538095238095238
S012;1358;F06->alpha;1;0.8656410256410256
S012;1360;F06->alpha;1;0.7740076824583867
S012;1369;F06->alpha;1;0.8782742681047766
S012;1377;F06->alpha;1;0.8245518739815317
S012;1379;F06->alpha;1;0.8662116040955632
S013;20;F06->alpha;0;0.8349673202614379
S013;123;F06->alpha;1;0.9102040816326531
S013;213;F06->alpha;1;0.7684491978609626
S013;296;F06->alpha;1;0.8577319587628865
S013;333;F06->alpha;1;0.7530186608122942
S013;342;F06->alpha;1;0.9254345837145471
S013;368;F06->alpha;1;0.7632211538461539
S013;378;F06->alpha;1;0.8155067725361981
S013;518;F06->alpha;1;0.8349673202614379
S013;588;F06->alpha;1;0.7933884297520661
S013;590;F06->alpha;1;0.7933884297520661
S013;612;F06->alpha;1;0.9254345837145471
S013;614;F06->alpha;1;0.874251497005988
S013;616;F06->alpha;1;0.8782742681047766
S013;618;F06->alpha;1;0.8185840707964602
S013;620;F06->alpha;1;0.8185840707964602
S013;633;F06->alpha;0;0.7740076824583867
S013;639;F06->alpha;0;0.8577319587628865
S013;676;F06->alpha;0;0.8361522198731501
S013;678;F06->alpha;0;0.7933884297520661
S013;680;F06->alpha;0;0.8361522198731501
S013;742;F06->alpha;1;0.9309173272933182
S013;744;F06->alpha;1;0.8449111470113085
S013;750;F06->alpha;1;0.910212474297464
S013;807;F06->alpha;0;0.7530186608122942
S013;865;F06->alpha;1;0.8292228943694742
S013;874;F06->alpha;1;0.7530186608122942
S013;876;F06->alpha;1;0.7933884297520661
S013;891;F06->alpha;1;0.8155067725361981
S013;924;F06->alpha;1;0.7658536585365854
S013;1062;F06->alpha;1;0.7530186608122942
S013;1084;F06->alpha;1;0.9328537170263789
S013;1086;F06->alpha;1;0.8662116040955632
S013;1097;F06->alpha;0;0.8599695585996956
S013;1171;F06->alpha;0;0.8245518739815317
S013;1202;F06->alpha;1;0.8287104622871047
S013;1204;F06->alpha;1;0.7778489116517285
S013;1237;F06->alpha;1;0.8599695585996956
S013;1239;F06->alpha;1;0.8185840707964602
S013;1358;F06->alpha;1;0.8087748344370861
S013;1395;F06->alpha;1;0.7684491978609626
S013;1397;F06->alpha;1;0.7684491978609626
S014;17;F06->alpha;1;0.7530186608122942
S014;25;F06->alpha;1;0.8361522198731501
S014;105;F06->alpha;1;0.8287104622871047
S014;119;F06->alpha;1;0.8955916473317865
S014;121;F06->alpha;1;0.7632211538461539
S014;140;F06->alpha;1;0.8087748344370861
S014;232;F06->alpha;1;0.7740076824583867
S014;234;F06->alpha;1;0.7740076824583867
S014;245;F06->alpha;1;0.8577319587628865
S014;247;F06->alpha;1;0.9015025041736227
S014;271;F06->alpha;1;0.7778489116517285
S014;304;F06->alpha;1;0.7658536585365854
S014;306;F06->alpha;1;0.7684491978609626
S014;311;F06->alpha;1;0.8155067725361981
S014;332;F06->alpha;1;0.8718703976435935
S014;334;F06->alpha;1;0.8432055749128919
S014;410;F06->alpha;1;0.8662116040955632
S014;447;F06->alpha;1;0.7684491978609626
S014;476;F06->alpha;1;0.9206081081081081
S014;478;F06->alpha;1;0.8821292775665399
S014;587;F06->alpha;1;0.8087748344370861
S014;592;F06->alpha;1;0.9133202742409402
S014;665;F06->alpha;1;0.7658536585365854
S014;667;F06->alpha;1;0.7658536585365854
S014;698;F06->alpha;1;0.91792656587473
S014;708;F06->alpha;1;0.7530186608122942
S014;710;F06->alpha;1;0.8292228943694742
S014;712;F06->alpha;1;0.8292228943694742
S014;785;F06->alpha;1;0.9133202742409402
S014;821;F06->alpha;1;0.8577319587628865
S014;894;F06->alpha;1;0.8087748344370861
S014;943;F06->alpha;1;0.9133202742409402
S014;945;F06->alpha;1;0.8973384030418251
S014;994;F06->alpha;1;0.7778489116517285
S014;1059;F06->alpha;1;0.8287104622871047
S014;1099;F06->alpha;1;0.910212474297464
S014;1248;F06->alpha;1;0.8155067725361981
S014;1347;F06->alpha;1;0.8185840707964602
S014;1352;F06->alpha;1;0.9328537170263789
S014;1407;F06->alpha;1;0.7740076824583867
S015;40;F06->alpha;1;0.8958333333333334
S015;67;F06->alpha;0;0.7933884297520661
S015;91;F06->alpha;1;0.8729591836734694
S015;93;F06->alpha;1;0.8729591836734694
S015;106;F06->alpha;1;0.7658536585365854
S015;130;F06->alpha;1;0.9254345837145471
S015;168;F06->alpha;1;0.8955916473317865
S015;170;F06->alpha;1;0.8599695585996956
S015;249;F06->alpha;1;0.8502994011976048
S015;286;F06->alpha;1;0.9309173272933182
S015;320;F06->alpha;1;0.8718703976435935
S015;341;F06->alpha;0;0.9206081081081081
S015;343;F06->alpha;0;0.8600405679513184
S015;413;F06->alpha;1;0.8729591836734694
S015;438;F06->alpha;1;0.8821292775665399
S015;453;F06->alpha;1;0.8705501618122977
S015;477;F06->alpha;1;0.8873517786561265
S015;520;F06->alpha;1;0.8873517786561265
S015;606;F06->alpha;1;0.7933884297520661
S015;608;F06->alpha;1;0.7933884297520661
S015;633;F06->alpha;1;0.8349673202614379
S015;776;F06->alpha;1;0.8782742681047766
S015;792;F06->alpha;1;0.7684491978609626
S015;801;F06->alpha;1;0.9429280397022333
S015;826;F06->alpha;1;0.8662116040955632
S015;828;F06->alpha;1;0.7684491978609626
S015;890;F06->alpha;0;0.7658371040723982
S015;896;F06->alpha;1;0.8577319587628865
S015;914;F06->alpha;1;0.8729591836734694
S015;923;F06->alpha;1;0.8599695585996956
S015;925;F06->alpha;1;0.8185840707964602
S015;930;F06->alpha;1;0.8245518739815317
S015;942;F06->alpha;1;0.882808181315644
S015;960;F06->alpha;1;0.8155067725361981
S015;975;F06->alpha;1;0.8538095238095238
S015;985;F06->alpha;0;0.7658371040723982
S016;73;F06->alpha;1;0.8498727735368957
S016;83;F06->alpha;1;0.8955916473317865
S016;113;F06->alpha;1;0.8599695585996956
S016;115;F06->alpha;1;0.8821292775665399
S016;130;F06->alpha;1;0.8287104622871047
S016;159;F06->alpha;1;0.8245518739815317
S016;169;F06->alpha;1;0.9429280397022333
S016;222;F06->alpha;1;0.8547008547008547
S016;224;F06->alpha;1;0.8349673202614379
S016;274;F06->alpha;1;0.7658536585365854
S016;279;F06->alpha;1;0.8245518739815317
S016;281;F06->alpha;1;0.8245518739815317
S016;404;F06->alpha;1;0.9587443946188341
S016;406;F06->alpha;0;0.9133202742409402
S016;408;F06->alpha;0;0.9102040816326531
S016;462;F06->alpha;1;0.7933884297520661
S016;494;F06->alpha;0;0.7684491978609626
S016;527;F06->alpha;1;0.7778489116517285
S016;648;F06->alpha;1;0.9015025041736227
S016;650;F06->alpha;1;0.8729591836734694
S016;679;F06->alpha;1;0.7740076824583867
S016;740;F06->alpha;0;0.7629310344827587
S016;759;F06->alpha;1;0.8287104622871047
S016;826;F06->alpha;1;0.8373983739837398
S016;857;F06->alpha;1;0.8599695585996956
S016;909;F06->alpha;1;0.8292228943694742
S016;931;F06->alpha;1;0.7530186608122942
S016;933;F06->alpha;1;0.7530186608122942
S016;954;F06->alpha;0;0.8185840707964602
S016;1006;F06->alpha;0;0.8729591836734694
S016;1008;F06->alpha;1;0.8729591836734694
S016;1019;F06->alpha;1;0.8361522198731501
S016;1042;F06->alpha;0;0.9254345837145471
S016;1105;F06->alpha;1;0.8577319587628865
S016;1118;F06->alpha;1;0.7933884297520661
S016;1140;F06->alpha;1;0.9328537170263789
S016;1153;F06->alpha;1;0.8287104622871047
S016;1245;F06->alpha;1;0.9587443946188341
S016;1370;F06->alpha;1;0.8782742681047766
S016;1393;F06->alpha;1;0.9429280397022333
S016;1405;F06->alpha;1;0.8185840707964602
S016;1407;F06->alpha;1;0.8821292775665399
S016;1409;F06->alpha;1;0.7684491978609626
S017;104;F06->alpha;1;0.8292228943694742
S017;106;F06->alpha;1;0.7530186608122942
S017;135;F06->alpha;1;0.895330112721417
S017;177;F06->alpha;1;0.9328537170263789
S017;195;F06->alpha;1;0.9469339622641509
S017;197;F06->alpha;1;0.874251497005988
S017;213;F06->alpha;1;0.8155067725361981
S017;224;F06->alpha;1;0.7778489116517285
S017;226;F06->alpha;1;0.7778489116517285
S017;236;F06->alpha;1;0.8538095238095238
S017;252;F06->alpha;1;0.7530186608122942
S017;301;F06->alpha;1;0.7778489116517285
S017;386;F06->alpha;1;0.8087748344370861
S017;405;F06->alpha;1;0.7933884297520661
S017;481;F06->alpha;1;0.9328537170263789
S017;500;F06->alpha;1;0.8577319587628865
S017;575;F06->alpha;1;0.7962962962962963
S017;650;F06->alpha;1;0.7658536585365854
S017;702;F06->alpha;0;0.9015025041736227
S017;727;F06->alpha;1;0.7933884297520661
S017;813;F06->alpha;1;0.8910256410256411
S017;1033;F06->alpha;1;0.8782742681047766
S017;1153;F06->alpha;1;0.8287104622871047
S017;1155;F06->alpha;1;0.7778489116517285
S017;1171;F06->alpha;0;0.8705501618122977
S017;1176;F06->alpha;0;0.8087748344370861
S017;1178;F06->alpha;0;0.8087748344370861
S017;1223;F06->alpha;0;0.7684491978609626
S017;1252;F06->alpha;1;0.882808181315644
S017;1409;F06->alpha;1;0.9400749063670412
S018;19;F06->alpha;0;0.8502994011976048
S018;29;F06->alpha;1;0.8577319587628865
S018;49;F06->alpha;1;0.8729591836734694
S018;56;F06->alpha;1;0.9102040816326531
S018;92;F06->alpha;1;0.8349673202614379
S018;146;F06->alpha;1;0.7933884297520661
S018;193;F06->alpha;1;0.8577319587628865
S018;216;F06->alpha;1;0.874251497005988
S018;221;F06->alpha;1;0.8600405679513184
S018;223;F06->alpha;1;0.8185840707964602
S018;230;F06->alpha;1;0.9223826714801444
S018;315;F06->alpha;1;0.9102040816326531
S018;341;F06->alpha;1;0.8087748344370861
S018;343;F06->alpha;1;0.8292228943694742
S018;363;F06->alpha;1;0.7629310344827587
S018;365;F06->alpha;1;0.8349673202614379
S018;367;F06->alpha;1;0.8185840707964602
S018;390;F06->alpha;1;0.9469339622641509
S018;403;F06->alpha;0;0.8662116040955632
S018;420;F06->alpha;1;0.8287104622871047
S018;447;F06->alpha;1;0.9309173272933182
S018;464;F06->alpha;1;0.7740076824583867
S018;558;F06->alpha;1;0.9309173272933182
S018;560;F06->alpha;1;0.895330112721417
S018;605;F06->alpha;1;0.882808181315644
S018;660;F06->alpha;1;0.7632211538461539
S018;690;F06->alpha;1;0.9328537170263789
S018;692;F06->alpha;1;0.7684491978609626
S018;704;F06->alpha;0;0.7962962962962963
S018;745;F06->alpha;1;0.9254345837145471
S018;772;F06->alpha;1;0.8292228943694742
S018;893;F06->alpha;1;0.9429280397022333
S018;902;F06->alpha;1;0.882808181315644
S018;948;F06->alpha;0;0.8292228943694742
S018;990;F06->alpha;1;0.7933884297520661
S018;992;F06->alpha;1;0.8361522198731501
S018;1047;F06->alpha;1;0.8087748344370861
S018;1049;F06->alpha;1;0.7530186608122942
S018;1051;F06->alpha;1;0.7530186608122942
S018;1106;F06->alpha;1;0.8873517786561265
S018;1136;F06->alpha;1;0.9015025041736227
S018;1197;F06->alpha;1;0.882808181315644
S018;1215;F06->alpha;1;0.8600405679513184
S018;1222;F06->alpha;1;0.8155067725361981
S018;1237;F06->alpha;1;0.7658536585365854
S018;1325;F06->alpha;1;0.9102040816326531
S018;1357;F06->alpha;1;0.9400749063670412
S018;1369;F06->alpha;1;0.7530186608122942
S019;42;F06->alpha;0;0.8600405679513184
S019;44;F06->alpha;1;0.8821292775665399
S019;61;F06->alpha;1;0.882808181315644
S019;99;F06->alpha;1;0.91792656587473
S019;101;F06->alpha;1;0.8973384030418251
S019;107;F06->alpha;1;0.8656410256410256
S019;185;F06->alpha;1;0.882808181315644
S019;273;F06->alpha;1;0.8254237288135593
S019;295;F06->alpha;0;0.8958333333333334
S019;297;F06->alpha;1;0.8958333333333334
S019;364;F06->alpha;0;0.7933884297520661
S019;378;F06->alpha;1;0.9015025041736227
S019;380;F06->alpha;1;0.8729591836734694
S019;392;F06->alpha;1;0.7933884297520661
S019;394;F06->alpha;1;0.8361522198731501
S019;449;F06->alpha;1;0.7740076824583867
S019;459;F06->alpha;1;0.8656410256410256
S019;528;F06->alpha;1;0.8349673202614379
S019;530;F06->alpha;1;0.7658536585365854
S019;532;F06->alpha;1;0.8185840707964602
S019;601;F06->alpha;1;0.8514851485148515
S019;653;F06->alpha;1;0.7684491978609626
S019;780;F06->alpha;1;0.8662116040955632
S019;810;F06->alpha;1;0.9587443946188341
S019;820;F06->alpha;1;0.9133202742409402
S019;822;F06->alpha;1;0.8973384030418251
S019;900;F06->alpha;0;0.7740076824583867
S019;927;F06->alpha;1;0.7933884297520661
S019;960;F06->alpha;1;0.8600405679513184
S019;998;F06->alpha;1;0.9587443946188341
S019;1030;F06->alpha;1;0.8287104622871047
S019;1153;F06->alpha;1;0.8782742681047766
S019;1167;F06->alpha;1;0.7658536585365854
S019;1177;F06->alpha;1;0.8245518739815317
S019;1182;F06->alpha;1;0.8538095238095238
S019;1184;F06->alpha;1;0.882808181315644
S019;1189;F06->alpha;1;0.8401486988847584
S019;1208;F06->alpha;1;0.9015025041736227
S019;1233;F06->alpha;0;0.8514851485148515
S019;1332;F06->alpha;1;0.7632211538461539
S019;1348;F06->alpha;1;0.8706199460916442
S019;1366;F06->alpha;1;0.8910256410256411
S019;1384;F06->alpha;1;0.8472222222222222
S019;1394;F06->alpha;1;0.8577319587628865
S019;1396;F06->alpha;1;0.8292228943694742
S020;11;F06->alpha;1;0.8349673202614379
S020;23;F06->alpha;1;0.8821292775665399
S020;92;F06->alpha;1;0.7684491978609626
S020;94;F06->alpha;1;0.8155067725361981
S020;215;F06->alpha;1;0.9309173272933182
S020;318;F06->alpha;1;0.8519480519480519
S020;418;F06->alpha;1;0.8782742681047766
S020;525;F06->alpha;1;0.8287104622871047
S020;557;F06->alpha;1;0.7740076824583867
S020;559;F06->alpha;1;0.8087748344370861
S020;672;F06->alpha;1;0.9309173272933182
S020;789;F06->alpha;1;0.7658371040723982
S020;801;F06->alpha;1;0.8599695585996956
S020;883;F06->alpha;1;0.9254345837145471
S020;898;F06->alpha;1;0.8599695585996956
S020;948;F06->alpha;1;0.7933884297520661
S020;950;F06->alpha;1;0.7933884297520661
S020;1023;F06->alpha;1;0.8287104622871047
S020;1025;F06->alpha;1;0.8538095238095238
S020;1052;F06->alpha;1;0.8656410256410256
S020;1112;F06->alpha;1;0.8599695585996956
S020;1138;F06->alpha;1;0.9254345837145471
S020;1166;F06->alpha;1;0.8577319587628865
S020;1174;F06->alpha;1;0.9133202742409402
S020;1176;F06->alpha;1;0.9102040816326531
S020;1199;F06->alpha;1;0.7933884297520661
S020;1208;F06->alpha;1;0.8729591836734694
S020;1210;F06->alpha;1;0.8729591836734694
S021;29;F06->alpha;1;0.7684491978609626
S021;55;F06->alpha;1;0.8656410256410256
S021;68;F06->alpha;1;0.7795698924731183
S021;76;F06->alpha;1;0.910212474297464
S021;151;F06->alpha;1;0.8600405679513184
S021;266;F06->alpha;1;0.9133202742409402
S021;316;F06->alpha;1;0.9015025041736227
S021;318;F06->alpha;1;0.9015025041736227
S021;419;F06->alpha;1;0.8662116040955632
S021;478;F06->alpha;0;0.7740076824583867
S021;503;F06->alpha;1;0.8361522198731501
S021;511;F06->alpha;1;0.9254345837145471
S021;579;F06->alpha;1;0.7684491978609626
S021;584;F06->alpha;1;0.9254345837145471
S021;594;F06->alpha;1;0.8599695585996956
S021;627;F06->alpha;1;0.7778489116517285
S021;638;F06->alpha;1;0.9309173272933182
S021;668;F06->alpha;1;0.8292228943694742
S021;685;F06->alpha;1;0.8821292775665399
S021;788;F06->alpha;1;0.9254345837145471
S021;790;F06->alpha;1;0.7629310344827587
S021;792;F06->alpha;1;0.8349673202614379
S021;872;F06->alpha;1;0.8287104622871047
S021;952;F06->alpha;1;0.7684491978609626
S021;1006;F06->alpha;1;0.9429280397022333
S021;1055;F06->alpha;1;0.9469339622641509
S021;1104;F06->alpha;0;0.8401486988847584
S021;1106;F06->alpha;0;0.8254237288135593
S021;1108;F06->alpha;0;0.8087748344370861
S021;1168;F06->alpha;1;0.9429280397022333
S021;1173;F06->alpha;1;0.9223826714801444
S021;1184;F06->alpha;1;0.8705501618122977
S021;1320;F06->alpha;0;0.7740076824583867
S021;1369;F06->alpha;0;0.9133202742409402
S022;16;F06->alpha;1;0.8349673202614379
S022;18;F06->alpha;1;0.8600405679513184
S022;20;F06->alpha;1;0.7658536585365854
S022;70;F06->alpha;1;0.8155067725361981
S022;112;F06->alpha;0;0.7530186608122942
S022;141;F06->alpha;1;0.8729591836734694
S022;143;F06->alpha;1;0.8729591836734694
S022;199;F06->alpha;1;0.9102040816326531
S022;228;F06->alpha;1;0.9309173272933182
S022;243;F06->alpha;1;0.8401486988847584
S022;381;F06->alpha;1;0.7658536585365854
S022;412;F06->alpha;1;0.8910256410256411
S022;427;F06->alpha;1;0.7658371040723982
S022;429;F06->alpha;1;0.7740076824583867
S022;440;F06->alpha;1;0.8656410256410256
S022;498;F06->alpha;1;0.9133202742409402
S022;545;F06->alpha;1;0.8498727735368957
S022;571;F06->alpha;1;0.8185840707964602
S022;573;F06->alpha;1;0.7684491978609626
S022;575;F06->alpha;1;0.8245518739815317
S022;627;F06->alpha;1;0.8287104622871047
S022;638;F06->alpha;0;0.91792656587473
S022;640;F06->alpha;1;0.8254237288135593
S022;685;F06->alpha;1;0.7530186608122942
S022;699;F06->alpha;1;0.8729591836734694
S022;716;F06->alpha;1;0.7658371040723982
S022;765;F06->alpha;1;0.8577319587628865
S022;854;F06->alpha;1;0.8254237288135593
S022;868;F06->alpha;1;0.8955916473317865
S022;907;F06->alpha;1;0.7658371040723982
S022;909;F06->alpha;1;0.7740076824583867
S022;1003;F06->alpha;1;0.8498727735368957
S022;1017;F06->alpha;1;0.9400749063670412
S022;1019;F06->alpha;1;0.8087748344370861
S022;1100;F06->alpha;0;0.875
S022;1120;F06->alpha;1;0.7778489116517285
S022;1205;F06->alpha;1;0.8729591836734694
S022;1207;F06->alpha;1;0.9015025041736227
S022;1243;F06->alpha;1;0.8287104622871047
S023;15;F06->alpha;1;0.9206081081081081
S023;103;F06->alpha;1;0.7684491978609626
S023;113;F06->alpha;1;0.882808181315644
S023;205;F06->alpha;1;0.8245518739815317
S023;242;F06->alpha;1;0.91792656587473
S023;318;F06->alpha;1;0.8245518739815317
S023;320;F06->alpha;1;0.8245518739815317
S023;327;F06->alpha;1;0.8538095238095238
S023;329;F06->alpha;1;0.8287104622871047
S023;331;F06->alpha;1;0.9429280397022333
S023;379;F06->alpha;1;0.8155067725361981
S023;381;F06->alpha;1;0.7684491978609626
S023;422;F06->alpha;1;0.9254345837145471
S023;492;F06->alpha;1;0.8185840707964602
S023;494;F06->alpha;1;0.7658536585365854
S023;513;F06->alpha;0;0.7530186608122942
S023;602;F06->alpha;1;0.7740076824583867
S023;604;F06->alpha;1;0.7740076824583867
S023;606;F06->alpha;1;0.7530186608122942
S023;634;F06->alpha;1;0.9328537170263789
S023;636;F06->alpha;1;0.8705501618122977
S023;685;F06->alpha;1;0.8705501618122977
S023;690;F06->alpha;1;0.9133202742409402
S023;730;F06->alpha;1;0.9254345837145471
S023;732;F06->alpha;1;0.8955916473317865
S023;734;F06->alpha;1;0.9206081081081081
S023;777;F06->alpha;1;0.8729591836734694
S023;779;F06->alpha;1;0.8361522198731501
S023;794;F06->alpha;1;0.8349673202614379
S023;808;F06->alpha;1;0.8155067725361981
S023;900;F06->alpha;1;0.8449111470113085
S023;1009;F06->alpha;1;0.8498727735368957
S023;1011;F06->alpha;1;0.8449111470113085
S023;1028;F06->alpha;1;0.8577319587628865
S023;1030;F06->alpha;1;0.8577319587628865
S023;1041;F06->alpha;0;0.9223826714801444
S023;1139;F06->alpha;0;0.8287104622871047
S023;1180;F06->alpha;1;0.8538095238095238
S023;1204;F06->alpha;0;0.7530186608122942
S023;1209;F06->alpha;0;0.8729591836734694
S023;1357;F06->alpha;1;0.8155067725361981
S023;1359;F06->alpha;1;0.8155067725361981
S024;13;F06->alpha;1;0.8245518739815317
S024;36;F06->alpha;1;0.8577319587628865
S024;78;F06->alpha;1;0.8538095238095238
S024;89;F06->alpha;1;0.8287104622871047
S024;136;F06->alpha;1;0.7778489116517285
S024;142;F06->alpha;1;0.9429280397022333
S024;206;F06->alpha;0;0.8502994011976048
S024;267;F06->alpha;1;0.8600405679513184
S024;269;F06->alpha;1;0.9108159392789373
S024;322;F06->alpha;1;0.8287104622871047
S024;336;F06->alpha;1;0.8472222222222222
S024;338;F06->alpha;1;0.8718703976435935
S024;391;F06->alpha;1;0.8662116040955632
S024;446;F06->alpha;1;0.8155067725361981
S024;451;F06->alpha;1;0.882808181315644
S024;453;F06->alpha;1;0.8538095238095238
S024;496;F06->alpha;1;0.8821292775665399
S024;498;F06->alpha;1;0.8662116040955632
S024;500;F06->alpha;0;0.8705501618122977
S024;591;F06->alpha;1;0.9102040816326531
S024;593;F06->alpha;1;0.8401486988847584
S024;617;F06->alpha;1;0.9429280397022333
S024;619;F06->alpha;1;0.9309173272933182
S024;621;F06->alpha;1;0.8449111470113085
S024;626;F06->alpha;1;0.8087748344370861
S024;637;F06->alpha;1;0.8656410256410256
S024;687;F06->alpha;1;0.882808181315644
S024;689;F06->alpha;1;0.8538095238095238
S024;691;F06->alpha;1;0.882808181315644
S024;706;F06->alpha;1;0.7530186608122942
S024;745;F06->alpha;0;0.7778489116517285
S024;803;F06->alpha;1;0.8577319587628865
S024;828;F06->alpha;1;0.8662116040955632
S024;830;F06->alpha;1;0.9254345837145471
S024;853;F06->alpha;1;0.8782742681047766
S024;967;F06->alpha;0;0.7684491978609626
S024;1032;F06->alpha;1;0.7684491978609626
S024;1034;F06->alpha;1;0.8155067725361981
S024;1071;F06->alpha;1;0.895330112721417
S024;1131;F06->alpha;1;0.91792656587473
S024;1151;F06->alpha;1;0.8547008547008547
S024;1153;F06->alpha;1;0.8349673202614379
S024;1174;F06->alpha;1;0.7684491978609626
S024;1176;F06->alpha;1;0.7684491978609626
S024;1183;F06->alpha;1;0.9429280397022333
S024;1211;F06->alpha;1;0.8821292775665399
S024;1243;F06->alpha;1;0.910212474297464
S024;1245;F06->alpha;1;0.8577319587628865
S024;1325;F06->alpha;1;0.8577319587628865
S024;1334;F06->alpha;1;0.9133202742409402
S024;1380;F06->alpha;1;0.8087748344370861
S024;1382;F06->alpha;1;0.8087748344370861
S025;14;F06->alpha;1;0.9469339622641509
S025;20;F06->alpha;1;0.8361522198731501
S025;28;F06->alpha;1;0.9206081081081081
S025;35;F06->alpha;1;0.8155067725361981
S025;43;F06->alpha;1;0.8245518739815317
S025;45;F06->alpha;1;0.9429280397022333
S025;47;F06->alpha;0;0.8498727735368957
S025;84;F06->alpha;1;0.8955916473317865
S025;86;F06->alpha;1;0.8782742681047766
S025;88;F06->alpha;1;0.9254345837145471
S025;90;F06->alpha;1;0.874251497005988
S025;126;F06->alpha;1;0.882808181315644
S025;277;F06->alpha;1;0.7778489116517285
S025;279;F06->alpha;1;0.7778489116517285
S025;281;F06->alpha;1;0.7778489116517285
S025;294;F06->alpha;1;0.8538095238095238
S025;319;F06->alpha;1;0.7684491978609626
S025;365;F06->alpha;0;0.7740076824583867
S025;447;F06->alpha;1;0.9309173272933182
S025;474;F06->alpha;1;0.8349673202614379
S025;506;F06->alpha;1;0.9133202742409402
S025;511;F06->alpha;1;0.8600405679513184
S025;513;F06->alpha;1;0.8821292775665399
S025;633;F06->alpha;1;0.8373983739837398
S025;652;F06->alpha;1;0.7632211538461539
S025;775;F06->alpha;1;0.882808181315644
S025;791;F06->alpha;1;0.874251497005988
S025;802;F06->alpha;1;0.9469339622641509
S025;804;F06->alpha;1;0.9309173272933182
S025;880;F06->alpha;1;0.8599695585996956
S025;922;F06->alpha;0;0.8729591836734694
S025;1020;F06->alpha;1;0.8973384030418251
S025;1054;F06->alpha;1;0.8287104622871047
S025;1082;F06->alpha;1;0.9328537170263789
S025;1084;F06->alpha;1;0.8718703976435935
S025;1086;F06->alpha;1;0.9254345837145471
S025;1088;F06->alpha;1;0.8362989323843416
S025;1090;F06->alpha;1;0.8254237288135593
S025;1137;F06->alpha;1;0.8705501618122977
S025;1139;F06->alpha;1;0.895330112721417
S025;1194;F06->alpha;1;0.7933884297520661
S026;24;F06->alpha;1;0.8292228943694742
S026;29;F06->alpha;1;0.8577319587628865
S026;56;F06->alpha;1;0.91792656587473
S026;164;F06->alpha;1;0.8361522198731501
S026;166;F06->alpha;1;0.7933884297520661
S026;186;F06->alpha;1;0.8955916473317865
S026;204;F06->alpha;1;0.8577319587628865
S026;206;F06->alpha;1;0.9469339622641509
S026;208;F06->alpha;1;0.9254345837145471
S026;302;F06->alpha;0;0.882808181315644
S026;374;F06->alpha;0;0.8706199460916442
S026;376;F06->alpha;0;0.8599695585996956
S026;378;F06->alpha;1;0.8600405679513184
S026;402;F06->alpha;1;0.882808181315644
S026;461;F06->alpha;1;0.8292228943694742
S026;517;F06->alpha;1;0.9254345837145471
S026;558;F06->alpha;1;0.8087748344370861
S026;572;F06->alpha;1;0.8185840707964602
S026;596;F06->alpha;1;0.9254345837145471
S026;668;F06->alpha;1;0.9254345837145471
S026;670;F06->alpha;1;0.8706199460916442
S026;720;F06->alpha;0;0.7684491978609626
S026;725;F06->alpha;1;0.8155067725361981
S026;727;F06->alpha;1;0.8287104622871047
S026;729;F06->alpha;1;0.8538095238095238
S026;731;F06->alpha;1;0.8538095238095238
S026;744;F06->alpha;1;0.8287104622871047
S026;797;F06->alpha;1;0.9133202742409402
S026;841;F06->alpha;1;0.8155067725361981
S026;893;F06->alpha;1;0.9015025041736227
S026;895;F06->alpha;1;0.8706199460916442
S026;897;F06->alpha;1;0.8599695585996956
S026;915;F06->alpha;1;0.8656410256410256
S026;1142;F06->alpha;1;0.9133202742409402
S026;1159;F06->alpha;1;0.7962962962962963
S026;1190;F06->alpha;1;0.9108159392789373
S026;1222;F06->alpha;1;0.8910256410256411
S026;1246;F06->alpha;1;0.8547008547008547
S026;1325;F06->alpha;1;0.8547008547008547
S026;1327;F06->alpha;1;0.8349673202614379
S026;1329;F06->alpha;1;0.7658536585365854
S027;14;F06->alpha;0;0.7740076824583867
S027;50;F06->alpha;1;0.8361522198731501
S027;111;F06->alpha;1;0.8662116040955632
S027;113;F06->alpha;1;0.9328537170263789
S027;167;F06->alpha;1;0.9015025041736227
S027;187;F06->alpha;1;0.8577319587628865
S027;189;F06->alpha;1;0.8292228943694742
S027;191;F06->alpha;1;0.8577319587628865
S027;200;F06->alpha;1;0.9206081081081081
S027;216;F06->alpha;1;0.910212474297464
S027;252;F06->alpha;1;0.9102040816326531
S027;262;F06->alpha;1;0.8155067725361981
S027;276;F06->alpha;1;0.9133202742409402
S027;286;F06->alpha;1;0.8292228943694742
S027;327;F06->alpha;0;0.7658371040723982
S027;354;F06->alpha;1;0.9587443946188341
S027;428;F06->alpha;1;0.8185840707964602
S027;452;F06->alpha;1;0.882808181315644
S027;465;F06->alpha;1;0.9254345837145471
S027;495;F06->alpha;0;0.882808181315644
S027;511;F06->alpha;1;0.8538095238095238
S027;579;F06->alpha;1;0.8155067725361981
S027;621;F06->alpha;1;0.8656410256410256
S027;665;F06->alpha;1;0.7778489116517285
S027;667;F06->alpha;1;0.7778489116517285
S027;675;F06->alpha;1;0.882808181315644
S027;682;F06->alpha;1;0.9429280397022333
S027;687;F06->alpha;1;0.8472222222222222
S027;721;F06->alpha;1;0.9133202742409402
S027;723;F06->alpha;1;0.8705501618122977
S027;782;F06->alpha;1;0.8362989323843416
S027;871;F06->alpha;1;0.7933884297520661
S027;885;F06->alpha;1;0.91792656587473
S027;933;F06->alpha;1;0.9015025041736227
S027;946;F06->alpha;1;0.8782742681047766
S027;948;F06->alpha;1;0.7658536585365854
S027;950;F06->alpha;1;0.8600405679513184
S027;960;F06->alpha;1;0.8662116040955632
S027;979;F06->alpha;1;0.9469339622641509
S027;981;F06->alpha;1;0.8973384030418251
S027;983;F06->alpha;1;0.9133202742409402
S027;1032;F06->alpha;1;0.882808181315644
S027;1046;F06->alpha;1;0.895330112721417
S027;1067;F06->alpha;1;0.8155067725361981
S027;1080;F06->alpha;1;0.9309173272933182
S027;1196;F06->alpha;1;0.910212474297464
S027;1238;F06->alpha;0;0.8782742681047766
S028;100;F06->alpha;1;0.8087748344370861
S028;102;F06->alpha;1;0.7530186608122942
S028;104;F06->alpha;1;0.7530186608122942
S028;106;F06->alpha;1;0.7530186608122942
S028;108;F06->alpha;1;0.8577319587628865
S028;132;F06->alpha;1;0.9223826714801444
S028;134;F06->alpha;1;0.8656410256410256
S028;145;F06->alpha;1;0.7740076824583867
S028;153;F06->alpha;1;0.7530186608122942
S028;278;F06->alpha;1;0.8185840707964602
S028;280;F06->alpha;1;0.8600405679513184
S028;293;F06->alpha;1;0.8538095238095238
S028;314;F06->alpha;1;0.8577319587628865
S028;316;F06->alpha;1;0.8082191780821918
S028;321;F06->alpha;1;0.8185840707964602
S028;327;F06->alpha;1;0.8245518739815317
S028;363;F06->alpha;1;0.7658371040723982
S028;365;F06->alpha;1;0.8958333333333334
S028;384;F06->alpha;0;0.7658536585365854
S028;430;F06->alpha;1;0.8538095238095238
S028;450;F06->alpha;1;0.8577319587628865
S028;536;F06->alpha;1;0.8254237288135593
S028;633;F06->alpha;1;0.9587443946188341
S028;648;F06->alpha;1;0.9328537170263789
S028;722;F06->alpha;0;0.7530186608122942
S028;733;F06->alpha;1;0.8729591836734694
S028;735;F06->alpha;1;0.8729591836734694
S028;737;F06->alpha;1;0.8729591836734694
S028;739;F06->alpha;1;0.9015025041736227
S028;767;F06->alpha;1;0.7684491978609626
S028;769;F06->alpha;1;0.7684491978609626
S028;804;F06->alpha;0;0.7530186608122942
S028;834;F06->alpha;1;0.9015025041736227
S028;836;F06->alpha;1;0.8729591836734694
S028;849;F06->alpha;1;0.8729591836734694
S028;851;F06->alpha;1;0.8729591836734694
S028;880;F06->alpha;1;0.8910256410256411
S028;923;F06->alpha;1;0.7933884297520661
S028;930;F06->alpha;1;0.9015025041736227
S028;950;F06->alpha;1;0.7530186608122942
S028;952;F06->alpha;1;0.7530186608122942
S028;954;F06->alpha;1;0.8577319587628865
S028;959;F06->alpha;0;0.9206081081081081
S028;977;F06->alpha;1;0.8287104622871047
S028;1070;F06->alpha;1;0.9254345837145471
S028;1088;F06->alpha;0;0.9108159392789373
S028;1155;F06->alpha;1;0.8600405679513184
S028;1205;F06->alpha;1;0.9206081081081081
S028;1233;F06->alpha;1;0.9587443946188341
S028;1320;F06->alpha;1;0.7778489116517285
S028;1343;F06->alpha;1;0.9254345837145471
S028;1399;F06->alpha;1;0.9133202742409402
S028;1404;F06->alpha;1;0.91792656587473
S029;19;F06->alpha;1;0.8662116040955632
S029;52;F06->alpha;1;0.8155067725361981
S029;188;F06->alpha;1;0.9587443946188341
S029;239;F06->alpha;1;0.8538095238095238
S029;241;F06->alpha;1;0.8538095238095238
S029;243;F06->alpha;1;0.7778489116517285
S029;286;F06->alpha;1;0.8155067725361981
S029;332;F06->alpha;1;0.8087748344370861
S029;334;F06->alpha;1;0.7740076824583867
S029;397;F06->alpha;1;0.9328537170263789
S029;445;F06->alpha;0;0.9429280397022333
S029;460;F06->alpha;1;0.8287104622871047
S029;462;F06->alpha;1;0.7778489116517285
S029;479;F06->alpha;1;0.9429280397022333
S029;513;F06->alpha;1;0.9429280397022333
S029;534;F06->alpha;1;0.8502994011976048
S029;565;F06->alpha;1;0.7658536585365854
S029;572;F06->alpha;1;0.8155067725361981
S029;611;F06->alpha;1;0.8245518739815317
S029;659;F06->alpha;1;0.8577319587628865
S029;691;F06->alpha;1;0.8287104622871047
S029;693;F06->alpha;1;0.8287104622871047
S029;765;F06->alpha;0;0.7778489116517285
S029;849;F06->alpha;1;0.882808181315644
S029;907;F06->alpha;1;0.8821292775665399
S029;909;F06->alpha;1;0.7658536585365854
S029;911;F06->alpha;1;0.7684491978609626
S029;1002;F06->alpha;1;0.8449111470113085
S029;1061;F06->alpha;1;0.8287104622871047
S029;1109;F06->alpha;0;0.7658371040723982
S029;1139;F06->alpha;1;0.8873517786561265
S029;1160;F06->alpha;1;0.9254345837145471
S029;1162;F06->alpha;1;0.8910256410256411
S029;1164;F06->alpha;1;0.8254237288135593
S029;1166;F06->alpha;1;0.8656410256410256
S029;1211;F06->alpha;1;0.9400749063670412
S029;1230;F06->alpha;1;0.8958333333333334
S029;1387;F06->alpha;1;0.7658536585365854
S030;16;F06->alpha;1;0.8245518739815317
S030;48;F06->alpha;1;0.8361522198731501
S030;101;F06->alpha;1;0.7740076824583867
S030;157;F06->alpha;0;0.7632211538461539
S030;159;F06->alpha;0;0.7658536585365854
S030;170;F06->alpha;1;0.7684491978609626
S030;180;F06->alpha;1;0.8538095238095238
S030;266;F06->alpha;1;0.8087748344370861
S030;292;F06->alpha;1;0.8662116040955632
S030;345;F06->alpha;1;0.9206081081081081
S030;405;F06->alpha;1;0.8973384030418251
S030;484;F06->alpha;1;0.9102040816326531
S030;515;F06->alpha;0;0.8577319587628865
S030;540;F06->alpha;1;0.7933884297520661
S030;555;F06->alpha;1;0.7632211538461539
S030;641;F06->alpha;1;0.8782742681047766
S030;643;F06->alpha;1;0.8600405679513184
S030;645;F06->alpha;1;0.8600405679513184
S030;681;F06->alpha;1;0.9587443946188341
S030;683;F06->alpha;1;0.8973384030418251
S030;685;F06->alpha;0;0.9133202742409402
S030;687;F06->alpha;0;0.764179104477612
S030;705;F06->alpha;1;0.8287104622871047
S030;707;F06->alpha;1;0.8287104622871047
S030;709;F06->alpha;1;0.8287104622871047
S030;711;F06->alpha;1;0.8287104622871047
S030;725;F06->alpha;1;0.8599695585996956
S030;855;F06->alpha;1;0.8599695585996956
S030;918;F06->alpha;1;0.7530186608122942
S030;969;F06->alpha;1;0.910212474297464
S030;986;F06->alpha;1;0.7658371040723982
S030;1034;F06->alpha;1;0.8245518739815317
S030;1036;F06->alpha;1;0.8245518739815317
S030;1038;F06->alpha;1;0.9328537170263789
S030;1040;F06->alpha;1;0.9309173272933182
S030;1052;F06->alpha;1;0.8087748344370861
S030;1066;F06->alpha;0;0.8599695585996956
S030;1068;F06->alpha;0;0.7658536585365854
S030;1132;F06->alpha;1;0.9309173272933182
S030;1165;F06->alpha;1;0.8245518739815317
S030;1200;F06->alpha;1;0.8600405679513184
S031;8;F06->alpha;1;0.8656410256410256
S031;21;F06->alpha;1;0.9587443946188341
S031;23;F06->alpha;1;0.8955916473317865
S031;28;F06->alpha;1;0.7658536585365854
S031;36;F06->alpha;1;0.8662116040955632
S031;38;F06->alpha;1;0.9328537170263789
S031;160;F06->alpha;0;0.7778489116517285
S031;162;F06->alpha;0;0.7778489116517285
S031;209;F06->alpha;1;0.7778489116517285
S031;233;F06->alpha;1;0.8087748344370861
S031;252;F06->alpha;1;0.9206081081081081
S031;277;F06->alpha;1;0.7740076824583867
S031;297;F06->alpha;1;0.9108159392789373
S031;315;F06->alpha;1;0.910212474297464
S031;317;F06->alpha;1;0.910212474297464
S031;405;F06->alpha;1;0.8729591836734694
S031;407;F06->alpha;1;0.8729591836734694
S031;463;F06->alpha;0;0.7658536585365854
S031;480;F06->alpha;1;0.8287104622871047
S031;555;F06->alpha;1;0.8955916473317865
S031;630;F06->alpha;0;0.8656410256410256
S031;632;F06->alpha;0;0.8087748344370861
S031;634;F06->alpha;0;0.7530186608122942
S031;694;F06->alpha;1;0.8155067725361981
S031;721;F06->alpha;1;0.9254345837145471
S031;723;F06->alpha;1;0.8910256410256411
S031;760;F06->alpha;1;0.9133202742409402
S031;806;F06->alpha;1;0.9102040816326531
S031;812;F06->alpha;1;0.7658536585365854
S031;852;F06->alpha;1;0.8662116040955632
S031;863;F06->alpha;1;0.8185840707964602
S031;875;F06->alpha;1;0.8245518739815317
S031;926;F06->alpha;1;0.9254345837145471
S031;937;F06->alpha;1;0.8185840707964602
S031;953;F06->alpha;0;0.7530186608122942
S031;1077;F06->alpha;1;0.8292228943694742
S031;1107;F06->alpha;1;0.9328537170263789
S031;1109;F06->alpha;1;0.9254345837145471
S031;1111;F06->alpha;1;0.91792656587473
S031;1152;F06->alpha;0;0.8087748344370861
S031;1237;F06->alpha;1;0.7778489116517285
S031;1239;F06->alpha;1;0.8287104622871047
S031;1248;F06->alpha;1;0.8538095238095238
S031;1326;F06->alpha;1;0.8656410256410256
S031;1363;F06->alpha;1;0.91792656587473
S031;1399;F06->alpha;1;0.875
S031;1401;F06->alpha;1;0.9102040816326531
S032;12;F06->alpha;1;0.8662116040955632
S032;38;F06->alpha;1;0.9223826714801444
S032;74;F06->alpha;1;0.9429280397022333
S032;76;F06->alpha;0;0.8718703976435935
S032;87;F06->alpha;0;0.7684491978609626
S032;108;F06->alpha;1;0.8538095238095238
S032;110;F06->alpha;1;0.8287104622871047
S032;112;F06->alpha;1;0.7778489116517285
S032;177;F06->alpha;1;0.8287104622871047
S032;209;F06->alpha;1;0.9015025041736227
S032;222;F06->alpha;1;0.8955916473317865
S032;244;F06->alpha;1;0.8373983739837398
S032;367;F06->alpha;1;0.9015025041736227
S032;413;F06->alpha;1;0.8656410256410256
S032;415;F06->alpha;1;0.8958333333333334
S032;443;F06->alpha;1;0.8087748344370861
S032;488;F06->alpha;1;0.8958333333333334
S032;529;F06->alpha;1;0.9429280397022333
S032;565;F06->alpha;0;0.8599695585996956
S032;639;F06->alpha;1;0.9400749063670412
S032;641;F06->alpha;0;0.9254345837145471
S032;715;F06->alpha;1;0.8662116040955632
S032;768;F06->alpha;1;0.8087748344370861
S032;773;F06->alpha;1;0.9133202742409402
S032;805;F06->alpha;1;0.8087748344370861
S032;842;F06->alpha;1;0.9133202742409402
S032;944;F06->alpha;1;0.7740076824583867
S032;1009;F06->alpha;1;0.7778489116517285
S032;1011;F06->alpha;1;0.8287104622871047
S032;1075;F06->alpha;1;0.8538095238095238
S032;1126;F06->alpha;1;0.9254345837145471
S032;1338;F06->alpha;0;0.7684491978609626
S032;1391;F06->alpha;1;0.7658371040723982
S033;27;F06->alpha;1;0.9469339622641509
S033;29;F06->alpha;1;0.8955916473317865
S033;49;F06->alpha;0;0.7632211538461539
S033;70;F06->alpha;1;0.882808181315644
S033;119;F06->alpha;1;0.9309173272933182
S033;133;F06->alpha;0;0.8449111470113085
S033;259;F06->alpha;1;0.8538095238095238
S033;294;F06->alpha;1;0.895330112721417
S033;304;F06->alpha;1;0.7530186608122942
S033;374;F06->alpha;0;0.8254237288135593
S033;473;F06->alpha;0;0.7658536585365854
S033;484;F06->alpha;0;0.8662116040955632
S033;492;F06->alpha;0;0.7778489116517285
S033;568;F06->alpha;1;0.8287104622871047
S033;570;F06->alpha;1;0.7778489116517285
S033;585;F06->alpha;1;0.9254345837145471
S033;587;F06->alpha;1;0.8362989323843416
S033;626;F06->alpha;1;0.9429280397022333
S033;662;F06->alpha;1;0.8910256410256411
S033;668;F06->alpha;1;0.8599695585996956
S033;679;F06->alpha;1;0.7740076824583867
S033;714;F06->alpha;1;0.9133202742409402
S033;716;F06->alpha;1;0.9254345837145471
S033;729;F06->alpha;0;0.8245518739815317
S033;762;F06->alpha;1;0.8449111470113085
S033;769;F06->alpha;1;0.910212474297464
S033;806;F06->alpha;1;0.8087748344370861
S033;835;F06->alpha;1;0.7778489116517285
S033;837;F06->alpha;1;0.7778489116517285
S033;936;F06->alpha;1;0.8292228943694742
S033;949;F06->alpha;1;0.8087748344370861
S033;1017;F06->alpha;0;0.7530186608122942
S033;1024;F06->alpha;1;0.7530186608122942
S033;1048;F06->alpha;1;0.8718703976435935
S033;1075;F06->alpha;1;0.9469339622641509
S033;1113;F06->alpha;1;0.8155067725361981
S033;1168;F06->alpha;0;0.8155067725361981
S033;1170;F06->alpha;0;0.8155067725361981
S033;1231;F06->alpha;0;0.8254237288135593
S033;1233;F06->alpha;0;0.7740076824583867
S033;1235;F06->alpha;0;0.7740076824583867
S033;1237;F06->alpha;0;0.7530186608122942
S033;1341;F06->alpha;1;0.910212474297464
S033;1343;F06->alpha;1;0.910212474297464
S033;1389;F06->alpha;1;0.8361522198731501
S033;1394;F06->alpha;1;0.9587443946188341
S033;1396;F06->alpha;1;0.9254345837145471
S034;87;F06->alpha;1;0.9223826714801444
S034;107;F06->alpha;1;0.9469339622641509
S034;185;F06->alpha;0;0.882808181315644
S034;254;F06->alpha;0;0.7684491978609626
S034;298;F06->alpha;1;0.8538095238095238
S034;300;F06->alpha;1;0.7778489116517285
S034;302;F06->alpha;1;0.7778489116517285
S034;313;F06->alpha;1;0.9429280397022333
S034;315;F06->alpha;1;0.9309173272933182
S034;325;F06->alpha;1;0.9133202742409402
S034;348;F06->alpha;1;0.8155067725361981
S034;350;F06->alpha;1;0.8662116040955632
S034;388;F06->alpha;1;0.7632211538461539
S034;453;F06->alpha;1;0.7658536585365854
S034;502;F06->alpha;1;0.8292228943694742
S034;513;F06->alpha;1;0.8361522198731501
S034;518;F06->alpha;1;0.9015025041736227
S034;520;F06->alpha;1;0.9015025041736227
S034;535;F06->alpha;1;0.8185840707964602
S034;566;F06->alpha;1;0.8361522198731501
S034;587;F06->alpha;1;0.9328537170263789
S034;621;F06->alpha;0;0.8087748344370861
S034;760;F06->alpha;1;0.8718703976435935
S034;762;F06->alpha;1;0.8498727735368957
S034;831;F06->alpha;1;0.8292228943694742
S034;841;F06->alpha;1;0.8361522198731501
S034;901;F06->alpha;1;0.8155067725361981
S034;919;F06->alpha;1;0.9254345837145471
S034;971;F06->alpha;1;0.9015025041736227
S034;997;F06->alpha;1;0.7632211538461539
S034;999;F06->alpha;1;0.7658536585365854
S034;1019;F06->alpha;1;0.9254345837145471
S034;1060;F06->alpha;1;0.9254345837145471
S034;1066;F06->alpha;1;0.8254237288135593
S034;1122;F06->alpha;1;0.9133202742409402
S034;1165;F06->alpha;1;0.8361522198731501
S034;1167;F06->alpha;1;0.8361522198731501
S034;1385;F06->alpha;1;0.7740076824583867
S034;1398;F06->alpha;1;0.8155067725361981
S035;20;F06->alpha;1;0.8287104622871047
S035;74;F06->alpha;1;0.7632211538461539
S035;76;F06->alpha;1;0.7658536585365854
S035;122;F06->alpha;1;0.7632211538461539
S035;268;F06->alpha;1;0.7740076824583867
S035;279;F06->alpha;1;0.8292228943694742
S035;281;F06->alpha;1;0.910212474297464
S035;286;F06->alpha;1;0.8955916473317865
S035;288;F06->alpha;1;0.8782742681047766
S035;290;F06->alpha;1;0.7658536585365854
S035;304;F06->alpha;1;0.7740076824583867
S035;306;F06->alpha;1;0.8087748344370861
S035;334;F06->alpha;1;0.7658536585365854
S035;339;F06->alpha;1;0.8599695585996956
S035;341;F06->alpha;1;0.7658536585365854
S035;379;F06->alpha;1;0.8292228943694742
S035;393;F06->alpha;1;0.7629310344827587
S035;395;F06->alpha;1;0.7632211538461539
S035;423;F06->alpha;1;0.7658536585365854
S035;495;F06->alpha;1;0.8245518739815317
S035;667;F06->alpha;1;0.8502994011976048
S035;669;F06->alpha;1;0.8362989323843416
S035;671;F06->alpha;1;0.7658371040723982
S035;681;F06->alpha;1;0.910212474297464
S035;699;F06->alpha;1;0.8155067725361981
S035;816;F06->alpha;1;0.8185840707964602
S035;904;F06->alpha;1;0.9587443946188341
S035;906;F06->alpha;1;0.9587443946188341
S035;927;F06->alpha;1;0.8155067725361981
S035;955;F06->alpha;1;0.7740076824583867
S035;965;F06->alpha;1;0.9133202742409402
S035;967;F06->alpha;1;0.8873517786561265
S035;982;F06->alpha;1;0.8656410256410256
S035;1009;F06->alpha;1;0.8245518739815317
S035;1027;F06->alpha;1;0.8547008547008547
S035;1060;F06->alpha;1;0.8361522198731501
S035;1115;F06->alpha;1;0.8349673202614379
S035;1195;F06->alpha;1;0.874251497005988
S035;1219;F06->alpha;1;0.9429280397022333
S035;1227;F06->alpha;1;0.9206081081081081
S036;6;F06->alpha;1;0.8958333333333334
S036;36;F06->alpha;1;0.8287104622871047
S036;44;F06->alpha;1;0.8287104622871047
S036;90;F06->alpha;1;0.9429280397022333
S036;92;F06->alpha;1;0.882808181315644
S036;103;F06->alpha;1;0.8432055749128919
S036;108;F06->alpha;1;0.8705501618122977
S036;113;F06->alpha;1;0.9133202742409402
S036;308;F06->alpha;1;0.8155067725361981
S036;317;F06->alpha;1;0.8287104622871047
S036;335;F06->alpha;1;0.8706199460916442
S036;404;F06->alpha;1;0.8662116040955632
S036;406;F06->alpha;1;0.9254345837145471
S036;408;F06->alpha;1;0.8547008547008547
S036;424;F06->alpha;1;0.7658536585365854
S036;480;F06->alpha;1;0.9587443946188341
S036;570;F06->alpha;1;0.7684491978609626
S036;572;F06->alpha;1;0.7684491978609626
S036;574;F06->alpha;1;0.7684491978609626
S036;606;F06->alpha;1;0.9102040816326531
S036;675;F06->alpha;1;0.9133202742409402
S036;677;F06->alpha;1;0.8873517786561265
S036;816;F06->alpha;1;0.7778489116517285
S036;906;F06->alpha;1;0.7658536585365854
S036;934;F06->alpha;1;0.8245518739815317
S036;1015;F06->alpha;1;0.8782742681047766
S036;1017;F06->alpha;1;0.8185840707964602
S036;1022;F06->alpha;1;0.8155067725361981
S036;1024;F06->alpha;1;0.7684491978609626
S036;1052;F06->alpha;1;0.8599695585996956
S036;1174;F06->alpha;1;0.8729591836734694
S036;1198;F06->alpha;1;0.8349673202614379
S036;1234;F06->alpha;1;0.7530186608122942
S036;1395;F06->alpha;1;0.8600405679513184
S036;1397;F06->alpha;1;0.8185840707964602
S037;43;F06->alpha;0;0.8287104622871047
S037;45;F06->alpha;0;0.8287104622871047
S037;47;F06->alpha;0;0.8287104622871047
S037;106;F06->alpha;1;0.8361522198731501
S037;123;F06->alpha;1;0.9133202742409402
S037;145;F06->alpha;1;0.9102040816326531
S037;147;F06->alpha;1;0.8599695585996956
S037;156;F06->alpha;1;0.7962962962962963
S037;165;F06->alpha;1;0.910212474297464
S037;202;F06->alpha;1;0.8656410256410256
S037;208;F06->alpha;0;0.9102040816326531
S037;210;F06->alpha;1;0.8782742681047766
S037;212;F06->alpha;1;0.8185840707964602
S037;220;F06->alpha;1;0.8155067725361981
S037;252;F06->alpha;0;0.8958333333333334
S037;309;F06->alpha;1;0.7684491978609626
S037;311;F06->alpha;1;0.7684491978609626
S037;313;F06->alpha;1;0.7684491978609626
S037;315;F06->alpha;1;0.7684491978609626
S037;389;F06->alpha;1;0.7658536585365854
S037;407;F06->alpha;1;0.895330112721417
S037;409;F06->alpha;1;0.8656410256410256
S037;435;F06->alpha;1;0.8599695585996956
S037;493;F06->alpha;1;0.9015025041736227
S037;557;F06->alpha;1;0.882808181315644
S037;559;F06->alpha;1;0.882808181315644
S037;611;F06->alpha;1;0.8821292775665399
S037;613;F06->alpha;1;0.8821292775665399
S037;618;F06->alpha;1;0.9206081081081081
S037;662;F06->alpha;1;0.9254345837145471
S037;673;F06->alpha;0;0.8254237288135593
S037;699;F06->alpha;1;0.8361522198731501
S037;701;F06->alpha;1;0.9587443946188341
S037;703;F06->alpha;1;0.7933884297520661
S037;774;F06->alpha;1;0.8599695585996956
S037;781;F06->alpha;1;0.7684491978609626
S037;835;F06->alpha;1;0.9133202742409402
S037;840;F06->alpha;1;0.8599695585996956
S037;962;F06->alpha;1;0.9015025041736227
S037;964;F06->alpha;1;0.9587443946188341
S037;966;F06->alpha;1;0.8955916473317865
S037;978;F06->alpha;1;0.7658536585365854
S037;980;F06->alpha;1;0.8155067725361981
S037;1122;F06->alpha;1;0.7684491978609626
S037;1210;F06->alpha;1;0.895330112721417
S037;1334;F06->alpha;1;0.8873517786561265
S037;1366;F06->alpha;1;0.9587443946188341
S037;1376;F06->alpha;0;0.7632211538461539
S037;1391;F06->alpha;0;0.8245518739815317
S037;1403;F06->alpha;1;0.8538095238095238
S038;26;F06->alpha;1;0.7530186608122942
S038;53;F06->alpha;1;0.7658371040723982
S038;99;F06->alpha;0;0.7658371040723982
S038;106;F06->alpha;0;0.8292228943694742
S038;111;F06->alpha;1;0.8577319587628865
S038;214;F06->alpha;1;0.8185840707964602
S038;216;F06->alpha;1;0.8155067725361981
S038;290;F06->alpha;1;0.8287104622871047
S038;408;F06->alpha;1;0.910212474297464
S038;465;F06->alpha;1;0.8910256410256411
S038;514;F06->alpha;1;0.9429280397022333
S038;651;F06->alpha;1;0.8185840707964602
S038;672;F06->alpha;0;0.8361522198731501
S038;674;F06->alpha;0;0.7933884297520661
S038;691;F06->alpha;0;0.7933884297520661
S038;719;F06->alpha;0;0.8729591836734694
S038;721;F06->alpha;0;0.8361522198731501
S038;743;F06->alpha;1;0.8361522198731501
S038;812;F06->alpha;1;0.7530186608122942
S038;948;F06->alpha;0;0.8155067725361981
S038;950;F06->alpha;1;0.7684491978609626
S038;960;F06->alpha;1;0.7778489116517285
S038;1044;F06->alpha;1;0.8662116040955632
S038;1046;F06->alpha;1;0.8245518739815317
S038;1151;F06->alpha;0;0.7658536585365854
S038;1181;F06->alpha;1;0.9429280397022333
S038;1233;F06->alpha;1;0.8401486988847584
S038;1235;F06->alpha;1;0.8254237288135593
S039;117;F06->alpha;1;0.8873517786561265
S039;153;F06->alpha;0;0.7684491978609626
S039;216;F06->alpha;1;0.882808181315644
S039;221;F06->alpha;1;0.8538095238095238
S039;249;F06->alpha;1;0.7658371040723982
S039;322;F06->alpha;1;0.7684491978609626
S039;324;F06->alpha;1;0.8287104622871047
S039;338;F06->alpha;0;0.7658371040723982
S039;402;F06->alpha;1;0.8538095238095238
S039;478;F06->alpha;1;0.7658371040723982
S039;511;F06->alpha;0;0.7658371040723982
S039;555;F06->alpha;1;0.7962962962962963
S039;634;F06->alpha;1;0.8547008547008547
S039;644;F06->alpha;1;0.7684491978609626
S039;646;F06->alpha;1;0.8245518739815317
S039;719;F06->alpha;1;0.8449111470113085
S039;725;F06->alpha;1;0.8577319587628865
S039;727;F06->alpha;1;0.8577319587628865
S039;729;F06->alpha;1;0.874251497005988
S039;789;F06->alpha;1;0.7778489116517285
S039;795;F06->alpha;1;0.8538095238095238
S039;829;F06->alpha;1;0.9015025041736227
S039;853;F06->alpha;1;0.8254237288135593
S039;886;F06->alpha;1;0.9469339622641509
S039;914;F06->alpha;0;0.8185840707964602
S039;916;F06->alpha;0;0.7658536585365854
S039;948;F06->alpha;0;0.882808181315644
S039;961;F06->alpha;0;0.8287104622871047
S039;978;F06->alpha;1;0.8287104622871047
S039;980;F06->alpha;1;0.8287104622871047
S039;985;F06->alpha;1;0.8287104622871047
S039;1022;F06->alpha;1;0.8729591836734694
S039;1024;F06->alpha;1;0.8361522198731501
S039;1026;F06->alpha;1;0.8729591836734694
S039;1123;F06->alpha;1;0.8155067725361981
S039;1128;F06->alpha;1;0.9429280397022333
S039;1157;F06->alpha;1;0.9469339622641509
S039;1167;F06->alpha;1;0.7658536585365854
S039;1169;F06->alpha;1;0.7658536585365854
S039;1212;F06->alpha;1;0.9587443946188341
S039;1214;F06->alpha;1;0.8955916473317865
S039;1365;F06->alpha;1;0.9108159392789373
S039;1373;F06->alpha;1;0.8656410256410256
S039;1385;F06->alpha;1;0.7962962962962963
S040;32;F06->alpha;0;0.882808181315644
S040;38;F06->alpha;1;0.7778489116517285
S040;171;F06->alpha;1;0.9429280397022333
S040;205;F06->alpha;1;0.8955916473317865
S040;210;F06->alpha;1;0.7658371040723982
S040;240;F06->alpha;1;0.7740076824583867
S040;248;F06->alpha;1;0.7530186608122942
S040;324;F06->alpha;1;0.9133202742409402
S040;345;F06->alpha;0;0.910212474297464
S040;383;F06->alpha;1;0.8361522198731501
S040;402;F06->alpha;1;0.8087748344370861
S040;561;F06->alpha;1;0.7740076824583867
S040;659;F06->alpha;1;0.8599695585996956
S040;674;F06->alpha;1;0.9133202742409402
S040;676;F06->alpha;1;0.9102040816326531
S040;728;F06->alpha;1;0.7658536585365854
S040;741;F06->alpha;1;0.8245518739815317
S040;775;F06->alpha;1;0.9587443946188341
S040;794;F06->alpha;1;0.8245518739815317
S040;835;F06->alpha;1;0.9108159392789373
S040;841;F06->alpha;1;0.7684491978609626
S040;850;F06->alpha;1;0.882808181315644
S040;865;F06->alpha;1;0.8087748344370861
S040;871;F06->alpha;1;0.910212474297464
S040;873;F06->alpha;1;0.9469339622641509
S040;917;F06->alpha;1;0.7530186608122942
S040;919;F06->alpha;1;0.8292228943694742
S040;921;F06->alpha;1;0.8292228943694742
S040;954;F06->alpha;1;0.7778489116517285
S040;982;F06->alpha;1;0.8706199460916442
S040;1000;F06->alpha;1;0.8955916473317865
S040;1011;F06->alpha;1;0.8706199460916442
S040;1013;F06->alpha;1;0.8349673202614379
S040;1015;F06->alpha;1;0.7658536585365854
S040;1057;F06->alpha;1;0.8349673202614379
S040;1089;F06->alpha;1;0.8729591836734694
S040;1116;F06->alpha;1;0.8449111470113085
S040;1125;F06->alpha;1;0.8472222222222222
S040;1149;F06->alpha;1;0.7530186608122942
S040;1151;F06->alpha;1;0.7530186608122942
S040;1159;F06->alpha;1;0.8361522198731501
S040;1161;F06->alpha;1;0.8361522198731501
S040;1167;F06->alpha;1;0.8729591836734694
S040;1212;F06->alpha;1;0.8538095238095238
S040;1225;F06->alpha;1;0.8538095238095238
S040;1227;F06->alpha;1;0.7778489116517285
S041;32;F06->alpha;0;0.8155067725361981
S041;34;F06->alpha;1;0.8155067725361981
S041;36;F06->alpha;1;0.7684491978609626
S041;79;F06->alpha;1;0.8662116040955632
S041;132;F06->alpha;1;0.8958333333333334
S041;134;F06->alpha;1;0.7740076824583867
S041;139;F06->alpha;1;0.8577319587628865
S041;141;F06->alpha;1;0.7530186608122942
S041;161;F06->alpha;1;0.8599695585996956
S041;183;F06->alpha;1;0.8287104622871047
S041;202;F06->alpha;1;0.7740076824583867
S041;216;F06->alpha;1;0.8361522198731501
S041;237;F06->alpha;1;0.9254345837145471
S041;351;F06->alpha;1;0.7933884297520661
S041;353;F06->alpha;1;0.7933884297520661
S041;499;F06->alpha;1;0.9309173272933182
S041;524;F06->alpha;1;0.7684491978609626
S041;554;F06->alpha;1;0.7740076824583867
S041;561;F06->alpha;1;0.9102040816326531
S041;577;F06->alpha;0;0.8155067725361981
S041;622;F06->alpha;1;0.7658371040723982
S041;763;F06->alpha;1;0.9400749063670412
S041;794;F06->alpha;1;0.7740076824583867
S041;796;F06->alpha;1;0.8656410256410256
S041;811;F06->alpha;1;0.9133202742409402
S041;813;F06->alpha;1;0.8498727735368957
S041;839;F06->alpha;1;0.7684491978609626
S041;850;F06->alpha;0;0.9254345837145471
S041;859;F06->alpha;0;0.7530186608122942
S041;891;F06->alpha;1;0.8706199460916442
S041;915;F06->alpha;1;0.8254237288135593
S041;927;F06->alpha;1;0.910212474297464
S041;951;F06->alpha;0;0.7740076824583867
S041;981;F06->alpha;1;0.8361522198731501
S041;1004;F06->alpha;1;0.8155067725361981
S041;1020;F06->alpha;1;0.8519480519480519
S041;1086;F06->alpha;0;0.8087748344370861
S041;1106;F06->alpha;1;0.7933884297520661
S041;1114;F06->alpha;1;0.7933884297520661
S041;1166;F06->alpha;0;0.7933884297520661
S041;1168;F06->alpha;1;0.7933884297520661
S041;1198;F06->alpha;1;0.9206081081081081
S041;1243;F06->alpha;1;0.9469339622641509
S041;1245;F06->alpha;1;0.8955916473317865
S041;1320;F06->alpha;1;0.9328537170263789
S041;1322;F06->alpha;1;0.9328537170263789
S041;1368;F06->alpha;1;0.7530186608122942
S041;1399;F06->alpha;1;0.8155067725361981
S041;1401;F06->alpha;1;0.8245518739815317
S041;1403;F06->alpha;1;0.8245518739815317
S041;1412;F06->alpha;1;0.9429280397022333
S042;72;F06->alpha;0;0.8910256410256411
S042;74;F06->alpha;1;0.8449111470113085
S042;87;F06->alpha;1;0.910212474297464
S042;115;F06->alpha;1;0.7530186608122942
S042;172;F06->alpha;1;0.8287104622871047
S042;190;F06->alpha;0;0.9309173272933182
S042;192;F06->alpha;0;0.895330112721417
S042;243;F06->alpha;1;0.895330112721417
S042;306;F06->alpha;0;0.8287104622871047
S042;356;F06->alpha;1;0.8538095238095238
S042;364;F06->alpha;1;0.8254237288135593
S042;392;F06->alpha;1;0.7684491978609626
S042;394;F06->alpha;1;0.8287104622871047
S042;410;F06->alpha;1;0.9309173272933182
S042;496;F06->alpha;1;0.9469339622641509
S042;602;F06->alpha;1;0.8718703976435935
S042;664;F06->alpha;1;0.7740076824583867
S042;753;F06->alpha;1;0.8718703976435935
S042;766;F06->alpha;1;0.8656410256410256
S042;803;F06->alpha;1;0.895330112721417
S042;812;F06->alpha;1;0.874251497005988
S042;854;F06->alpha;1;0.9429280397022333
S042;876;F06->alpha;0;0.7740076824583867
S042;897;F06->alpha;1;0.9015025041736227
S042;1029;F06->alpha;1;0.8519480519480519
S042;1037;F06->alpha;1;0.9254345837145471
S042;1096;F06->alpha;1;0.882808181315644
S042;1188;F06->alpha;1;0.9108159392789373
S042;1350;F06->alpha;1;0.8361522198731501
S042;1352;F06->alpha;1;0.7933884297520661
S043;15;F06->alpha;0;0.7530186608122942
S043;42;F06->alpha;1;0.8729591836734694
S043;44;F06->alpha;1;0.8361522198731501
S043;54;F06->alpha;1;0.7632211538461539
S043;56;F06->alpha;1;0.8185840707964602
S043;64;F06->alpha;0;0.7962962962962963
S043;66;F06->alpha;1;0.7658371040723982
S043;109;F06->alpha;0;0.7740076824583867
S043;170;F06->alpha;1;0.7530186608122942
S043;192;F06->alpha;1;0.8656410256410256
S043;233;F06->alpha;1;0.882808181315644
S043;245;F06->alpha;1;0.875
S043;277;F06->alpha;1;0.7658371040723982
S043;289;F06->alpha;1;0.7740076824583867
S043;291;F06->alpha;1;0.7740076824583867
S043;310;F06->alpha;1;0.7933884297520661
S043;323;F06->alpha;0;0.7684491978609626
S043;350;F06->alpha;1;0.8287104622871047
S043;352;F06->alpha;1;0.8287104622871047
S043;364;F06->alpha;1;0.9102040816326531
S043;388;F06->alpha;0;0.8449111470113085
S043;430;F06->alpha;1;0.9015025041736227
S043;450;F06->alpha;1;0.895330112721417
S043;486;F06->alpha;1;0.8087748344370861
S043;561;F06->alpha;1;0.8729591836734694
S043;582;F06->alpha;1;0.9133202742409402
S043;590;F06->alpha;1;0.8973384030418251
S043;592;F06->alpha;1;0.7629310344827587
S043;633;F06->alpha;1;0.8547008547008547
S043;640;F06->alpha;1;0.7658536585365854
S043;642;F06->alpha;1;0.7684491978609626
S043;675;F06->alpha;1;0.8155067725361981
S043;826;F06->alpha;1;0.8401486988847584
S043;880;F06->alpha;1;0.8155067725361981
S043;891;F06->alpha;1;0.8782742681047766
S043;932;F06->alpha;1;0.874251497005988
S043;969;F06->alpha;1;0.9469339622641509
S043;1179;F06->alpha;1;0.7684491978609626
S043;1199;F06->alpha;1;0.8502994011976048
S043;1236;F06->alpha;1;0.9254345837145471
S043;1362;F06->alpha;1;0.882808181315644
S043;1364;F06->alpha;1;0.9429280397022333
S044;14;F06->alpha;0;0.8577319587628865
S044;35;F06->alpha;1;0.7933884297520661
S044;95;F06->alpha;1;0.9223826714801444
S044;130;F06->alpha;1;0.9309173272933182
S044;160;F06->alpha;1;0.9133202742409402
S044;200;F06->alpha;1;0.9133202742409402
S044;208;F06->alpha;1;0.8973384030418251
S044;216;F06->alpha;1;0.8958333333333334
S044;238;F06->alpha;1;0.7684491978609626
S044;283;F06->alpha;1;0.9133202742409402
S044;285;F06->alpha;1;0.9254345837145471
S044;325;F06->alpha;1;0.7530186608122942
S044;327;F06->alpha;1;0.8292228943694742
S044;341;F06->alpha;0;0.7684491978609626
S044;357;F06->alpha;1;0.8538095238095238
S044;390;F06->alpha;1;0.8600405679513184
S044;429;F06->alpha;0;0.9133202742409402
S044;505;F06->alpha;0;0.8254237288135593
S044;507;F06->alpha;0;0.8087748344370861
S044;509;F06->alpha;0;0.7740076824583867
S044;518;F06->alpha;1;0.8292228943694742
S044;523;F06->alpha;1;0.9015025041736227
S044;542;F06->alpha;1;0.8718703976435935
S044;581;F06->alpha;1;0.8718703976435935
S044;615;F06->alpha;1;0.9102040816326531
S044;630;F06->alpha;0;0.7530186608122942
S044;810;F06->alpha;0;0.8287104622871047
S044;829;F06->alpha;1;0.8538095238095238
S044;883;F06->alpha;1;0.8292228943694742
S044;885;F06->alpha;1;0.8292228943694742
S044;887;F06->alpha;1;0.7530186608122942
S044;889;F06->alpha;1;0.8292228943694742
S044;903;F06->alpha;0;0.9133202742409402
S044;939;F06->alpha;1;0.8705501618122977
S044;950;F06->alpha;1;0.910212474297464
S044;980;F06->alpha;1;0.8538095238095238
S044;993;F06->alpha;0;0.7740076824583867
S044;995;F06->alpha;0;0.8087748344370861
S044;1054;F06->alpha;1;0.7684491978609626
S044;1069;F06->alpha;1;0.882808181315644
S044;1071;F06->alpha;1;0.882808181315644
S044;1076;F06->alpha;1;0.8287104622871047
S044;1090;F06->alpha;1;0.9223826714801444
S044;1092;F06->alpha;1;0.7740076824583867
S044;1094;F06->alpha;1;0.7740076824583867
S044;1104;F06->alpha;1;0.875
S044;1106;F06->alpha;1;0.764179104477612
S044;1111;F06->alpha;1;0.8821292775665399
S044;1209;F06->alpha;1;0.8973384030418251
S044;1372;F06->alpha;1;0.7632211538461539
S045;20;F06->alpha;0;0.8155067725361981
S045;155;F06->alpha;1;0.7740076824583867
S045;161;F06->alpha;1;0.8577319587628865
S045;163;F06->alpha;1;0.8577319587628865
S045;211;F06->alpha;1;0.8361522198731501
S045;213;F06->alpha;1;0.8361522198731501
S045;215;F06->alpha;1;0.8361522198731501
S045;223;F06->alpha;1;0.9587443946188341
S045;289;F06->alpha;1;0.8821292775665399
S045;336;F06->alpha;1;0.8973384030418251
S045;345;F06->alpha;0;0.8472222222222222
S045;347;F06->alpha;0;0.8910256410256411
S045;353;F06->alpha;1;0.7740076824583867
S045;410;F06->alpha;1;0.8087748344370861
S045;566;F06->alpha;0;0.7933884297520661
S045;573;F06->alpha;0;0.8361522198731501
S045;593;F06->alpha;1;0.8361522198731501
S045;604;F06->alpha;1;0.8361522198731501
S045;633;F06->alpha;1;0.7778489116517285
S045;732;F06->alpha;1;0.9587443946188341
S045;815;F06->alpha;1;0.7933884297520661
S045;824;F06->alpha;1;0.8729591836734694
S045;875;F06->alpha;1;0.7632211538461539
S045;919;F06->alpha;1;0.9133202742409402
S045;927;F06->alpha;1;0.8185840707964602
S045;944;F06->alpha;1;0.8087748344370861
S045;955;F06->alpha;1;0.8577319587628865
S045;967;F06->alpha;1;0.91792656587473
S045;980;F06->alpha;1;0.8449111470113085
S045;982;F06->alpha;1;0.9133202742409402
S045;1006;F06->alpha;1;0.9429280397022333
S045;1018;F06->alpha;1;0.9102040816326531
S045;1027;F06->alpha;1;0.7658536585365854
S045;1056;F06->alpha;1;0.8706199460916442
S045;1058;F06->alpha;1;0.8349673202614379
S045;1074;F06->alpha;1;0.882808181315644
S045;1091;F06->alpha;1;0.9400749063670412
S045;1111;F06->alpha;1;0.8599695585996956
S045;1126;F06->alpha;1;0.7632211538461539
S045;1163;F06->alpha;1;0.8577319587628865
S045;1175;F06->alpha;1;0.8361522198731501
S046;13;F06->alpha;0;0.7530186608122942
S046;15;F06->alpha;0;0.7530186608122942
S046;24;F06->alpha;0;0.8361522198731501
S046;49;F06->alpha;0;0.8361522198731501
S046;99;F06->alpha;0;0.8155067725361981
S046;101;F06->alpha;0;0.7684491978609626
S046;197;F06->alpha;1;0.8662116040955632
S046;212;F06->alpha;1;0.7658371040723982
S046;277;F06->alpha;1;0.882808181315644
S046;285;F06->alpha;1;0.8656410256410256
S046;314;F06->alpha;1;0.7684491978609626
S046;589;F06->alpha;1;0.9429280397022333
S046;618;F06->alpha;1;0.8087748344370861
S046;624;F06->alpha;1;0.910212474297464
S046;626;F06->alpha;1;0.8082191780821918
S046;628;F06->alpha;1;0.8432055749128919
S046;643;F06->alpha;1;0.91792656587473
S046;678;F06->alpha;1;0.8782742681047766
S046;693;F06->alpha;1;0.8577319587628865
S046;700;F06->alpha;1;0.9587443946188341
S046;730;F06->alpha;1;0.8287104622871047
S046;775;F06->alpha;1;0.895330112721417
S046;825;F06->alpha;1;0.8599695585996956
S046;838;F06->alpha;0;0.7530186608122942
S046;860;F06->alpha;1;0.7933884297520661
S046;862;F06->alpha;1;0.7933884297520661
S046;864;F06->alpha;1;0.7933884297520661
S046;902;F06->alpha;1;0.8973384030418251
S046;907;F06->alpha;1;0.895330112721417
S046;915;F06->alpha;1;0.7740076824583867
S046;917;F06->alpha;1;0.8656410256410256
S046;993;F06->alpha;1;0.8155067725361981
S046;995;F06->alpha;1;0.8245518739815317
S046;1005;F06->alpha;1;0.8706199460916442
S046;1033;F06->alpha;0;0.8600405679513184
S046;1035;F06->alpha;0;0.8245518739815317
S046;1040;F06->alpha;1;0.7684491978609626
S046;1042;F06->alpha;1;0.8155067725361981
S046;1044;F06->alpha;1;0.7778489116517285
S046;1056;F06->alpha;1;0.882808181315644
S046;1058;F06->alpha;1;0.8538095238095238
S046;1060;F06->alpha;1;0.8287104622871047
S046;1104;F06->alpha;1;0.8082191780821918
S046;1106;F06->alpha;1;0.8432055749128919
S046;1108;F06->alpha;1;0.7632211538461539
S046;1145;F06->alpha;1;0.7632211538461539
S046;1228;F06->alpha;1;0.7778489116517285
S046;1245;F06->alpha;1;0.9429280397022333
S046;1247;F06->alpha;1;0.9309173272933182
S046;1252;F06->alpha;1;0.9400749063670412
S046;1254;F06->alpha;1;0.8973384030418251
S046;1354;F06->alpha;1;0.8155067725361981
S046;1366;F06->alpha;1;0.895330112721417
S046;1377;F06->alpha;1;0.7632211538461539
S046;1379;F06->alpha;1;0.8185840707964602
S047;37;F06->alpha;1;0.8361522198731501
S047;45;F06->alpha;1;0.9133202742409402
S047;55;F06->alpha;1;0.9328537170263789
S047;57;F06->alpha;1;0.875
S047;59;F06->alpha;1;0.7962962962962963
S047;64;F06->alpha;1;0.9400749063670412
S047;74;F06->alpha;0;0.8600405679513184
S047;81;F06->alpha;0;0.7684491978609626
S047;102;F06->alpha;0;0.7778489116517285
S047;125;F06->alpha;1;0.8287104622871047
S047;127;F06->alpha;1;0.8287104622871047
S047;129;F06->alpha;1;0.8287104622871047
S047;155;F06->alpha;1;0.7658536585365854
S047;174;F06->alpha;1;0.91792656587473
S047;193;F06->alpha;1;0.9587443946188341
S047;242;F06->alpha;1;0.8538095238095238
S047;244;F06->alpha;1;0.8287104622871047
S047;251;F06->alpha;1;0.9429280397022333
S047;293;F06->alpha;1;0.8292228943694742
S047;295;F06->alpha;1;0.8577319587628865
S047;302;F06->alpha;1;0.8547008547008547
S047;400;F06->alpha;1;0.9309173272933182
S047;402;F06->alpha;1;0.9223826714801444
S047;451;F06->alpha;1;0.8577319587628865
S047;550;F06->alpha;1;0.8538095238095238
S047;583;F06->alpha;1;0.7632211538461539
S047;667;F06->alpha;0;0.7632211538461539
S047;701;F06->alpha;1;0.9309173272933182
S047;714;F06->alpha;1;0.874251497005988
S047;754;F06->alpha;1;0.8449111470113085
S047;808;F06->alpha;1;0.9108159392789373
S047;849;F06->alpha;1;0.9469339622641509
S047;864;F06->alpha;0;0.8955916473317865
S047;936;F06->alpha;1;0.9133202742409402
S047;949;F06->alpha;1;0.7740076824583867
S047;1069;F06->alpha;1;0.7778489116517285
S047;1085;F06->alpha;1;0.8287104622871047
S047;1118;F06->alpha;1;0.910212474297464
S047;1171;F06->alpha;1;0.9254345837145471
S047;1173;F06->alpha;1;0.9133202742409402
S047;1187;F06->alpha;0;0.7632211538461539
S047;1335;F06->alpha;1;0.8577319587628865
S047;1387;F06->alpha;1;0.7740076824583867
S048;16;F06->alpha;1;0.7530186608122942
S048;50;F06->alpha;1;0.9108159392789373
S048;116;F06->alpha;1;0.9015025041736227
S048;128;F06->alpha;1;0.8705501618122977
S048;130;F06->alpha;1;0.895330112721417
S048;135;F06->alpha;1;0.8782742681047766
S048;185;F06->alpha;1;0.8373983739837398
S048;193;F06->alpha;1;0.9133202742409402
S048;195;F06->alpha;1;0.9309173272933182
S048;260;F06->alpha;0;0.7778489116517285
S048;286;F06->alpha;1;0.8287104622871047
S048;291;F06->alpha;1;0.8287104622871047
S048;350;F06->alpha;1;0.8185840707964602
S048;398;F06->alpha;1;0.9309173272933182
S048;405;F06->alpha;1;0.8955916473317865
S048;442;F06->alpha;1;0.8087748344370861
S048;444;F06->alpha;1;0.7740076824583867
S048;496;F06->alpha;1;0.8577319587628865
S048;600;F06->alpha;0;0.8361522198731501
S048;667;F06->alpha;1;0.7740076824583867
S048;717;F06->alpha;1;0.9429280397022333
S048;719;F06->alpha;1;0.882808181315644
S048;728;F06->alpha;0;0.7962962962962963
S048;730;F06->alpha;0;0.8254237288135593
S048;798;F06->alpha;1;0.8361522198731501
S048;836;F06->alpha;1;0.9328537170263789
S048;895;F06->alpha;1;0.9469339622641509
S048;897;F06->alpha;1;0.9309173272933182
S048;944;F06->alpha;0;0.7530186608122942
S048;956;F06->alpha;1;0.8361522198731501
S048;1060;F06->alpha;1;0.91792656587473
S048;1076;F06->alpha;1;0.8349673202614379
S048;1078;F06->alpha;1;0.8185840707964602
S048;1109;F06->alpha;1;0.7684491978609626
S048;1111;F06->alpha;1;0.7684491978609626
S048;1133;F06->alpha;0;0.8292228943694742
S048;1152;F06->alpha;1;0.7933884297520661
S048;1172;F06->alpha;1;0.8361522198731501
S048;1174;F06->alpha;1;0.7933884297520661
S048;1248;F06->alpha;1;0.9015025041736227
S048;1396;F06->alpha;0;0.8600405679513184
S049;150;F06->alpha;1;0.8662116040955632
S049;205;F06->alpha;1;0.895330112721417
S049;241;F06->alpha;1;0.9254345837145471
S049;271;F06->alpha;1;0.7778489116517285
S049;273;F06->alpha;1;0.7778489116517285
S049;341;F06->alpha;1;0.8287104622871047
S049;343;F06->alpha;1;0.882808181315644
S049;398;F06->alpha;1;0.9015025041736227
S049;400;F06->alpha;1;0.874251497005988
S049;454;F06->alpha;1;0.8502994011976048
S049;540;F06->alpha;1;0.8600405679513184
S049;549;F06->alpha;1;0.8254237288135593
S049;576;F06->alpha;1;0.8155067725361981
S049;578;F06->alpha;1;0.7684491978609626
S049;592;F06->alpha;1;0.8185840707964602
S049;638;F06->alpha;1;0.9469339622641509
S049;640;F06->alpha;1;0.8955916473317865
S049;721;F06->alpha;1;0.7778489116517285
S049;873;F06->alpha;0;0.7530186608122942
S049;911;F06->alpha;1;0.9015025041736227
S049;934;F06->alpha;1;0.8349673202614379
S049;936;F06->alpha;1;0.8185840707964602
S049;938;F06->alpha;1;0.8185840707964602
S049;963;F06->alpha;1;0.8656410256410256
S049;1002;F06->alpha;1;0.874251497005988
S049;1093;F06->alpha;1;0.7658536585365854
S049;1098;F06->alpha;1;0.8662116040955632
S049;1100;F06->alpha;1;0.9328537170263789
S049;1102;F06->alpha;1;0.9254345837145471
S049;1154;F06->alpha;1;0.7530186608122942
S049;1156;F06->alpha;1;0.7530186608122942
S049;1175;F06->alpha;1;0.8821292775665399
S049;1193;F06->alpha;1;0.7530186608122942
S049;1227;F06->alpha;1;0.882808181315644
S049;1229;F06->alpha;1;0.8538095238095238
S049;1359;F06->alpha;1;0.7530186608122942
S049;1361;F06->alpha;1;0.7530186608122942
S049;1374;F06->alpha;0;0.8087748344370861
S049;1376;F06->alpha;0;0.8087748344370861
S049;1384;F06->alpha;1;0.7530186608122942
S050;91;F06->alpha;1;0.8361522198731501
S050;103;F06->alpha;1;0.8599695585996956
S050;114;F06->alpha;1;0.8782742681047766
S050;172;F06->alpha;1;0.7933884297520661
S050;221;F06->alpha;1;0.7658536585365854
S050;231;F06->alpha;0;0.895330112721417
S050;236;F06->alpha;0;0.8958333333333334
S050;238;F06->alpha;0;0.8292228943694742
S050;253;F06->alpha;1;0.8361522198731501
S050;255;F06->alpha;1;0.8729591836734694
S050;276;F06->alpha;1;0.9587443946188341
S050;291;F06->alpha;0;0.8662116040955632
S050;293;F06->alpha;0;0.8662116040955632
S050;311;F06->alpha;1;0.7778489116517285
S050;313;F06->alpha;1;0.8287104622871047
S050;320;F06->alpha;1;0.8287104622871047
S050;322;F06->alpha;1;0.8538095238095238
S050;371;F06->alpha;1;0.874251497005988
S050;444;F06->alpha;1;0.9400749063670412
S050;482;F06->alpha;1;0.9223826714801444
S050;502;F06->alpha;0;0.7530186608122942
S050;504;F06->alpha;0;0.7530186608122942
S050;506;F06->alpha;0;0.7530186608122942
S050;542;F06->alpha;1;0.8087748344370861
S050;608;F06->alpha;1;0.91792656587473
S050;637;F06->alpha;1;0.7933884297520661
S050;645;F06->alpha;1;0.8729591836734694
S050;647;F06->alpha;1;0.9015025041736227
S050;674;F06->alpha;1;0.9102040816326531
S050;778;F06->alpha;1;0.9469339622641509
S050;810;F06->alpha;1;0.9133202742409402
S050;864;F06->alpha;1;0.7530186608122942
S050;866;F06->alpha;1;0.7530186608122942
S050;868;F06->alpha;1;0.7933884297520661
S050;870;F06->alpha;1;0.8361522198731501
S050;877;F06->alpha;1;0.8349673202614379
S050;908;F06->alpha;0;0.8292228943694742
S050;1012;F06->alpha;1;0.8361522198731501
S050;1014;F06->alpha;1;0.8361522198731501
S050;1022;F06->alpha;1;0.8361522198731501
S050;1080;F06->alpha;1;0.8973384030418251
S050;1085;F06->alpha;1;0.8087748344370861
S050;1087;F06->alpha;1;0.8087748344370861
S050;1089;F06->alpha;1;0.8292228943694742
S050;1111;F06->alpha;1;0.7632211538461539
S050;1113;F06->alpha;1;0.7658536585365854
S050;1146;F06->alpha;1;0.8432055749128919
S050;1192;F06->alpha;1;0.7740076824583867
S001;15;F33->epsilon;1;0.5480706344015697
S001;16;F33->epsilon;1;0.41370808678500987
S001;36;F33->epsilon;1;0.6320132013201321
S001;50;F33->epsilon;0;0.6476426799007444
S001;76;F33->epsilon;1;0.8914819136522754
S001;146;F33->epsilon;0;0.5026014568158168
S001;188;F33->epsilon;0;0.47880299251870323
S001;296;F33->epsilon;1;0.7846638655462185
S001;363;F33->epsilon;0;0.6509612780936908
S001;364;F33->epsilon;0;0.6509612780936908
S001;464;F33->epsilon;1;0.6320132013201321
S001;506;F33->epsilon;0;0.6320132013201321
S001;544;F33->epsilon;1;0.7075471698113207
S001;583;F33->epsilon;1;0.7033492822966507
S001;613;F33->epsilon;1;0.6265560165975104
S001;627;F33->epsilon;1;0.7967479674796748
S001;629;F33->epsilon;1;0.8744113029827315
S001;647;F33->epsilon;1;0.7136363636363636
S001;668;F33->epsilon;1;0.8744113029827315
S001;669;F33->epsilon;1;0.8455284552845529
S001;677;F33->epsilon;1;0.8114374034003091
S001;678;F33->epsilon;1;0.7351097178683386
S001;680;F33->epsilon;1;0.8333333333333334
S001;726;F33->epsilon;1;0.8914819136522754
S001;767;F33->epsilon;0;0.5480706344015697
S001;768;F33->epsilon;0;0.5026014568158168
S001;770;F33->epsilon;0;0.38477296005462613
S001;804;F33->epsilon;0;0.38477296005462613
S001;805;F33->epsilon;0;0.38477296005462613
S001;859;F33->epsilon;1;0.8744113029827315
S001;871;F33->epsilon;1;0.6621803499327052
S001;891;F33->epsilon;1;0.7495881383855024
S001;910;F33->epsilon;1;0.42836041358936483
S001;981;F33->epsilon;0;0.42836041358936483
S001;1059;F33->epsilon;0;0.4169753086419753
S001;1060;F33->epsilon;0;0.4169753086419753
S001;1062;F33->epsilon;0;0.4169753086419753
S001;1155;F33->epsilon;0;0.7224448897795591
S001;1156;F33->epsilon;0;0.8192371475953566
S001;1209;F33->epsilon;0;0.678617157490397
S001;1210;F33->epsilon;0;0.5346820809248555
S001;1226;F33->epsilon;0;0.4169753086419753
S001;1257;F33->epsilon;1;0.6509612780936908
S001;1371;F33->epsilon;0;0.6952054794520548
S002;31;F33->epsilon;1;0.5304575163398693
S002;58;F33->epsilon;0;0.48964013086150493
S002;65;F33->epsilon;1;0.5480706344015697
S002;92;F33->epsilon;0;0.8446362515413071
S002;139;F33->epsilon;1;0.6509612780936908
S002;141;F33->epsilon;1;0.7822054276880797
S002;270;F33->epsilon;0;0.42836041358936483
S002;287;F33->epsilon;1;0.6509612780936908
S002;288;F33->epsilon;1;0.6509612780936908
S002;290;F33->epsilon;1;0.5304575163398693
S002;291;F33->epsilon;1;0.5304575163398693
S002;293;F33->epsilon;1;0.5304575163398693
S002;320;F33->epsilon;1;0.7973251028806584
S002;339;F33->epsilon;0;0.47880299251870323
S002;397;F33->epsilon;1;0.6079734219269103
S002;432;F33->epsilon;0;0.38477296005462613
S002;495;F33->epsilon;0;0.38477296005462613
S002;496;F33->epsilon;0;0.38477296005462613
S002;532;F33->epsilon;1;0.6320132013201321
S002;580;F33->epsilon;1;0.741222366710013
S002;718;F33->epsilon;1;0.7591623036649214
S002;781;F33->epsilon;1;0.6320132013201321
S002;782;F33->epsilon;1;0.5026014568158168
S002;855;F33->epsilon;0;0.5346820809248555
S002;856;F33->epsilon;0;0.47880299251870323
S002;872;F33->epsilon;0;0.4169753086419753
S002;873;F33->epsilon;0;0.4169753086419753
S002;915;F33->epsilon;1;0.5839753466872111
S002;916;F33->epsilon;1;0.5839753466872111
S002;918;F33->epsilon;1;0.6952054794520548
S002;964;F33->epsilon;0;0.5480706344015697
S002;984;F33->epsilon;0;0.6320132013201321
S002;1008;F33->epsilon;1;0.6320132013201321
S002;1031;F33->epsilon;1;0.42836041358936483
S002;1033;F33->epsilon;1;0.4169753086419753
S002;1034;F33->epsilon;1;0.4169753086419753
S002;1078;F33->epsilon;0;0.6952054794520548
S002;1079;F33->epsilon;0;0.6952054794520548
S002;1146;F33->epsilon;1;0.4936708860759494
S002;1147;F33->epsilon;1;0.4936708860759494
S002;1219;F33->epsilon;1;0.7822054276880797
S002;1232;F33->epsilon;1;0.7822054276880797
S003;23;F33->epsilon;1;0.6952054794520548
S003;65;F33->epsilon;1;0.48964013086150493
S003;66;F33->epsilon;1;0.48964013086150493
S003;112;F33->epsilon;1;0.7224448897795591
S003;213;F33->epsilon;1;0.8914819136522754
S003;232;F33->epsilon;1;0.7973251028806584
S003;285;F33->epsilon;1;0.5304575163398693
S003;347;F33->epsilon;1;0.38477296005462613
S003;450;F33->epsilon;1;0.8744113029827315
S003;452;F33->epsilon;1;0.8514619883040936
S003;489;F33->epsilon;0;0.7822054276880797
S003;490;F33->epsilon;0;0.4169753086419753
S003;492;F33->epsilon;0;0.4169753086419753
S003;493;F33->epsilon;0;0.4169753086419753
S003;536;F33->epsilon;1;0.7468671679197995
S003;537;F33->epsilon;1;0.7075471698113207
S003;545;F33->epsilon;1;0.7973251028806584
S003;546;F33->epsilon;1;0.888507718696398
S003;548;F33->epsilon;1;0.888507718696398
S003;549;F33->epsilon;1;0.8446362515413071
S003;630;F33->epsilon;1;0.8455284552845529
S003;674;F33->epsilon;1;0.7224448897795591
S003;754;F33->epsilon;0;0.41370808678500987
S003;756;F33->epsilon;0;0.41370808678500987
S003;796;F33->epsilon;0;0.741222366710013
S003;797;F33->epsilon;0;0.6621803499327052
S003;816;F33->epsilon;1;0.38477296005462613
S003;840;F33->epsilon;1;0.893167701863354
S003;842;F33->epsilon;1;0.8446362515413071
S003;847;F33->epsilon;0;0.4936708860759494
S003;888;F33->epsilon;1;0.8514619883040936
S003;918;F33->epsilon;0;0.7495881383855024
S003;919;F33->epsilon;0;0.7495881383855024
S003;931;F33->epsilon;0;0.6952054794520548
S003;978;F33->epsilon;1;0.5026014568158168
S003;1045;F33->epsilon;0;0.48964013086150493
S003;1046;F33->epsilon;0;0.48964013086150493
S003;1072;F33->epsilon;1;0.5026014568158168
S003;1093;F33->epsilon;0;0.42836041358936483
S003;1121;F33->epsilon;1;0.8914819136522754
S003;1122;F33->epsilon;1;0.8914819136522754
S003;1150;F33->epsilon;0;0.42836041358936483
S003;1340;F33->epsilon;1;0.41370808678500987
S003;1347;F33->epsilon;1;0.6320132013201321
S003;1366;F33->epsilon;1;0.8446362515413071
S003;1367;F33->epsilon;1;0.8514619883040936
S004;93;F33->epsilon;1;0.7846638655462185
S004;113;F33->epsilon;1;0.7351097178683386
S004;114;F33->epsilon;1;0.7351097178683386
S004;116;F33->epsilon;1;0.678617157490397
S004;125;F33->epsilon;1;0.8455284552845529
S004;126;F33->epsilon;1;0.8446362515413071
S004;142;F33->epsilon;1;0.6952054794520548
S004;166;F33->epsilon;0;0.42836041358936483
S004;167;F33->epsilon;0;0.42836041358936483
S004;176;F33->epsilon;1;0.5304575163398693
S004;177;F33->epsilon;1;0.4169753086419753
S004;179;F33->epsilon;1;0.4169753086419753
S004;180;F33->epsilon;1;0.4169753086419753
S004;254;F33->epsilon;1;0.678617157490397
S004;280;F33->epsilon;1;0.5031645569620253
S004;282;F33->epsilon;1;0.5346820809248555
S004;283;F33->epsilon;1;0.47880299251870323
S004;319;F33->epsilon;1;0.41370808678500987
S004;320;F33->epsilon;1;0.41370808678500987
S004;351;F33->epsilon;0;0.42836041358936483
S004;383;F33->epsilon;1;0.8914819136522754
S004;449;F33->epsilon;1;0.6320132013201321
S004;485;F33->epsilon;0;0.6509612780936908
S004;487;F33->epsilon;0;0.7822054276880797
S004;500;F33->epsilon;0;0.7822054276880797
S004;502;F33->epsilon;0;0.6509612780936908
S004;503;F33->epsilon;0;0.6509612780936908
S004;505;F33->epsilon;0;0.6509612780936908
S004;506;F33->epsilon;0;0.6509612780936908
S004;508;F33->epsilon;0;0.6509612780936908
S004;578;F33->epsilon;1;0.8914819136522754
S004;580;F33->epsilon;1;0.8914819136522754
S004;595;F33->epsilon;1;0.5480706344015697
S004;693;F33->epsilon;0;0.7822054276880797
S004;776;F33->epsilon;1;0.6029173419773096
S004;778;F33->epsilon;1;0.7822054276880797
S004;826;F33->epsilon;1;0.893167701863354
S004;849;F33->epsilon;1;0.5155405405405405
S004;862;F33->epsilon;1;0.7822054276880797
S004;881;F33->epsilon;1;0.6959459459459459
S004;883;F33->epsilon;1;0.6476426799007444
S004;948;F33->epsilon;0;0.6509612780936908
S004;949;F33->epsilon;0;0.5304575163398693
S004;989;F33->epsilon;1;0.7822054276880797
S004;1003;F33->epsilon;1;0.7224448897795591
S004;1064;F33->epsilon;1;0.6621803499327052
S004;1066;F33->epsilon;1;0.6952054794520548
S004;1088;F33->epsilon;1;0.7075471698113207
S004;1107;F33->epsilon;1;0.8744113029827315
S004;1186;F33->epsilon;0;0.6621803499327052
S004;1187;F33->epsilon;0;0.6621803499327052
S004;1189;F33->epsilon;0;0.5480706344015697
S004;1190;F33->epsilon;0;0.5480706344015697
S004;1238;F33->epsilon;0;0.8333333333333334
S004;1239;F33->epsilon;0;0.7033492822966507
S004;1241;F33->epsilon;0;0.5031645569620253
S004;1255;F33->epsilon;0;0.42836041358936483
S004;1256;F33->epsilon;0;0.42836041358936483
S004;1327;F33->epsilon;0;0.4169753086419753
S004;1335;F33->epsilon;0;0.7822054276880797
S004;1401;F33->epsilon;0;0.5304575163398693
S004;1403;F33->epsilon;0;0.5304575163398693
S005;49;F33->epsilon;1;0.6621803499327052
S005;60;F33->epsilon;1;0.5480706344015697
S005;102;F33->epsilon;0;0.6265560165975104
S005;108;F33->epsilon;0;0.6029173419773096
S005;110;F33->epsilon;0;0.6029173419773096
S005;198;F33->epsilon;0;0.5304575163398693
S005;199;F33->epsilon;0;0.6509612780936908
S005;221;F33->epsilon;0;0.5304575163398693
S005;243;F33->epsilon;0;0.4169753086419753
S005;244;F33->epsilon;0;0.4169753086419753
S005;260;F33->epsilon;0;0.6509612780936908
S005;303;F33->epsilon;1;0.4169753086419753
S005;305;F33->epsilon;1;0.5304575163398693
S005;306;F33->epsilon;1;0.5304575163398693
S005;339;F33->epsilon;0;0.7973251028806584
S005;344;F33->epsilon;0;0.5026014568158168
S005;371;F33->epsilon;1;0.38477296005462613
S005;372;F33->epsilon;1;0.38477296005462613
S005;445;F33->epsilon;1;0.7846638655462185
S005;451;F33->epsilon;1;0.7846638655462185
S005;452;F33->epsilon;1;0.893167701863354
S005;467;F33->epsilon;1;0.8446362515413071
S005;468;F33->epsilon;1;0.6959459459459459
S005;486;F33->epsilon;0;0.5480706344015697
S005;487;F33->epsilon;0;0.41370808678500987
S005;579;F33->epsilon;1;0.6509612780936908
S005;581;F33->epsilon;1;0.6509612780936908
S005;582;F33->epsilon;1;0.5304575163398693
S005;584;F33->epsilon;1;0.4169753086419753
S005;596;F33->epsilon;0;0.8293103448275863
S005;642;F33->epsilon;0;0.5304575163398693
S005;686;F33->epsilon;1;0.5304575163398693
S005;714;F33->epsilon;0;0.6952054794520548
S005;749;F33->epsilon;1;0.8272552783109405
S005;750;F33->epsilon;1;0.7351097178683386
S005;752;F33->epsilon;1;0.678617157490397
S005;781;F33->epsilon;1;0.41370808678500987
S005;797;F33->epsilon;1;0.893167701863354
S005;798;F33->epsilon;1;0.893167701863354
S005;817;F33->epsilon;0;0.678617157490397
S005;854;F33->epsilon;0;0.5304575163398693
S005;874;F33->epsilon;1;0.6509612780936908
S005;897;F33->epsilon;0;0.6079734219269103
S005;918;F33->epsilon;1;0.6320132013201321
S005;938;F33->epsilon;1;0.7591623036649214
S005;960;F33->epsilon;0;0.7040816326530612
S005;961;F33->epsilon;0;0.6170212765957447
S005;988;F33->epsilon;1;0.8914819136522754
S006;109;F33->epsilon;0;0.5155405405405405
S006;123;F33->epsilon;0;0.5304575163398693
S006;124;F33->epsilon;0;0.5304575163398693
S006;203;F33->epsilon;0;0.5304575163398693
S006;346;F33->epsilon;1;0.6320132013201321
S006;391;F33->epsilon;1;0.7846638655462185
S006;404;F33->epsilon;1;0.38477296005462613
S006;437;F33->epsilon;1;0.8514619883040936
S006;438;F33->epsilon;1;0.8744113029827315
S006;496;F33->epsilon;1;0.6509612780936908
S006;535;F33->epsilon;0;0.41370808678500987
S006;536;F33->epsilon;0;0.41370808678500987
S006;538;F33->epsilon;0;0.5480706344015697
S006;539;F33->epsilon;0;0.41370808678500987
S006;541;F33->epsilon;0;0.38477296005462613
S006;542;F33->epsilon;0;0.38477296005462613
S006;617;F33->epsilon;1;0.5026014568158168
S006;636;F33->epsilon;1;0.7846638655462185
S006;638;F33->epsilon;1;0.893167701863354
S006;685;F33->epsilon;0;0.7033492822966507
S006;687;F33->epsilon;0;0.7351097178683386
S006;688;F33->epsilon;0;0.6476426799007444
S006;765;F33->epsilon;0;0.5155405405405405
S006;766;F33->epsilon;0;0.42836041358936483
S006;787;F33->epsilon;0;0.4169753086419753
S006;789;F33->epsilon;0;0.5304575163398693
S006;794;F33->epsilon;0;0.6509612780936908
S006;803;F33->epsilon;1;0.6509612780936908
S006;804;F33->epsilon;1;0.5304575163398693
S006;810;F33->epsilon;1;0.5304575163398693
S006;811;F33->epsilon;1;0.4169753086419753
S006;824;F33->epsilon;1;0.8914819136522754
S006;847;F33->epsilon;1;0.38477296005462613
S006;868;F33->epsilon;1;0.7224448897795591
S006;879;F33->epsilon;1;0.6509612780936908
S006;893;F33->epsilon;1;0.741222366710013
S006;894;F33->epsilon;1;0.8829365079365079
S006;918;F33->epsilon;0;0.706766917293233
S006;919;F33->epsilon;0;0.6476426799007444
S006;937;F33->epsilon;0;0.4169753086419753
S006;938;F33->epsilon;0;0.4169753086419753
S006;951;F33->epsilon;0;0.4169753086419753
S006;983;F33->epsilon;0;0.8744113029827315
S006;984;F33->epsilon;0;0.8455284552845529
S006;1012;F33->epsilon;0;0.38477296005462613
S006;1051;F33->epsilon;0;0.5145631067961165
S006;1052;F33->epsilon;0;0.5031645569620253
S006;1081;F33->epsilon;1;0.8744113029827315
S006;1119;F33->epsilon;0;0.7846638655462185
S006;1137;F33->epsilon;1;0.6320132013201321
S006;1138;F33->epsilon;1;0.6320132013201321
S006;1212;F33->epsilon;0;0.7973251028806584
S006;1214;F33->epsilon;0;0.6952054794520548
S006;1215;F33->epsilon;0;0.7973251028806584
S006;1362;F33->epsilon;1;0.6265560165975104
S007;133;F33->epsilon;1;0.6509612780936908
S007;143;F33->epsilon;1;0.8744113029827315
S007;144;F33->epsilon;1;0.8455284552845529
S007;146;F33->epsilon;1;0.7495881383855024
S007;147;F33->epsilon;1;0.7075471698113207
S007;169;F33->epsilon;0;0.7224448897795591
S007;177;F33->epsilon;0;0.5155405405405405
S007;250;F33->epsilon;1;0.6320132013201321
S007;251;F33->epsilon;1;0.6320132013201321
S007;325;F33->epsilon;1;0.6509612780936908
S007;327;F33->epsilon;1;0.6509612780936908
S007;328;F33->epsilon;1;0.5304575163398693
S007;330;F33->epsilon;1;0.5304575163398693
S007;331;F33->epsilon;1;0.4169753086419753
S007;351;F33->epsilon;1;0.5155405405405405
S007;366;F33->epsilon;1;0.6476426799007444
S007;409;F33->epsilon;1;0.7822054276880797
S007;470;F33->epsilon;0;0.42836041358936483
S007;471;F33->epsilon;0;0.42836041358936483
S007;481;F33->epsilon;0;0.4169753086419753
S007;489;F33->epsilon;1;0.5304575163398693
S007;497;F33->epsilon;1;0.6509612780936908
S007;502;F33->epsilon;1;0.8914819136522754
S007;504;F33->epsilon;1;0.7822054276880797
S007;562;F33->epsilon;0;0.38477296005462613
S007;569;F33->epsilon;0;0.6320132013201321
S007;586;F33->epsilon;0;0.5026014568158168
S007;587;F33->epsilon;0;0.6320132013201321
S007;602;F33->epsilon;0;0.38477296005462613
S007;621;F33->epsilon;1;0.5026014568158168
S007;645;F33->epsilon;1;0.7351097178683386
S007;659;F33->epsilon;1;0.42836041358936483
S007;909;F33->epsilon;1;0.5145631067961165
S007;932;F33->epsilon;0;0.5185185185185185
S007;933;F33->epsilon;0;0.4936708860759494
S007;935;F33->epsilon;0;0.5839753466872111
S007;936;F33->epsilon;0;0.48964013086150493
S007;960;F33->epsilon;1;0.5026014568158168
S007;993;F33->epsilon;1;0.4936708860759494
S007;995;F33->epsilon;1;0.48964013086150493
S007;996;F33->epsilon;1;0.48964013086150493
S007;1003;F33->epsilon;1;0.5480706344015697
S007;1043;F33->epsilon;0;0.678617157490397
S007;1084;F33->epsilon;0;0.5304575163398693
S007;1097;F33->epsilon;0;0.5304575163398693
S007;1112;F33->epsilon;0;0.5304575163398693
S007;1240;F33->epsilon;1;0.8914819136522754
S007;1247;F33->epsilon;1;0.8514619883040936
S007;1398;F33->epsilon;0;0.6509612780936908
S007;1399;F33->epsilon;0;0.7822054276880797
S008;48;F33->epsilon;0;0.8192371475953566
S008;68;F33->epsilon;1;0.4169753086419753
S008;69;F33->epsilon;1;0.4169753086419753
S008;137;F33->epsilon;0;0.42836041358936483
S008;207;F33->epsilon;1;0.6509612780936908
S008;233;F33->epsilon;1;0.7846638655462185
S008;340;F33->epsilon;0;0.6320132013201321
S008;341;F33->epsilon;0;0.7846638655462185
S008;383;F33->epsilon;1;0.6320132013201321
S008;395;F33->epsilon;1;0.6320132013201321
S008;397;F33->epsilon;1;0.7846638655462185
S008;408;F33->epsilon;1;0.7846638655462185
S008;426;F33->epsilon;1;0.8744113029827315
S008;433;F33->epsilon;0;0.678617157490397
S008;501;F33->epsilon;1;0.7822054276880797
S008;544;F33->epsilon;0;0.6029173419773096
S008;574;F33->epsilon;0;0.5304575163398693
S008;660;F33->epsilon;0;0.5155405405405405
S008;686;F33->epsilon;1;0.5304575163398693
S008;693;F33->epsilon;1;0.7822054276880797
S008;860;F33->epsilon;1;0.893167701863354
S008;865;F33->epsilon;1;0.7846638655462185
S008;913;F33->epsilon;1;0.6509612780936908
S008;939;F33->epsilon;1;0.8744113029827315
S008;950;F33->epsilon;1;0.5839753466872111
S008;951;F33->epsilon;1;0.5839753466872111
S008;963;F33->epsilon;1;0.7224448897795591
S008;964;F33->epsilon;1;0.6029173419773096
S008;966;F33->epsilon;1;0.6029173419773096
S008;967;F33->epsilon;1;0.6029173419773096
S008;988;F33->epsilon;1;0.48964013086150493
S008;989;F33->epsilon;1;0.48964013086150493
S008;1002;F33->epsilon;1;0.7846638655462185
S008;1049;F33->epsilon;0;0.4169753086419753
S008;1050;F33->epsilon;0;0.4169753086419753
S008;1052;F33->epsilon;0;0.4169753086419753
S008;1053;F33->epsilon;0;0.4169753086419753
S008;1110;F33->epsilon;1;0.5839753466872111
S008;1210;F33->epsilon;0;0.38477296005462613
S008;1215;F33->epsilon;0;0.6320132013201321
S008;1224;F33->epsilon;0;0.5026014568158168
S008;1231;F33->epsilon;0;0.5026014568158168
S008;1232;F33->epsilon;0;0.5026014568158168
S008;1357;F33->epsilon;1;0.6621803499327052
S008;1404;F33->epsilon;1;0.7967479674796748
S009;79;F33->epsilon;1;0.7851063829787234
S009;80;F33->epsilon;1;0.5494505494505495
S009;138;F33->epsilon;1;0.7822054276880797
S009;224;F33->epsilon;1;0.8914819136522754
S009;225;F33->epsilon;0;0.7851063829787234
S009;256;F33->epsilon;1;0.893167701863354
S009;257;F33->epsilon;1;0.893167701863354
S009;275;F33->epsilon;1;0.8514619883040936
S009;277;F33->epsilon;1;0.7351097178683386
S009;278;F33->epsilon;1;0.7351097178683386
S009;329;F33->epsilon;1;0.8744113029827315
S009;394;F33->epsilon;1;0.7351097178683386
S009;402;F33->epsilon;1;0.8744113029827315
S009;419;F33->epsilon;1;0.6265560165975104
S009;420;F33->epsilon;1;0.47880299251870323
S009;457;F33->epsilon;1;0.893167701863354
S009;546;F33->epsilon;1;0.8744113029827315
S009;640;F33->epsilon;1;0.8446362515413071
S009;641;F33->epsilon;1;0.6959459459459459
S009;675;F33->epsilon;1;0.5346820809248555
S009;676;F33->epsilon;1;0.47880299251870323
S009;682;F33->epsilon;1;0.6029173419773096
S009;683;F33->epsilon;1;0.5155405405405405
S009;685;F33->epsilon;1;0.5155405405405405
S009;686;F33->epsilon;1;0.5155405405405405
S009;748;F33->epsilon;0;0.6754385964912281
S009;750;F33->epsilon;0;0.4936708860759494
S009;895;F33->epsilon;1;0.706766917293233
S009;896;F33->epsilon;1;0.7351097178683386
S009;924;F33->epsilon;0;0.4936708860759494
S009;1059;F33->epsilon;1;0.6952054794520548
S009;1073;F33->epsilon;1;0.7075471698113207
S009;1075;F33->epsilon;1;0.5839753466872111
S009;1076;F33->epsilon;1;0.48964013086150493
S009;1108;F33->epsilon;1;0.41370808678500987
S009;1109;F33->epsilon;1;0.41370808678500987
S009;1164;F33->epsilon;1;0.6952054794520548
S009;1183;F33->epsilon;1;0.8192371475953566
S009;1214;F33->epsilon;1;0.7224448897795591
S009;1223;F33->epsilon;1;0.8744113029827315
S009;1228;F33->epsilon;1;0.8829365079365079
S009;1230;F33->epsilon;1;0.8829365079365079
S009;1231;F33->epsilon;1;0.8446362515413071
S010;34;F33->epsilon;1;0.8192371475953566
S010;63;F33->epsilon;1;0.6621803499327052
S010;83;F33->epsilon;1;0.7973251028806584
S010;114;F33->epsilon;1;0.7224448897795591
S010;163;F33->epsilon;0;0.4169753086419753
S010;164;F33->epsilon;0;0.4169753086419753
S010;166;F33->epsilon;1;0.4169753086419753
S010;281;F33->epsilon;1;0.678617157490397
S010;301;F33->epsilon;1;0.6952054794520548
S010;302;F33->epsilon;1;0.6320132013201321
S010;343;F33->epsilon;1;0.8446362515413071
S010;344;F33->epsilon;1;0.6959459459459459
S010;356;F33->epsilon;1;0.6959459459459459
S010;439;F33->epsilon;1;0.5026014568158168
S010;441;F33->epsilon;1;0.7846638655462185
S010;468;F33->epsilon;1;0.7351097178683386
S010;559;F33->epsilon;0;0.41370808678500987
S010;582;F33->epsilon;1;0.6320132013201321
S010;589;F33->epsilon;1;0.7846638655462185
S010;652;F33->epsilon;1;0.7495881383855024
S010;653;F33->epsilon;1;0.4936708860759494
S010;684;F33->epsilon;1;0.8829365079365079
S010;686;F33->epsilon;1;0.741222366710013
S010;687;F33->epsilon;1;0.8829365079365079
S010;707;F33->epsilon;1;0.5155405405405405
S010;721;F33->epsilon;1;0.6509612780936908
S010;744;F33->epsilon;1;0.6265560165975104
S010;852;F33->epsilon;1;0.38477296005462613
S010;858;F33->epsilon;1;0.38477296005462613
S010;859;F33->epsilon;1;0.38477296005462613
S010;930;F33->epsilon;1;0.4936708860759494
S010;964;F33->epsilon;1;0.6952054794520548
S010;966;F33->epsilon;1;0.7973251028806584
S010;1065;F33->epsilon;1;0.6509612780936908
S010;1103;F33->epsilon;0;0.42836041358936483
S010;1104;F33->epsilon;0;0.42836041358936483
S011;51;F33->epsilon;1;0.6952054794520548
S011;86;F33->epsilon;1;0.8455284552845529
S011;88;F33->epsilon;1;0.8514619883040936
S011;147;F33->epsilon;1;0.41370808678500987
S011;148;F33->epsilon;1;0.41370808678500987
S011;150;F33->epsilon;1;0.41370808678500987
S011;220;F33->epsilon;1;0.8272552783109405
S011;260;F33->epsilon;0;0.5304575163398693
S011;261;F33->epsilon;0;0.5304575163398693
S011;289;F33->epsilon;0;0.5304575163398693
S011;300;F33->epsilon;1;0.4169753086419753
S011;320;F33->epsilon;1;0.8514619883040936
S011;335;F33->epsilon;1;0.42836041358936483
S011;336;F33->epsilon;1;0.42836041358936483
S011;395;F33->epsilon;1;0.8446362515413071
S011;415;F33->epsilon;1;0.6952054794520548
S011;447;F33->epsilon;0;0.7075471698113207
S011;460;F33->epsilon;1;0.888507718696398
S011;591;F33->epsilon;0;0.4169753086419753
S011;593;F33->epsilon;0;0.4169753086419753
S011;594;F33->epsilon;0;0.4169753086419753
S011;654;F33->epsilon;1;0.6621803499327052
S011;676;F33->epsilon;1;0.678617157490397
S011;677;F33->epsilon;1;0.5346820809248555
S011;679;F33->epsilon;1;0.5155405405405405
S011;696;F33->epsilon;1;0.6959459459459459
S011;709;F33->epsilon;0;0.8829365079365079
S011;739;F33->epsilon;1;0.7846638655462185
S011;758;F33->epsilon;1;0.741222366710013
S011;784;F33->epsilon;1;0.4936708860759494
S011;855;F33->epsilon;1;0.4169753086419753
S011;875;F33->epsilon;1;0.8562992125984252
S011;974;F33->epsilon;1;0.8446362515413071
S011;980;F33->epsilon;1;0.8455284552845529
S011;981;F33->epsilon;1;0.8562992125984252
S011;1010;F33->epsilon;0;0.6754385964912281
S011;1012;F33->epsilon;0;0.7075471698113207
S011;1028;F33->epsilon;1;0.38477296005462613
S011;1086;F33->epsilon;1;0.8914819136522754
S011;1115;F33->epsilon;0;0.6265560165975104
S011;1134;F33->epsilon;0;0.5304575163398693
S011;1135;F33->epsilon;0;0.4169753086419753
S011;1197;F33->epsilon;1;0.8541666666666666
S011;1198;F33->epsilon;1;0.7495881383855024
S011;1239;F33->epsilon;1;0.8514619883040936
S011;1324;F33->epsilon;1;0.41370808678500987
S011;1348;F33->epsilon;0;0.7351097178683386
S011;1349;F33->epsilon;0;0.7351097178683386
S012;51;F33->epsilon;0;0.5304575163398693
S012;183;F33->epsilon;1;0.48964013086150493
S012;185;F33->epsilon;1;0.48964013086150493
S012;213;F33->epsilon;1;0.5145631067961165
S012;214;F33->epsilon;1;0.5145631067961165
S012;243;F33->epsilon;0;0.41370808678500987
S012;260;F33->epsilon;0;0.5026014568158168
S012;261;F33->epsilon;0;0.38477296005462613
S012;324;F33->epsilon;0;0.7224448897795591
S012;337;F33->epsilon;1;0.6509612780936908
S012;359;F33->epsilon;1;0.6509612780936908
S012;378;F33->epsilon;0;0.6952054794520548
S012;402;F33->epsilon;0;0.5026014568158168
S012;404;F33->epsilon;0;0.5026014568158168
S012;409;F33->epsilon;0;0.5026014568158168
S012;411;F33->epsilon;0;0.5026014568158168
S012;561;F33->epsilon;1;0.7967479674796748
S012;587;F33->epsilon;0;0.7075471698113207
S012;627;F33->epsilon;0;0.5026014568158168
S012;628;F33->epsilon;0;0.5026014568158168
S012;670;F33->epsilon;1;0.48964013086150493
S012;740;F33->epsilon;0;0.42836041358936483
S012;756;F33->epsilon;0;0.4169753086419753
S012;823;F33->epsilon;0;0.7851063829787234
S012;824;F33->epsilon;0;0.6754385964912281
S012;826;F33->epsilon;0;0.7075471698113207
S012;838;F33->epsilon;0;0.5480706344015697
S012;839;F33->epsilon;0;0.5480706344015697
S012;841;F33->epsilon;0;0.5480706344015697
S012;904;F33->epsilon;0;0.42836041358936483
S012;905;F33->epsilon;0;0.42836041358936483
S012;907;F33->epsilon;0;0.5155405405405405
S012;908;F33->epsilon;0;0.5155405405405405
S012;910;F33->epsilon;0;0.42836041358936483
S012;937;F33->epsilon;1;0.7822054276880797
S012;938;F33->epsilon;1;0.7822054276880797
S012;1004;F33->epsilon;1;0.7136363636363636
S012;1005;F33->epsilon;1;0.4936708860759494
S012;1048;F33->epsilon;1;0.7822054276880797
S012;1049;F33->epsilon;1;0.8914819136522754
S012;1055;F33->epsilon;1;0.8562992125984252
S012;1056;F33->epsilon;1;0.8541666666666666
S012;1186;F33->epsilon;1;0.6509612780936908
S012;1241;F33->epsilon;1;0.5304575163398693
S012;1348;F33->epsilon;1;0.893167701863354
S012;1375;F33->epsilon;1;0.5346820809248555
S012;1381;F33->epsilon;1;0.42836041358936483
S012;1382;F33->epsilon;1;0.7224448897795591
S012;1384;F33->epsilon;1;0.7224448897795591
S012;1385;F33->epsilon;1;0.7851063829787234
S013;7;F33->epsilon;1;0.6265560165975104
S013;106;F33->epsilon;0;0.7822054276880797
S013;174;F33->epsilon;1;0.893167701863354
S013;281;F33->epsilon;1;0.47880299251870323
S013;370;F33->epsilon;0;0.47880299251870323
S013;376;F33->epsilon;1;0.42836041358936483
S013;432;F33->epsilon;1;0.5155405405405405
S013;434;F33->epsilon;1;0.42836041358936483
S013;435;F33->epsilon;1;0.5155405405405405
S013;713;F33->epsilon;1;0.6320132013201321
S013;719;F33->epsilon;1;0.6320132013201321
S013;721;F33->epsilon;1;0.7846638655462185
S013;722;F33->epsilon;1;0.893167701863354
S013;795;F33->epsilon;1;0.8192371475953566
S013;797;F33->epsilon;1;0.6992481203007519
S013;835;F33->epsilon;0;0.6320132013201321
S013;840;F33->epsilon;0;0.5026014568158168
S013;842;F33->epsilon;0;0.6320132013201321
S013;862;F33->epsilon;1;0.6320132013201321
S013;863;F33->epsilon;1;0.6320132013201321
S013;904;F33->epsilon;0;0.6509612780936908
S013;906;F33->epsilon;0;0.6509612780936908
S013;907;F33->epsilon;0;0.6509612780936908
S013;945;F33->epsilon;1;0.8914819136522754
S013;958;F33->epsilon;1;0.6476426799007444
S013;1013;F33->epsilon;0;0.5304575163398693
S013;1051;F33->epsilon;1;0.8914819136522754
S013;1052;F33->epsilon;1;0.6509612780936908
S013;1078;F33->epsilon;0;0.5031645569620253
S013;1094;F33->epsilon;0;0.7822054276880797
S013;1095;F33->epsilon;0;0.6509612780936908
S013;1234;F33->epsilon;1;0.7822054276880797
S013;1235;F33->epsilon;1;0.7822054276880797
S013;1252;F33->epsilon;1;0.7822054276880797
S014;54;F33->epsilon;0;0.41370808678500987
S014;117;F33->epsilon;1;0.7822054276880797
S014;132;F33->epsilon;1;0.5304575163398693
S014;182;F33->epsilon;0;0.6320132013201321
S014;184;F33->epsilon;0;0.6320132013201321
S014;302;F33->epsilon;1;0.4169753086419753
S014;308;F33->epsilon;1;0.4169753086419753
S014;309;F33->epsilon;1;0.4169753086419753
S014;326;F33->epsilon;1;0.8514619883040936
S014;449;F33->epsilon;1;0.4169753086419753
S014;450;F33->epsilon;1;0.4169753086419753
S014;452;F33->epsilon;1;0.5304575163398693
S014;520;F33->epsilon;1;0.6320132013201321
S014;522;F33->epsilon;1;0.5026014568158168
S014;523;F33->epsilon;1;0.5026014568158168
S014;525;F33->epsilon;1;0.6320132013201321
S014;624;F33->epsilon;1;0.8562992125984252
S014;625;F33->epsilon;1;0.8541666666666666
S014;627;F33->epsilon;1;0.8744113029827315
S014;687;F33->epsilon;0;0.6621803499327052
S014;689;F33->epsilon;0;0.6621803499327052
S014;690;F33->epsilon;0;0.6952054794520548
S014;692;F33->epsilon;1;0.6952054794520548
S014;700;F33->epsilon;1;0.6320132013201321
S014;714;F33->epsilon;1;0.5026014568158168
S014;763;F33->epsilon;0;0.41370808678500987
S014;845;F33->epsilon;1;0.893167701863354
S014;996;F33->epsilon;1;0.4169753086419753
S014;997;F33->epsilon;1;0.4169753086419753
S014;1048;F33->epsilon;0;0.8293103448275863
S014;1049;F33->epsilon;0;0.6265560165975104
S014;1056;F33->epsilon;0;0.42836041358936483
S014;1057;F33->epsilon;1;0.42836041358936483
S014;1124;F33->epsilon;1;0.7846638655462185
S014;1255;F33->epsilon;1;0.8744113029827315
S014;1345;F33->epsilon;1;0.8446362515413071
S014;1375;F33->epsilon;1;0.7142857142857143
S014;1385;F33->epsilon;0;0.5839753466872111
S014;1386;F33->epsilon;0;0.5839753466872111
S015;28;F33->epsilon;0;0.5480706344015697
S015;74;F33->epsilon;0;0.38477296005462613
S015;75;F33->epsilon;0;0.38477296005462613
S015;77;F33->epsilon;0;0.38477296005462613
S015;78;F33->epsilon;0;0.38477296005462613
S015;132;F33->epsilon;1;0.7224448897795591
S015;137;F33->epsilon;1;0.7224448897795591
S015;150;F33->epsilon;1;0.8914819136522754
S015;218;F33->epsilon;0;0.7351097178683386
S015;251;F33->epsilon;1;0.8914819136522754
S015;318;F33->epsilon;1;0.7851063829787234
S015;475;F33->epsilon;1;0.893167701863354
S015;610;F33->epsilon;1;0.41370808678500987
S015;611;F33->epsilon;1;0.41370808678500987
S015;709;F33->epsilon;1;0.7846638655462185
S015;737;F33->epsilon;0;0.4169753086419753
S015;770;F33->epsilon;1;0.8744113029827315
S015;783;F33->epsilon;0;0.5145631067961165
S015;794;F33->epsilon;0;0.42836041358936483
S015;799;F33->epsilon;0;0.6509612780936908
S015;816;F33->epsilon;0;0.5304575163398693
S015;818;F33->epsilon;0;0.6509612780936908
S015;824;F33->epsilon;0;0.6509612780936908
S015;855;F33->epsilon;1;0.7822054276880797
S015;866;F33->epsilon;1;0.8744113029827315
S015;927;F33->epsilon;0;0.8446362515413071
S015;928;F33->epsilon;0;0.6959459459459459
S015;936;F33->epsilon;0;0.8192371475953566
S015;944;F33->epsilon;0;0.7224448897795591
S015;957;F33->epsilon;1;0.5304575163398693
S015;958;F33->epsilon;1;0.5304575163398693
S015;977;F33->epsilon;1;0.5304575163398693
S015;978;F33->epsilon;1;0.5304575163398693
S016;157;F33->epsilon;0;0.6509612780936908
S016;204;F33->epsilon;0;0.4169753086419753
S016;233;F33->epsilon;1;0.5304575163398693
S016;234;F33->epsilon;1;0.5304575163398693
S016;301;F33->epsilon;0;0.5304575163398693
S016;353;F33->epsilon;1;0.7468671679197995
S016;379;F33->epsilon;1;0.6509612780936908
S016;402;F33->epsilon;1;0.7973251028806584
S016;436;F33->epsilon;1;0.6509612780936908
S016;459;F33->epsilon;0;0.41370808678500987
S016;460;F33->epsilon;0;0.41370808678500987
S016;573;F33->epsilon;1;0.4169753086419753
S016;574;F33->epsilon;1;0.4169753086419753
S016;636;F33->epsilon;0;0.38477296005462613
S016;665;F33->epsilon;1;0.7846638655462185
S016;710;F33->epsilon;1;0.5346820809248555
S016;712;F33->epsilon;1;0.6029173419773096
S016;761;F33->epsilon;1;0.4169753086419753
S016;762;F33->epsilon;1;0.4169753086419753
S016;881;F33->epsilon;1;0.6476426799007444
S016;882;F33->epsilon;1;0.6476426799007444
S016;894;F33->epsilon;1;0.7224448897795591
S016;896;F33->epsilon;1;0.7224448897795591
S016;897;F33->epsilon;1;0.893167701863354
S016;1004;F33->epsilon;0;0.5480706344015697
S016;1021;F33->epsilon;1;0.6320132013201321
S016;1026;F33->epsilon;1;0.5026014568158168
S016;1040;F33->epsilon;1;0.8446362515413071
S016;1063;F33->epsilon;1;0.6320132013201321
S016;1069;F33->epsilon;1;0.5026014568158168
S016;1088;F33->epsilon;1;0.7351097178683386
S016;1090;F33->epsilon;1;0.678617157490397
S016;1111;F33->epsilon;0;0.7973251028806584
S016;1124;F33->epsilon;1;0.6320132013201321
S016;1142;F33->epsilon;1;0.893167701863354
S016;1176;F33->epsilon;1;0.6476426799007444
S016;1206;F33->epsilon;1;0.893167701863354
S016;1327;F33->epsilon;0;0.38477296005462613
S016;1377;F33->epsilon;0;0.47880299251870323
S016;1384;F33->epsilon;0;0.6029173419773096
S017;59;F33->epsilon;0;0.4169753086419753
S017;179;F33->epsilon;1;0.6029173419773096
S017;238;F33->epsilon;1;0.7822054276880797
S017;275;F33->epsilon;0;0.8293103448275863
S017;276;F33->epsilon;0;0.678617157490397
S017;289;F33->epsilon;0;0.6509612780936908
S017;290;F33->epsilon;0;0.6509612780936908
S017;292;F33->epsilon;0;0.5304575163398693
S017;403;F33->epsilon;1;0.38477296005462613
S017;428;F33->epsilon;1;0.6265560165975104
S017;433;F33->epsilon;1;0.7967479674796748
S017;435;F33->epsilon;1;0.7495881383855024
S017;436;F33->epsilon;1;0.7075471698113207
S017;647;F33->epsilon;1;0.7846638655462185
S017;648;F33->epsilon;1;0.893167701863354
S017;710;F33->epsilon;0;0.5026014568158168
S017;711;F33->epsilon;0;0.5026014568158168
S017;859;F33->epsilon;1;0.7822054276880797
S017;861;F33->epsilon;1;0.6509612780936908
S017;914;F33->epsilon;0;0.5346820809248555
S017;947;F33->epsilon;0;0.7822054276880797
S017;949;F33->epsilon;0;0.5304575163398693
S017;1022;F33->epsilon;1;0.6952054794520548
S017;1091;F33->epsilon;0;0.5304575163398693
S017;1173;F33->epsilon;1;0.8914819136522754
S017;1174;F33->epsilon;1;0.8914819136522754
S017;1233;F33->epsilon;0;0.5155405405405405
S017;1234;F33->epsilon;0;0.5155405405405405
S017;1250;F33->epsilon;0;0.5304575163398693
S017;1364;F33->epsilon;1;0.7822054276880797
S017;1395;F33->epsilon;1;0.6952054794520548
S018;27;F33->epsilon;0;0.48964013086150493
S018;62;F33->epsilon;1;0.893167701863354
S018;209;F33->epsilon;1;0.5026014568158168
S018;210;F33->epsilon;1;0.5026014568158168
S018;218;F33->epsilon;1;0.7846638655462185
S018;219;F33->epsilon;1;0.7846638655462185
S018;283;F33->epsilon;1;0.6265560165975104
S018;418;F33->epsilon;0;0.6509612780936908
S018;437;F33->epsilon;1;0.4169753086419753
S018;438;F33->epsilon;1;0.4169753086419753
S018;440;F33->epsilon;1;0.4169753086419753
S018;441;F33->epsilon;1;0.4169753086419753
S018;568;F33->epsilon;0;0.8914819136522754
S018;603;F33->epsilon;1;0.6509612780936908
S018;688;F33->epsilon;1;0.6509612780936908
S018;757;F33->epsilon;1;0.893167701863354
S018;852;F33->epsilon;0;0.4169753086419753
S018;853;F33->epsilon;0;0.4169753086419753
S018;891;F33->epsilon;0;0.6509612780936908
S018;1003;F33->epsilon;0;0.38477296005462613
S018;1103;F33->epsilon;1;0.8455284552845529
S018;1104;F33->epsilon;1;0.8446362515413071
S018;1208;F33->epsilon;0;0.6509612780936908
S018;1209;F33->epsilon;0;0.7822054276880797
S018;1253;F33->epsilon;1;0.7851063829787234
S018;1254;F33->epsilon;1;0.6754385964912281
S018;1256;F33->epsilon;1;0.7495881383855024
S018;1323;F33->epsilon;1;0.7040816326530612
S018;1354;F33->epsilon;1;0.8541666666666666
S018;1355;F33->epsilon;1;0.8541666666666666
S018;1371;F33->epsilon;1;0.5839753466872111
S018;1372;F33->epsilon;1;0.5839753466872111
S018;1402;F33->epsilon;1;0.678617157490397
S018;1403;F33->epsilon;1;0.6265560165975104
S019;8;F33->epsilon;1;0.48964013086150493
S019;10;F33->epsilon;1;0.5480706344015697
S019;11;F33->epsilon;1;0.41370808678500987
S019;32;F33->epsilon;1;0.8744113029827315
S019;71;F33->epsilon;1;0.8914819136522754
S019;76;F33->epsilon;1;0.8914819136522754
S019;153;F33->epsilon;0;0.8446362515413071
S019;227;F33->epsilon;1;0.8541666666666666
S019;258;F33->epsilon;1;0.5031645569620253
S019;311;F33->epsilon;0;0.38477296005462613
S019;313;F33->epsilon;0;0.38477296005462613
S019;314;F33->epsilon;0;0.38477296005462613
S019;375;F33->epsilon;0;0.5026014568158168
S019;376;F33->epsilon;0;0.5026014568158168
S019;439;F33->epsilon;1;0.8455284552845529
S019;461;F33->epsilon;1;0.5480706344015697
S019;462;F33->epsilon;1;0.41370808678500987
S019;464;F33->epsilon;1;0.5026014568158168
S019;526;F33->epsilon;0;0.8446362515413071
S019;538;F33->epsilon;1;0.7224448897795591
S019;576;F33->epsilon;1;0.5155405405405405
S019;577;F33->epsilon;1;0.42836041358936483
S019;579;F33->epsilon;1;0.5155405405405405
S019;580;F33->epsilon;1;0.42836041358936483
S019;589;F33->epsilon;1;0.6509612780936908
S019;599;F33->epsilon;1;0.8514619883040936
S019;648;F33->epsilon;1;0.4169753086419753
S019;650;F33->epsilon;1;0.4169753086419753
S019;651;F33->epsilon;1;0.4169753086419753
S019;764;F33->epsilon;1;0.7973251028806584
S019;775;F33->epsilon;1;0.8514619883040936
S019;777;F33->epsilon;1;0.8114374034003091
S019;778;F33->epsilon;1;0.7351097178683386
S019;786;F33->epsilon;0;0.7967479674796748
S019;788;F33->epsilon;0;0.7075471698113207
S019;794;F33->epsilon;0;0.41370808678500987
S019;1000;F33->epsilon;1;0.7846638655462185
S019;1105;F33->epsilon;0;0.4169753086419753
S019;1255;F33->epsilon;1;0.6320132013201321
S019;1257;F33->epsilon;1;0.6320132013201321
S019;1381;F33->epsilon;1;0.5304575163398693
S019;1382;F33->epsilon;1;0.5304575163398693
S019;1398;F33->epsilon;1;0.5480706344015697
S020;13;F33->epsilon;1;0.5346820809248555
S020;30;F33->epsilon;1;0.42836041358936483
S020;31;F33->epsilon;1;0.42836041358936483
S020;78;F33->epsilon;1;0.5480706344015697
S020;198;F33->epsilon;1;0.8514619883040936
S020;200;F33->epsilon;1;0.7351097178683386
S020;201;F33->epsilon;1;0.6476426799007444
S020;226;F33->epsilon;0;0.5155405405405405
S020;245;F33->epsilon;0;0.6509612780936908
S020;268;F33->epsilon;1;0.4169753086419753
S020;279;F33->epsilon;1;0.8455284552845529
S020;316;F33->epsilon;1;0.8914819136522754
S020;534;F33->epsilon;1;0.4169753086419753
S020;584;F33->epsilon;0;0.5026014568158168
S020;585;F33->epsilon;0;0.38477296005462613
S020;587;F33->epsilon;0;0.5026014568158168
S020;588;F33->epsilon;0;0.5026014568158168
S020;601;F33->epsilon;0;0.38477296005462613
S020;611;F33->epsilon;0;0.6320132013201321
S020;653;F33->epsilon;1;0.7495881383855024
S020;654;F33->epsilon;1;0.7495881383855024
S020;710;F33->epsilon;1;0.741222366710013
S020;711;F33->epsilon;1;0.6621803499327052
S020;809;F33->epsilon;1;0.42836041358936483
S020;873;F33->epsilon;1;0.509090909090909
S020;875;F33->epsilon;1;0.5031645569620253
S020;885;F33->epsilon;1;0.8455284552845529
S020;886;F33->epsilon;1;0.8744113029827315
S020;916;F33->epsilon;0;0.7967479674796748
S020;992;F33->epsilon;1;0.5026014568158168
S020;1001;F33->epsilon;1;0.7846638655462185
S020;1003;F33->epsilon;0;0.8514619883040936
S020;1061;F33->epsilon;1;0.6029173419773096
S020;1062;F33->epsilon;1;0.6029173419773096
S020;1064;F33->epsilon;1;0.6029173419773096
S021;31;F33->epsilon;0;0.47880299251870323
S021;32;F33->epsilon;0;0.47880299251870323
S021;45;F33->epsilon;1;0.7822054276880797
S021;125;F33->epsilon;0;0.5155405405405405
S021;127;F33->epsilon;0;0.6029173419773096
S021;128;F33->epsilon;1;0.6029173419773096
S021;137;F33->epsilon;1;0.6509612780936908
S021;162;F33->epsilon;1;0.8272552783109405
S021;163;F33->epsilon;1;0.8114374034003091
S021;165;F33->epsilon;1;0.8293103448275863
S021;320;F33->epsilon;1;0.7846638655462185
S021;321;F33->epsilon;1;0.7846638655462185
S021;454;F33->epsilon;1;0.6079734219269103
S021;455;F33->epsilon;1;0.4936708860759494
S021;457;F33->epsilon;1;0.48964013086150493
S021;469;F33->epsilon;1;0.888507718696398
S021;470;F33->epsilon;1;0.8446362515413071
S021;472;F33->epsilon;0;0.7967479674796748
S021;497;F33->epsilon;0;0.38477296005462613
S021;498;F33->epsilon;0;0.38477296005462613
S021;500;F33->epsilon;0;0.38477296005462613
S021;501;F33->epsilon;0;0.38477296005462613
S021;509;F33->epsilon;0;0.6320132013201321
S021;558;F33->epsilon;1;0.42836041358936483
S021;581;F33->epsilon;0;0.5155405405405405
S021;582;F33->epsilon;0;0.5155405405405405
S021;609;F33->epsilon;0;0.6509612780936908
S021;646;F33->epsilon;1;0.4169753086419753
S021;720;F33->epsilon;1;0.6029173419773096
S021;721;F33->epsilon;1;0.6029173419773096
S021;723;F33->epsilon;1;0.7224448897795591
S021;912;F33->epsilon;0;0.741222366710013
S021;958;F33->epsilon;1;0.8192371475953566
S021;959;F33->epsilon;1;0.7851063829787234
S021;961;F33->epsilon;1;0.7468671679197995
S021;962;F33->epsilon;1;0.6079734219269103
S021;1022;F33->epsilon;1;0.7822054276880797
S021;1052;F33->epsilon;1;0.7973251028806584
S021;1053;F33->epsilon;1;0.6952054794520548
S021;1075;F33->epsilon;0;0.5346820809248555
S021;1077;F33->epsilon;1;0.42836041358936483
S021;1078;F33->epsilon;1;0.42836041358936483
S021;1080;F33->epsilon;1;0.5155405405405405
S021;1161;F33->epsilon;1;0.678617157490397
S021;1170;F33->epsilon;1;0.8192371475953566
S021;1171;F33->epsilon;1;0.8744113029827315
S021;1186;F33->epsilon;1;0.8192371475953566
S021;1229;F33->epsilon;1;0.8744113029827315
S021;1231;F33->epsilon;1;0.8514619883040936
S022;22;F33->epsilon;1;0.42836041358936483
S022;23;F33->epsilon;1;0.42836041358936483
S022;114;F33->epsilon;0;0.41370808678500987
S022;338;F33->epsilon;0;0.41370808678500987
S022;365;F33->epsilon;1;0.7846638655462185
S022;367;F33->epsilon;1;0.6320132013201321
S022;391;F33->epsilon;0;0.42836041358936483
S022;407;F33->epsilon;1;0.7822054276880797
S022;409;F33->epsilon;1;0.6509612780936908
S022;410;F33->epsilon;1;0.7822054276880797
S022;425;F33->epsilon;1;0.7851063829787234
S022;442;F33->epsilon;1;0.48964013086150493
S022;443;F33->epsilon;1;0.48964013086150493
S022;468;F33->epsilon;0;0.5346820809248555
S022;496;F33->epsilon;1;0.7822054276880797
S022;508;F33->epsilon;1;0.8562992125984252
S022;520;F33->epsilon;1;0.8744113029827315
S022;521;F33->epsilon;1;0.8455284552845529
S022;547;F33->epsilon;1;0.8744113029827315
S022;548;F33->epsilon;1;0.6754385964912281
S022;550;F33->epsilon;1;0.6079734219269103
S022;551;F33->epsilon;1;0.4936708860759494
S022;560;F33->epsilon;1;0.7967479674796748
S022;614;F33->epsilon;1;0.8272552783109405
S022;633;F33->epsilon;1;0.7224448897795591
S022;635;F33->epsilon;1;0.6029173419773096
S022;636;F33->epsilon;1;0.7224448897795591
S022;718;F33->epsilon;1;0.5026014568158168
S022;743;F33->epsilon;1;0.5155405405405405
S022;745;F33->epsilon;1;0.8455284552845529
S022;746;F33->epsilon;1;0.8446362515413071
S022;870;F33->epsilon;1;0.678617157490397
S022;871;F33->epsilon;1;0.6265560165975104
S022;873;F33->epsilon;1;0.7224448897795591
S022;978;F33->epsilon;0;0.7822054276880797
S022;1065;F33->epsilon;1;0.7351097178683386
S022;1098;F33->epsilon;1;0.7967479674796748
S022;1203;F33->epsilon;1;0.7973251028806584
S022;1366;F33->epsilon;0;0.42836041358936483
S023;52;F33->epsilon;1;0.5839753466872111
S023;53;F33->epsilon;1;0.5480706344015697
S023;101;F33->epsilon;0;0.42836041358936483
S023;164;F33->epsilon;1;0.5839753466872111
S023;191;F33->epsilon;0;0.8446362515413071
S023;193;F33->epsilon;0;0.8272552783109405
S023;194;F33->epsilon;0;0.7351097178683386
S023;255;F33->epsilon;1;0.8446362515413071
S023;276;F33->epsilon;1;0.8744113029827315
S023;278;F33->epsilon;1;0.8455284552845529
S023;337;F33->epsilon;1;0.8914819136522754
S023;357;F33->epsilon;1;0.48964013086150493
S023;359;F33->epsilon;1;0.48964013086150493
S023;376;F33->epsilon;1;0.678617157490397
S023;377;F33->epsilon;1;0.6265560165975104
S023;441;F33->epsilon;0;0.5346820809248555
S023;496;F33->epsilon;1;0.7224448897795591
S023;535;F33->epsilon;1;0.5026014568158168
S023;667;F33->epsilon;1;0.6959459459459459
S023;687;F33->epsilon;1;0.8514619883040936
S023;688;F33->epsilon;1;0.8744113029827315
S023;796;F33->epsilon;1;0.893167701863354
S023;837;F33->epsilon;1;0.7851063829787234
S023;882;F33->epsilon;1;0.7591623036649214
S023;883;F33->epsilon;1;0.7033492822966507
S023;902;F33->epsilon;1;0.8541666666666666
S023;1071;F33->epsilon;0;0.5026014568158168
S023;1081;F33->epsilon;0;0.6320132013201321
S023;1086;F33->epsilon;0;0.6320132013201321
S023;1107;F33->epsilon;1;0.5026014568158168
S023;1108;F33->epsilon;1;0.5026014568158168
S023;1136;F33->epsilon;0;0.5155405405405405
S023;1137;F33->epsilon;0;0.42836041358936483
S023;1159;F33->epsilon;0;0.5304575163398693
S023;1189;F33->epsilon;1;0.6509612780936908
S023;1211;F33->epsilon;0;0.6952054794520548
S023;1233;F33->epsilon;1;0.5026014568158168
S023;1234;F33->epsilon;1;0.6320132013201321
S023;1348;F33->epsilon;0;0.678617157490397
S023;1395;F33->epsilon;0;0.678617157490397
S023;1396;F33->epsilon;0;0.47880299251870323
S023;1398;F33->epsilon;0;0.5346820809248555
S024;11;F33->epsilon;1;0.47880299251870323
S024;25;F33->epsilon;1;0.4936708860759494
S024;34;F33->epsilon;1;0.41370808678500987
S024;200;F33->epsilon;1;0.6959459459459459
S024;280;F33->epsilon;1;0.678617157490397
S024;281;F33->epsilon;1;0.8192371475953566
S024;305;F33->epsilon;0;0.47880299251870323
S024;333;F33->epsilon;1;0.8914819136522754
S024;334;F33->epsilon;1;0.7822054276880797
S024;340;F33->epsilon;1;0.6509612780936908
S024;410;F33->epsilon;1;0.8914819136522754
S024;411;F33->epsilon;1;0.8914819136522754
S024;423;F33->epsilon;1;0.8446362515413071
S024;448;F33->epsilon;1;0.6029173419773096
S024;449;F33->epsilon;1;0.6029173419773096
S024;455;F33->epsilon;1;0.5304575163398693
S024;456;F33->epsilon;1;0.5304575163398693
S024;507;F33->epsilon;0;0.5480706344015697
S024;576;F33->epsilon;1;0.6029173419773096
S024;612;F33->epsilon;1;0.6029173419773096
S024;614;F33->epsilon;1;0.6029173419773096
S024;615;F33->epsilon;1;0.7822054276880797
S024;672;F33->epsilon;1;0.6509612780936908
S024;674;F33->epsilon;1;0.5304575163398693
S024;708;F33->epsilon;1;0.41370808678500987
S024;714;F33->epsilon;1;0.38477296005462613
S024;780;F33->epsilon;1;0.4169753086419753
S024;791;F33->epsilon;1;0.6509612780936908
S024;821;F33->epsilon;1;0.6265560165975104
S024;826;F33->epsilon;1;0.888507718696398
S024;832;F33->epsilon;1;0.7495881383855024
S024;844;F33->epsilon;1;0.7495881383855024
S024;927;F33->epsilon;0;0.48964013086150493
S024;1036;F33->epsilon;0;0.6029173419773096
S024;1093;F33->epsilon;1;0.6621803499327052
S024;1166;F33->epsilon;1;0.6476426799007444
S024;1185;F33->epsilon;1;0.6509612780936908
S024;1186;F33->epsilon;1;0.7822054276880797
S024;1209;F33->epsilon;0;0.7351097178683386
S024;1327;F33->epsilon;1;0.6952054794520548
S024;1336;F33->epsilon;1;0.893167701863354
S024;1337;F33->epsilon;1;0.893167701863354
S024;1384;F33->epsilon;1;0.41370808678500987
S024;1385;F33->epsilon;1;0.41370808678500987
S024;1387;F33->epsilon;1;0.41370808678500987
S024;1388;F33->epsilon;1;0.41370808678500987
S024;1390;F33->epsilon;1;0.41370808678500987
S025;92;F33->epsilon;1;0.893167701863354
S025;133;F33->epsilon;0;0.6509612780936908
S025;134;F33->epsilon;0;0.6509612780936908
S025;151;F33->epsilon;0;0.7822054276880797
S025;213;F33->epsilon;1;0.6320132013201321
S025;296;F33->epsilon;0;0.5304575163398693
S025;337;F33->epsilon;0;0.6621803499327052
S025;403;F33->epsilon;1;0.893167701863354
S025;404;F33->epsilon;1;0.8446362515413071
S025;449;F33->epsilon;1;0.7822054276880797
S025;450;F33->epsilon;1;0.7822054276880797
S025;471;F33->epsilon;1;0.678617157490397
S025;472;F33->epsilon;1;0.678617157490397
S025;504;F33->epsilon;1;0.6029173419773096
S025;542;F33->epsilon;0;0.888507718696398
S025;544;F33->epsilon;0;0.888507718696398
S025;631;F33->epsilon;1;0.8744113029827315
S025;644;F33->epsilon;1;0.8192371475953566
S025;645;F33->epsilon;1;0.7851063829787234
S025;763;F33->epsilon;0;0.4169753086419753
S025;765;F33->epsilon;0;0.4169753086419753
S025;826;F33->epsilon;0;0.5480706344015697
S025;864;F33->epsilon;1;0.5026014568158168
S025;920;F33->epsilon;0;0.5026014568158168
S025;949;F33->epsilon;0;0.5026014568158168
S025;950;F33->epsilon;0;0.5026014568158168
S025;975;F33->epsilon;1;0.6320132013201321
S025;1052;F33->epsilon;0;0.4169753086419753
S025;1216;F33->epsilon;1;0.7846638655462185
S025;1217;F33->epsilon;1;0.893167701863354
S025;1226;F33->epsilon;1;0.678617157490397
S025;1227;F33->epsilon;1;0.7224448897795591
S026;26;F33->epsilon;0;0.41370808678500987
S026;27;F33->epsilon;0;0.41370808678500987
S026;54;F33->epsilon;1;0.7846638655462185
S026;151;F33->epsilon;0;0.6320132013201321
S026;177;F33->epsilon;0;0.5026014568158168
S026;276;F33->epsilon;0;0.6265560165975104
S026;289;F33->epsilon;0;0.4169753086419753
S026;291;F33->epsilon;0;0.5304575163398693
S026;292;F33->epsilon;0;0.5304575163398693
S026;325;F33->epsilon;0;0.5304575163398693
S026;351;F33->epsilon;1;0.4169753086419753
S026;356;F33->epsilon;1;0.7822054276880797
S026;399;F33->epsilon;0;0.5304575163398693
S026;400;F33->epsilon;1;0.6509612780936908
S026;444;F33->epsilon;1;0.5185185185185185
S026;649;F33->epsilon;1;0.8446362515413071
S026;689;F33->epsilon;1;0.8514619883040936
S026;706;F33->epsilon;1;0.7973251028806584
S026;708;F33->epsilon;1;0.888507718696398
S026;722;F33->epsilon;0;0.5031645569620253
S026;723;F33->epsilon;0;0.5031645569620253
S026;814;F33->epsilon;1;0.4936708860759494
S026;830;F33->epsilon;0;0.7351097178683386
S026;836;F33->epsilon;0;0.7224448897795591
S026;838;F33->epsilon;0;0.42836041358936483
S026;839;F33->epsilon;0;0.42836041358936483
S026;847;F33->epsilon;1;0.5304575163398693
S026;917;F33->epsilon;1;0.6952054794520548
S026;922;F33->epsilon;1;0.6320132013201321
S026;924;F33->epsilon;1;0.5026014568158168
S026;925;F33->epsilon;1;0.38477296005462613
S026;927;F33->epsilon;1;0.5026014568158168
S026;1043;F33->epsilon;1;0.741222366710013
S026;1139;F33->epsilon;1;0.8114374034003091
S026;1140;F33->epsilon;1;0.8744113029827315
S026;1205;F33->epsilon;1;0.8192371475953566
S026;1219;F33->epsilon;1;0.7822054276880797
S026;1220;F33->epsilon;1;0.8914819136522754
S026;1331;F33->epsilon;1;0.47880299251870323
S026;1332;F33->epsilon;1;0.47880299251870323
S026;1381;F33->epsilon;1;0.6509612780936908
S026;1398;F33->epsilon;1;0.7967479674796748
S027;47;F33->epsilon;0;0.38477296005462613
S027;48;F33->epsilon;0;0.38477296005462613
S027;73;F33->epsilon;1;0.5026014568158168
S027;74;F33->epsilon;1;0.5026014568158168
S027;76;F33->epsilon;1;0.5026014568158168
S027;129;F33->epsilon;1;0.8192371475953566
S027;131;F33->epsilon;1;0.8192371475953566
S027;264;F33->epsilon;1;0.8114374034003091
S027;265;F33->epsilon;1;0.7351097178683386
S027;274;F33->epsilon;1;0.8192371475953566
S027;324;F33->epsilon;0;0.5026014568158168
S027;325;F33->epsilon;0;0.38477296005462613
S027;346;F33->epsilon;0;0.38477296005462613
S027;356;F33->epsilon;0;0.6320132013201321
S027;357;F33->epsilon;0;0.6320132013201321
S027;444;F33->epsilon;0;0.5155405405405405
S027;462;F33->epsilon;0;0.8914819136522754
S027;463;F33->epsilon;0;0.7822054276880797
S027;508;F33->epsilon;0;0.5304575163398693
S027;509;F33->epsilon;0;0.5304575163398693
S027;591;F33->epsilon;1;0.48964013086150493
S027;592;F33->epsilon;1;0.48964013086150493
S027;623;F33->epsilon;1;0.5480706344015697
S027;663;F33->epsilon;0;0.42836041358936483
S027;669;F33->epsilon;0;0.4169753086419753
S027;719;F33->epsilon;1;0.6509612780936908
S027;763;F33->epsilon;1;0.47880299251870323
S027;768;F33->epsilon;1;0.7851063829787234
S027;903;F33->epsilon;1;0.6320132013201321
S027;966;F33->epsilon;1;0.8744113029827315
S027;967;F33->epsilon;1;0.8455284552845529
S027;985;F33->epsilon;0;0.8446362515413071
S027;986;F33->epsilon;0;0.7033492822966507
S027;1041;F33->epsilon;1;0.7822054276880797
S027;1043;F33->epsilon;1;0.7822054276880797
S027;1044;F33->epsilon;1;0.8914819136522754
S027;1077;F33->epsilon;1;0.6509612780936908
S027;1078;F33->epsilon;1;0.6509612780936908
S027;1130;F33->epsilon;1;0.7846638655462185
S027;1131;F33->epsilon;1;0.893167701863354
S027;1133;F33->epsilon;1;0.7846638655462185
S027;1190;F33->epsilon;1;0.7075471698113207
S027;1198;F33->epsilon;1;0.5480706344015697
S027;1199;F33->epsilon;1;0.6952054794520548
S027;1208;F33->epsilon;1;0.5026014568158168
S027;1247;F33->epsilon;0;0.42836041358936483
S027;1327;F33->epsilon;1;0.5304575163398693
S027;1340;F33->epsilon;0;0.8744113029827315
S027;1341;F33->epsilon;0;0.7967479674796748
S027;1343;F33->epsilon;1;0.7495881383855024
S027;1381;F33->epsilon;1;0.8192371475953566
S027;1394;F33->epsilon;1;0.8914819136522754
S028;9;F33->epsilon;0;0.48964013086150493
S028;10;F33->epsilon;0;0.48964013086150493
S028;130;F33->epsilon;0;0.6320132013201321
S028;194;F33->epsilon;1;0.38477296005462613
S028;276;F33->epsilon;1;0.5304575163398693
S028;282;F33->epsilon;1;0.6509612780936908
S028;283;F33->epsilon;1;0.6509612780936908
S028;318;F33->epsilon;1;0.5670103092783505
S028;319;F33->epsilon;1;0.5031645569620253
S028;432;F33->epsilon;1;0.7822054276880797
S028;474;F33->epsilon;1;0.7224448897795591
S028;476;F33->epsilon;1;0.7224448897795591
S028;516;F33->epsilon;1;0.5480706344015697
S028;538;F33->epsilon;0;0.5839753466872111
S028;556;F33->epsilon;1;0.6320132013201321
S028;557;F33->epsilon;1;0.6320132013201321
S028;703;F33->epsilon;1;0.47880299251870323
S028;720;F33->epsilon;0;0.41370808678500987
S028;771;F33->epsilon;1;0.47880299251870323
S028;820;F33->epsilon;0;0.5026014568158168
S028;877;F33->epsilon;1;0.8114374034003091
S028;878;F33->epsilon;1;0.8744113029827315
S028;890;F33->epsilon;1;0.5346820809248555
S028;910;F33->epsilon;0;0.41370808678500987
S028;911;F33->epsilon;0;0.41370808678500987
S028;947;F33->epsilon;1;0.6320132013201321
S028;948;F33->epsilon;1;0.6320132013201321
S028;1010;F33->epsilon;0;0.6509612780936908
S028;1011;F33->epsilon;0;0.5304575163398693
S028;1072;F33->epsilon;0;0.8192371475953566
S028;1094;F33->epsilon;0;0.5304575163398693
S028;1095;F33->epsilon;0;0.5304575163398693
S028;1152;F33->epsilon;1;0.678617157490397
S028;1153;F33->epsilon;1;0.6265560165975104
S028;1172;F33->epsilon;1;0.6509612780936908
S028;1345;F33->epsilon;1;0.8914819136522754
S028;1346;F33->epsilon;1;0.8744113029827315
S028;1401;F33->epsilon;1;0.678617157490397
S028;1402;F33->epsilon;1;0.678617157490397
S028;1412;F33->epsilon;1;0.8192371475953566
S029;50;F33->epsilon;1;0.5031645569620253
S029;125;F33->epsilon;1;0.5304575163398693
S029;245;F33->epsilon;1;0.4169753086419753
S029;294;F33->epsilon;1;0.42836041358936483
S029;295;F33->epsilon;1;0.42836041358936483
S029;330;F33->epsilon;1;0.4936708860759494
S029;336;F33->epsilon;1;0.41370808678500987
S029;391;F33->epsilon;0;0.42836041358936483
S029;464;F33->epsilon;0;0.4169753086419753
S029;465;F33->epsilon;0;0.4169753086419753
S029;511;F33->epsilon;1;0.6509612780936908
S029;582;F33->epsilon;1;0.7224448897795591
S029;675;F33->epsilon;0;0.5346820809248555
S029;683;F33->epsilon;0;0.42836041358936483
S029;708;F33->epsilon;1;0.7822054276880797
S029;728;F33->epsilon;1;0.8455284552845529
S029;730;F33->epsilon;1;0.7075471698113207
S029;731;F33->epsilon;1;0.7075471698113207
S029;767;F33->epsilon;0;0.5304575163398693
S029;768;F33->epsilon;0;0.4169753086419753
S029;770;F33->epsilon;0;0.5304575163398693
S029;865;F33->epsilon;0;0.8455284552845529
S029;879;F33->epsilon;1;0.5480706344015697
S029;902;F33->epsilon;1;0.7846638655462185
S029;904;F33->epsilon;1;0.7846638655462185
S029;905;F33->epsilon;1;0.893167701863354
S029;974;F33->epsilon;1;0.7075471698113207
S029;986;F33->epsilon;1;0.7967479674796748
S029;999;F33->epsilon;1;0.6754385964912281
S029;1000;F33->epsilon;1;0.7468671679197995
S029;1034;F33->epsilon;0;0.47880299251870323
S029;1086;F33->epsilon;1;0.7822054276880797
S029;1088;F33->epsilon;1;0.7822054276880797
S029;1115;F33->epsilon;0;0.5839753466872111
S029;1117;F33->epsilon;0;0.5480706344015697
S029;1118;F33->epsilon;0;0.5480706344015697
S029;1213;F33->epsilon;1;0.6320132013201321
S029;1214;F33->epsilon;1;0.6320132013201321
S029;1225;F33->epsilon;1;0.7495881383855024
S029;1227;F33->epsilon;1;0.6621803499327052
S029;1228;F33->epsilon;1;0.6621803499327052
S029;1363;F33->epsilon;1;0.7040816326530612
S029;1377;F33->epsilon;1;0.7591623036649214
S030;13;F33->epsilon;1;0.42836041358936483
S030;14;F33->epsilon;1;0.42836041358936483
S030;141;F33->epsilon;1;0.8446362515413071
S030;142;F33->epsilon;1;0.7033492822966507
S030;167;F33->epsilon;0;0.42836041358936483
S030;168;F33->epsilon;0;0.42836041358936483
S030;178;F33->epsilon;0;0.4169753086419753
S030;208;F33->epsilon;1;0.8914819136522754
S030;254;F33->epsilon;1;0.5304575163398693
S030;403;F33->epsilon;0;0.7846638655462185
S030;412;F33->epsilon;0;0.893167701863354
S030;450;F33->epsilon;0;0.5026014568158168
S030;482;F33->epsilon;1;0.7591623036649214
S030;542;F33->epsilon;1;0.38477296005462613
S030;557;F33->epsilon;1;0.8455284552845529
S030;584;F33->epsilon;1;0.8744113029827315
S030;847;F33->epsilon;0;0.7846638655462185
S030;857;F33->epsilon;1;0.893167701863354
S030;858;F33->epsilon;1;0.893167701863354
S030;920;F33->epsilon;1;0.41370808678500987
S030;958;F33->epsilon;1;0.7973251028806584
S030;959;F33->epsilon;1;0.7973251028806584
S030;961;F33->epsilon;1;0.7973251028806584
S030;967;F33->epsilon;1;0.8744113029827315
S030;980;F33->epsilon;1;0.8114374034003091
S030;981;F33->epsilon;1;0.8293103448275863
S030;983;F33->epsilon;1;0.7851063829787234
S030;984;F33->epsilon;1;0.6754385964912281
S030;995;F33->epsilon;0;0.47880299251870323
S030;996;F33->epsilon;0;0.47880299251870323
S030;1020;F33->epsilon;1;0.6509612780936908
S030;1021;F33->epsilon;1;0.7822054276880797
S030;1050;F33->epsilon;1;0.48964013086150493
S030;1080;F33->epsilon;0;0.5155405405405405
S030;1150;F33->epsilon;1;0.6509612780936908
S030;1152;F33->epsilon;1;0.7822054276880797
S030;1153;F33->epsilon;1;0.7822054276880797
S030;1180;F33->epsilon;1;0.48964013086150493
S030;1187;F33->epsilon;1;0.6952054794520548
S031;19;F33->epsilon;1;0.6320132013201321
S031;25;F33->epsilon;1;0.8446362515413071
S031;26;F33->epsilon;1;0.8514619883040936
S031;132;F33->epsilon;1;0.893167701863354
S031;235;F33->epsilon;1;0.8514619883040936
S031;299;F33->epsilon;1;0.741222366710013
S031;409;F33->epsilon;0;0.5026014568158168
S031;446;F33->epsilon;1;0.38477296005462613
S031;500;F33->epsilon;1;0.6509612780936908
S031;510;F33->epsilon;1;0.7822054276880797
S031;658;F33->epsilon;0;0.6320132013201321
S031;681;F33->epsilon;1;0.893167701863354
S031;692;F33->epsilon;0;0.5346820809248555
S031;733;F33->epsilon;0;0.4169753086419753
S031;735;F33->epsilon;0;0.4169753086419753
S031;762;F33->epsilon;1;0.6509612780936908
S031;799;F33->epsilon;1;0.6476426799007444
S031;800;F33->epsilon;1;0.5145631067961165
S031;854;F33->epsilon;0;0.7822054276880797
S031;877;F33->epsilon;1;0.5304575163398693
S031;878;F33->epsilon;1;0.6509612780936908
S031;880;F33->epsilon;1;0.6509612780936908
S031;913;F33->epsilon;1;0.6320132013201321
S031;914;F33->epsilon;1;0.5026014568158168
S031;955;F33->epsilon;0;0.41370808678500987
S031;967;F33->epsilon;0;0.38477296005462613
S031;996;F33->epsilon;1;0.38477296005462613
S031;997;F33->epsilon;1;0.38477296005462613
S031;1015;F33->epsilon;0;0.678617157490397
S031;1028;F33->epsilon;0;0.4169753086419753
S031;1033;F33->epsilon;0;0.5304575163398693
S031;1035;F33->epsilon;0;0.5304575163398693
S031;1138;F33->epsilon;0;0.5839753466872111
S031;1352;F33->epsilon;0;0.6509612780936908
S031;1365;F33->epsilon;0;0.7822054276880797
S032;14;F33->epsilon;0;0.5155405405405405
S032;53;F33->epsilon;0;0.5304575163398693
S032;106;F33->epsilon;0;0.6509612780936908
S032;140;F33->epsilon;1;0.7075471698113207
S032;142;F33->epsilon;1;0.6621803499327052
S032;143;F33->epsilon;1;0.6621803499327052
S032;145;F33->epsilon;1;0.741222366710013
S032;175;F33->epsilon;1;0.42836041358936483
S032;242;F33->epsilon;1;0.7846638655462185
S032;268;F33->epsilon;1;0.7822054276880797
S032;312;F33->epsilon;0;0.6509612780936908
S032;347;F33->epsilon;1;0.8514619883040936
S032;348;F33->epsilon;0;0.8744113029827315
S032;350;F33->epsilon;0;0.7468671679197995
S032;360;F33->epsilon;0;0.41370808678500987
S032;361;F33->epsilon;0;0.41370808678500987
S032;369;F33->epsilon;0;0.7846638655462185
S032;370;F33->epsilon;0;0.7846638655462185
S032;506;F33->epsilon;1;0.8541666666666666
S032;507;F33->epsilon;1;0.8541666666666666
S032;509;F33->epsilon;1;0.8829365079365079
S032;520;F33->epsilon;0;0.42836041358936483
S032;521;F33->epsilon;0;0.5155405405405405
S032;554;F33->epsilon;0;0.5304575163398693
S032;556;F33->epsilon;0;0.6509612780936908
S032;563;F33->epsilon;0;0.7822054276880797
S032;591;F33->epsilon;0;0.4169753086419753
S032;628;F33->epsilon;1;0.5304575163398693
S032;629;F33->epsilon;1;0.5304575163398693
S032;688;F33->epsilon;1;0.7846638655462185
S032;709;F33->epsilon;1;0.678617157490397
S032;710;F33->epsilon;1;0.47880299251870323
S032;712;F33->epsilon;1;0.42836041358936483
S032;713;F33->epsilon;1;0.42836041358936483
S032;721;F33->epsilon;1;0.6170212765957447
S032;722;F33->epsilon;1;0.6594827586206896
S032;794;F33->epsilon;1;0.888507718696398
S032;795;F33->epsilon;1;0.7591623036649214
S032;1032;F33->epsilon;1;0.5304575163398693
S032;1148;F33->epsilon;1;0.8744113029827315
S032;1168;F33->epsilon;1;0.8192371475953566
S032;1170;F33->epsilon;0;0.48148148148148145
S032;1171;F33->epsilon;0;0.47761194029850745
S032;1173;F33->epsilon;1;0.4936708860759494
S032;1174;F33->epsilon;1;0.4936708860759494
S032;1187;F33->epsilon;1;0.5480706344015697
S032;1188;F33->epsilon;1;0.41370808678500987
S032;1209;F33->epsilon;1;0.6029173419773096
S032;1228;F33->epsilon;0;0.5480706344015697
S032;1230;F33->epsilon;0;0.5480706344015697
S032;1231;F33->epsilon;0;0.5480706344015697
S032;1233;F33->epsilon;1;0.41370808678500987
S032;1330;F33->epsilon;0;0.8293103448275863
S033;167;F33->epsilon;1;0.7846638655462185
S033;243;F33->epsilon;1;0.4169753086419753
S033;486;F33->epsilon;0;0.6029173419773096
S033;494;F33->epsilon;0;0.4169753086419753
S033;526;F33->epsilon;1;0.8914819136522754
S033;645;F33->epsilon;0;0.42836041358936483
S033;659;F33->epsilon;1;0.6509612780936908
S033;660;F33->epsilon;1;0.7822054276880797
S033;731;F33->epsilon;0;0.42836041358936483
S033;732;F33->epsilon;0;0.42836041358936483
S033;739;F33->epsilon;0;0.4169753086419753
S033;740;F33->epsilon;0;0.4169753086419753
S033;742;F33->epsilon;0;0.4169753086419753
S033;885;F33->epsilon;1;0.6476426799007444
S033;886;F33->epsilon;1;0.5145631067961165
S033;888;F33->epsilon;1;0.5346820809248555
S033;965;F33->epsilon;1;0.8744113029827315
S033;1026;F33->epsilon;0;0.38477296005462613
S033;1050;F33->epsilon;1;0.7846638655462185
S033;1150;F33->epsilon;1;0.7846638655462185
S033;1172;F33->epsilon;0;0.6029173419773096
S033;1173;F33->epsilon;0;0.42836041358936483
S033;1175;F33->epsilon;0;0.42836041358936483
S033;1206;F33->epsilon;1;0.5304575163398693
S033;1207;F33->epsilon;1;0.6509612780936908
S033;1209;F33->epsilon;1;0.6509612780936908
S033;1353;F33->epsilon;0;0.6320132013201321
S033;1408;F33->epsilon;1;0.7846638655462185
S033;1410;F33->epsilon;1;0.7846638655462185
S033;1411;F33->epsilon;1;0.7846638655462185
S034;114;F33->epsilon;1;0.6320132013201321
S034;115;F33->epsilon;1;0.6320132013201321
S034;133;F33->epsilon;0;0.6959459459459459
S034;173;F33->epsilon;0;0.5304575163398693
S034;256;F33->epsilon;0;0.678617157490397
S034;257;F33->epsilon;0;0.678617157490397
S034;259;F33->epsilon;0;0.6029173419773096
S034;264;F33->epsilon;0;0.6029173419773096
S034;296;F33->epsilon;0;0.5304575163398693
S034;390;F33->epsilon;1;0.6265560165975104
S034;492;F33->epsilon;0;0.48964013086150493
S034;547;F33->epsilon;1;0.6621803499327052
S034;564;F33->epsilon;1;0.5839753466872111
S034;741;F33->epsilon;1;0.47880299251870323
S034;758;F33->epsilon;1;0.8293103448275863
S034;764;F33->epsilon;1;0.8541666666666666
S034;765;F33->epsilon;1;0.8541666666666666
S034;833;F33->epsilon;1;0.38477296005462613
S034;834;F33->epsilon;1;0.38477296005462613
S034;903;F33->epsilon;0;0.8114374034003091
S034;904;F33->epsilon;0;0.8114374034003091
S034;906;F33->epsilon;1;0.6265560165975104
S034;907;F33->epsilon;1;0.5346820809248555
S034;986;F33->epsilon;1;0.5026014568158168
S034;1021;F33->epsilon;0;0.7822054276880797
S034;1040;F33->epsilon;1;0.6509612780936908
S034;1041;F33->epsilon;1;0.6509612780936908
S034;1072;F33->epsilon;1;0.7351097178683386
S034;1073;F33->epsilon;1;0.6476426799007444
S034;1075;F33->epsilon;1;0.6265560165975104
S034;1091;F33->epsilon;1;0.6621803499327052
S034;1103;F33->epsilon;1;0.6959459459459459
S034;1116;F33->epsilon;1;0.6621803499327052
S034;1249;F33->epsilon;1;0.4169753086419753
S034;1341;F33->epsilon;0;0.741222366710013
S034;1387;F33->epsilon;1;0.5026014568158168
S034;1406;F33->epsilon;1;0.5155405405405405
S034;1407;F33->epsilon;1;0.42836041358936483
S035;57;F33->epsilon;1;0.6509612780936908
S035;82;F33->epsilon;1;0.8514619883040936
S035;145;F33->epsilon;0;0.5155405405405405
S035;277;F33->epsilon;1;0.5480706344015697
S035;283;F33->epsilon;1;0.6320132013201321
S035;284;F33->epsilon;1;0.6320132013201321
S035;336;F33->epsilon;1;0.8455284552845529
S035;337;F33->epsilon;0;0.7591623036649214
S035;343;F33->epsilon;1;0.6265560165975104
S035;344;F33->epsilon;1;0.47880299251870323
S035;377;F33->epsilon;1;0.41370808678500987
S035;417;F33->epsilon;0;0.7224448897795591
S035;480;F33->epsilon;0;0.4169753086419753
S035;522;F33->epsilon;1;0.7822054276880797
S035;597;F33->epsilon;1;0.8446362515413071
S035;614;F33->epsilon;1;0.7973251028806584
S035;824;F33->epsilon;0;0.42836041358936483
S035;957;F33->epsilon;1;0.6621803499327052
S035;1029;F33->epsilon;1;0.5304575163398693
S035;1030;F33->epsilon;1;0.5304575163398693
S035;1217;F33->epsilon;1;0.6029173419773096
S036;38;F33->epsilon;0;0.4169753086419753
S036;39;F33->epsilon;0;0.4169753086419753
S036;41;F33->epsilon;0;0.4169753086419753
S036;42;F33->epsilon;0;0.4169753086419753
S036;50;F33->epsilon;0;0.6509612780936908
S036;84;F33->epsilon;1;0.6509612780936908
S036;110;F33->epsilon;1;0.888507718696398
S036;111;F33->epsilon;1;0.8744113029827315
S036;213;F33->epsilon;1;0.893167701863354
S036;214;F33->epsilon;1;0.893167701863354
S036;247;F33->epsilon;0;0.41370808678500987
S036;333;F33->epsilon;1;0.7822054276880797
S036;341;F33->epsilon;1;0.8914819136522754
S036;367;F33->epsilon;1;0.5480706344015697
S036;437;F33->epsilon;0;0.4169753086419753
S036;439;F33->epsilon;0;0.4169753086419753
S036;440;F33->epsilon;0;0.4169753086419753
S036;634;F33->epsilon;0;0.5155405405405405
S036;636;F33->epsilon;0;0.5155405405405405
S036;810;F33->epsilon;0;0.5304575163398693
S036;831;F33->epsilon;1;0.7822054276880797
S036;860;F33->epsilon;0;0.6621803499327052
S036;861;F33->epsilon;0;0.6621803499327052
S036;863;F33->epsilon;0;0.5480706344015697
S036;874;F33->epsilon;0;0.5026014568158168
S036;876;F33->epsilon;1;0.5026014568158168
S036;888;F33->epsilon;1;0.893167701863354
S036;945;F33->epsilon;1;0.5480706344015697
S036;946;F33->epsilon;1;0.41370808678500987
S036;948;F33->epsilon;1;0.5480706344015697
S036;1019;F33->epsilon;1;0.8455284552845529
S036;1020;F33->epsilon;1;0.7040816326530612
S036;1066;F33->epsilon;1;0.888507718696398
S036;1088;F33->epsilon;1;0.8914819136522754
S036;1118;F33->epsilon;0;0.6320132013201321
S036;1120;F33->epsilon;0;0.6320132013201321
S036;1121;F33->epsilon;0;0.6320132013201321
S036;1161;F33->epsilon;0;0.38477296005462613
S036;1189;F33->epsilon;1;0.6320132013201321
S036;1200;F33->epsilon;1;0.7591623036649214
S036;1201;F33->epsilon;1;0.6959459459459459
S036;1236;F33->epsilon;1;0.41370808678500987
S036;1237;F33->epsilon;1;0.41370808678500987
S036;1353;F33->epsilon;1;0.8914819136522754
S036;1354;F33->epsilon;1;0.8744113029827315
S036;1385;F33->epsilon;1;0.8455284552845529
S037;23;F33->epsilon;1;0.893167701863354
S037;25;F33->epsilon;1;0.7846638655462185
S037;55;F33->epsilon;0;0.5155405405405405
S037;104;F33->epsilon;0;0.41370808678500987
S037;143;F33->epsilon;1;0.893167701863354
S037;158;F33->epsilon;1;0.4936708860759494
S037;159;F33->epsilon;1;0.4936708860759494
S037;167;F33->epsilon;1;0.5480706344015697
S037;254;F33->epsilon;0;0.7851063829787234
S037;255;F33->epsilon;0;0.7967479674796748
S037;326;F33->epsilon;1;0.8562992125984252
S037;411;F33->epsilon;1;0.8562992125984252
S037;432;F33->epsilon;1;0.7973251028806584
S037;433;F33->epsilon;1;0.888507718696398
S037;473;F33->epsilon;0;0.6621803499327052
S037;604;F33->epsilon;1;0.8744113029827315
S037;609;F33->epsilon;1;0.5031645569620253
S037;615;F33->epsilon;1;0.7224448897795591
S037;616;F33->epsilon;1;0.42836041358936483
S037;675;F33->epsilon;0;0.6320132013201321
S037;676;F33->epsilon;0;0.5026014568158168
S037;678;F33->epsilon;0;0.6320132013201321
S037;735;F33->epsilon;1;0.678617157490397
S037;757;F33->epsilon;1;0.48964013086150493
S037;764;F33->epsilon;1;0.6952054794520548
S037;771;F33->epsilon;1;0.7846638655462185
S037;772;F33->epsilon;1;0.7846638655462185
S037;792;F33->epsilon;1;0.5155405405405405
S037;837;F33->epsilon;1;0.7846638655462185
S037;838;F33->epsilon;1;0.7846638655462185
S037;853;F33->epsilon;1;0.6320132013201321
S037;910;F33->epsilon;1;0.7967479674796748
S037;986;F33->epsilon;1;0.5839753466872111
S037;987;F33->epsilon;1;0.5839753466872111
S037;1107;F33->epsilon;0;0.5304575163398693
S037;1109;F33->epsilon;0;0.5304575163398693
S037;1177;F33->epsilon;1;0.8192371475953566
S037;1179;F33->epsilon;1;0.8192371475953566
S037;1180;F33->epsilon;1;0.7851063829787234
S037;1182;F33->epsilon;1;0.7468671679197995
S037;1227;F33->epsilon;1;0.6509612780936908
S037;1229;F33->epsilon;1;0.5304575163398693
S037;1230;F33->epsilon;1;0.6509612780936908
S037;1239;F33->epsilon;1;0.8914819136522754
S037;1240;F33->epsilon;1;0.8744113029827315
S037;1247;F33->epsilon;1;0.8272552783109405
S037;1248;F33->epsilon;1;0.7351097178683386
S037;1368;F33->epsilon;1;0.6320132013201321
S037;1389;F33->epsilon;0;0.5155405405405405
S038;33;F33->epsilon;0;0.38477296005462613
S038;34;F33->epsilon;0;0.38477296005462613
S038;61;F33->epsilon;0;0.893167701863354
S038;72;F33->epsilon;1;0.38477296005462613
S038;113;F33->epsilon;0;0.5026014568158168
S038;193;F33->epsilon;1;0.6320132013201321
S038;194;F33->epsilon;1;0.6320132013201321
S038;224;F33->epsilon;1;0.7224448897795591
S038;270;F33->epsilon;1;0.7846638655462185
S038;271;F33->epsilon;1;0.7846638655462185
S038;273;F33->epsilon;1;0.7846638655462185
S038;274;F33->epsilon;1;0.7846638655462185
S038;288;F33->epsilon;1;0.7351097178683386
S038;301;F33->epsilon;1;0.7224448897795591
S038;302;F33->epsilon;1;0.8192371475953566
S038;304;F33->epsilon;1;0.8914819136522754
S038;305;F33->epsilon;1;0.893167701863354
S038;307;F33->epsilon;1;0.8744113029827315
S038;512;F33->epsilon;0;0.6029173419773096
S038;520;F33->epsilon;1;0.5304575163398693
S038;521;F33->epsilon;1;0.5304575163398693
S038;574;F33->epsilon;0;0.5304575163398693
S038;631;F33->epsilon;1;0.7973251028806584
S038;632;F33->epsilon;1;0.6952054794520548
S038;643;F33->epsilon;1;0.8446362515413071
S038;670;F33->epsilon;0;0.41370808678500987
S038;676;F33->epsilon;0;0.38477296005462613
S038;685;F33->epsilon;0;0.6320132013201321
S038;723;F33->epsilon;0;0.5026014568158168
S038;724;F33->epsilon;0;0.5026014568158168
S038;735;F33->epsilon;1;0.5026014568158168
S038;736;F33->epsilon;1;0.38477296005462613
S038;749;F33->epsilon;1;0.6320132013201321
S038;751;F33->epsilon;1;0.7846638655462185
S038;752;F33->epsilon;1;0.893167701863354
S038;779;F33->epsilon;1;0.4169753086419753
S038;856;F33->epsilon;0;0.38477296005462613
S038;943;F33->epsilon;1;0.893167701863354
S038;945;F33->epsilon;0;0.8446362515413071
S038;946;F33->epsilon;0;0.6959459459459459
S038;1038;F33->epsilon;1;0.5145631067961165
S038;1039;F33->epsilon;1;0.5031645569620253
S038;1041;F33->epsilon;1;0.47880299251870323
S038;1042;F33->epsilon;1;0.47880299251870323
S038;1112;F33->epsilon;0;0.7846638655462185
S038;1135;F33->epsilon;1;0.5026014568158168
S038;1195;F33->epsilon;0;0.6509612780936908
S038;1339;F33->epsilon;1;0.888507718696398
S038;1349;F33->epsilon;1;0.7846638655462185
S038;1350;F33->epsilon;1;0.5026014568158168
S038;1376;F33->epsilon;0;0.8455284552845529
S038;1397;F33->epsilon;0;0.38477296005462613
S038;1398;F33->epsilon;0;0.38477296005462613
S039;41;F33->epsilon;0;0.41370808678500987
S039;42;F33->epsilon;0;0.5480706344015697
S039;119;F33->epsilon;0;0.8455284552845529
S039;218;F33->epsilon;1;0.6509612780936908
S039;219;F33->epsilon;1;0.6509612780936908
S039;364;F33->epsilon;1;0.5026014568158168
S039;366;F33->epsilon;1;0.6320132013201321
S039;367;F33->epsilon;1;0.6320132013201321
S039;390;F33->epsilon;0;0.5304575163398693
S039;583;F33->epsilon;0;0.5031645569620253
S039;584;F33->epsilon;0;0.5031645569620253
S039;636;F33->epsilon;1;0.5304575163398693
S039;702;F33->epsilon;1;0.4169753086419753
S039;708;F33->epsilon;1;0.4169753086419753
S039;731;F33->epsilon;1;0.5145631067961165
S039;781;F33->epsilon;0;0.6029173419773096
S039;783;F33->epsilon;0;0.6029173419773096
S039;851;F33->epsilon;1;0.5026014568158168
S039;911;F33->epsilon;0;0.6594827586206896
S039;912;F33->epsilon;0;0.5145631067961165
S039;967;F33->epsilon;0;0.6509612780936908
S039;968;F33->epsilon;0;0.7822054276880797
S039;982;F33->epsilon;1;0.5304575163398693
S039;983;F33->epsilon;1;0.5304575163398693
S039;1006;F33->epsilon;1;0.8114374034003091
S039;1037;F33->epsilon;0;0.7846638655462185
S039;1056;F33->epsilon;1;0.893167701863354
S039;1118;F33->epsilon;1;0.5346820809248555
S039;1120;F33->epsilon;1;0.5346820809248555
S039;1121;F33->epsilon;1;0.42836041358936483
S039;1140;F33->epsilon;1;0.7822054276880797
S039;1179;F33->epsilon;1;0.5155405405405405
S039;1351;F33->epsilon;1;0.41370808678500987
S039;1363;F33->epsilon;1;0.8446362515413071
S039;1387;F33->epsilon;0;0.4936708860759494
S039;1388;F33->epsilon;0;0.4936708860759494
S040;18;F33->epsilon;0;0.47880299251870323
S040;135;F33->epsilon;1;0.6320132013201321
S040;137;F33->epsilon;1;0.6320132013201321
S040;196;F33->epsilon;1;0.8272552783109405
S040;217;F33->epsilon;0;0.5480706344015697
S040;250;F33->epsilon;0;0.38477296005462613
S040;271;F33->epsilon;1;0.6320132013201321
S040;294;F33->epsilon;1;0.6754385964912281
S040;296;F33->epsilon;1;0.7075471698113207
S040;317;F33->epsilon;1;0.5839753466872111
S040;342;F33->epsilon;0;0.6952054794520548
S040;343;F33->epsilon;0;0.6952054794520548
S040;457;F33->epsilon;1;0.6029173419773096
S040;475;F33->epsilon;0;0.7851063829787234
S040;506;F33->epsilon;0;0.7846638655462185
S040;508;F33->epsilon;0;0.7846638655462185
S040;536;F33->epsilon;0;0.7846638655462185
S040;537;F33->epsilon;0;0.893167701863354
S040;743;F33->epsilon;1;0.5304575163398693
S040;751;F33->epsilon;0;0.47761194029850745
S040;753;F33->epsilon;0;0.4936708860759494
S040;754;F33->epsilon;0;0.4936708860759494
S040;756;F33->epsilon;0;0.48964013086150493
S040;852;F33->epsilon;1;0.42836041358936483
S040;875;F33->epsilon;1;0.8455284552845529
S040;951;F33->epsilon;0;0.5346820809248555
S040;952;F33->epsilon;0;0.42836041358936483
S040;1002;F33->epsilon;1;0.6509612780936908
S040;1027;F33->epsilon;1;0.8914819136522754
S040;1032;F33->epsilon;1;0.8914819136522754
S040;1041;F33->epsilon;1;0.8744113029827315
S040;1069;F33->epsilon;1;0.888507718696398
S040;1182;F33->epsilon;1;0.7846638655462185
S040;1192;F33->epsilon;1;0.7846638655462185
S040;1229;F33->epsilon;1;0.5304575163398693
S040;1230;F33->epsilon;1;0.4169753086419753
S041;10;F33->epsilon;1;0.8744113029827315
S041;81;F33->epsilon;0;0.5304575163398693
S041;136;F33->epsilon;0;0.6952054794520548
S041;137;F33->epsilon;0;0.5480706344015697
S041;143;F33->epsilon;1;0.41370808678500987
S041;301;F33->epsilon;1;0.6952054794520548
S041;323;F33->epsilon;1;0.8455284552845529
S041;325;F33->epsilon;1;0.8744113029827315
S041;331;F33->epsilon;0;0.7851063829787234
S041;333;F33->epsilon;0;0.6
S041;334;F33->epsilon;0;0.4936708860759494
S041;336;F33->epsilon;0;0.48964013086150493
S041;369;F33->epsilon;1;0.7846638655462185
S041;413;F33->epsilon;1;0.5026014568158168
S041;415;F33->epsilon;1;0.38477296005462613
S041;478;F33->epsilon;1;0.893167701863354
S041;544;F33->epsilon;1;0.7822054276880797
S041;545;F33->epsilon;1;0.8914819136522754
S041;547;F33->epsilon;1;0.7822054276880797
S041;739;F33->epsilon;1;0.42836041358936483
S041;741;F33->epsilon;1;0.42836041358936483
S041;823;F33->epsilon;0;0.7591623036649214
S041;866;F33->epsilon;0;0.41370808678500987
S041;868;F33->epsilon;0;0.41370808678500987
S041;880;F33->epsilon;0;0.5026014568158168
S041;893;F33->epsilon;0;0.7846638655462185
S041;894;F33->epsilon;0;0.7846638655462185
S041;917;F33->epsilon;0;0.5026014568158168
S041;918;F33->epsilon;0;0.38477296005462613
S041;920;F33->epsilon;0;0.38477296005462613
S041;925;F33->epsilon;0;0.7846638655462185
S041;1002;F33->epsilon;0;0.42836041358936483
S041;1018;F33->epsilon;1;0.7822054276880797
S041;1116;F33->epsilon;0;0.38477296005462613
S041;1117;F33->epsilon;0;0.38477296005462613
S041;1143;F33->epsilon;0;0.6320132013201321
S041;1145;F33->epsilon;0;0.6320132013201321
S041;1146;F33->epsilon;0;0.6320132013201321
S041;1148;F33->epsilon;0;0.6320132013201321
S041;1159;F33->epsilon;0;0.6320132013201321
S041;1196;F33->epsilon;1;0.7846638655462185
S041;1207;F33->epsilon;1;0.8514619883040936
S041;1209;F33->epsilon;1;0.7351097178683386
S041;1347;F33->epsilon;0;0.5026014568158168
S041;1348;F33->epsilon;0;0.5026014568158168
S041;1350;F33->epsilon;0;0.5026014568158168
S041;1376;F33->epsilon;1;0.38477296005462613
S041;1377;F33->epsilon;1;0.38477296005462613
S041;1379;F33->epsilon;1;0.38477296005462613
S042;53;F33->epsilon;1;0.7846638655462185
S042;54;F33->epsilon;1;0.893167701863354
S042;188;F33->epsilon;1;0.6509612780936908
S042;212;F33->epsilon;1;0.5839753466872111
S042;241;F33->epsilon;1;0.7075471698113207
S042;321;F33->epsilon;0;0.4169753086419753
S042;547;F33->epsilon;1;0.8829365079365079
S042;583;F33->epsilon;1;0.8514619883040936
S042;630;F33->epsilon;0;0.41370808678500987
S042;631;F33->epsilon;0;0.41370808678500987
S042;677;F33->epsilon;1;0.6320132013201321
S042;764;F33->epsilon;1;0.4936708860759494
S042;822;F33->epsilon;1;0.5839753466872111
S042;833;F33->epsilon;0;0.47880299251870323
S042;834;F33->epsilon;0;0.47880299251870323
S042;846;F33->epsilon;0;0.42836041358936483
S042;848;F33->epsilon;1;0.4169753086419753
S042;856;F33->epsilon;1;0.7822054276880797
S042;857;F33->epsilon;1;0.7822054276880797
S042;859;F33->epsilon;1;0.6509612780936908
S042;860;F33->epsilon;1;0.7822054276880797
S042;874;F33->epsilon;0;0.8744113029827315
S042;1026;F33->epsilon;1;0.8744113029827315
S042;1027;F33->epsilon;1;0.7967479674796748
S042;1056;F33->epsilon;0;0.42836041358936483
S042;1057;F33->epsilon;0;0.42836041358936483
S042;1140;F33->epsilon;1;0.6320132013201321
S042;1141;F33->epsilon;1;0.7846638655462185
S042;1332;F33->epsilon;0;0.41370808678500987
S042;1333;F33->epsilon;0;0.41370808678500987
S042;1335;F33->epsilon;0;0.5480706344015697
S042;1336;F33->epsilon;0;0.5480706344015697
S042;1348;F33->epsilon;1;0.5026014568158168
S042;1354;F33->epsilon;1;0.6320132013201321
S043;68;F33->epsilon;0;0.48964013086150493
S043;69;F33->epsilon;0;0.48964013086150493
S043;80;F33->epsilon;0;0.38477296005462613
S043;172;F33->epsilon;1;0.38477296005462613
S043;173;F33->epsilon;1;0.38477296005462613
S043;243;F33->epsilon;0;0.6509612780936908
S043;255;F33->epsilon;1;0.4169753086419753
S043;308;F33->epsilon;1;0.38477296005462613
S043;345;F33->epsilon;0;0.4169753086419753
S043;347;F33->epsilon;0;0.4169753086419753
S043;348;F33->epsilon;0;0.4169753086419753
S043;447;F33->epsilon;0;0.7846638655462185
S043;448;F33->epsilon;0;0.7846638655462185
S043;458;F33->epsilon;0;0.5026014568158168
S043;459;F33->epsilon;0;0.38477296005462613
S043;461;F33->epsilon;0;0.38477296005462613
S043;462;F33->epsilon;0;0.38477296005462613
S043;464;F33->epsilon;0;0.38477296005462613
S043;537;F33->epsilon;1;0.4169753086419753
S043;580;F33->epsilon;1;0.6320132013201321
S043;605;F33->epsilon;0;0.741222366710013
S043;606;F33->epsilon;0;0.6952054794520548
S043;672;F33->epsilon;1;0.6509612780936908
S043;673;F33->epsilon;1;0.5304575163398693
S043;759;F33->epsilon;0;0.48964013086150493
S043;774;F33->epsilon;1;0.5026014568158168
S043;816;F33->epsilon;1;0.6029173419773096
S043;818;F33->epsilon;1;0.5304575163398693
S043;863;F33->epsilon;1;0.6320132013201321
S043;865;F33->epsilon;1;0.6320132013201321
S043;950;F33->epsilon;1;0.42836041358936483
S043;951;F33->epsilon;1;0.42836041358936483
S043;1034;F33->epsilon;1;0.6509612780936908
S043;1080;F33->epsilon;1;0.47880299251870323
S043;1132;F33->epsilon;0;0.6320132013201321
S043;1133;F33->epsilon;0;0.6320132013201321
S043;1201;F33->epsilon;0;0.7822054276880797
S043;1202;F33->epsilon;0;0.8914819136522754
S044;53;F33->epsilon;1;0.893167701863354
S044;58;F33->epsilon;1;0.7351097178683386
S044;60;F33->epsilon;1;0.678617157490397
S044;65;F33->epsilon;1;0.8455284552845529
S044;86;F33->epsilon;0;0.42836041358936483
S044;121;F33->epsilon;0;0.4169753086419753
S044;136;F33->epsilon;0;0.7822054276880797
S044;189;F33->epsilon;1;0.888507718696398
S044;191;F33->epsilon;1;0.7591623036649214
S044;210;F33->epsilon;1;0.6952054794520548
S044;218;F33->epsilon;1;0.893167701863354
S044;219;F33->epsilon;1;0.893167701863354
S044;229;F33->epsilon;0;0.5155405405405405
S044;240;F33->epsilon;0;0.4169753086419753
S044;241;F33->epsilon;0;0.4169753086419753
S044;243;F33->epsilon;0;0.4169753086419753
S044;258;F33->epsilon;1;0.6509612780936908
S044;397;F33->epsilon;1;0.5304575163398693
S044;482;F33->epsilon;1;0.42836041358936483
S044;483;F33->epsilon;1;0.42836041358936483
S044;496;F33->epsilon;1;0.6509612780936908
S044;498;F33->epsilon;1;0.6509612780936908
S044;511;F33->epsilon;0;0.7075471698113207
S044;520;F33->epsilon;0;0.5480706344015697
S044;521;F33->epsilon;0;0.5480706344015697
S044;590;F33->epsilon;0;0.893167701863354
S044;612;F33->epsilon;0;0.7846638655462185
S044;613;F33->epsilon;0;0.7846638655462185
S044;685;F33->epsilon;1;0.893167701863354
S044;687;F33->epsilon;1;0.893167701863354
S044;688;F33->epsilon;0;0.8446362515413071
S044;717;F33->epsilon;1;0.7822054276880797
S044;738;F33->epsilon;1;0.6476426799007444
S044;747;F33->epsilon;1;0.6265560165975104
S044;765;F33->epsilon;0;0.4936708860759494
S044;797;F33->epsilon;1;0.7846638655462185
S044;861;F33->epsilon;1;0.8744113029827315
S044;1042;F33->epsilon;1;0.7846638655462185
S044;1043;F33->epsilon;1;0.893167701863354
S044;1045;F33->epsilon;1;0.893167701863354
S044;1046;F33->epsilon;1;0.893167701863354
S044;1131;F33->epsilon;0;0.5155405405405405
S044;1133;F33->epsilon;0;0.5155405405405405
S044;1138;F33->epsilon;0;0.7224448897795591
S044;1140;F33->epsilon;0;0.7822054276880797
S044;1156;F33->epsilon;1;0.4169753086419753
S044;1185;F33->epsilon;1;0.6476426799007444
S044;1187;F33->epsilon;1;0.6265560165975104
S044;1192;F33->epsilon;1;0.8192371475953566
S044;1194;F33->epsilon;1;0.8192371475953566
S044;1211;F33->epsilon;1;0.8562992125984252
S044;1245;F33->epsilon;1;0.7967479674796748
S044;1247;F33->epsilon;1;0.8744113029827315
S044;1252;F33->epsilon;1;0.6959459459459459
S044;1254;F33->epsilon;1;0.7351097178683386
S044;1329;F33->epsilon;0;0.41370808678500987
S044;1391;F33->epsilon;1;0.8562992125984252
S044;1397;F33->epsilon;0;0.7075471698113207
S044;1399;F33->epsilon;0;0.741222366710013
S045;99;F33->epsilon;1;0.7822054276880797
S045;101;F33->epsilon;1;0.7822054276880797
S045;102;F33->epsilon;1;0.7822054276880797
S045;184;F33->epsilon;0;0.7851063829787234
S045;185;F33->epsilon;0;0.6754385964912281
S045;221;F33->epsilon;1;0.6320132013201321
S045;279;F33->epsilon;1;0.8446362515413071
S045;281;F33->epsilon;1;0.7851063829787234
S045;388;F33->epsilon;1;0.893167701863354
S045;430;F33->epsilon;1;0.7846638655462185
S045;467;F33->epsilon;0;0.41370808678500987
S045;468;F33->epsilon;0;0.41370808678500987
S045;538;F33->epsilon;0;0.5839753466872111
S045;539;F33->epsilon;0;0.5839753466872111
S045;601;F33->epsilon;1;0.5026014568158168
S045;602;F33->epsilon;1;0.38477296005462613
S045;624;F33->epsilon;0;0.8293103448275863
S045;700;F33->epsilon;0;0.38477296005462613
S045;701;F33->epsilon;0;0.38477296005462613
S045;763;F33->epsilon;1;0.8514619883040936
S045;764;F33->epsilon;1;0.8272552783109405
S045;788;F33->epsilon;1;0.8829365079365079
S045;790;F33->epsilon;1;0.741222366710013
S045;801;F33->epsilon;0;0.6621803499327052
S045;802;F33->epsilon;0;0.5839753466872111
S045;826;F33->epsilon;1;0.6320132013201321
S045;827;F33->epsilon;1;0.6320132013201321
S045;921;F33->epsilon;1;0.8744113029827315
S045;922;F33->epsilon;1;0.8514619883040936
S045;924;F33->epsilon;1;0.7591623036649214
S045;925;F33->epsilon;1;0.6959459459459459
S045;1016;F33->epsilon;0;0.6509612780936908
S045;1076;F33->epsilon;1;0.5304575163398693
S045;1149;F33->epsilon;1;0.8914819136522754
S045;1151;F33->epsilon;1;0.8914819136522754
S045;1152;F33->epsilon;1;0.8744113029827315
S045;1161;F33->epsilon;1;0.8744113029827315
S045;1185;F33->epsilon;1;0.8744113029827315
S046;60;F33->epsilon;0;0.38477296005462613
S046;61;F33->epsilon;0;0.38477296005462613
S046;63;F33->epsilon;0;0.38477296005462613
S046;64;F33->epsilon;0;0.38477296005462613
S046;66;F33->epsilon;0;0.38477296005462613
S046;67;F33->epsilon;1;0.38477296005462613
S046;96;F33->epsilon;0;0.706766917293233
S046;97;F33->epsilon;0;0.7351097178683386
S046;132;F33->epsilon;1;0.6509612780936908
S046;199;F33->epsilon;1;0.7224448897795591
S046;200;F33->epsilon;1;0.7224448897795591
S046;202;F33->epsilon;1;0.6029173419773096
S046;203;F33->epsilon;1;0.7224448897795591
S046;214;F33->epsilon;0;0.4936708860759494
S046;230;F33->epsilon;0;0.6320132013201321
S046;231;F33->epsilon;0;0.7846638655462185
S046;263;F33->epsilon;1;0.6594827586206896
S046;306;F33->epsilon;1;0.6029173419773096
S046;321;F33->epsilon;1;0.7142857142857143
S046;345;F33->epsilon;1;0.8829365079365079
S046;346;F33->epsilon;1;0.8446362515413071
S046;401;F33->epsilon;1;0.6265560165975104
S046;460;F33->epsilon;1;0.41370808678500987
S046;462;F33->epsilon;1;0.41370808678500987
S046;539;F33->epsilon;1;0.5304575163398693
S046;599;F33->epsilon;1;0.7822054276880797
S046;616;F33->epsilon;1;0.4936708860759494
S046;645;F33->epsilon;0;0.7075471698113207
S046;691;F33->epsilon;1;0.6952054794520548
S046;761;F33->epsilon;1;0.4169753086419753
S046;762;F33->epsilon;1;0.4169753086419753
S046;764;F33->epsilon;1;0.4169753086419753
S046;765;F33->epsilon;1;0.4169753086419753
S046;904;F33->epsilon;1;0.8744113029827315
S046;905;F33->epsilon;1;0.8455284552845529
S046;939;F33->epsilon;1;0.7846638655462185
S046;941;F33->epsilon;1;0.893167701863354
S046;942;F33->epsilon;1;0.8446362515413071
S046;944;F33->epsilon;1;0.8446362515413071
S046;945;F33->epsilon;1;0.6959459459459459
S046;1007;F33->epsilon;1;0.5145631067961165
S046;1008;F33->epsilon;1;0.5031645569620253
S046;1046;F33->epsilon;1;0.4169753086419753
S046;1047;F33->epsilon;1;0.4169753086419753
S046;1118;F33->epsilon;0;0.42836041358936483
S046;1178;F33->epsilon;0;0.6320132013201321
S046;1211;F33->epsilon;1;0.893167701863354
S046;1336;F33->epsilon;1;0.48964013086150493
S046;1368;F33->epsilon;1;0.8114374034003091
S046;1369;F33->epsilon;1;0.8744113029827315
S046;1371;F33->epsilon;1;0.8744113029827315
S047;17;F33->epsilon;0;0.5185185185185185
S047;39;F33->epsilon;0;0.38477296005462613
S047;61;F33->epsilon;1;0.6320132013201321
S047;62;F33->epsilon;1;0.5026014568158168
S047;72;F33->epsilon;1;0.8514619883040936
S047;110;F33->epsilon;0;0.4169753086419753
S047;111;F33->epsilon;0;0.4169753086419753
S047;113;F33->epsilon;0;0.4169753086419753
S047;131;F33->epsilon;0;0.5304575163398693
S047;136;F33->epsilon;0;0.6509612780936908
S047;138;F33->epsilon;0;0.7822054276880797
S047;257;F33->epsilon;1;0.7822054276880797
S047;267;F33->epsilon;1;0.8914819136522754
S047;304;F33->epsilon;1;0.6476426799007444
S047;322;F33->epsilon;1;0.5839753466872111
S047;323;F33->epsilon;1;0.48964013086150493
S047;338;F33->epsilon;1;0.6029173419773096
S047;355;F33->epsilon;1;0.5480706344015697
S047;356;F33->epsilon;1;0.5480706344015697
S047;377;F33->epsilon;0;0.741222366710013
S047;378;F33->epsilon;0;0.7973251028806584
S047;389;F33->epsilon;0;0.38477296005462613
S047;390;F33->epsilon;0;0.38477296005462613
S047;421;F33->epsilon;1;0.893167701863354
S047;510;F33->epsilon;1;0.6509612780936908
S047;512;F33->epsilon;1;0.7822054276880797
S047;513;F33->epsilon;1;0.8914819136522754
S047;539;F33->epsilon;1;0.8744113029827315
S047;572;F33->epsilon;1;0.7822054276880797
S047;573;F33->epsilon;1;0.8744113029827315
S047;585;F33->epsilon;1;0.47880299251870323
S047;596;F33->epsilon;1;0.5839753466872111
S047;642;F33->epsilon;1;0.41370808678500987
S047;643;F33->epsilon;1;0.41370808678500987
S047;669;F33->epsilon;0;0.678617157490397
S047;712;F33->epsilon;1;0.7351097178683386
S047;851;F33->epsilon;1;0.8446362515413071
S047;931;F33->epsilon;1;0.6509612780936908
S047;933;F33->epsilon;1;0.6509612780936908
S047;934;F33->epsilon;1;0.7822054276880797
S047;951;F33->epsilon;0;0.7468671679197995
S047;1115;F33->epsilon;1;0.6621803499327052
S047;1116;F33->epsilon;1;0.741222366710013
S047;1151;F33->epsilon;1;0.8744113029827315
S047;1204;F33->epsilon;0;0.5304575163398693
S047;1213;F33->epsilon;0;0.5304575163398693
S047;1333;F33->epsilon;1;0.7973251028806584
S047;1360;F33->epsilon;1;0.7224448897795591
S047;1362;F33->epsilon;1;0.7224448897795591
S047;1363;F33->epsilon;1;0.7224448897795591
S047;1365;F33->epsilon;1;0.7822054276880797
S047;1371;F33->epsilon;1;0.7822054276880797
S047;1399;F33->epsilon;1;0.42836041358936483
S048;18;F33->epsilon;0;0.41370808678500987
S048;104;F33->epsilon;0;0.41370808678500987
S048;109;F33->epsilon;0;0.6320132013201321
S048;137;F33->epsilon;1;0.6320132013201321
S048;150;F33->epsilon;1;0.7846638655462185
S048;169;F33->epsilon;0;0.706766917293233
S048;210;F33->epsilon;1;0.48964013086150493
S048;229;F33->epsilon;1;0.6320132013201321
S048;230;F33->epsilon;1;0.5026014568158168
S048;339;F33->epsilon;1;0.888507718696398
S048;385;F33->epsilon;1;0.41370808678500987
S048;425;F33->epsilon;0;0.5026014568158168
S048;473;F33->epsilon;1;0.7846638655462185
S048;498;F33->epsilon;1;0.5480706344015697
S048;499;F33->epsilon;1;0.6952054794520548
S048;551;F33->epsilon;0;0.6509612780936908
S048;552;F33->epsilon;0;0.5304575163398693
S048;565;F33->epsilon;1;0.8914819136522754
S048;580;F33->epsilon;0;0.8744113029827315
S048;581;F33->epsilon;0;0.47761194029850745
S048;772;F33->epsilon;0;0.5026014568158168
S048;777;F33->epsilon;0;0.38477296005462613
S048;779;F33->epsilon;0;0.38477296005462613
S048;795;F33->epsilon;0;0.5026014568158168
S048;796;F33->epsilon;0;0.5026014568158168
S048;810;F33->epsilon;1;0.6320132013201321
S048;855;F33->epsilon;0;0.38477296005462613
S048;856;F33->epsilon;0;0.38477296005462613
S048;939;F33->epsilon;0;0.6621803499327052
S048;941;F33->epsilon;0;0.6621803499327052
S048;942;F33->epsilon;0;0.6952054794520548
S048;950;F33->epsilon;0;0.6952054794520548
S048;1007;F33->epsilon;1;0.8446362515413071
S048;1031;F33->epsilon;0;0.5031645569620253
S048;1033;F33->epsilon;0;0.5346820809248555
S048;1135;F33->epsilon;0;0.5480706344015697
S048;1142;F33->epsilon;0;0.5026014568158168
S048;1144;F33->epsilon;0;0.5026014568158168
S048;1364;F33->epsilon;1;0.6029173419773096
S048;1380;F33->epsilon;1;0.7851063829787234
S048;1381;F33->epsilon;1;0.47761194029850745
S048;1383;F33->epsilon;1;0.7851063829787234
S048;1384;F33->epsilon;1;0.6754385964912281
S048;1393;F33->epsilon;1;0.8455284552845529
S048;1394;F33->epsilon;1;0.8446362515413071
S048;1408;F33->epsilon;0;0.5346820809248555
S049;15;F33->epsilon;1;0.8446362515413071
S049;53;F33->epsilon;0;0.6509612780936908
S049;78;F33->epsilon;0;0.6509612780936908
S049;105;F33->epsilon;1;0.5304575163398693
S049;107;F33->epsilon;1;0.6509612780936908
S049;152;F33->epsilon;1;0.8455284552845529
S049;153;F33->epsilon;1;0.8446362515413071
S049;235;F33->epsilon;1;0.38477296005462613
S049;243;F33->epsilon;1;0.893167701863354
S049;244;F33->epsilon;1;0.8744113029827315
S049;269;F33->epsilon;0;0.42836041358936483
S049;275;F33->epsilon;0;0.4169753086419753
S049;276;F33->epsilon;0;0.4169753086419753
S049;295;F33->epsilon;1;0.7822054276880797
S049;296;F33->epsilon;1;0.7822054276880797
S049;298;F33->epsilon;1;0.7822054276880797
S049;354;F33->epsilon;1;0.5304575163398693
S049;356;F33->epsilon;1;0.6509612780936908
S049;402;F33->epsilon;1;0.7846638655462185
S049;437;F33->epsilon;1;0.5155405405405405
S049;527;F33->epsilon;1;0.5346820809248555
S049;529;F33->epsilon;1;0.42836041358936483
S049;574;F33->epsilon;1;0.5155405405405405
S049;611;F33->epsilon;1;0.7468671679197995
S049;612;F33->epsilon;1;0.7495881383855024
S049;754;F33->epsilon;1;0.5304575163398693
S049;791;F33->epsilon;1;0.7846638655462185
S049;800;F33->epsilon;1;0.7846638655462185
S049;875;F33->epsilon;0;0.41370808678500987
S049;876;F33->epsilon;0;0.41370808678500987
S049;886;F33->epsilon;0;0.38477296005462613
S049;1051;F33->epsilon;0;0.41370808678500987
S049;1082;F33->epsilon;1;0.5026014568158168
S049;1083;F33->epsilon;1;0.5026014568158168
S049;1104;F33->epsilon;1;0.8514619883040936
S049;1105;F33->epsilon;0;0.8744113029827315
S049;1112;F33->epsilon;0;0.6621803499327052
S049;1141;F33->epsilon;0;0.7846638655462185
S049;1195;F33->epsilon;1;0.38477296005462613
S049;1225;F33->epsilon;0;0.5304575163398693
S049;1324;F33->epsilon;1;0.8914819136522754
S049;1357;F33->epsilon;0;0.41370808678500987
S049;1378;F33->epsilon;0;0.5026014568158168
S049;1379;F33->epsilon;0;0.5026014568158168
S049;1381;F33->epsilon;1;0.5026014568158168
S049;1382;F33->epsilon;1;0.38477296005462613
S050;11;F33->epsilon;0;0.5155405405405405
S050;12;F33->epsilon;0;0.42836041358936483
S050;26;F33->epsilon;0;0.7822054276880797
S050;28;F33->epsilon;0;0.6509612780936908
S050;66;F33->epsilon;1;0.8744113029827315
S050;138;F33->epsilon;1;0.5155405405405405
S050;174;F33->epsilon;1;0.38477296005462613
S050;219;F33->epsilon;1;0.5031645569620253
S050;233;F33->epsilon;1;0.8514619883040936
S050;234;F33->epsilon;0;0.8744113029827315
S050;278;F33->epsilon;1;0.7846638655462185
S050;279;F33->epsilon;1;0.7846638655462185
S050;281;F33->epsilon;1;0.7846638655462185
S050;282;F33->epsilon;1;0.893167701863354
S050;284;F33->epsilon;1;0.893167701863354
S050;285;F33->epsilon;1;0.893167701863354
S050;431;F33->epsilon;1;0.8272552783109405
S050;432;F33->epsilon;1;0.7351097178683386
S050;536;F33->epsilon;0;0.7846638655462185
S050;537;F33->epsilon;0;0.6320132013201321
S050;539;F33->epsilon;1;0.6320132013201321
S050;540;F33->epsilon;1;0.6320132013201321
S050;672;F33->epsilon;1;0.8446362515413071
S050;680;F33->epsilon;0;0.48964013086150493
S050;681;F33->epsilon;0;0.48964013086150493
S050;752;F33->epsilon;0;0.4169753086419753
S050;753;F33->epsilon;1;0.4169753086419753
S050;776;F33->epsilon;1;0.7822054276880797
S050;914;F33->epsilon;0;0.7973251028806584
S050;958;F33->epsilon;0;0.5026014568158168
S050;959;F33->epsilon;1;0.5026014568158168
S050;961;F33->epsilon;1;0.5026014568158168
S050;962;F33->epsilon;1;0.5026014568158168
S050;971;F33->epsilon;1;0.7846638655462185
S050;976;F33->epsilon;1;0.6320132013201321
S050;1043;F33->epsilon;0;0.6170212765957447
S050;1045;F33->epsilon;0;0.6476426799007444
S050;1046;F33->epsilon;0;0.5145631067961165
S050;1061;F33->epsilon;1;0.893167701863354
S050;1063;F33->epsilon;1;0.8914819136522754
S050;1082;F33->epsilon;0;0.7136363636363636
S050;1083;F33->epsilon;1;0.6079734219269103
S050;1194;F33->epsilon;1;0.6621803499327052
S001;18;F11->gamma;0;0.27381905524419536
S001;21;F11->gamma;0;0.1471898197242842
S001;23;F11->gamma;0;0.1471898197242842
S001;38;F11->gamma;1;0.38310454065469907
S001;57;F11->gamma;1;0.8257575757575758
S001;59;F11->gamma;1;0.7661406025824964
S001;74;F11->gamma;1;0.8652019002375297
S001;186;F11->gamma;1;0.8301245753114382
S001;200;F11->gamma;1;0.8301245753114382
S001;220;F11->gamma;0;0.5990675990675991
S001;228;F11->gamma;0;0.7371134020618557
S001;230;F11->gamma;0;0.7371134020618557
S001;239;F11->gamma;0;0.5393630573248408
S001;327;F11->gamma;1;0.38310454065469907
S001;374;F11->gamma;0;0.23753382296095865
S001;376;F11->gamma;0;0.1547768043387568
S001;379;F11->gamma;0;0.1547768043387568
S001;385;F11->gamma;0;0.3536890370987912
S001;387;F11->gamma;0;0.23753382296095865
S001;412;F11->gamma;1;0.5393630573248408
S001;462;F11->gamma;0;0.23971820258948973
S001;519;F11->gamma;0;0.1471898197242842
S001;527;F11->gamma;0;0.23971820258948973
S001;557;F11->gamma;0;0.38310454065469907
S001;559;F11->gamma;1;0.38310454065469907
S001;611;F11->gamma;1;0.7435508345978755
S001;671;F11->gamma;1;0.7661406025824964
S001;728;F11->gamma;1;0.3536890370987912
S001;760;F11->gamma;0;0.3552465233881163
S001;765;F11->gamma;0;0.3552465233881163
S001;807;F11->gamma;0;0.23971820258948973
S001;826;F11->gamma;0;0.23971820258948973
S001;828;F11->gamma;0;0.23971820258948973
S001;861;F11->gamma;1;0.8301245753114382
S001;879;F11->gamma;1;0.8257575757575758
S001;893;F11->gamma;1;0.5948795180722891
S001;1017;F11->gamma;0;0.3536890370987912
S001;1037;F11->gamma;0;0.23753382296095865
S001;1044;F11->gamma;0;0.23753382296095865
S001;1057;F11->gamma;0;0.1547768043387568
S001;1071;F11->gamma;0;0.23753382296095865
S001;1073;F11->gamma;0;0.23753382296095865
S001;1117;F11->gamma;1;0.5393630573248408
S001;1125;F11->gamma;1;0.759493670886076
S001;1127;F11->gamma;1;0.759493670886076
S001;1149;F11->gamma;1;0.5905044510385756
S001;1158;F11->gamma;1;0.7661406025824964
S001;1161;F11->gamma;0;0.7661406025824964
S001;1193;F11->gamma;0;0.1547768043387568
S001;1243;F11->gamma;0;0.1547768043387568
S001;1321;F11->gamma;0;0.23753382296095865
S001;1347;F11->gamma;1;0.23753382296095865
S001;1389;F11->gamma;0;0.23971820258948973
S001;1391;F11->gamma;0;0.23971820258948973
S001;1401;F11->gamma;0;0.38310454065469907
S001;1404;F11->gamma;0;0.38310454065469907
S002;45;F11->gamma;1;0.3536890370987912
S002;98;F11->gamma;1;0.6949685534591195
S002;179;F11->gamma;0;0.5470249520153551
S002;185;F11->gamma;0;0.3552465233881163
S002;285;F11->gamma;1;0.7435508345978755
S002;322;F11->gamma;1;0.7468619246861925
S002;357;F11->gamma;0;0.1547768043387568
S002;399;F11->gamma;1;0.5393630573248408
S002;434;F11->gamma;0;0.23971820258948973
S002;452;F11->gamma;0;0.1471898197242842
S002;498;F11->gamma;0;0.1471898197242842
S002;521;F11->gamma;0;0.23971820258948973
S002;523;F11->gamma;0;0.1471898197242842
S002;538;F11->gamma;0;0.23971820258948973
S002;554;F11->gamma;1;0.38310454065469907
S002;571;F11->gamma;1;0.6949685534591195
S002;578;F11->gamma;1;0.5470249520153551
S002;599;F11->gamma;0;0.6009070294784581
S002;674;F11->gamma;0;0.3751387347391787
S002;676;F11->gamma;0;0.26859504132231404
S002;758;F11->gamma;0;0.3552465233881163
S002;779;F11->gamma;1;0.1471898197242842
S002;784;F11->gamma;1;0.38310454065469907
S002;853;F11->gamma;0;0.3536890370987912
S002;875;F11->gamma;0;0.1547768043387568
S002;909;F11->gamma;1;0.5393630573248408
S002;959;F11->gamma;0;0.27381905524419536
S002;962;F11->gamma;0;0.27381905524419536
S002;982;F11->gamma;0;0.1471898197242842
S002;993;F11->gamma;0;0.38310454065469907
S002;999;F11->gamma;0;0.23971820258948973
S002;1006;F11->gamma;1;0.38310454065469907
S002;1131;F11->gamma;1;0.8652019002375297
S002;1134;F11->gamma;1;0.8031189083820662
S002;1144;F11->gamma;1;0.4377224199288256
S002;1149;F11->gamma;1;0.6009070294784581
S002;1170;F11->gamma;0;0.7661406025824964
S002;1177;F11->gamma;0;0.4819004524886878
S003;10;F11->gamma;0;0.30523255813953487
S003;72;F11->gamma;0;0.27381905524419536
S003;102;F11->gamma;1;0.5744970092441545
S003;104;F11->gamma;1;0.8301245753114382
S003;138;F11->gamma;1;0.5744970092441545
S003;148;F11->gamma;1;0.8652019002375297
S003;151;F11->gamma;1;0.6816143497757847
S003;153;F11->gamma;1;0.8031189083820662
S003;195;F11->gamma;0;0.1547768043387568
S003;219;F11->gamma;0;0.3536890370987912
S003;221;F11->gamma;0;0.3536890370987912
S003;230;F11->gamma;0;0.5393630573248408
S003;287;F11->gamma;0;0.23753382296095865
S003;302;F11->gamma;0;0.759493670886076
S003;304;F11->gamma;1;0.5393630573248408
S003;317;F11->gamma;1;0.3536890370987912
S003;330;F11->gamma;1;0.6666666666666666
S003;361;F11->gamma;1;0.8257575757575758
S003;363;F11->gamma;1;0.7661406025824964
S003;392;F11->gamma;1;0.5550660792951542
S003;394;F11->gamma;1;0.7392592592592593
S003;424;F11->gamma;1;0.38310454065469907
S003;487;F11->gamma;0;0.5764192139737991
S003;507;F11->gamma;0;0.3536890370987912
S003;509;F11->gamma;0;0.23753382296095865
S003;543;F11->gamma;1;0.5393630573248408
S003;568;F11->gamma;0;0.27381905524419536
S003;571;F11->gamma;0;0.27381905524419536
S003;652;F11->gamma;1;0.1471898197242842
S003;788;F11->gamma;1;0.7435508345978755
S003;799;F11->gamma;0;0.4377224199288256
S003;849;F11->gamma;0;0.23971820258948973
S003;883;F11->gamma;1;0.23971820258948973
S003;886;F11->gamma;1;0.23971820258948973
S003;897;F11->gamma;0;0.7858376511226253
S003;903;F11->gamma;0;0.6009070294784581
S003;905;F11->gamma;0;0.7858376511226253
S003;908;F11->gamma;0;0.8301245753114382
S003;929;F11->gamma;0;0.38310454065469907
S003;1035;F11->gamma;1;0.5990675990675991
S003;1048;F11->gamma;0;0.6009070294784581
S003;1119;F11->gamma;0;0.3536890370987912
S003;1215;F11->gamma;1;0.759493670886076
S003;1331;F11->gamma;0;0.38310454065469907
S003;1342;F11->gamma;0;0.38310454065469907
S003;1345;F11->gamma;0;0.38310454065469907
S003;1364;F11->gamma;0;0.5744970092441545
S004;30;F11->gamma;0;0.1471898197242842
S004;37;F11->gamma;0;0.1471898197242842
S004;43;F11->gamma;0;0.23971820258948973
S004;86;F11->gamma;0;0.38310454065469907
S004;88;F11->gamma;0;0.38310454065469907
S004;91;F11->gamma;0;0.38310454065469907
S004;106;F11->gamma;0;0.38310454065469907
S004;108;F11->gamma;0;0.38310454065469907
S004;111;F11->gamma;0;0.5744970092441545
S004;128;F11->gamma;1;0.5744970092441545
S004;153;F11->gamma;1;0.5744970092441545
S004;155;F11->gamma;1;0.8067456700091158
S004;164;F11->gamma;0;0.5550660792951542
S004;182;F11->gamma;0;0.1547768043387568
S004;185;F11->gamma;1;0.23753382296095865
S004;195;F11->gamma;1;0.3536890370987912
S004;198;F11->gamma;1;0.3536890370987912
S004;207;F11->gamma;1;0.5393630573248408
S004;230;F11->gamma;1;0.7661406025824964
S004;240;F11->gamma;1;0.6502057613168725
S004;366;F11->gamma;0;0.1547768043387568
S004;451;F11->gamma;0;0.6870748299319728
S004;464;F11->gamma;0;0.3751387347391787
S004;550;F11->gamma;0;0.1547768043387568
S004;593;F11->gamma;0;0.759493670886076
S004;654;F11->gamma;0;0.1547768043387568
S004;695;F11->gamma;0;0.3536890370987912
S004;806;F11->gamma;0;0.23971820258948973
S004;847;F11->gamma;1;0.4819004524886878
S004;925;F11->gamma;0;0.4715969989281886
S004;946;F11->gamma;0;0.1547768043387568
S004;956;F11->gamma;0;0.23753382296095865
S004;962;F11->gamma;0;0.23753382296095865
S004;1005;F11->gamma;1;0.3536890370987912
S004;1035;F11->gamma;1;0.6502057613168725
S004;1078;F11->gamma;0;0.3552465233881163
S004;1105;F11->gamma;1;0.5744970092441545
S004;1133;F11->gamma;0;0.23753382296095865
S004;1333;F11->gamma;0;0.3536890370987912
S005;20;F11->gamma;0;0.23753382296095865
S005;82;F11->gamma;1;0.7371134020618557
S005;84;F11->gamma;1;0.5393630573248408
S005;89;F11->gamma;1;0.6502057613168725
S005;91;F11->gamma;1;0.7661406025824964
S005;100;F11->gamma;0;0.5550660792951542
S005;124;F11->gamma;0;0.5393630573248408
S005;196;F11->gamma;0;0.1547768043387568
S005;241;F11->gamma;0;0.1547768043387568
S005;246;F11->gamma;0;0.1547768043387568
S005;266;F11->gamma;0;0.23753382296095865
S005;294;F11->gamma;0;0.1547768043387568
S005;316;F11->gamma;0;0.3536890370987912
S005;328;F11->gamma;1;0.5393630573248408
S005;454;F11->gamma;0;0.38310454065469907
S005;457;F11->gamma;0;0.23971820258948973
S005;470;F11->gamma;0;0.5744970092441545
S005;484;F11->gamma;0;0.23971820258948973
S005;598;F11->gamma;0;0.4715969989281886
S005;601;F11->gamma;0;0.3751387347391787
S005;615;F11->gamma;0;0.1547768043387568
S005;617;F11->gamma;0;0.23753382296095865
S005;628;F11->gamma;0;0.1547768043387568
S005;716;F11->gamma;0;0.8257575757575758
S005;762;F11->gamma;1;0.8257575757575758
S005;819;F11->gamma;1;0.8257575757575758
S005;830;F11->gamma;0;0.7392592592592593
S005;845;F11->gamma;0;0.3536890370987912
S005;847;F11->gamma;0;0.3536890370987912
S005;852;F11->gamma;0;0.3536890370987912
S005;872;F11->gamma;0;0.3536890370987912
S005;895;F11->gamma;1;0.5393630573248408
S005;940;F11->gamma;1;0.8652019002375297
S005;948;F11->gamma;1;0.5766129032258065
S005;950;F11->gamma;1;0.5948795180722891
S006;39;F11->gamma;0;0.1471898197242842
S006;58;F11->gamma;0;0.1471898197242842
S006;126;F11->gamma;1;0.7392592592592593
S006;389;F11->gamma;0;0.38310454065469907
S006;435;F11->gamma;1;0.38310454065469907
S006;440;F11->gamma;1;0.8301245753114382
S006;443;F11->gamma;1;0.8067456700091158
S006;480;F11->gamma;0;0.1547768043387568
S006;494;F11->gamma;0;0.23753382296095865
S006;513;F11->gamma;1;0.23753382296095865
S006;515;F11->gamma;1;0.5393630573248408
S006;533;F11->gamma;0;0.6666666666666666
S006;619;F11->gamma;1;0.38310454065469907
S006;759;F11->gamma;0;0.3751387347391787
S006;801;F11->gamma;1;0.1547768043387568
S006;826;F11->gamma;1;0.759493670886076
S006;866;F11->gamma;1;0.7392592592592593
S006;888;F11->gamma;1;0.5766129032258065
S006;891;F11->gamma;1;0.5470249520153551
S006;903;F11->gamma;1;0.7858376511226253
S006;906;F11->gamma;1;0.8067456700091158
S006;908;F11->gamma;1;0.6949685534591195
S006;911;F11->gamma;1;0.6949685534591195
S006;913;F11->gamma;1;0.7906976744186046
S006;916;F11->gamma;0;0.8067456700091158
S006;935;F11->gamma;0;0.1547768043387568
S006;962;F11->gamma;0;0.23753382296095865
S006;1039;F11->gamma;1;0.23971820258948973
S006;1140;F11->gamma;0;0.23971820258948973
S006;1176;F11->gamma;1;0.7392592592592593
S006;1230;F11->gamma;0;0.7818471337579618
S006;1339;F11->gamma;1;0.5744970092441545
S006;1345;F11->gamma;1;0.5744970092441545
S006;1348;F11->gamma;1;0.38310454065469907
S006;1364;F11->gamma;1;0.4563106796116505
S006;1389;F11->gamma;1;0.8652019002375297
S006;1391;F11->gamma;1;0.7661406025824964
S006;1394;F11->gamma;1;0.5990675990675991
S006;1401;F11->gamma;1;0.8257575757575758
S006;1403;F11->gamma;1;0.6926406926406926
S007;156;F11->gamma;0;0.5393630573248408
S007;167;F11->gamma;0;0.3536890370987912
S007;231;F11->gamma;0;0.5393630573248408
S007;274;F11->gamma;0;0.3536890370987912
S007;276;F11->gamma;0;0.759493670886076
S007;279;F11->gamma;0;0.759493670886076
S007;290;F11->gamma;0;0.759493670886076
S007;301;F11->gamma;0;0.1547768043387568
S007;333;F11->gamma;0;0.23753382296095865
S007;349;F11->gamma;0;0.1547768043387568
S007;375;F11->gamma;0;0.5393630573248408
S007;388;F11->gamma;0;0.3536890370987912
S007;495;F11->gamma;1;0.1547768043387568
S007;526;F11->gamma;1;0.7661406025824964
S007;560;F11->gamma;0;0.23971820258948973
S007;584;F11->gamma;0;0.23971820258948973
S007;589;F11->gamma;0;0.23971820258948973
S007;657;F11->gamma;1;0.7661406025824964
S007;831;F11->gamma;0;0.1471898197242842
S007;911;F11->gamma;1;0.7435508345978755
S007;922;F11->gamma;1;0.4715969989281886
S007;962;F11->gamma;0;0.38310454065469907
S007;965;F11->gamma;0;0.38310454065469907
S007;978;F11->gamma;0;0.23971820258948973
S007;998;F11->gamma;1;0.38310454065469907
S007;1001;F11->gamma;1;0.23971820258948973
S007;1057;F11->gamma;0;0.3751387347391787
S007;1071;F11->gamma;0;0.3536890370987912
S007;1082;F11->gamma;0;0.23753382296095865
S007;1238;F11->gamma;0;0.3536890370987912
S007;1333;F11->gamma;1;0.759493670886076
S007;1391;F11->gamma;0;0.23753382296095865
S007;1401;F11->gamma;0;0.23753382296095865
S008;10;F11->gamma;1;0.3552465233881163
S008;12;F11->gamma;1;0.3552465233881163
S008;41;F11->gamma;1;0.5764192139737991
S008;43;F11->gamma;1;0.759493670886076
S008;46;F11->gamma;1;0.8652019002375297
S008;71;F11->gamma;1;0.23753382296095865
S008;95;F11->gamma;1;0.7906976744186046
S008;114;F11->gamma;1;0.4715969989281886
S008;117;F11->gamma;1;0.5764192139737991
S008;126;F11->gamma;0;0.5550660792951542
S008;168;F11->gamma;0;0.23753382296095865
S008;170;F11->gamma;0;0.1547768043387568
S008;175;F11->gamma;0;0.3536890370987912
S008;245;F11->gamma;1;0.5764192139737991
S008;247;F11->gamma;1;0.5764192139737991
S008;338;F11->gamma;0;0.1471898197242842
S008;343;F11->gamma;0;0.23971820258948973
S008;443;F11->gamma;1;0.8067456700091158
S008;445;F11->gamma;1;0.8031189083820662
S008;462;F11->gamma;0;0.4715969989281886
S008;486;F11->gamma;1;0.1547768043387568
S008;488;F11->gamma;1;0.23753382296095865
S008;507;F11->gamma;1;0.5393630573248408
S008;564;F11->gamma;0;0.5550660792951542
S008;576;F11->gamma;0;0.26859504132231404
S008;594;F11->gamma;0;0.23753382296095865
S008;623;F11->gamma;0;0.1547768043387568
S008;625;F11->gamma;0;0.23753382296095865
S008;671;F11->gamma;0;0.23753382296095865
S008;673;F11->gamma;0;0.1547768043387568
S008;688;F11->gamma;1;0.23753382296095865
S008;691;F11->gamma;1;0.3536890370987912
S008;763;F11->gamma;0;0.1547768043387568
S008;770;F11->gamma;0;0.1547768043387568
S008;793;F11->gamma;0;0.1547768043387568
S008;879;F11->gamma;1;0.5744970092441545
S008;897;F11->gamma;0;0.7392592592592593
S008;953;F11->gamma;0;0.6926406926406926
S008;1055;F11->gamma;0;0.1547768043387568
S008;1085;F11->gamma;1;0.23753382296095865
S008;1234;F11->gamma;0;0.23971820258948973
S008;1237;F11->gamma;0;0.23971820258948973
S008;1326;F11->gamma;0;0.38310454065469907
S008;1328;F11->gamma;0;0.23971820258948973
S008;1355;F11->gamma;1;0.23971820258948973
S008;1375;F11->gamma;0;0.4819004524886878
S009;82;F11->gamma;0;0.759493670886076
S009;104;F11->gamma;0;0.3536890370987912
S009;147;F11->gamma;1;0.7661406025824964
S009;149;F11->gamma;1;0.8652019002375297
S009;152;F11->gamma;1;0.7468619246861925
S009;186;F11->gamma;1;0.5990675990675991
S009;188;F11->gamma;1;0.5905044510385756
S009;237;F11->gamma;0;0.27381905524419536
S009;249;F11->gamma;0;0.23971820258948973
S009;251;F11->gamma;0;0.38310454065469907
S009;254;F11->gamma;0;0.38310454065469907
S009;259;F11->gamma;0;0.38310454065469907
S009;294;F11->gamma;0;0.38310454065469907
S009;314;F11->gamma;1;0.38310454065469907
S009;323;F11->gamma;1;0.8301245753114382
S009;360;F11->gamma;0;0.23753382296095865
S009;367;F11->gamma;0;0.3536890370987912
S009;404;F11->gamma;1;0.5393630573248408
S009;407;F11->gamma;1;0.5393630573248408
S009;409;F11->gamma;1;0.5393630573248408
S009;447;F11->gamma;1;0.5106382978723404
S009;487;F11->gamma;0;0.27381905524419536
S009;493;F11->gamma;0;0.3552465233881163
S009;496;F11->gamma;0;0.23971820258948973
S009;608;F11->gamma;0;0.23753382296095865
S009;610;F11->gamma;0;0.1547768043387568
S009;613;F11->gamma;0;0.1547768043387568
S009;638;F11->gamma;0;0.3536890370987912
S009;669;F11->gamma;0;0.5393630573248408
S009;809;F11->gamma;1;0.38310454065469907
S009;848;F11->gamma;1;0.7818471337579618
S009;874;F11->gamma;1;0.5470249520153551
S009;893;F11->gamma;1;0.6926406926406926
S009;943;F11->gamma;0;0.23971820258948973
S009;1014;F11->gamma;0;0.8652019002375297
S009;1049;F11->gamma;1;0.7661406025824964
S009;1111;F11->gamma;1;0.1471898197242842
S009;1119;F11->gamma;1;0.38310454065469907
S009;1137;F11->gamma;1;0.7818471337579618
S009;1145;F11->gamma;1;0.7661406025824964
S009;1147;F11->gamma;1;0.6949685534591195
S009;1150;F11->gamma;1;0.5106382978723404
S009;1185;F11->gamma;0;0.35
S009;1206;F11->gamma;0;0.3536890370987912
S009;1216;F11->gamma;0;0.3536890370987912
S009;1221;F11->gamma;0;0.5393630573248408
S009;1240;F11->gamma;0;0.3536890370987912
S009;1335;F11->gamma;1;0.23753382296095865
S009;1376;F11->gamma;1;0.7371134020618557
S010;9;F11->gamma;0;0.3751387347391787
S010;11;F11->gamma;0;0.26859504132231404
S010;32;F11->gamma;1;0.23753382296095865
S010;43;F11->gamma;1;0.759493670886076
S010;73;F11->gamma;1;0.8652019002375297
S010;81;F11->gamma;1;0.5470249520153551
S010;98;F11->gamma;1;0.7661406025824964
S010;100;F11->gamma;1;0.611764705882353
S010;142;F11->gamma;0;0.26859504132231404
S010;174;F11->gamma;0;0.1547768043387568
S010;186;F11->gamma;0;0.3536890370987912
S010;188;F11->gamma;0;0.23753382296095865
S010;193;F11->gamma;0;0.5393630573248408
S010;195;F11->gamma;0;0.5393630573248408
S010;251;F11->gamma;0;0.23971820258948973
S010;273;F11->gamma;0;0.38310454065469907
S010;299;F11->gamma;0;0.23971820258948973
S010;337;F11->gamma;1;0.23971820258948973
S010;395;F11->gamma;0;0.27381905524419536
S010;452;F11->gamma;0;0.23971820258948973
S010;455;F11->gamma;1;0.23971820258948973
S010;525;F11->gamma;1;0.23971820258948973
S010;557;F11->gamma;0;0.3552465233881163
S010;655;F11->gamma;1;0.38310454065469907
S010;660;F11->gamma;1;0.23971820258948973
S010;662;F11->gamma;1;0.38310454065469907
S010;665;F11->gamma;1;0.38310454065469907
S010;667;F11->gamma;1;0.23971820258948973
S010;673;F11->gamma;1;0.8652019002375297
S010;696;F11->gamma;1;0.6009070294784581
S010;705;F11->gamma;0;0.5905044510385756
S010;715;F11->gamma;1;0.4715969989281886
S010;737;F11->gamma;0;0.7661406025824964
S010;932;F11->gamma;1;0.5744970092441545
S010;946;F11->gamma;1;0.23971820258948973
S010;1067;F11->gamma;0;0.1547768043387568
S010;1087;F11->gamma;0;0.3536890370987912
S010;1106;F11->gamma;0;0.23753382296095865
S010;1109;F11->gamma;0;0.3536890370987912
S010;1124;F11->gamma;0;0.3536890370987912
S010;1137;F11->gamma;0;0.23753382296095865
S010;1179;F11->gamma;1;0.5393630573248408
S010;1223;F11->gamma;1;0.6949685534591195
S011;12;F11->gamma;1;0.5905044510385756
S011;14;F11->gamma;1;0.5764192139737991
S011;95;F11->gamma;1;0.8652019002375297
S011;106;F11->gamma;1;0.5540540540540541
S011;108;F11->gamma;1;0.8652019002375297
S011;145;F11->gamma;1;0.4377224199288256
S011;196;F11->gamma;1;0.23971820258948973
S011;198;F11->gamma;1;0.38310454065469907
S011;246;F11->gamma;0;0.7818471337579618
S011;248;F11->gamma;0;0.5905044510385756
S011;251;F11->gamma;0;0.4715969989281886
S011;253;F11->gamma;0;0.5764192139737991
S011;258;F11->gamma;0;0.4715969989281886
S011;298;F11->gamma;0;0.1547768043387568
S011;338;F11->gamma;1;0.1547768043387568
S011;384;F11->gamma;0;0.38310454065469907
S011;386;F11->gamma;0;0.23971820258948973
S011;393;F11->gamma;0;0.5744970092441545
S011;407;F11->gamma;0;0.23971820258948973
S011;454;F11->gamma;0;0.38310454065469907
S011;473;F11->gamma;0;0.1471898197242842
S011;509;F11->gamma;1;0.6926406926406926
S011;511;F11->gamma;1;0.7407407407407407
S011;543;F11->gamma;0;0.1547768043387568
S011;608;F11->gamma;0;0.23753382296095865
S011;632;F11->gamma;0;0.3536890370987912
S011;667;F11->gamma;1;0.759493670886076
S011;698;F11->gamma;1;0.7435508345978755
S011;701;F11->gamma;0;0.6816143497757847
S011;707;F11->gamma;0;0.5948795180722891
S011;730;F11->gamma;0;0.1471898197242842
S011;737;F11->gamma;0;0.23971820258948973
S011;786;F11->gamma;1;0.38310454065469907
S011;789;F11->gamma;1;0.5744970092441545
S011;797;F11->gamma;1;0.5744970092441545
S011;799;F11->gamma;1;0.38310454065469907
S011;804;F11->gamma;1;0.8301245753114382
S011;827;F11->gamma;0;0.1547768043387568
S011;848;F11->gamma;0;0.1547768043387568
S011;857;F11->gamma;0;0.1547768043387568
S011;912;F11->gamma;1;0.5393630573248408
S011;928;F11->gamma;1;0.7371134020618557
S011;962;F11->gamma;1;0.4377224199288256
S011;964;F11->gamma;1;0.5744970092441545
S011;983;F11->gamma;1;0.6502057613168725
S011;1030;F11->gamma;1;0.1471898197242842
S011;1057;F11->gamma;0;0.5905044510385756
S011;1072;F11->gamma;1;0.3536890370987912
S011;1117;F11->gamma;0;0.4715969989281886
S011;1189;F11->gamma;1;0.5990675990675991
S011;1195;F11->gamma;1;0.7371134020618557
S011;1204;F11->gamma;1;0.759493670886076
S011;1221;F11->gamma;0;0.7818471337579618
S011;1241;F11->gamma;0;0.8301245753114382
S011;1247;F11->gamma;0;0.8301245753114382
S011;1326;F11->gamma;1;0.38310454065469907
S011;1366;F11->gamma;1;0.3751387347391787
S011;1384;F11->gamma;1;0.6502057613168725
S012;11;F11->gamma;0;0.4715969989281886
S012;74;F11->gamma;0;0.1547768043387568
S012;87;F11->gamma;0;0.3536890370987912
S012;105;F11->gamma;0;0.3536890370987912
S012;107;F11->gamma;0;0.3536890370987912
S012;211;F11->gamma;1;0.6926406926406926
S012;216;F11->gamma;1;0.8652019002375297
S012;226;F11->gamma;0;0.6949685534591195
S012;263;F11->gamma;0;0.1471898197242842
S012;326;F11->gamma;1;0.8301245753114382
S012;343;F11->gamma;1;0.8067456700091158
S012;349;F11->gamma;1;0.7392592592592593
S012;351;F11->gamma;1;0.5905044510385756
S012;361;F11->gamma;1;0.7371134020618557
S012;442;F11->gamma;0;0.38310454065469907
S012;514;F11->gamma;0;0.23753382296095865
S012;567;F11->gamma;1;0.5393630573248408
S012;580;F11->gamma;1;0.3536890370987912
S012;600;F11->gamma;0;0.3552465233881163
S012;634;F11->gamma;0;0.23971820258948973
S012;636;F11->gamma;0;0.1471898197242842
S012;639;F11->gamma;0;0.23971820258948973
S012;641;F11->gamma;0;0.23971820258948973
S012;646;F11->gamma;0;0.23971820258948973
S012;652;F11->gamma;0;0.23971820258948973
S012;658;F11->gamma;0;0.23971820258948973
S012;660;F11->gamma;0;0.38310454065469907
S012;707;F11->gamma;1;0.38310454065469907
S012;713;F11->gamma;1;0.38310454065469907
S012;724;F11->gamma;1;0.5744970092441545
S012;758;F11->gamma;0;0.1547768043387568
S012;775;F11->gamma;1;0.1547768043387568
S012;812;F11->gamma;1;0.7661406025824964
S012;818;F11->gamma;1;0.5905044510385756
S012;821;F11->gamma;1;0.7371134020618557
S012;891;F11->gamma;1;0.5744970092441545
S012;935;F11->gamma;0;0.5393630573248408
S012;940;F11->gamma;0;0.3536890370987912
S012;970;F11->gamma;0;0.3536890370987912
S012;1002;F11->gamma;1;0.8652019002375297
S012;1007;F11->gamma;1;0.6502057613168725
S012;1010;F11->gamma;1;0.7818471337579618
S012;1012;F11->gamma;1;0.7818471337579618
S012;1046;F11->gamma;1;0.23753382296095865
S012;1058;F11->gamma;1;0.5393630573248408
S012;1095;F11->gamma;0;0.38310454065469907
S012;1158;F11->gamma;0;0.1547768043387568
S012;1160;F11->gamma;0;0.1547768043387568
S012;1171;F11->gamma;0;0.1547768043387568
S012;1217;F11->gamma;0;0.3536890370987912
S012;1220;F11->gamma;0;0.23753382296095865
S012;1222;F11->gamma;0;0.3536890370987912
S012;1228;F11->gamma;0;0.1547768043387568
S012;1230;F11->gamma;0;0.23753382296095865
S012;1235;F11->gamma;0;0.1547768043387568
S012;1362;F11->gamma;1;0.6009070294784581
S012;1396;F11->gamma;1;0.6009070294784581
S013;18;F11->gamma;0;0.3751387347391787
S013;26;F11->gamma;0;0.1547768043387568
S013;28;F11->gamma;0;0.1547768043387568
S013;108;F11->gamma;0;0.23753382296095865
S013;125;F11->gamma;1;0.23753382296095865
S013;128;F11->gamma;1;0.23753382296095865
S013;130;F11->gamma;1;0.23753382296095865
S013;133;F11->gamma;1;0.3536890370987912
S013;183;F11->gamma;0;0.6949685534591195
S013;300;F11->gamma;0;0.5990675990675991
S013;331;F11->gamma;1;0.5393630573248408
S013;491;F11->gamma;0;0.8301245753114382
S013;493;F11->gamma;0;0.38310454065469907
S013;528;F11->gamma;1;0.5744970092441545
S013;610;F11->gamma;0;0.23971820258948973
S013;635;F11->gamma;0;0.1471898197242842
S013;698;F11->gamma;0;0.23971820258948973
S013;700;F11->gamma;0;0.23971820258948973
S013;711;F11->gamma;0;0.23971820258948973
S013;748;F11->gamma;1;0.5744970092441545
S013;830;F11->gamma;0;0.1471898197242842
S013;833;F11->gamma;0;0.1471898197242842
S013;860;F11->gamma;0;0.23971820258948973
S013;895;F11->gamma;1;0.5744970092441545
S013;922;F11->gamma;0;0.5990675990675991
S013;960;F11->gamma;0;0.5393630573248408
S013;1015;F11->gamma;0;0.1547768043387568
S013;1018;F11->gamma;0;0.1547768043387568
S013;1054;F11->gamma;0;0.3536890370987912
S013;1080;F11->gamma;0;0.5393630573248408
S013;1169;F11->gamma;0;0.23753382296095865
S013;1206;F11->gamma;0;0.1547768043387568
S013;1232;F11->gamma;0;0.3536890370987912
S013;1250;F11->gamma;0;0.3536890370987912
S013;1347;F11->gamma;1;0.8257575757575758
S013;1349;F11->gamma;1;0.7906976744186046
S013;1356;F11->gamma;0;0.6502057613168725
S013;1393;F11->gamma;1;0.8301245753114382
S013;1399;F11->gamma;1;0.8652019002375297
S013;1405;F11->gamma;1;0.5990675990675991
S014;19;F11->gamma;1;0.6009070294784581
S014;27;F11->gamma;1;0.23971820258948973
S014;89;F11->gamma;1;0.5744970092441545
S014;107;F11->gamma;1;0.8652019002375297
S014;273;F11->gamma;1;0.8652019002375297
S014;315;F11->gamma;1;0.1547768043387568
S014;408;F11->gamma;1;0.5744970092441545
S014;441;F11->gamma;1;0.5905044510385756
S014;443;F11->gamma;1;0.3751387347391787
S014;474;F11->gamma;1;0.4819004524886878
S014;507;F11->gamma;0;0.3552465233881163
S014;509;F11->gamma;0;0.23971820258948973
S014;663;F11->gamma;1;0.26548672566371684
S014;669;F11->gamma;1;0.26859504132231404
S014;753;F11->gamma;0;0.3018867924528302
S014;765;F11->gamma;0;0.27381905524419536
S014;783;F11->gamma;0;0.23971820258948973
S014;823;F11->gamma;0;0.38310454065469907
S014;826;F11->gamma;0;0.38310454065469907
S014;984;F11->gamma;0;0.26859504132231404
S014;986;F11->gamma;0;0.3751387347391787
S014;999;F11->gamma;0;0.1547768043387568
S014;1083;F11->gamma;1;0.5393630573248408
S014;1103;F11->gamma;0;0.5744970092441545
S014;1173;F11->gamma;1;0.5393630573248408
S014;1181;F11->gamma;1;0.5393630573248408
S014;1186;F11->gamma;1;0.5393630573248408
S014;1188;F11->gamma;1;0.5393630573248408
S014;1211;F11->gamma;0;0.5948795180722891
S014;1227;F11->gamma;0;0.38310454065469907
S014;1229;F11->gamma;0;0.38310454065469907
S014;1324;F11->gamma;0;0.23971820258948973
S014;1334;F11->gamma;1;0.38310454065469907
S014;1377;F11->gamma;0;0.6009070294784581
S014;1383;F11->gamma;0;0.23971820258948973
S014;1394;F11->gamma;1;0.38310454065469907
S014;1396;F11->gamma;1;0.23971820258948973
S015;42;F11->gamma;0;0.38310454065469907
S015;166;F11->gamma;1;0.8301245753114382
S015;172;F11->gamma;1;0.8257575757575758
S015;220;F11->gamma;1;0.8652019002375297
S015;231;F11->gamma;0;0.3751387347391787
S015;288;F11->gamma;1;0.3536890370987912
S015;291;F11->gamma;1;0.23753382296095865
S015;293;F11->gamma;1;0.3536890370987912
S015;296;F11->gamma;1;0.759493670886076
S015;307;F11->gamma;1;0.5766129032258065
S015;309;F11->gamma;1;0.5948795180722891
S015;345;F11->gamma;0;0.4819004524886878
S015;361;F11->gamma;0;0.1547768043387568
S015;394;F11->gamma;1;0.5393630573248408
S015;415;F11->gamma;1;0.7818471337579618
S015;487;F11->gamma;0;0.1471898197242842
S015;505;F11->gamma;1;0.38310454065469907
S015;518;F11->gamma;1;0.38310454065469907
S015;561;F11->gamma;0;0.4715969989281886
S015;563;F11->gamma;0;0.26859504132231404
S015;590;F11->gamma;1;0.23753382296095865
S015;592;F11->gamma;1;0.3536890370987912
S015;604;F11->gamma;1;0.759493670886076
S015;622;F11->gamma;1;0.4377224199288256
S015;624;F11->gamma;1;0.6009070294784581
S015;768;F11->gamma;0;0.5393630573248408
S015;830;F11->gamma;0;0.23753382296095865
S015;838;F11->gamma;0;0.23753382296095865
S015;853;F11->gamma;0;0.23753382296095865
S015;892;F11->gamma;0;0.5948795180722891
S015;898;F11->gamma;0;0.3552465233881163
S015;905;F11->gamma;1;0.27381905524419536
S015;912;F11->gamma;1;0.1471898197242842
S015;921;F11->gamma;1;0.38310454065469907
S015;938;F11->gamma;1;0.7906976744186046
S015;980;F11->gamma;1;0.5393630573248408
S015;983;F11->gamma;1;0.5393630573248408
S016;12;F11->gamma;0;0.3751387347391787
S016;14;F11->gamma;1;0.26859504132231404
S016;31;F11->gamma;1;0.3536890370987912
S016;51;F11->gamma;1;0.7661406025824964
S016;53;F11->gamma;1;0.8652019002375297
S016;81;F11->gamma;1;0.7858376511226253
S016;99;F11->gamma;1;0.27381905524419536
S016;132;F11->gamma;0;0.4715969989281886
S016;167;F11->gamma;0;0.23753382296095865
S016;202;F11->gamma;0;0.23753382296095865
S016;267;F11->gamma;0;0.5393630573248408
S016;269;F11->gamma;0;0.3536890370987912
S016;272;F11->gamma;0;0.23753382296095865
S016;318;F11->gamma;1;0.1547768043387568
S016;320;F11->gamma;1;0.1547768043387568
S016;351;F11->gamma;0;0.5764192139737991
S016;381;F11->gamma;1;0.3536890370987912
S016;392;F11->gamma;1;0.5948795180722891
S016;422;F11->gamma;1;0.7371134020618557
S016;438;F11->gamma;1;0.759493670886076
S016;451;F11->gamma;0;0.6502057613168725
S016;511;F11->gamma;0;0.7371134020618557
S016;513;F11->gamma;0;0.7371134020618557
S016;529;F11->gamma;0;0.23753382296095865
S016;547;F11->gamma;0;0.3536890370987912
S016;576;F11->gamma;0;0.23753382296095865
S016;586;F11->gamma;0;0.23753382296095865
S016;588;F11->gamma;1;0.23753382296095865
S016;602;F11->gamma;1;0.3536890370987912
S016;604;F11->gamma;1;0.5393630573248408
S016;629;F11->gamma;0;0.6009070294784581
S016;631;F11->gamma;0;0.4377224199288256
S016;634;F11->gamma;0;0.1471898197242842
S016;686;F11->gamma;1;0.23971820258948973
S016;688;F11->gamma;1;0.38310454065469907
S016;728;F11->gamma;1;0.3552465233881163
S016;751;F11->gamma;0;0.26859504132231404
S016;753;F11->gamma;0;0.26859504132231404
S016;764;F11->gamma;0;0.1547768043387568
S016;828;F11->gamma;1;0.7468619246861925
S016;855;F11->gamma;0;0.5550660792951542
S016;879;F11->gamma;1;0.3536890370987912
S016;935;F11->gamma;0;0.1471898197242842
S016;1010;F11->gamma;0;0.1471898197242842
S016;1028;F11->gamma;0;0.1471898197242842
S016;1061;F11->gamma;0;0.23971820258948973
S016;1103;F11->gamma;0;0.23971820258948973
S016;1113;F11->gamma;0;0.1471898197242842
S016;1116;F11->gamma;0;0.1471898197242842
S016;1122;F11->gamma;1;0.23971820258948973
S016;1350;F11->gamma;1;0.23971820258948973
S016;1386;F11->gamma;1;0.7392592592592593
S016;1397;F11->gamma;0;0.6493506493506493
S016;1411;F11->gamma;0;0.4715969989281886
S017;14;F11->gamma;0;0.26859504132231404
S017;72;F11->gamma;0;0.1547768043387568
S017;137;F11->gamma;1;0.759493670886076
S017;193;F11->gamma;0;0.5393630573248408
S017;199;F11->gamma;0;0.3536890370987912
S017;215;F11->gamma;0;0.3536890370987912
S017;222;F11->gamma;1;0.1547768043387568
S017;254;F11->gamma;1;0.7818471337579618
S017;257;F11->gamma;0;0.6926406926406926
S017;259;F11->gamma;0;0.7435508345978755
S017;278;F11->gamma;0;0.5393630573248408
S017;303;F11->gamma;0;0.3536890370987912
S017;384;F11->gamma;0;0.6502057613168725
S017;438;F11->gamma;1;0.4377224199288256
S017;466;F11->gamma;1;0.3018867924528302
S017;468;F11->gamma;1;0.7818471337579618
S017;498;F11->gamma;1;0.27381905524419536
S017;526;F11->gamma;0;0.7661406025824964
S017;577;F11->gamma;1;0.8031189083820662
S017;645;F11->gamma;1;0.38310454065469907
S017;700;F11->gamma;0;0.1471898197242842
S017;713;F11->gamma;0;0.1471898197242842
S017;802;F11->gamma;0;0.38310454065469907
S017;811;F11->gamma;1;0.5744970092441545
S017;827;F11->gamma;1;0.5744970092441545
S017;982;F11->gamma;1;0.759493670886076
S017;984;F11->gamma;1;0.759493670886076
S017;1020;F11->gamma;1;0.6502057613168725
S017;1089;F11->gamma;0;0.3751387347391787
S017;1102;F11->gamma;0;0.759493670886076
S017;1104;F11->gamma;0;0.5393630573248408
S017;1113;F11->gamma;0;0.1547768043387568
S017;1115;F11->gamma;0;0.23753382296095865
S017;1125;F11->gamma;0;0.5393630573248408
S017;1127;F11->gamma;0;0.3536890370987912
S017;1157;F11->gamma;0;0.1547768043387568
S017;1180;F11->gamma;0;0.3536890370987912
S017;1183;F11->gamma;0;0.3536890370987912
S017;1185;F11->gamma;0;0.5393630573248408
S017;1231;F11->gamma;0;0.759493670886076
S017;1242;F11->gamma;0;0.5393630573248408
S017;1407;F11->gamma;1;0.5766129032258065
S018;17;F11->gamma;1;0.8067456700091158
S018;60;F11->gamma;1;0.23971820258948973
S018;107;F11->gamma;1;0.8031189083820662
S018;109;F11->gamma;1;0.7906976744186046
S018;148;F11->gamma;0;0.23971820258948973
S018;186;F11->gamma;0;0.23971820258948973
S018;188;F11->gamma;0;0.1471898197242842
S018;191;F11->gamma;0;0.1471898197242842
S018;207;F11->gamma;0;0.23971820258948973
S018;212;F11->gamma;0;0.23971820258948973
S018;225;F11->gamma;1;0.38310454065469907
S018;228;F11->gamma;1;0.38310454065469907
S018;234;F11->gamma;1;0.5744970092441545
S018;281;F11->gamma;1;0.7435508345978755
S018;369;F11->gamma;1;0.7392592592592593
S018;372;F11->gamma;1;0.5833333333333334
S018;405;F11->gamma;0;0.7371134020618557
S018;443;F11->gamma;1;0.23753382296095865
S018;466;F11->gamma;1;0.7906976744186046
S018;519;F11->gamma;0;0.1547768043387568
S018;566;F11->gamma;0;0.3536890370987912
S018;625;F11->gamma;1;0.759493670886076
S018;662;F11->gamma;1;0.611764705882353
S018;694;F11->gamma;1;0.5905044510385756
S018;743;F11->gamma;0;0.23971820258948973
S018;820;F11->gamma;1;0.4377224199288256
S018;822;F11->gamma;1;0.8067456700091158
S018;861;F11->gamma;0;0.23753382296095865
S018;863;F11->gamma;0;0.1547768043387568
S018;1115;F11->gamma;0;0.5744970092441545
S018;1132;F11->gamma;0;0.1471898197242842
S018;1138;F11->gamma;0;0.1471898197242842
S018;1181;F11->gamma;1;0.5744970092441545
S018;1199;F11->gamma;0;0.7661406025824964
S018;1206;F11->gamma;0;0.7818471337579618
S018;1211;F11->gamma;0;0.5764192139737991
S018;1235;F11->gamma;0;0.1547768043387568
S018;1352;F11->gamma;1;0.759493670886076
S018;1374;F11->gamma;1;0.6009070294784581
S018;1400;F11->gamma;1;0.7435508345978755
S018;1405;F11->gamma;1;0.7392592592592593
S019;20;F11->gamma;1;0.1471898197242842
S019;30;F11->gamma;1;0.8257575757575758
S019;59;F11->gamma;0;0.4715969989281886
S019;69;F11->gamma;0;0.5393630573248408
S019;78;F11->gamma;0;0.759493670886076
S019;105;F11->gamma;1;0.759493670886076
S019;111;F11->gamma;1;0.759493670886076
S019;119;F11->gamma;1;0.759493670886076
S019;187;F11->gamma;0;0.1547768043387568
S019;195;F11->gamma;0;0.1547768043387568
S019;229;F11->gamma;0;0.5393630573248408
S019;260;F11->gamma;1;0.5393630573248408
S019;271;F11->gamma;1;0.8652019002375297
S019;316;F11->gamma;0;0.1471898197242842
S019;362;F11->gamma;0;0.1471898197242842
S019;373;F11->gamma;0;0.1471898197242842
S019;441;F11->gamma;0;0.5744970092441545
S019;451;F11->gamma;0;0.5744970092441545
S019;536;F11->gamma;1;0.8301245753114382
S019;545;F11->gamma;1;0.7392592592592593
S019;547;F11->gamma;1;0.4819004524886878
S019;569;F11->gamma;0;0.5905044510385756
S019;571;F11->gamma;0;0.5764192139737991
S019;574;F11->gamma;0;0.3751387347391787
S019;591;F11->gamma;1;0.23753382296095865
S019;657;F11->gamma;1;0.1547768043387568
S019;681;F11->gamma;1;0.8067456700091158
S019;812;F11->gamma;0;0.1471898197242842
S019;870;F11->gamma;1;0.5948795180722891
S019;916;F11->gamma;0;0.5744970092441545
S019;919;F11->gamma;0;0.38310454065469907
S019;921;F11->gamma;0;0.5744970092441545
S019;929;F11->gamma;0;0.38310454065469907
S019;1032;F11->gamma;1;0.4715969989281886
S019;1103;F11->gamma;0;0.26859504132231404
S019;1155;F11->gamma;0;0.5393630573248408
S019;1160;F11->gamma;0;0.5393630573248408
S019;1175;F11->gamma;1;0.3536890370987912
S019;1210;F11->gamma;1;0.4715969989281886
S019;1334;F11->gamma;1;0.5744970092441545
S019;1368;F11->gamma;1;0.6870748299319728
S019;1379;F11->gamma;1;0.4715969989281886
S020;80;F11->gamma;1;0.4377224199288256
S020;107;F11->gamma;1;0.26859504132231404
S020;110;F11->gamma;1;0.23753382296095865
S020;159;F11->gamma;0;0.5744970092441545
S020;161;F11->gamma;0;0.5744970092441545
S020;247;F11->gamma;0;0.23753382296095865
S020;259;F11->gamma;0;0.3536890370987912
S020;281;F11->gamma;0;0.3536890370987912
S020;295;F11->gamma;0;0.5393630573248408
S020;297;F11->gamma;0;0.23753382296095865
S020;305;F11->gamma;0;0.23753382296095865
S020;330;F11->gamma;0;0.1547768043387568
S020;332;F11->gamma;1;0.23753382296095865
S020;394;F11->gamma;1;0.5990675990675991
S020;435;F11->gamma;1;0.1547768043387568
S020;437;F11->gamma;1;0.3536890370987912
S020;446;F11->gamma;1;0.7435508345978755
S020;491;F11->gamma;0;0.23753382296095865
S020;519;F11->gamma;0;0.23753382296095865
S020;543;F11->gamma;0;0.23753382296095865
S020;582;F11->gamma;0;0.8257575757575758
S020;590;F11->gamma;0;0.7858376511226253
S020;599;F11->gamma;0;0.6009070294784581
S020;609;F11->gamma;0;0.23971820258948973
S020;651;F11->gamma;1;0.38310454065469907
S020;656;F11->gamma;1;0.5744970092441545
S020;670;F11->gamma;1;0.8257575757575758
S020;713;F11->gamma;1;0.8652019002375297
S020;781;F11->gamma;1;0.8652019002375297
S020;783;F11->gamma;1;0.5540540540540541
S020;791;F11->gamma;1;0.7661406025824964
S020;830;F11->gamma;1;0.8652019002375297
S020;918;F11->gamma;0;0.7906976744186046
S020;1050;F11->gamma;0;0.3536890370987912
S020;1110;F11->gamma;0;0.23753382296095865
S020;1124;F11->gamma;0;0.1547768043387568
S020;1136;F11->gamma;1;0.3536890370987912
S020;1164;F11->gamma;1;0.8067456700091158
S020;1206;F11->gamma;0;0.1471898197242842
S020;1212;F11->gamma;0;0.1471898197242842
S021;6;F11->gamma;1;0.30523255813953487
S021;47;F11->gamma;1;0.759493670886076
S021;66;F11->gamma;1;0.5905044510385756
S021;74;F11->gamma;1;0.7818471337579618
S021;130;F11->gamma;1;0.5764192139737991
S021;139;F11->gamma;1;0.759493670886076
S021;142;F11->gamma;1;0.5393630573248408
S021;144;F11->gamma;1;0.3536890370987912
S021;160;F11->gamma;0;0.6926406926406926
S021;314;F11->gamma;1;0.27381905524419536
S021;421;F11->gamma;1;0.3751387347391787
S021;556;F11->gamma;1;0.5744970092441545
S021;592;F11->gamma;0;0.3751387347391787
S021;625;F11->gamma;0;0.23753382296095865
S021;670;F11->gamma;1;0.7435508345978755
S021;673;F11->gamma;1;0.7392592592592593
S021;718;F11->gamma;1;0.4715969989281886
S021;870;F11->gamma;0;0.1547768043387568
S021;905;F11->gamma;0;0.3536890370987912
S021;910;F11->gamma;0;0.5393630573248408
S021;956;F11->gamma;1;0.759493670886076
S021;964;F11->gamma;1;0.5948795180722891
S021;967;F11->gamma;1;0.7818471337579618
S021;969;F11->gamma;1;0.6009070294784581
S021;1010;F11->gamma;0;0.1547768043387568
S021;1017;F11->gamma;0;0.1547768043387568
S021;1020;F11->gamma;0;0.23753382296095865
S021;1050;F11->gamma;0;0.5393630573248408
S021;1110;F11->gamma;1;0.7661406025824964
S021;1154;F11->gamma;1;0.8301245753114382
S021;1156;F11->gamma;1;0.5744970092441545
S021;1159;F11->gamma;1;0.5744970092441545
S021;1193;F11->gamma;1;0.6502057613168725
S021;1252;F11->gamma;1;0.7435508345978755
S021;1254;F11->gamma;0;0.6949685534591195
S021;1322;F11->gamma;0;0.4155405405405405
S021;1386;F11->gamma;1;0.8652019002375297
S022;25;F11->gamma;1;0.23753382296095865
S022;28;F11->gamma;1;0.5393630573248408
S022;30;F11->gamma;1;0.5393630573248408
S022;58;F11->gamma;1;0.23971820258948973
S022;60;F11->gamma;1;0.8301245753114382
S022;72;F11->gamma;1;0.7392592592592593
S022;201;F11->gamma;0;0.8301245753114382
S022;230;F11->gamma;1;0.5744970092441545
S022;245;F11->gamma;1;0.38310454065469907
S022;248;F11->gamma;1;0.5744970092441545
S022;356;F11->gamma;0;0.23971820258948973
S022;358;F11->gamma;0;0.23971820258948973
S022;389;F11->gamma;0;0.6926406926406926
S022;431;F11->gamma;1;0.8067456700091158
S022;434;F11->gamma;1;0.5990675990675991
S022;436;F11->gamma;1;0.7392592592592593
S022;445;F11->gamma;1;0.7906976744186046
S022;518;F11->gamma;0;0.4819004524886878
S022;523;F11->gamma;1;0.4715969989281886
S022;553;F11->gamma;1;0.8067456700091158
S022;562;F11->gamma;1;0.7661406025824964
S022;612;F11->gamma;1;0.6926406926406926
S022;642;F11->gamma;1;0.7661406025824964
S022;697;F11->gamma;0;0.1471898197242842
S022;748;F11->gamma;0;0.4155405405405405
S022;751;F11->gamma;0;0.27381905524419536
S022;767;F11->gamma;0;0.1471898197242842
S022;809;F11->gamma;0;0.5744970092441545
S022;812;F11->gamma;0;0.5744970092441545
S022;814;F11->gamma;0;0.5744970092441545
S022;817;F11->gamma;1;0.5744970092441545
S022;835;F11->gamma;1;0.8301245753114382
S022;837;F11->gamma;1;0.8301245753114382
S022;893;F11->gamma;0;0.7205387205387206
S022;895;F11->gamma;0;0.5766129032258065
S022;949;F11->gamma;0;0.3751387347391787
S022;1005;F11->gamma;0;0.3536890370987912
S022;1067;F11->gamma;1;0.7392592592592593
S022;1241;F11->gamma;1;0.4715969989281886
S022;1339;F11->gamma;1;0.3536890370987912
S022;1341;F11->gamma;1;0.759493670886076
S022;1368;F11->gamma;0;0.3751387347391787
S023;111;F11->gamma;0;0.1547768043387568
S023;123;F11->gamma;0;0.23753382296095865
S023;162;F11->gamma;0;0.759493670886076
S023;196;F11->gamma;0;0.5393630573248408
S023;257;F11->gamma;1;0.759493670886076
S023;264;F11->gamma;1;0.759493670886076
S023;266;F11->gamma;1;0.8652019002375297
S023;316;F11->gamma;1;0.27941176470588236
S023;322;F11->gamma;1;0.26859504132231404
S023;325;F11->gamma;1;0.26859504132231404
S023;374;F11->gamma;1;0.4715969989281886
S023;383;F11->gamma;1;0.3751387347391787
S023;395;F11->gamma;1;0.759493670886076
S023;515;F11->gamma;1;0.7818471337579618
S023;533;F11->gamma;0;0.3552465233881163
S023;558;F11->gamma;1;0.38310454065469907
S023;581;F11->gamma;1;0.8652019002375297
S023;598;F11->gamma;1;0.8652019002375297
S023;608;F11->gamma;1;0.7858376511226253
S023;621;F11->gamma;1;0.1471898197242842
S023;623;F11->gamma;1;0.5744970092441545
S023;632;F11->gamma;1;0.8652019002375297
S023;650;F11->gamma;1;0.5990675990675991
S023;652;F11->gamma;1;0.5905044510385756
S023;669;F11->gamma;1;0.6949685534591195
S023;728;F11->gamma;0;0.23971820258948973
S023;848;F11->gamma;1;0.7858376511226253
S023;850;F11->gamma;1;0.7858376511226253
S023;880;F11->gamma;1;0.7661406025824964
S023;1079;F11->gamma;0;0.23971820258948973
S023;1088;F11->gamma;0;0.23971820258948973
S023;1187;F11->gamma;0;0.23753382296095865
S023;1197;F11->gamma;1;0.3536890370987912
S023;1199;F11->gamma;1;0.5393630573248408
S023;1202;F11->gamma;1;0.5393630573248408
S023;1231;F11->gamma;0;0.6009070294784581
S023;1236;F11->gamma;0;0.4377224199288256
S023;1393;F11->gamma;0;0.5550660792951542
S024;23;F11->gamma;1;0.611764705882353
S024;64;F11->gamma;0;0.26859504132231404
S024;76;F11->gamma;0;0.1547768043387568
S024;87;F11->gamma;0;0.1547768043387568
S024;138;F11->gamma;0;0.23753382296095865
S024;144;F11->gamma;0;0.3536890370987912
S024;171;F11->gamma;0;0.1547768043387568
S024;202;F11->gamma;1;0.5393630573248408
S024;232;F11->gamma;0;0.23971820258948973
S024;234;F11->gamma;0;0.23971820258948973
S024;254;F11->gamma;1;0.23971820258948973
S024;256;F11->gamma;1;0.38310454065469907
S024;278;F11->gamma;1;0.8257575757575758
S024;283;F11->gamma;1;0.7661406025824964
S024;312;F11->gamma;0;0.26859504132231404
S024;315;F11->gamma;0;0.4715969989281886
S024;317;F11->gamma;0;0.26859504132231404
S024;320;F11->gamma;0;0.1547768043387568
S024;326;F11->gamma;0;0.1547768043387568
S024;328;F11->gamma;0;0.1547768043387568
S024;331;F11->gamma;0;0.1547768043387568
S024;349;F11->gamma;1;0.23753382296095865
S024;351;F11->gamma;1;0.3536890370987912
S024;389;F11->gamma;1;0.8067456700091158
S024;421;F11->gamma;1;0.6926406926406926
S024;458;F11->gamma;1;0.3536890370987912
S024;574;F11->gamma;1;0.7661406025824964
S024;604;F11->gamma;1;0.4316109422492401
S024;633;F11->gamma;1;0.7392592592592593
S024;639;F11->gamma;1;0.5604395604395604
S024;685;F11->gamma;1;0.1547768043387568
S024;729;F11->gamma;1;0.8301245753114382
S024;747;F11->gamma;0;0.3751387347391787
S024;798;F11->gamma;0;0.3536890370987912
S024;801;F11->gamma;0;0.3536890370987912
S024;846;F11->gamma;1;0.759493670886076
S024;863;F11->gamma;1;0.7435508345978755
S024;865;F11->gamma;0;0.8652019002375297
S024;952;F11->gamma;1;0.23971820258948973
S024;954;F11->gamma;1;0.38310454065469907
S024;969;F11->gamma;0;0.5905044510385756
S024;998;F11->gamma;0;0.3536890370987912
S024;1000;F11->gamma;0;0.3536890370987912
S024;1091;F11->gamma;1;0.8257575757575758
S024;1168;F11->gamma;1;0.4819004524886878
S024;1188;F11->gamma;1;0.1547768043387568
S024;1223;F11->gamma;0;0.23753382296095865
S024;1225;F11->gamma;0;0.23753382296095865
S024;1378;F11->gamma;0;0.5106382978723404
S025;16;F11->gamma;1;0.27381905524419536
S025;82;F11->gamma;1;0.23971820258948973
S025;128;F11->gamma;0;0.3536890370987912
S025;131;F11->gamma;0;0.23753382296095865
S025;238;F11->gamma;1;0.8301245753114382
S025;240;F11->gamma;1;0.8301245753114382
S025;283;F11->gamma;0;0.23753382296095865
S025;309;F11->gamma;1;0.23753382296095865
S025;311;F11->gamma;1;0.23753382296095865
S025;321;F11->gamma;1;0.3536890370987912
S025;339;F11->gamma;1;0.8652019002375297
S025;367;F11->gamma;0;0.23971820258948973
S025;395;F11->gamma;0;0.23971820258948973
S025;406;F11->gamma;0;0.5744970092441545
S025;469;F11->gamma;1;0.7435508345978755
S025;570;F11->gamma;1;0.23971820258948973
S025;579;F11->gamma;1;0.5744970092441545
S025;642;F11->gamma;1;0.5764192139737991
S025;647;F11->gamma;0;0.6926406926406926
S025;650;F11->gamma;0;0.26548672566371684
S025;789;F11->gamma;0;0.23753382296095865
S025;810;F11->gamma;1;0.3536890370987912
S025;812;F11->gamma;1;0.5393630573248408
S025;828;F11->gamma;0;0.4377224199288256
S025;866;F11->gamma;0;0.23971820258948973
S025;878;F11->gamma;0;0.38310454065469907
S025;887;F11->gamma;0;0.38310454065469907
S025;889;F11->gamma;0;0.5744970092441545
S025;930;F11->gamma;0;0.1471898197242842
S025;932;F11->gamma;0;0.23971820258948973
S025;947;F11->gamma;0;0.1471898197242842
S025;993;F11->gamma;1;0.5744970092441545
S025;1002;F11->gamma;1;0.5744970092441545
S025;1030;F11->gamma;1;0.6009070294784581
S025;1092;F11->gamma;1;0.3536890370987912
S025;1169;F11->gamma;1;0.23753382296095865
S025;1180;F11->gamma;1;0.5393630573248408
S025;1214;F11->gamma;1;0.5744970092441545
S025;1224;F11->gamma;1;0.8301245753114382
S026;67;F11->gamma;0;0.1471898197242842
S026;69;F11->gamma;0;0.1471898197242842
S026;86;F11->gamma;1;0.5744970092441545
S026;140;F11->gamma;0;0.8301245753114382
S026;162;F11->gamma;0;0.1471898197242842
S026;188;F11->gamma;0;0.23971820258948973
S026;202;F11->gamma;0;0.23971820258948973
S026;240;F11->gamma;1;0.5744970092441545
S026;247;F11->gamma;1;0.5744970092441545
S026;259;F11->gamma;1;0.8301245753114382
S026;278;F11->gamma;1;0.8652019002375297
S026;294;F11->gamma;0;0.4715969989281886
S026;358;F11->gamma;0;0.23753382296095865
S026;380;F11->gamma;0;0.3536890370987912
S026;383;F11->gamma;0;0.3536890370987912
S026;385;F11->gamma;0;0.3536890370987912
S026;397;F11->gamma;0;0.23753382296095865
S026;442;F11->gamma;1;0.8301245753114382
S026;551;F11->gamma;1;0.8031189083820662
S026;594;F11->gamma;1;0.7661406025824964
S026;647;F11->gamma;1;0.5744970092441545
S026;666;F11->gamma;1;0.38310454065469907
S026;681;F11->gamma;1;0.8652019002375297
S026;691;F11->gamma;0;0.3018867924528302
S026;746;F11->gamma;0;0.23753382296095865
S026;795;F11->gamma;1;0.3536890370987912
S026;803;F11->gamma;1;0.5393630573248408
S026;816;F11->gamma;1;0.6926406926406926
S026;849;F11->gamma;1;0.1547768043387568
S026;876;F11->gamma;1;0.8067456700091158
S026;891;F11->gamma;1;0.5948795180722891
S026;972;F11->gamma;1;0.38310454065469907
S026;1045;F11->gamma;1;0.8652019002375297
S026;1088;F11->gamma;1;0.759493670886076
S026;1114;F11->gamma;0;0.3751387347391787
S026;1116;F11->gamma;0;0.4715969989281886
S026;1137;F11->gamma;1;0.5393630573248408
S026;1150;F11->gamma;1;0.759493670886076
S026;1152;F11->gamma;1;0.3536890370987912
S026;1192;F11->gamma;1;0.5948795180722891
S026;1248;F11->gamma;1;0.8031189083820662
S026;1257;F11->gamma;1;0.8652019002375297
S026;1334;F11->gamma;1;0.5764192139737991
S026;1351;F11->gamma;1;0.5948795180722891
S026;1354;F11->gamma;1;0.7858376511226253
S026;1400;F11->gamma;1;0.7661406025824964
S027;12;F11->gamma;0;0.30523255813953487
S027;218;F11->gamma;0;0.23971820258948973
S027;250;F11->gamma;0;0.38310454065469907
S027;256;F11->gamma;0;0.38310454065469907
S027;258;F11->gamma;0;0.5744970092441545
S027;322;F11->gamma;0;0.38310454065469907
S027;333;F11->gamma;0;0.1471898197242842
S027;437;F11->gamma;1;0.8301245753114382
S027;460;F11->gamma;1;0.7818471337579618
S027;479;F11->gamma;0;0.5764192139737991
S027;481;F11->gamma;0;0.3751387347391787
S027;493;F11->gamma;0;0.3536890370987912
S027;539;F11->gamma;1;0.3536890370987912
S027;677;F11->gamma;0;0.23753382296095865
S027;680;F11->gamma;0;0.1547768043387568
S027;689;F11->gamma;0;0.23753382296095865
S027;692;F11->gamma;0;0.23753382296095865
S027;694;F11->gamma;0;0.3536890370987912
S027;707;F11->gamma;0;0.3536890370987912
S027;710;F11->gamma;0;0.3536890370987912
S027;712;F11->gamma;0;0.23753382296095865
S027;770;F11->gamma;1;0.8031189083820662
S027;780;F11->gamma;1;0.8652019002375297
S027;883;F11->gamma;0;0.23971820258948973
S027;905;F11->gamma;0;0.38310454065469907
S027;931;F11->gamma;0;0.23971820258948973
S027;958;F11->gamma;0;0.5744970092441545
S027;964;F11->gamma;0;0.38310454065469907
S027;969;F11->gamma;1;0.38310454065469907
S027;988;F11->gamma;1;0.8301245753114382
S027;995;F11->gamma;1;0.8301245753114382
S027;1009;F11->gamma;0;0.4715969989281886
S027;1016;F11->gamma;0;0.23753382296095865
S027;1030;F11->gamma;0;0.23753382296095865
S027;1058;F11->gamma;0;0.3536890370987912
S027;1075;F11->gamma;1;0.3536890370987912
S027;1084;F11->gamma;1;0.3536890370987912
S027;1086;F11->gamma;1;0.5393630573248408
S027;1128;F11->gamma;0;0.23971820258948973
S027;1148;F11->gamma;0;0.38310454065469907
S027;1156;F11->gamma;0;0.38310454065469907
S027;1192;F11->gamma;0;0.5744970092441545
S027;1201;F11->gamma;1;0.5744970092441545
S027;1329;F11->gamma;1;0.1547768043387568
S027;1338;F11->gamma;1;0.5393630573248408
S027;1364;F11->gamma;1;0.6009070294784581
S027;1392;F11->gamma;1;0.8652019002375297
S028;22;F11->gamma;0;0.27381905524419536
S028;31;F11->gamma;0;0.1471898197242842
S028;71;F11->gamma;0;0.1471898197242842
S028;192;F11->gamma;0;0.1471898197242842
S028;205;F11->gamma;0;0.1471898197242842
S028;218;F11->gamma;1;0.38310454065469907
S028;238;F11->gamma;1;0.8257575757575758
S028;240;F11->gamma;0;0.7661406025824964
S028;243;F11->gamma;0;0.5990675990675991
S028;245;F11->gamma;0;0.7392592592592593
S028;285;F11->gamma;0;0.3536890370987912
S028;309;F11->gamma;1;0.5393630573248408
S028;312;F11->gamma;1;0.759493670886076
S028;325;F11->gamma;1;0.23753382296095865
S028;369;F11->gamma;1;0.38310454065469907
S028;371;F11->gamma;1;0.38310454065469907
S028;424;F11->gamma;0;0.1547768043387568
S028;426;F11->gamma;0;0.23753382296095865
S028;443;F11->gamma;0;0.5393630573248408
S028;452;F11->gamma;0;0.759493670886076
S028;549;F11->gamma;0;0.3552465233881163
S028;551;F11->gamma;1;0.1471898197242842
S028;554;F11->gamma;1;0.1471898197242842
S028;637;F11->gamma;1;0.8031189083820662
S028;639;F11->gamma;1;0.5990675990675991
S028;642;F11->gamma;1;0.4819004524886878
S028;644;F11->gamma;1;0.5764192139737991
S028;682;F11->gamma;1;0.27381905524419536
S028;705;F11->gamma;1;0.4316109422492401
S028;747;F11->gamma;1;0.1471898197242842
S028;755;F11->gamma;1;0.38310454065469907
S028;765;F11->gamma;1;0.5744970092441545
S028;802;F11->gamma;0;0.3552465233881163
S028;810;F11->gamma;0;0.1471898197242842
S028;818;F11->gamma;0;0.1471898197242842
S028;892;F11->gamma;0;0.8301245753114382
S028;925;F11->gamma;0;0.23971820258948973
S028;928;F11->gamma;0;0.38310454065469907
S028;1013;F11->gamma;0;0.23753382296095865
S028;1057;F11->gamma;0;0.3536890370987912
S028;1086;F11->gamma;0;0.23753382296095865
S028;1092;F11->gamma;0;0.1547768043387568
S028;1097;F11->gamma;0;0.23753382296095865
S028;1109;F11->gamma;0;0.1547768043387568
S028;1133;F11->gamma;0;0.5393630573248408
S028;1150;F11->gamma;0;0.3536890370987912
S028;1161;F11->gamma;0;0.23753382296095865
S028;1163;F11->gamma;0;0.3536890370987912
S028;1203;F11->gamma;1;0.1547768043387568
S028;1240;F11->gamma;1;0.8257575757575758
S028;1242;F11->gamma;0;0.5540540540540541
S028;1256;F11->gamma;0;0.3751387347391787
S028;1348;F11->gamma;0;0.5393630573248408
S029;29;F11->gamma;1;0.38310454065469907
S029;123;F11->gamma;0;0.1547768043387568
S029;233;F11->gamma;1;0.8301245753114382
S029;271;F11->gamma;1;0.8067456700091158
S029;292;F11->gamma;0;0.26859504132231404
S029;297;F11->gamma;0;0.23753382296095865
S029;314;F11->gamma;1;0.759493670886076
S029;345;F11->gamma;1;0.3552465233881163
S029;365;F11->gamma;1;0.6926406926406926
S029;389;F11->gamma;0;0.5990675990675991
S029;399;F11->gamma;0;0.4715969989281886
S029;415;F11->gamma;0;0.23753382296095865
S029;423;F11->gamma;0;0.1547768043387568
S029;451;F11->gamma;0;0.1547768043387568
S029;453;F11->gamma;0;0.23753382296095865
S029;458;F11->gamma;0;0.1547768043387568
S029;481;F11->gamma;0;0.1547768043387568
S029;584;F11->gamma;1;0.759493670886076
S029;587;F11->gamma;1;0.7661406025824964
S029;589;F11->gamma;1;0.8257575757575758
S029;615;F11->gamma;0;0.5393630573248408
S029;661;F11->gamma;1;0.7858376511226253
S029;673;F11->gamma;0;0.27941176470588236
S029;685;F11->gamma;0;0.1547768043387568
S029;697;F11->gamma;0;0.1547768043387568
S029;699;F11->gamma;0;0.1547768043387568
S029;733;F11->gamma;0;0.5393630573248408
S029;867;F11->gamma;1;0.759493670886076
S029;877;F11->gamma;0;0.5766129032258065
S029;976;F11->gamma;0;0.3536890370987912
S029;1107;F11->gamma;1;0.5393630573248408
S029;1120;F11->gamma;1;0.7435508345978755
S029;1137;F11->gamma;1;0.7858376511226253
S029;1147;F11->gamma;1;0.5744970092441545
S029;1216;F11->gamma;0;0.38310454065469907
S029;1332;F11->gamma;0;0.7858376511226253
S029;1365;F11->gamma;1;0.8652019002375297
S029;1379;F11->gamma;1;0.8257575757575758
S029;1389;F11->gamma;1;0.27941176470588236
S030;46;F11->gamma;1;0.4377224199288256
S030;68;F11->gamma;0;0.4316109422492401
S030;81;F11->gamma;1;0.23753382296095865
S030;139;F11->gamma;1;0.759493670886076
S030;144;F11->gamma;1;0.8652019002375297
S030;147;F11->gamma;1;0.5766129032258065
S030;149;F11->gamma;1;0.5948795180722891
S030;165;F11->gamma;0;0.26859504132231404
S030;190;F11->gamma;0;0.23753382296095865
S030;206;F11->gamma;0;0.3536890370987912
S030;233;F11->gamma;0;0.5393630573248408
S030;256;F11->gamma;1;0.5393630573248408
S030;268;F11->gamma;1;0.759493670886076
S030;285;F11->gamma;1;0.4715969989281886
S030;287;F11->gamma;1;0.3751387347391787
S030;290;F11->gamma;1;0.3751387347391787
S030;360;F11->gamma;1;0.3751387347391787
S030;414;F11->gamma;0;0.38310454065469907
S030;435;F11->gamma;0;0.1471898197242842
S030;448;F11->gamma;0;0.1471898197242842
S030;464;F11->gamma;0;0.38310454065469907
S030;517;F11->gamma;0;0.38310454065469907
S030;525;F11->gamma;0;0.23971820258948973
S030;532;F11->gamma;0;0.1471898197242842
S030;534;F11->gamma;0;0.1471898197242842
S030;601;F11->gamma;0;0.23971820258948973
S030;719;F11->gamma;1;0.5393630573248408
S030;727;F11->gamma;1;0.3536890370987912
S030;764;F11->gamma;0;0.4819004524886878
S030;772;F11->gamma;0;0.5764192139737991
S030;784;F11->gamma;0;0.23753382296095865
S030;849;F11->gamma;0;0.23971820258948973
S030;860;F11->gamma;0;0.5744970092441545
S030;877;F11->gamma;0;0.38310454065469907
S030;933;F11->gamma;0;0.23971820258948973
S030;942;F11->gamma;0;0.38310454065469907
S030;978;F11->gamma;1;0.5744970092441545
S030;1018;F11->gamma;0;0.23753382296095865
S030;1064;F11->gamma;0;0.5393630573248408
S030;1070;F11->gamma;0;0.5393630573248408
S030;1078;F11->gamma;0;0.3536890370987912
S030;1163;F11->gamma;1;0.23753382296095865
S030;1202;F11->gamma;1;0.8257575757575758
S030;1207;F11->gamma;1;0.7435508345978755
S031;6;F11->gamma;1;0.30523255813953487
S031;40;F11->gamma;0;0.6009070294784581
S031;134;F11->gamma;1;0.5744970092441545
S031;164;F11->gamma;0;0.26859504132231404
S031;211;F11->gamma;0;0.23753382296095865
S031;262;F11->gamma;1;0.5393630573248408
S031;264;F11->gamma;1;0.3536890370987912
S031;269;F11->gamma;1;0.5393630573248408
S031;319;F11->gamma;1;0.4377224199288256
S031;331;F11->gamma;1;0.4715969989281886
S031;432;F11->gamma;0;0.23971820258948973
S031;471;F11->gamma;0;0.5990675990675991
S031;473;F11->gamma;0;0.5905044510385756
S031;478;F11->gamma;0;0.26859504132231404
S031;498;F11->gamma;0;0.23753382296095865
S031;575;F11->gamma;1;0.8652019002375297
S031;636;F11->gamma;0;0.5948795180722891
S031;673;F11->gamma;1;0.23971820258948973
S031;797;F11->gamma;1;0.3536890370987912
S031;802;F11->gamma;1;0.5393630573248408
S031;808;F11->gamma;1;0.1547768043387568
S031;814;F11->gamma;1;0.23753382296095865
S031;826;F11->gamma;1;0.8031189083820662
S031;828;F11->gamma;1;0.6502057613168725
S031;865;F11->gamma;0;0.23753382296095865
S031;911;F11->gamma;1;0.759493670886076
S031;921;F11->gamma;1;0.7818471337579618
S031;924;F11->gamma;1;0.8652019002375297
S031;939;F11->gamma;1;0.8652019002375297
S031;974;F11->gamma;0;0.23971820258948973
S031;994;F11->gamma;1;0.1471898197242842
S031;999;F11->gamma;1;0.1471898197242842
S031;1105;F11->gamma;1;0.759493670886076
S031;1131;F11->gamma;0;0.6949685534591195
S031;1150;F11->gamma;0;0.1471898197242842
S031;1246;F11->gamma;1;0.23753382296095865
S031;1350;F11->gamma;0;0.23753382296095865
S031;1381;F11->gamma;0;0.3536890370987912
S032;40;F11->gamma;0;0.23753382296095865
S032;211;F11->gamma;0;0.23971820258948973
S032;314;F11->gamma;0;0.23753382296095865
S032;363;F11->gamma;0;0.4377224199288256
S032;372;F11->gamma;0;0.6009070294784581
S032;393;F11->gamma;0;0.1471898197242842
S032;447;F11->gamma;1;0.38310454065469907
S032;461;F11->gamma;1;0.5744970092441545
S032;463;F11->gamma;1;0.5744970092441545
S032;518;F11->gamma;0;0.4316109422492401
S032;523;F11->gamma;0;0.26859504132231404
S032;531;F11->gamma;0;0.23753382296095865
S032;593;F11->gamma;0;0.1547768043387568
S032;631;F11->gamma;0;0.23753382296095865
S032;645;F11->gamma;1;0.5393630573248408
S032;659;F11->gamma;1;0.759493670886076
S032;678;F11->gamma;0;0.5766129032258065
S032;680;F11->gamma;0;0.5470249520153551
S032;690;F11->gamma;1;0.6009070294784581
S032;719;F11->gamma;1;0.6502057613168725
S032;775;F11->gamma;0;0.3552465233881163
S032;783;F11->gamma;1;0.23971820258948973
S032;785;F11->gamma;1;0.5744970092441545
S032;792;F11->gamma;1;0.38310454065469907
S032;807;F11->gamma;1;0.8301245753114382
S032;814;F11->gamma;1;0.8652019002375297
S032;844;F11->gamma;1;0.3536890370987912
S032;959;F11->gamma;0;0.1471898197242842
S032;1034;F11->gamma;0;0.3536890370987912
S032;1077;F11->gamma;0;0.1547768043387568
S032;1118;F11->gamma;0;0.23753382296095865
S032;1120;F11->gamma;0;0.23753382296095865
S032;1128;F11->gamma;0;0.23753382296095865
S032;1146;F11->gamma;1;0.5393630573248408
S032;1176;F11->gamma;1;0.8067456700091158
S032;1190;F11->gamma;1;0.7818471337579618
S032;1328;F11->gamma;1;0.7906976744186046
S033;9;F11->gamma;1;0.8067456700091158
S033;51;F11->gamma;1;0.6949685534591195
S033;54;F11->gamma;1;0.6502057613168725
S033;56;F11->gamma;1;0.8067456700091158
S033;72;F11->gamma;1;0.26859504132231404
S033;157;F11->gamma;0;0.23971820258948973
S033;165;F11->gamma;0;0.38310454065469907
S033;229;F11->gamma;0;0.4715969989281886
S033;261;F11->gamma;1;0.3536890370987912
S033;302;F11->gamma;0;0.3552465233881163
S033;342;F11->gamma;0;0.1471898197242842
S033;421;F11->gamma;0;0.38310454065469907
S033;475;F11->gamma;1;0.8301245753114382
S033;528;F11->gamma;0;0.23753382296095865
S033;572;F11->gamma;0;0.1547768043387568
S033;624;F11->gamma;0;0.23753382296095865
S033;657;F11->gamma;1;0.1547768043387568
S033;666;F11->gamma;1;0.1547768043387568
S033;704;F11->gamma;1;0.8301245753114382
S033;808;F11->gamma;0;0.5393630573248408
S033;878;F11->gamma;1;0.3536890370987912
S033;938;F11->gamma;0;0.6009070294784581
S033;951;F11->gamma;0;0.23971820258948973
S033;954;F11->gamma;0;0.23971820258948973
S033;1006;F11->gamma;0;0.23971820258948973
S033;1008;F11->gamma;0;0.23971820258948973
S033;1038;F11->gamma;0;0.1471898197242842
S033;1115;F11->gamma;0;0.8301245753114382
S033;1194;F11->gamma;0;0.23753382296095865
S033;1201;F11->gamma;0;0.23753382296095865
S033;1204;F11->gamma;0;0.23753382296095865
S033;1337;F11->gamma;0;0.4377224199288256
S034;45;F11->gamma;1;0.1547768043387568
S034;85;F11->gamma;0;0.8257575757575758
S034;109;F11->gamma;0;0.23971820258948973
S034;112;F11->gamma;0;0.23971820258948973
S034;117;F11->gamma;0;0.38310454065469907
S034;187;F11->gamma;0;0.1547768043387568
S034;323;F11->gamma;1;0.23753382296095865
S034;370;F11->gamma;0;0.3536890370987912
S034;380;F11->gamma;0;0.3536890370987912
S034;404;F11->gamma;1;0.5393630573248408
S034;428;F11->gamma;0;0.5470249520153551
S034;430;F11->gamma;0;0.3552465233881163
S034;601;F11->gamma;1;0.8652019002375297
S034;723;F11->gamma;1;0.5905044510385756
S034;743;F11->gamma;1;0.26859504132231404
S034;767;F11->gamma;1;0.4563106796116505
S034;799;F11->gamma;1;0.5990675990675991
S034;801;F11->gamma;1;0.6666666666666666
S034;921;F11->gamma;1;0.7371134020618557
S034;969;F11->gamma;0;0.23971820258948973
S034;984;F11->gamma;0;0.1471898197242842
S034;1043;F11->gamma;0;0.5764192139737991
S034;1049;F11->gamma;0;0.1547768043387568
S034;1058;F11->gamma;0;0.23753382296095865
S034;1064;F11->gamma;0;0.5393630573248408
S034;1070;F11->gamma;0;0.3536890370987912
S034;1101;F11->gamma;1;0.759493670886076
S034;1124;F11->gamma;1;0.7435508345978755
S034;1325;F11->gamma;0;0.23753382296095865
S034;1327;F11->gamma;0;0.3536890370987912
S034;1359;F11->gamma;0;0.7906976744186046
S034;1404;F11->gamma;1;0.7371134020618557
S035;18;F11->gamma;0;0.26859504132231404
S035;59;F11->gamma;0;0.3536890370987912
S035;80;F11->gamma;0;0.5393630573248408
S035;124;F11->gamma;0;0.3536890370987912
S035;147;F11->gamma;0;0.23753382296095865
S035;363;F11->gamma;1;0.23753382296095865
S035;419;F11->gamma;0;0.5764192139737991
S035;425;F11->gamma;0;0.7371134020618557
S035;548;F11->gamma;0;0.3536890370987912
S035;580;F11->gamma;1;0.23753382296095865
S035;599;F11->gamma;1;0.5393630573248408
S035;643;F11->gamma;1;0.7392592592592593
S035;673;F11->gamma;1;0.4155405405405405
S035;814;F11->gamma;0;0.23753382296095865
S035;822;F11->gamma;0;0.1547768043387568
S035;938;F11->gamma;0;0.7906976744186046
S035;980;F11->gamma;1;0.6009070294784581
S035;1032;F11->gamma;1;0.5905044510385756
S035;1062;F11->gamma;0;0.23971820258948973
S035;1117;F11->gamma;1;0.8257575757575758
S035;1145;F11->gamma;1;0.5990675990675991
S035;1147;F11->gamma;1;0.5905044510385756
S035;1197;F11->gamma;1;0.4377224199288256
S035;1202;F11->gamma;0;0.8067456700091158
S036;48;F11->gamma;0;0.26859504132231404
S036;65;F11->gamma;0;0.3536890370987912
S036;68;F11->gamma;0;0.3536890370987912
S036;70;F11->gamma;0;0.3536890370987912
S036;86;F11->gamma;0;0.23753382296095865
S036;101;F11->gamma;1;0.3536890370987912
S036;137;F11->gamma;1;0.7371134020618557
S036;211;F11->gamma;1;0.38310454065469907
S036;230;F11->gamma;0;0.6502057613168725
S036;249;F11->gamma;0;0.38310454065469907
S036;321;F11->gamma;0;0.1547768043387568
S036;348;F11->gamma;1;0.5393630573248408
S036;410;F11->gamma;1;0.7858376511226253
S036;422;F11->gamma;0;0.7661406025824964
S036;442;F11->gamma;0;0.1547768043387568
S036;519;F11->gamma;1;0.8652019002375297
S036;521;F11->gamma;1;0.7661406025824964
S036;541;F11->gamma;1;0.6870748299319728
S036;544;F11->gamma;1;0.5990675990675991
S036;546;F11->gamma;1;0.8652019002375297
S036;549;F11->gamma;1;0.8652019002375297
S036;576;F11->gamma;1;0.1547768043387568
S036;608;F11->gamma;1;0.5764192139737991
S036;744;F11->gamma;0;0.8031189083820662
S036;746;F11->gamma;0;0.7435508345978755
S036;749;F11->gamma;0;0.7392592592592593
S036;793;F11->gamma;0;0.23753382296095865
S036;812;F11->gamma;0;0.1547768043387568
S036;833;F11->gamma;0;0.23753382296095865
S036;890;F11->gamma;1;0.6949685534591195
S036;1013;F11->gamma;1;0.8067456700091158
S036;1026;F11->gamma;1;0.4316109422492401
S036;1029;F11->gamma;1;0.4715969989281886
S036;1031;F11->gamma;1;0.3751387347391787
S036;1054;F11->gamma;0;0.4715969989281886
S036;1132;F11->gamma;0;0.1471898197242842
S036;1172;F11->gamma;0;0.23971820258948973
S036;1187;F11->gamma;0;0.23971820258948973
S036;1203;F11->gamma;0;0.5744970092441545
S036;1225;F11->gamma;0;0.38310454065469907
S036;1227;F11->gamma;0;0.38310454065469907
S036;1239;F11->gamma;1;0.23971820258948973
S036;1351;F11->gamma;1;0.759493670886076
S036;1356;F11->gamma;1;0.759493670886076
S036;1383;F11->gamma;1;0.5550660792951542
S036;1399;F11->gamma;1;0.7371134020618557
S037;6;F11->gamma;0;0.30523255813953487
S037;8;F11->gamma;0;0.30523255813953487
S037;161;F11->gamma;1;0.23971820258948973
S037;206;F11->gamma;0;0.8067456700091158
S037;265;F11->gamma;0;0.8257575757575758
S037;307;F11->gamma;1;0.5744970092441545
S037;317;F11->gamma;1;0.8652019002375297
S037;368;F11->gamma;1;0.6009070294784581
S037;383;F11->gamma;1;0.5766129032258065
S037;385;F11->gamma;1;0.7818471337579618
S037;430;F11->gamma;1;0.4377224199288256
S037;458;F11->gamma;0;0.8301245753114382
S037;460;F11->gamma;0;0.5744970092441545
S037;533;F11->gamma;0;0.1547768043387568
S037;535;F11->gamma;0;0.1547768043387568
S037;553;F11->gamma;0;0.1547768043387568
S037;586;F11->gamma;0;0.3536890370987912
S037;644;F11->gamma;0;0.5833333333333334
S037;660;F11->gamma;0;0.4377224199288256
S037;697;F11->gamma;0;0.1471898197242842
S037;790;F11->gamma;1;0.5905044510385756
S037;813;F11->gamma;0;0.3552465233881163
S037;877;F11->gamma;1;0.7435508345978755
S037;879;F11->gamma;1;0.7392592592592593
S037;896;F11->gamma;1;0.7818471337579618
S037;898;F11->gamma;1;0.7818471337579618
S037;903;F11->gamma;1;0.7661406025824964
S037;960;F11->gamma;0;0.23971820258948973
S037;984;F11->gamma;0;0.23971820258948973
S037;989;F11->gamma;0;0.38310454065469907
S037;1003;F11->gamma;0;0.23971820258948973
S037;1091;F11->gamma;0;0.3536890370987912
S037;1093;F11->gamma;0;0.3536890370987912
S037;1197;F11->gamma;0;0.3536890370987912
S037;1212;F11->gamma;0;0.5393630573248408
S037;1242;F11->gamma;0;0.5393630573248408
S037;1245;F11->gamma;0;0.3536890370987912
S037;1250;F11->gamma;0;0.5393630573248408
S037;1411;F11->gamma;0;0.23753382296095865
S038;46;F11->gamma;0;0.23971820258948973
S038;63;F11->gamma;0;0.38310454065469907
S038;196;F11->gamma;0;0.23971820258948973
S038;222;F11->gamma;0;0.5744970092441545
S038;294;F11->gamma;0;0.8257575757575758
S038;343;F11->gamma;0;0.1471898197242842
S038;345;F11->gamma;0;0.1471898197242842
S038;375;F11->gamma;0;0.1471898197242842
S038;401;F11->gamma;0;0.23971820258948973
S038;430;F11->gamma;1;0.5744970092441545
S038;432;F11->gamma;1;0.8301245753114382
S038;501;F11->gamma;0;0.4715969989281886
S038;518;F11->gamma;0;0.3536890370987912
S038;523;F11->gamma;1;0.759493670886076
S038;611;F11->gamma;0;0.1547768043387568
S038;634;F11->gamma;1;0.5393630573248408
S038;645;F11->gamma;1;0.759493670886076
S038;653;F11->gamma;1;0.759493670886076
S038;687;F11->gamma;0;0.1471898197242842
S038;754;F11->gamma;1;0.38310454065469907
S038;768;F11->gamma;1;0.5744970092441545
S038;920;F11->gamma;0;0.23971820258948973
S038;1036;F11->gamma;1;0.7435508345978755
S038;1048;F11->gamma;0;0.6949685534591195
S038;1085;F11->gamma;0;0.1471898197242842
S038;1093;F11->gamma;0;0.1471898197242842
S038;1133;F11->gamma;1;0.23971820258948973
S038;1144;F11->gamma;1;0.38310454065469907
S038;1149;F11->gamma;1;0.5744970092441545
S038;1179;F11->gamma;0;0.23753382296095865
S038;1249;F11->gamma;1;0.23753382296095865
S038;1352;F11->gamma;0;0.6502057613168725
S038;1400;F11->gamma;0;0.1471898197242842
S039;39;F11->gamma;0;0.23971820258948973
S039;44;F11->gamma;0;0.23971820258948973
S039;104;F11->gamma;0;0.6009070294784581
S039;136;F11->gamma;1;0.23971820258948973
S039;138;F11->gamma;1;0.38310454065469907
S039;155;F11->gamma;0;0.5905044510385756
S039;158;F11->gamma;0;0.5905044510385756
S039;160;F11->gamma;0;0.4715969989281886
S039;169;F11->gamma;0;0.1547768043387568
S039;171;F11->gamma;0;0.23753382296095865
S039;178;F11->gamma;0;0.3536890370987912
S039;180;F11->gamma;0;0.23753382296095865
S039;183;F11->gamma;0;0.23753382296095865
S039;185;F11->gamma;0;0.3536890370987912
S039;247;F11->gamma;0;0.5393630573248408
S039;388;F11->gamma;0;0.4715969989281886
S039;513;F11->gamma;0;0.1471898197242842
S039;531;F11->gamma;0;0.23971820258948973
S039;536;F11->gamma;0;0.23971820258948973
S039;557;F11->gamma;1;0.23971820258948973
S039;586;F11->gamma;1;0.8257575757575758
S039;589;F11->gamma;1;0.7906976744186046
S039;591;F11->gamma;0;0.8652019002375297
S039;681;F11->gamma;0;0.23753382296095865
S039;700;F11->gamma;0;0.1547768043387568
S039;710;F11->gamma;0;0.1547768043387568
S039;721;F11->gamma;0;0.3536890370987912
S039;745;F11->gamma;1;0.3536890370987912
S039;747;F11->gamma;1;0.5393630573248408
S039;791;F11->gamma;1;0.1547768043387568
S039;797;F11->gamma;1;0.1547768043387568
S039;831;F11->gamma;0;0.4377224199288256
S039;884;F11->gamma;1;0.38310454065469907
S039;909;F11->gamma;1;0.8301245753114382
S039;925;F11->gamma;0;0.26859504132231404
S039;965;F11->gamma;0;0.23753382296095865
S039;970;F11->gamma;0;0.23753382296095865
S039;1008;F11->gamma;1;0.5393630573248408
S039;1035;F11->gamma;0;0.7858376511226253
S039;1058;F11->gamma;0;0.38310454065469907
S039;1094;F11->gamma;1;0.23971820258948973
S039;1328;F11->gamma;1;0.5393630573248408
S039;1330;F11->gamma;1;0.5393630573248408
S039;1381;F11->gamma;1;0.6009070294784581
S039;1390;F11->gamma;0;0.4155405405405405
S040;10;F11->gamma;1;0.4377224199288256
S040;34;F11->gamma;0;0.3536890370987912
S040;45;F11->gamma;1;0.1547768043387568
S040;173;F11->gamma;1;0.7906976744186046
S040;189;F11->gamma;1;0.5948795180722891
S040;203;F11->gamma;1;0.8067456700091158
S040;212;F11->gamma;0;0.5470249520153551
S040;215;F11->gamma;0;0.6009070294784581
S040;238;F11->gamma;0;0.1471898197242842
S040;315;F11->gamma;0;0.4155405405405405
S040;340;F11->gamma;0;0.23971820258948973
S040;381;F11->gamma;0;0.1471898197242842
S040;400;F11->gamma;0;0.1471898197242842
S040;427;F11->gamma;1;0.38310454065469907
S040;429;F11->gamma;1;0.38310454065469907
S040;452;F11->gamma;1;0.7392592592592593
S040;455;F11->gamma;1;0.8652019002375297
S040;477;F11->gamma;1;0.8652019002375297
S040;521;F11->gamma;0;0.1471898197242842
S040;528;F11->gamma;0;0.1471898197242842
S040;539;F11->gamma;0;0.23971820258948973
S040;573;F11->gamma;0;0.5744970092441545
S040;730;F11->gamma;1;0.7818471337579618
S040;831;F11->gamma;1;0.8301245753114382
S040;837;F11->gamma;0;0.7661406025824964
S040;869;F11->gamma;0;0.759493670886076
S040;936;F11->gamma;1;0.5744970092441545
S040;965;F11->gamma;1;0.5764192139737991
S040;1022;F11->gamma;1;0.23753382296095865
S040;1025;F11->gamma;1;0.3536890370987912
S040;1067;F11->gamma;1;0.7371134020618557
S040;1078;F11->gamma;1;0.5948795180722891
S040;1091;F11->gamma;1;0.38310454065469907
S040;1118;F11->gamma;1;0.7818471337579618
S040;1165;F11->gamma;0;0.1471898197242842
S040;1210;F11->gamma;1;0.7661406025824964
S041;38;F11->gamma;0;0.3751387347391787
S041;119;F11->gamma;1;0.5393630573248408
S041;130;F11->gamma;1;0.759493670886076
S041;154;F11->gamma;1;0.6009070294784581
S041;218;F11->gamma;1;0.5744970092441545
S041;235;F11->gamma;1;0.5744970092441545
S041;294;F11->gamma;0;0.23971820258948973
S041;377;F11->gamma;0;0.23971820258948973
S041;426;F11->gamma;0;0.38310454065469907
S041;456;F11->gamma;0;0.5744970092441545
S041;480;F11->gamma;1;0.5744970092441545
S041;501;F11->gamma;1;0.7661406025824964
S041;506;F11->gamma;1;0.7392592592592593
S041;522;F11->gamma;0;0.26859504132231404
S041;542;F11->gamma;0;0.23753382296095865
S041;556;F11->gamma;0;0.3536890370987912
S041;559;F11->gamma;0;0.3536890370987912
S041;624;F11->gamma;0;0.5393630573248408
S041;627;F11->gamma;0;0.5393630573248408
S041;629;F11->gamma;0;0.759493670886076
S041;723;F11->gamma;0;0.3536890370987912
S041;725;F11->gamma;0;0.5393630573248408
S041;775;F11->gamma;1;0.8652019002375297
S041;887;F11->gamma;0;0.23971820258948973
S041;896;F11->gamma;0;0.38310454065469907
S041;899;F11->gamma;0;0.38310454065469907
S041;901;F11->gamma;0;0.38310454065469907
S041;931;F11->gamma;0;0.38310454065469907
S041;933;F11->gamma;0;0.38310454065469907
S041;983;F11->gamma;1;0.23971820258948973
S041;1035;F11->gamma;0;0.7818471337579618
S041;1074;F11->gamma;1;0.7818471337579618
S041;1101;F11->gamma;0;0.23971820258948973
S041;1104;F11->gamma;0;0.23971820258948973
S041;1218;F11->gamma;0;0.38310454065469907
S041;1345;F11->gamma;0;0.23971820258948973
S041;1366;F11->gamma;0;0.1471898197242842
S041;1374;F11->gamma;0;0.1471898197242842
S041;1405;F11->gamma;0;0.5744970092441545
S042;7;F11->gamma;0;0.30523255813953487
S042;51;F11->gamma;1;0.23971820258948973
S042;56;F11->gamma;1;0.38310454065469907
S042;89;F11->gamma;0;0.23971820258948973
S042;140;F11->gamma;1;0.23971820258948973
S042;194;F11->gamma;0;0.3536890370987912
S042;247;F11->gamma;1;0.5990675990675991
S042;304;F11->gamma;0;0.1547768043387568
S042;323;F11->gamma;0;0.1547768043387568
S042;349;F11->gamma;0;0.1547768043387568
S042;412;F11->gamma;0;0.3536890370987912
S042;438;F11->gamma;0;0.23753382296095865
S042;440;F11->gamma;0;0.3536890370987912
S042;525;F11->gamma;0;0.1471898197242842
S042;545;F11->gamma;0;0.38310454065469907
S042;581;F11->gamma;0;0.38310454065469907
S042;600;F11->gamma;1;0.5744970092441545
S042;633;F11->gamma;0;0.27381905524419536
S042;644;F11->gamma;0;0.23971820258948973
S042;662;F11->gamma;0;0.1471898197242842
S042;679;F11->gamma;0;0.23971820258948973
S042;703;F11->gamma;0;0.5744970092441545
S042;801;F11->gamma;1;0.5106382978723404
S042;820;F11->gamma;1;0.3018867924528302
S042;831;F11->gamma;0;0.5540540540540541
S042;836;F11->gamma;0;0.5905044510385756
S042;862;F11->gamma;1;0.1547768043387568
S042;895;F11->gamma;1;0.6009070294784581
S042;903;F11->gamma;1;0.38310454065469907
S042;905;F11->gamma;1;0.5744970092441545
S042;1024;F11->gamma;1;0.6009070294784581
S042;1054;F11->gamma;0;0.26548672566371684
S042;1059;F11->gamma;0;0.26859504132231404
S042;1094;F11->gamma;0;0.1547768043387568
S042;1138;F11->gamma;1;0.759493670886076
S042;1143;F11->gamma;1;0.759493670886076
S042;1160;F11->gamma;1;0.3536890370987912
S042;1163;F11->gamma;1;0.5393630573248408
S042;1215;F11->gamma;1;0.8301245753114382
S042;1223;F11->gamma;1;0.7818471337579618
S042;1232;F11->gamma;1;0.7818471337579618
S042;1387;F11->gamma;1;0.4715969989281886
S043;34;F11->gamma;0;0.1471898197242842
S043;36;F11->gamma;0;0.1471898197242842
S043;82;F11->gamma;0;0.23971820258948973
S043;175;F11->gamma;0;0.1471898197242842
S043;190;F11->gamma;0;0.23971820258948973
S043;226;F11->gamma;0;0.7392592592592593
S043;279;F11->gamma;1;0.3536890370987912
S043;293;F11->gamma;1;0.5393630573248408
S043;354;F11->gamma;0;0.23753382296095865
S043;362;F11->gamma;0;0.23753382296095865
S043;397;F11->gamma;1;0.759493670886076
S043;445;F11->gamma;0;0.38310454065469907
S043;456;F11->gamma;0;0.23971820258948973
S043;488;F11->gamma;1;0.38310454065469907
S043;535;F11->gamma;1;0.5764192139737991
S043;550;F11->gamma;0;0.4155405405405405
S043;563;F11->gamma;0;0.1471898197242842
S043;594;F11->gamma;0;0.5744970092441545
S043;597;F11->gamma;0;0.38310454065469907
S043;608;F11->gamma;0;0.38310454065469907
S043;644;F11->gamma;1;0.8652019002375297
S043;679;F11->gamma;1;0.3536890370987912
S043;720;F11->gamma;1;0.7661406025824964
S043;747;F11->gamma;1;0.6816143497757847
S043;802;F11->gamma;1;0.8301245753114382
S043;878;F11->gamma;1;0.5550660792951542
S043;893;F11->gamma;1;0.5905044510385756
S043;918;F11->gamma;1;0.7661406025824964
S043;920;F11->gamma;1;0.8652019002375297
S043;945;F11->gamma;1;0.3536890370987912
S043;948;F11->gamma;1;0.23753382296095865
S043;953;F11->gamma;1;0.3536890370987912
S043;962;F11->gamma;1;0.8067456700091158
S043;980;F11->gamma;1;0.5470249520153551
S043;1021;F11->gamma;0;0.23753382296095865
S043;1023;F11->gamma;0;0.1547768043387568
S043;1130;F11->gamma;0;0.1471898197242842
S043;1167;F11->gamma;1;0.38310454065469907
S043;1169;F11->gamma;1;0.38310454065469907
S043;1189;F11->gamma;1;0.7661406025824964
S043;1191;F11->gamma;1;0.8652019002375297
S043;1204;F11->gamma;0;0.6926406926406926
S043;1360;F11->gamma;0;0.23753382296095865
S043;1394;F11->gamma;0;0.7818471337579618
S043;1412;F11->gamma;0;0.23971820258948973
S044;16;F11->gamma;0;0.27381905524419536
S044;25;F11->gamma;0;0.1471898197242842
S044;33;F11->gamma;0;0.1471898197242842
S044;51;F11->gamma;0;0.38310454065469907
S044;67;F11->gamma;1;0.38310454065469907
S044;97;F11->gamma;0;0.7661406025824964
S044;119;F11->gamma;0;0.1547768043387568
S044;134;F11->gamma;0;0.23753382296095865
S044;158;F11->gamma;0;0.23753382296095865
S044;256;F11->gamma;0;0.1547768043387568
S044;306;F11->gamma;1;0.5393630573248408
S044;308;F11->gamma;1;0.5393630573248408
S044;392;F11->gamma;0;0.23753382296095865
S044;395;F11->gamma;0;0.23753382296095865
S044;421;F11->gamma;0;0.5393630573248408
S044;423;F11->gamma;0;0.759493670886076
S044;485;F11->gamma;0;0.1547768043387568
S044;583;F11->gamma;0;0.38310454065469907
S044;588;F11->gamma;0;0.5744970092441545
S044;610;F11->gamma;0;0.23971820258948973
S044;632;F11->gamma;0;0.23971820258948973
S044;740;F11->gamma;1;0.8652019002375297
S044;745;F11->gamma;1;0.4563106796116505
S044;799;F11->gamma;1;0.5744970092441545
S044;863;F11->gamma;1;0.23753382296095865
S044;935;F11->gamma;0;0.1547768043387568
S044;952;F11->gamma;0;0.3536890370987912
S044;1088;F11->gamma;0;0.3536890370987912
S044;1113;F11->gamma;0;0.23753382296095865
S044;1331;F11->gamma;0;0.27381905524419536
S044;1343;F11->gamma;0;0.1471898197242842
S044;1350;F11->gamma;0;0.1471898197242842
S044;1374;F11->gamma;1;0.5744970092441545
S044;1379;F11->gamma;1;0.8301245753114382
S044;1389;F11->gamma;0;0.7407407407407407
S045;29;F11->gamma;0;0.1547768043387568
S045;31;F11->gamma;0;0.1547768043387568
S045;104;F11->gamma;0;0.3536890370987912
S045;107;F11->gamma;0;0.23753382296095865
S045;136;F11->gamma;0;0.3536890370987912
S045;157;F11->gamma;1;0.759493670886076
S045;182;F11->gamma;1;0.7371134020618557
S045;200;F11->gamma;0;0.27381905524419536
S045;260;F11->gamma;1;0.38310454065469907
S045;262;F11->gamma;1;0.38310454065469907
S045;291;F11->gamma;1;0.7906976744186046
S045;328;F11->gamma;1;0.23753382296095865
S045;330;F11->gamma;1;0.1547768043387568
S045;343;F11->gamma;1;0.3536890370987912
S045;349;F11->gamma;0;0.8652019002375297
S045;362;F11->gamma;0;0.27381905524419536
S045;414;F11->gamma;0;0.38310454065469907
S045;416;F11->gamma;0;0.38310454065469907
S045;428;F11->gamma;0;0.5744970092441545
S045;499;F11->gamma;0;0.23971820258948973
S045;529;F11->gamma;0;0.5744970092441545
S045;564;F11->gamma;0;0.1471898197242842
S045;608;F11->gamma;1;0.23971820258948973
S045;673;F11->gamma;1;0.5393630573248408
S045;698;F11->gamma;0;0.1471898197242842
S045;730;F11->gamma;0;0.1471898197242842
S045;799;F11->gamma;0;0.38310454065469907
S045;839;F11->gamma;0;0.5744970092441545
S045;879;F11->gamma;1;0.8652019002375297
S045;881;F11->gamma;1;0.7661406025824964
S045;953;F11->gamma;0;0.3552465233881163
S045;1004;F11->gamma;0;0.5990675990675991
S045;1025;F11->gamma;0;0.23753382296095865
S045;1113;F11->gamma;1;0.3536890370987912
S045;1124;F11->gamma;0;0.5151515151515151
S045;1154;F11->gamma;1;0.5393630573248408
S045;1177;F11->gamma;1;0.7661406025824964
S046;11;F11->gamma;1;0.7371134020618557
S046;22;F11->gamma;0;0.3552465233881163
S046;69;F11->gamma;0;0.1471898197242842
S046;103;F11->gamma;1;0.5744970092441545
S046;130;F11->gamma;0;0.5764192139737991
S046;170;F11->gamma;0;0.3536890370987912
S046;172;F11->gamma;0;0.3536890370987912
S046;205;F11->gamma;1;0.3536890370987912
S046;228;F11->gamma;0;0.7858376511226253
S046;233;F11->gamma;0;0.6009070294784581
S046;304;F11->gamma;1;0.7392592592592593
S046;316;F11->gamma;1;0.23753382296095865
S046;319;F11->gamma;1;0.759493670886076
S046;334;F11->gamma;1;0.6009070294784581
S046;343;F11->gamma;1;0.7818471337579618
S046;348;F11->gamma;1;0.6949685534591195
S046;359;F11->gamma;1;0.8257575757575758
S046;403;F11->gamma;0;0.8257575757575758
S046;447;F11->gamma;0;0.6949685534591195
S046;537;F11->gamma;0;0.23753382296095865
S046;571;F11->gamma;0;0.3536890370987912
S046;573;F11->gamma;0;0.5393630573248408
S046;587;F11->gamma;0;0.23753382296095865
S046;601;F11->gamma;1;0.5393630573248408
S046;622;F11->gamma;1;0.7661406025824964
S046;666;F11->gamma;0;0.1471898197242842
S046;680;F11->gamma;0;0.23971820258948973
S046;714;F11->gamma;0;0.5905044510385756
S046;728;F11->gamma;0;0.23753382296095865
S046;751;F11->gamma;0;0.1547768043387568
S046;754;F11->gamma;0;0.1547768043387568
S046;756;F11->gamma;0;0.1547768043387568
S046;759;F11->gamma;0;0.1547768043387568
S046;767;F11->gamma;0;0.1547768043387568
S046;777;F11->gamma;0;0.3536890370987912
S046;823;F11->gamma;1;0.7435508345978755
S046;829;F11->gamma;0;0.5106382978723404
S046;947;F11->gamma;0;0.5744970092441545
S046;961;F11->gamma;0;0.23971820258948973
S046;997;F11->gamma;1;0.38310454065469907
S046;1010;F11->gamma;1;0.6949685534591195
S046;1049;F11->gamma;0;0.1547768043387568
S046;1054;F11->gamma;0;0.1547768043387568
S046;1095;F11->gamma;0;0.3536890370987912
S046;1147;F11->gamma;1;0.23753382296095865
S046;1176;F11->gamma;0;0.38310454065469907
S046;1325;F11->gamma;1;0.7435508345978755
S046;1334;F11->gamma;1;0.7858376511226253
S046;1393;F11->gamma;1;0.5393630573248408
S046;1395;F11->gamma;0;0.6816143497757847
S047;15;F11->gamma;0;0.4377224199288256
S047;83;F11->gamma;0;0.5905044510385756
S047;246;F11->gamma;0;0.23753382296095865
S047;249;F11->gamma;0;0.23753382296095865
S047;265;F11->gamma;1;0.3536890370987912
S047;279;F11->gamma;1;0.3536890370987912
S047;336;F11->gamma;1;0.4316109422492401
S047;353;F11->gamma;1;0.27381905524419536
S047;358;F11->gamma;1;0.3552465233881163
S047;387;F11->gamma;0;0.27381905524419536
S047;392;F11->gamma;0;0.23971820258948973
S047;423;F11->gamma;0;0.23971820258948973
S047;463;F11->gamma;1;0.5470249520153551
S047;492;F11->gamma;1;0.3751387347391787
S047;554;F11->gamma;1;0.5393630573248408
S047;556;F11->gamma;1;0.5393630573248408
S047;567;F11->gamma;1;0.5393630573248408
S047;570;F11->gamma;1;0.5393630573248408
S047;699;F11->gamma;1;0.23753382296095865
S047;752;F11->gamma;1;0.6949685534591195
S047;762;F11->gamma;1;0.7468619246861925
S047;764;F11->gamma;1;0.7435508345978755
S047;810;F11->gamma;1;0.26859504132231404
S047;815;F11->gamma;1;0.3018867924528302
S047;878;F11->gamma;0;0.3751387347391787
S047;885;F11->gamma;0;0.26859504132231404
S047;904;F11->gamma;0;0.23753382296095865
S047;940;F11->gamma;0;0.3536890370987912
S047;980;F11->gamma;1;0.8652019002375297
S047;1001;F11->gamma;1;0.6949685534591195
S047;1003;F11->gamma;1;0.7906976744186046
S047;1031;F11->gamma;1;0.7858376511226253
S047;1033;F11->gamma;1;0.6009070294784581
S047;1113;F11->gamma;0;0.5393630573248408
S047;1153;F11->gamma;1;0.5393630573248408
S047;1181;F11->gamma;1;0.6816143497757847
S047;1183;F11->gamma;0;0.6870748299319728
S047;1202;F11->gamma;0;0.1547768043387568
S047;1249;F11->gamma;0;0.23753382296095865
S047;1373;F11->gamma;1;0.5393630573248408
S047;1401;F11->gamma;0;0.7371134020618557
S048;43;F11->gamma;1;0.23971820258948973
S048;83;F11->gamma;1;0.7468619246861925
S048;111;F11->gamma;0;0.23971820258948973
S048;114;F11->gamma;0;0.23971820258948973
S048;167;F11->gamma;1;0.5744970092441545
S048;191;F11->gamma;1;0.8257575757575758
S048;197;F11->gamma;1;0.5990675990675991
S048;227;F11->gamma;1;0.5744970092441545
S048;232;F11->gamma;1;0.5744970092441545
S048;262;F11->gamma;0;0.23753382296095865
S048;284;F11->gamma;0;0.1547768043387568
S048;298;F11->gamma;0;0.3536890370987912
S048;341;F11->gamma;0;0.3536890370987912
S048;393;F11->gamma;1;0.5990675990675991
S048;396;F11->gamma;0;0.8652019002375297
S048;407;F11->gamma;0;0.6009070294784581
S048;410;F11->gamma;0;0.3552465233881163
S048;438;F11->gamma;0;0.23971820258948973
S048;448;F11->gamma;0;0.1471898197242842
S048;450;F11->gamma;0;0.1471898197242842
S048;458;F11->gamma;0;0.1471898197242842
S048;549;F11->gamma;0;0.5990675990675991
S048;554;F11->gamma;1;0.5764192139737991
S048;567;F11->gamma;1;0.3536890370987912
S048;578;F11->gamma;1;0.759493670886076
S048;583;F11->gamma;0;0.8031189083820662
S048;770;F11->gamma;0;0.1471898197242842
S048;812;F11->gamma;0;0.23971820258948973
S048;828;F11->gamma;0;0.38310454065469907
S048;858;F11->gamma;0;0.38310454065469907
S048;864;F11->gamma;0;0.23971820258948973
S048;873;F11->gamma;0;0.23971820258948973
S048;952;F11->gamma;0;0.38310454065469907
S048;958;F11->gamma;0;0.38310454065469907
S048;1058;F11->gamma;1;0.23753382296095865
S048;1113;F11->gamma;1;0.1547768043387568
S048;1154;F11->gamma;0;0.1471898197242842
S048;1187;F11->gamma;0;0.38310454065469907
S048;1254;F11->gamma;0;0.1471898197242842
S048;1256;F11->gamma;0;0.23971820258948973
S048;1373;F11->gamma;1;0.8301245753114382
S048;1378;F11->gamma;1;0.8301245753114382
S048;1391;F11->gamma;1;0.8067456700091158
S049;13;F11->gamma;1;0.3751387347391787
S049;55;F11->gamma;0;0.1547768043387568
S049;86;F11->gamma;0;0.3536890370987912
S049;88;F11->gamma;0;0.3536890370987912
S049;119;F11->gamma;0;0.23753382296095865
S049;181;F11->gamma;1;0.8652019002375297
S049;183;F11->gamma;1;0.8031189083820662
S049;203;F11->gamma;0;0.6949685534591195
S049;237;F11->gamma;0;0.1471898197242842
S049;246;F11->gamma;1;0.38310454065469907
S049;339;F11->gamma;1;0.1547768043387568
S049;345;F11->gamma;1;0.23753382296095865
S049;396;F11->gamma;0;0.23971820258948973
S049;475;F11->gamma;1;0.8257575757575758
S049;513;F11->gamma;1;0.7435508345978755
S049;542;F11->gamma;1;0.7392592592592593
S049;580;F11->gamma;0;0.3751387347391787
S049;583;F11->gamma;1;0.759493670886076
S049;585;F11->gamma;1;0.5393630573248408
S049;619;F11->gamma;1;0.5948795180722891
S049;683;F11->gamma;1;0.5393630573248408
S049;695;F11->gamma;0;0.7371134020618557
S049;723;F11->gamma;0;0.1547768043387568
S049;756;F11->gamma;1;0.23753382296095865
S049;767;F11->gamma;1;0.759493670886076
S049;783;F11->gamma;0;0.4377224199288256
S049;798;F11->gamma;0;0.5744970092441545
S049;820;F11->gamma;0;0.23971820258948973
S049;822;F11->gamma;0;0.1471898197242842
S049;878;F11->gamma;0;0.1471898197242842
S049;909;F11->gamma;0;0.1471898197242842
S049;1004;F11->gamma;0;0.3536890370987912
S049;1049;F11->gamma;1;0.8652019002375297
S049;1085;F11->gamma;1;0.1471898197242842
S049;1143;F11->gamma;0;0.38310454065469907
S049;1158;F11->gamma;0;0.1471898197242842
S049;1203;F11->gamma;1;0.38310454065469907
S049;1205;F11->gamma;1;0.5744970092441545
S049;1335;F11->gamma;1;0.5393630573248408
S049;1372;F11->gamma;0;0.5106382978723404
S050;68;F11->gamma;1;0.3536890370987912
S050;83;F11->gamma;0;0.3552465233881163
S050;85;F11->gamma;0;0.3552465233881163
S050;105;F11->gamma;1;0.38310454065469907
S050;116;F11->gamma;1;0.38310454065469907
S050;140;F11->gamma;0;0.8257575757575758
S050;158;F11->gamma;0;0.5744970092441545
S050;247;F11->gamma;0;0.5744970092441545
S050;287;F11->gamma;1;0.38310454065469907
S050;354;F11->gamma;0;0.27381905524419536
S050;373;F11->gamma;0;0.38310454065469907
S050;381;F11->gamma;0;0.23971820258948973
S050;414;F11->gamma;0;0.23971820258948973
S050;424;F11->gamma;0;0.23971820258948973
S050;429;F11->gamma;0;0.5744970092441545
S050;434;F11->gamma;0;0.5744970092441545
S050;480;F11->gamma;1;0.5744970092441545
S050;500;F11->gamma;0;0.27381905524419536
S050;534;F11->gamma;0;0.23971820258948973
S050;631;F11->gamma;0;0.7818471337579618
S050;678;F11->gamma;0;0.1471898197242842
S050;683;F11->gamma;0;0.1471898197242842
S050;750;F11->gamma;0;0.26859504132231404
S050;795;F11->gamma;1;0.759493670886076
S050;797;F11->gamma;1;0.5393630573248408
S050;808;F11->gamma;1;0.759493670886076
S050;814;F11->gamma;1;0.23753382296095865
S050;816;F11->gamma;1;0.759493670886076
S050;845;F11->gamma;0;0.5106382978723404
S050;847;F11->gamma;0;0.7818471337579618
S050;852;F11->gamma;1;0.4377224199288256
S050;895;F11->gamma;1;0.8067456700091158
S050;897;F11->gamma;0;0.6949685534591195
S050;906;F11->gamma;0;0.4377224199288256
S050;912;F11->gamma;0;0.4377224199288256
S050;969;F11->gamma;0;0.38310454065469907
S050;978;F11->gamma;0;0.23971820258948973
S050;1016;F11->gamma;1;0.1471898197242842
S050;1024;F11->gamma;1;0.23971820258948973
S050;1048;F11->gamma;1;0.6949685534591195
S050;1144;F11->gamma;1;0.8067456700091158
S001;8;F20->beta;0;0.5197934595524957
S001;47;F20->beta;1;0.444060773480663
S001;67;F20->beta;1;0.8425141242937854
S001;100;F20->beta;0;0.08100506281642603
S001;149;F20->beta;0;0.08100506281642603
S001;262;F20->beta;1;0.5353846153846153
S001;483;F20->beta;0;0.1791569086651054
S001;503;F20->beta;0;0.08100506281642603
S001;552;F20->beta;0;0.2311605124340618
S001;604;F20->beta;0;0.7614765735920492
S001;632;F20->beta;1;0.444060773480663
S001;662;F20->beta;1;0.65
S001;689;F20->beta;1;0.6363636363636364
S001;697;F20->beta;1;0.1791569086651054
S001;723;F20->beta;1;0.7018840044329516
S001;940;F20->beta;1;0.6812865497076024
S001;1002;F20->beta;0;0.0934056007226739
S001;1078;F20->beta;0;0.17871059156925256
S001;1135;F20->beta;0;0.7018840044329516
S001;1333;F20->beta;0;0.17871059156925256
S002;17;F20->beta;0;0.6986301369863014
S002;52;F20->beta;0;0.8425141242937854
S002;136;F20->beta;1;0.24214659685863874
S002;220;F20->beta;0;0.08100506281642603
S002;227;F20->beta;0;0.08100506281642603
S002;242;F20->beta;0;0.08100506281642603
S002;249;F20->beta;0;0.1457127827459232
S002;257;F20->beta;0;0.2311605124340618
S002;308;F20->beta;1;0.444060773480663
S002;317;F20->beta;1;0.444060773480663
S002;429;F20->beta;0;0.28975265017667845
S002;478;F20->beta;0;0.08100506281642603
S002;484;F20->beta;0;0.08100506281642603
S002;489;F20->beta;0;0.08100506281642603
S002;583;F20->beta;0;0.2311605124340618
S002;616;F20->beta;0;0.444060773480663
S002;642;F20->beta;1;0.2311605124340618
S002;681;F20->beta;0;0.2541507024265645
S002;842;F20->beta;0;0.24214659685863874
S002;902;F20->beta;0;0.24214659685863874
S002;943;F20->beta;1;0.39972869093375535
S002;973;F20->beta;0;0.08100506281642603
S002;987;F20->beta;0;0.08100506281642603
S002;1019;F20->beta;1;0.2311605124340618
S002;1113;F20->beta;1;0.7614765735920492
S002;1186;F20->beta;1;0.8070921985815603
S002;1216;F20->beta;0;0.0934056007226739
S002;1351;F20->beta;1;0.39972869093375535
S003;16;F20->beta;0;0.1791569086651054
S003;109;F20->beta;1;0.767189384800965
S003;186;F20->beta;0;0.17871059156925256
S003;210;F20->beta;0;0.24214659685863874
S003;235;F20->beta;0;0.17871059156925256
S003;257;F20->beta;0;0.39972869093375535
S003;268;F20->beta;0;0.0934056007226739
S003;371;F20->beta;1;0.8425141242937854
S003;399;F20->beta;1;0.7018840044329516
S003;418;F20->beta;0;0.28975265017667845
S003;447;F20->beta;1;0.7614765735920492
S003;474;F20->beta;0;0.36875
S003;523;F20->beta;0;0.0934056007226739
S003;562;F20->beta;0;0.7535545023696683
S003;671;F20->beta;1;0.444060773480663
S003;774;F20->beta;1;0.2311605124340618
S003;891;F20->beta;0;0.47337278106508873
S003;1147;F20->beta;0;0.0934056007226739
S003;1160;F20->beta;0;0.0934056007226739
S003;1204;F20->beta;0;0.24214659685863874
S003;1240;F20->beta;1;0.7018840044329516
S003;1350;F20->beta;0;0.7614765735920492
S004;54;F20->beta;0;0.08100506281642603
S004;96;F20->beta;0;0.2311605124340618
S004;119;F20->beta;0;0.444060773480663
S004;218;F20->beta;1;0.5197934595524957
S004;332;F20->beta;1;0.1791569086651054
S004;413;F20->beta;0;0.39972869093375535
S004;432;F20->beta;0;0.7018840044329516
S004;490;F20->beta;0;0.17871059156925256
S004;560;F20->beta;0;0.17871059156925256
S004;583;F20->beta;0;0.24214659685863874
S004;620;F20->beta;0;0.39972869093375535
S004;627;F20->beta;0;0.24214659685863874
S004;738;F20->beta;1;0.8070921985815603
S004;759;F20->beta;0;0.36875
S004;773;F20->beta;1;0.24214659685863874
S004;986;F20->beta;0;0.17871059156925256
S004;1016;F20->beta;0;0.17871059156925256
S004;1045;F20->beta;1;0.7018840044329516
S004;1050;F20->beta;1;0.39972869093375535
S004;1138;F20->beta;0;0.24214659685863874
S004;1324;F20->beta;0;0.17871059156925256
S005;41;F20->beta;0;0.24214659685863874
S005;46;F20->beta;0;0.39972869093375535
S005;105;F20->beta;0;0.24214659685863874
S005;211;F20->beta;0;0.0934056007226739
S005;300;F20->beta;0;0.0934056007226739
S005;442;F20->beta;0;0.08100506281642603
S005;495;F20->beta;0;0.08100506281642603
S005;636;F20->beta;0;0.0934056007226739
S005;755;F20->beta;1;0.8425141242937854
S005;814;F20->beta;1;0.444060773480663
S005;889;F20->beta;0;0.24214659685863874
S005;900;F20->beta;0;0.39972869093375535
S005;935;F20->beta;0;0.7018840044329516
S005;978;F20->beta;1;0.24214659685863874
S006;8;F20->beta;1;0.36875
S006;65;F20->beta;0;0.08100506281642603
S006;90;F20->beta;0;0.1457127827459232
S006;106;F20->beta;0;0.2311605124340618
S006;115;F20->beta;0;0.444060773480663
S006;250;F20->beta;0;0.24214659685863874
S006;264;F20->beta;0;0.24214659685863874
S006;313;F20->beta;0;0.5197934595524957
S006;318;F20->beta;0;0.3536184210526316
S006;323;F20->beta;0;0.28975265017667845
S006;383;F20->beta;0;0.1457127827459232
S006;410;F20->beta;0;0.08100506281642603
S006;475;F20->beta;0;0.4108416547788873
S006;570;F20->beta;0;0.2311605124340618
S006;641;F20->beta;0;0.2311605124340618
S006;706;F20->beta;1;0.24214659685863874
S006;714;F20->beta;1;0.39972869093375535
S006;742;F20->beta;1;0.6597938144329897
S006;970;F20->beta;0;0.0934056007226739
S006;1025;F20->beta;1;0.7535545023696683
S006;1097;F20->beta;0;0.4727979274611399
S006;1209;F20->beta;0;0.3536184210526316
S006;1252;F20->beta;0;0.444060773480663
S007;102;F20->beta;0;0.0934056007226739
S007;122;F20->beta;0;0.17871059156925256
S007;193;F20->beta;0;0.17871059156925256
S007;217;F20->beta;0;0.17871059156925256
S007;420;F20->beta;0;0.24214659685863874
S007;425;F20->beta;0;0.7018840044329516
S007;534;F20->beta;1;0.7018840044329516
S007;545;F20->beta;0;0.8070921985815603
S007;662;F20->beta;0;0.7614765735920492
S007;679;F20->beta;1;0.2311605124340618
S007;693;F20->beta;1;0.444060773480663
S007;726;F20->beta;0;0.6804597701149425
S007;734;F20->beta;0;0.2541507024265645
S007;740;F20->beta;0;0.2541507024265645
S007;824;F20->beta;0;0.47337278106508873
S007;842;F20->beta;0;0.08100506281642603
S007;849;F20->beta;0;0.08100506281642603
S007;957;F20->beta;0;0.2311605124340618
S007;1006;F20->beta;1;0.1457127827459232
S007;1013;F20->beta;1;0.2311605124340618
S007;1023;F20->beta;1;0.7248764415156508
S007;1040;F20->beta;1;0.4727979274611399
S007;1050;F20->beta;0;0.5089928057553957
S007;1087;F20->beta;0;0.0934056007226739
S007;1127;F20->beta;0;0.0934056007226739
S007;1153;F20->beta;0;0.39972869093375535
S007;1210;F20->beta;0;0.17871059156925256
S007;1327;F20->beta;0;0.39972869093375535
S007;1354;F20->beta;0;0.0934056007226739
S007;1412;F20->beta;0;0.0934056007226739
S008;83;F20->beta;1;0.17871059156925256
S008;134;F20->beta;0;0.31643625192012287
S008;210;F20->beta;0;0.24214659685863874
S008;284;F20->beta;1;0.8425141242937854
S008;327;F20->beta;0;0.08100506281642603
S008;366;F20->beta;0;0.08100506281642603
S008;400;F20->beta;0;0.1457127827459232
S008;547;F20->beta;0;0.17871059156925256
S008;559;F20->beta;0;0.39972869093375535
S008;750;F20->beta;0;0.0934056007226739
S008;818;F20->beta;1;0.39972869093375535
S008;919;F20->beta;1;0.8070921985815603
S008;936;F20->beta;1;0.7326283987915407
S008;975;F20->beta;1;0.39972869093375535
S008;999;F20->beta;1;0.4727979274611399
S008;1014;F20->beta;1;0.6812865497076024
S008;1118;F20->beta;0;0.24214659685863874
S008;1165;F20->beta;1;0.39972869093375535
S008;1179;F20->beta;1;0.7018840044329516
S008;1320;F20->beta;0;0.08100506281642603
S008;1344;F20->beta;0;0.2311605124340618
S008;1401;F20->beta;0;0.7535545023696683
S009;24;F20->beta;0;0.767189384800965
S009;87;F20->beta;0;0.7018840044329516
S009;332;F20->beta;1;0.444060773480663
S009;346;F20->beta;1;0.4515366430260047
S009;474;F20->beta;1;0.24214659685863874
S009;519;F20->beta;0;0.08100506281642603
S009;524;F20->beta;0;0.08100506281642603
S009;554;F20->beta;1;0.444060773480663
S009;591;F20->beta;1;0.8070921985815603
S009;620;F20->beta;0;0.24214659685863874
S009;649;F20->beta;0;0.17871059156925256
S009;795;F20->beta;0;0.08100506281642603
S009;823;F20->beta;0;0.2311605124340618
S009;853;F20->beta;0;0.444060773480663
S009;987;F20->beta;1;0.1457127827459232
S009;997;F20->beta;1;0.444060773480663
S009;1056;F20->beta;1;0.7614765735920492
S009;1161;F20->beta;1;0.1457127827459232
S009;1197;F20->beta;1;0.2541507024265645
S009;1255;F20->beta;0;0.17871059156925256
S009;1341;F20->beta;1;0.17871059156925256
S009;1346;F20->beta;1;0.17871059156925256
S009;1389;F20->beta;1;0.24214659685863874
S010;86;F20->beta;1;0.7326283987915407
S010;201;F20->beta;0;0.24214659685863874
S010;227;F20->beta;1;0.39972869093375535
S010;243;F20->beta;1;0.7018840044329516
S010;289;F20->beta;0;0.2311605124340618
S010;294;F20->beta;0;0.08100506281642603
S010;751;F20->beta;1;0.6812865497076024
S010;849;F20->beta;0;0.08100506281642603
S010;888;F20->beta;0;0.1457127827459232
S010;922;F20->beta;0;0.2311605124340618
S010;927;F20->beta;0;0.2311605124340618
S010;951;F20->beta;0;0.444060773480663
S010;961;F20->beta;0;0.2311605124340618
S010;1056;F20->beta;0;0.0934056007226739
S011;26;F20->beta;1;0.17871059156925256
S011;83;F20->beta;1;0.8425141242937854
S011;101;F20->beta;1;0.47337278106508873
S011;166;F20->beta;0;0.72
S011;232;F20->beta;1;0.1457127827459232
S011;241;F20->beta;1;0.8425141242937854
S011;366;F20->beta;1;0.8425141242937854
S011;376;F20->beta;1;0.8425141242937854
S011;398;F20->beta;1;0.8425141242937854
S011;444;F20->beta;0;0.2311605124340618
S011;493;F20->beta;1;0.444060773480663
S011;535;F20->beta;0;0.2541507024265645
S011;584;F20->beta;0;0.0934056007226739
S011;682;F20->beta;0;0.24214659685863874
S011;712;F20->beta;1;0.8425141242937854
S011;721;F20->beta;0;0.5197934595524957
S011;865;F20->beta;0;0.17871059156925256
S011;887;F20->beta;0;0.17871059156925256
S011;895;F20->beta;0;0.39972869093375535
S011;903;F20->beta;0;0.24214659685863874
S011;953;F20->beta;1;0.8425141242937854
S011;1103;F20->beta;1;0.8425141242937854
S011;1236;F20->beta;1;0.65
S011;1337;F20->beta;1;0.2311605124340618
S011;1393;F20->beta;1;0.1791569086651054
S012;140;F20->beta;0;0.17871059156925256
S012;148;F20->beta;0;0.24214659685863874
S012;156;F20->beta;0;0.24214659685863874
S012;232;F20->beta;0;0.5197934595524957
S012;288;F20->beta;0;0.1457127827459232
S012;334;F20->beta;0;0.7614765735920492
S012;356;F20->beta;0;0.7614765735920492
S012;472;F20->beta;0;0.2311605124340618
S012;478;F20->beta;0;0.2311605124340618
S012;614;F20->beta;0;0.6005509641873278
S012;621;F20->beta;0;0.4727979274611399
S012;673;F20->beta;0;0.08100506281642603
S012;785;F20->beta;1;0.24214659685863874
S012;790;F20->beta;1;0.7018840044329516
S012;953;F20->beta;0;0.7018840044329516
S012;963;F20->beta;0;0.39972869093375535
S012;979;F20->beta;0;0.7018840044329516
S012;1033;F20->beta;0;0.17871059156925256
S012;1071;F20->beta;0;0.3536184210526316
S012;1114;F20->beta;1;0.7614765735920492
S012;1152;F20->beta;0;0.31643625192012287
S013;49;F20->beta;0;0.0934056007226739
S013;119;F20->beta;0;0.17871059156925256
S013;231;F20->beta;1;0.4515366430260047
S013;259;F20->beta;1;0.24214659685863874
S013;356;F20->beta;1;0.7018840044329516
S013;364;F20->beta;0;0.5089928057553957
S013;373;F20->beta;0;0.2541507024265645
S013;390;F20->beta;0;0.0934056007226739
S013;415;F20->beta;0;0.7018840044329516
S013;421;F20->beta;0;0.39972869093375535
S013;462;F20->beta;1;0.7018840044329516
S013;716;F20->beta;0;0.1457127827459232
S013;780;F20->beta;1;0.7614765735920492
S013;845;F20->beta;0;0.08100506281642603
S013;965;F20->beta;1;0.7535545023696683
S013;1010;F20->beta;0;0.17871059156925256
S013;1101;F20->beta;0;0.17871059156925256
S013;1183;F20->beta;0;0.0934056007226739
S013;1327;F20->beta;0;0.39972869093375535
S014;13;F20->beta;0;0.2336448598130841
S014;40;F20->beta;1;0.444060773480663
S014;80;F20->beta;0;0.1457127827459232
S014;200;F20->beta;0;0.1457127827459232
S014;267;F20->beta;0;0.444060773480663
S014;280;F20->beta;1;0.7614765735920492
S014;299;F20->beta;0;0.7248764415156508
S014;356;F20->beta;0;0.5197934595524957
S014;364;F20->beta;0;0.28975265017667845
S014;528;F20->beta;1;0.08100506281642603
S014;545;F20->beta;1;0.444060773480663
S014;610;F20->beta;0;0.24214659685863874
S014;760;F20->beta;0;0.1791569086651054
S014;798;F20->beta;0;0.2311605124340618
S014;972;F20->beta;0;0.4515366430260047
S014;1074;F20->beta;1;0.24214659685863874
S015;190;F20->beta;0;0.444060773480663
S015;200;F20->beta;1;0.7614765735920492
S015;215;F20->beta;1;0.7614765735920492
S015;241;F20->beta;1;0.31643625192012287
S015;369;F20->beta;0;0.0934056007226739
S015;404;F20->beta;1;0.39972869093375535
S015;442;F20->beta;1;0.5089928057553957
S015;497;F20->beta;0;0.08100506281642603
S015;538;F20->beta;1;0.444060773480663
S015;629;F20->beta;1;0.7614765735920492
S015;702;F20->beta;0;0.1457127827459232
S015;740;F20->beta;0;0.2857142857142857
S015;746;F20->beta;0;0.31643625192012287
S015;763;F20->beta;0;0.17871059156925256
S015;821;F20->beta;0;0.17871059156925256
S015;881;F20->beta;1;0.39972869093375535
S015;886;F20->beta;1;0.24214659685863874
S015;971;F20->beta;1;0.39972869093375535
S016;92;F20->beta;1;0.4670846394984326
S016;109;F20->beta;1;0.2311605124340618
S016;215;F20->beta;0;0.24214659685863874
S016;248;F20->beta;0;0.24214659685863874
S016;256;F20->beta;0;0.24214659685863874
S016;309;F20->beta;0;0.0934056007226739
S016;364;F20->beta;1;0.0934056007226739
S016;376;F20->beta;1;0.17871059156925256
S016;399;F20->beta;1;0.767189384800965
S016;433;F20->beta;1;0.17871059156925256
S016;444;F20->beta;1;0.8425141242937854
S016;479;F20->beta;1;0.08100506281642603
S016;534;F20->beta;0;0.39972869093375535
S016;654;F20->beta;0;0.444060773480663
S016;720;F20->beta;1;0.2311605124340618
S016;794;F20->beta;1;0.17871059156925256
S016;843;F20->beta;0;0.39972869093375535
S016;891;F20->beta;1;0.24214659685863874
S016;944;F20->beta;0;0.1457127827459232
S016;996;F20->beta;0;0.2311605124340618
S016;1066;F20->beta;0;0.1457127827459232
S016;1169;F20->beta;0;0.2311605124340618
S016;1234;F20->beta;0;0.28975265017667845
S017;87;F20->beta;0;0.0934056007226739
S017;123;F20->beta;0;0.24214659685863874
S017;168;F20->beta;0;0.24214659685863874
S017;182;F20->beta;0;0.39972869093375535
S017;248;F20->beta;1;0.8425141242937854
S017;314;F20->beta;0;0.0934056007226739
S017;367;F20->beta;1;0.7018840044329516
S017;416;F20->beta;1;0.3536184210526316
S017;449;F20->beta;1;0.7326283987915407
S017;475;F20->beta;1;0.6986301369863014
S017;603;F20->beta;0;0.3536184210526316
S017;627;F20->beta;0;0.1457127827459232
S017;673;F20->beta;0;0.444060773480663
S017;753;F20->beta;0;0.08100506281642603
S017;797;F20->beta;0;0.2311605124340618
S017;905;F20->beta;0;0.17871059156925256
S017;1146;F20->beta;0;0.0934056007226739
S017;1162;F20->beta;0;0.0934056007226739
S017;1324;F20->beta;0;0.39972869093375535
S017;1375;F20->beta;1;0.17871059156925256
S017;1384;F20->beta;1;0.39972869093375535
S018;37;F20->beta;0;0.1791569086651054
S018;156;F20->beta;0;0.2311605124340618
S018;173;F20->beta;0;0.444060773480663
S018;291;F20->beta;0;0.444060773480663
S018;296;F20->beta;1;0.444060773480663
S018;331;F20->beta;1;0.8425141242937854
S018;337;F20->beta;1;0.6005509641873278
S018;397;F20->beta;1;0.49206349206349204
S018;471;F20->beta;0;0.65
S018;488;F20->beta;0;0.24214659685863874
S018;497;F20->beta;0;0.0934056007226739
S018;552;F20->beta;0;0.0934056007226739
S018;595;F20->beta;0;0.24214659685863874
S018;799;F20->beta;0;0.444060773480663
S018;1060;F20->beta;0;0.1457127827459232
S018;1168;F20->beta;0;0.1457127827459232
S018;1176;F20->beta;1;0.1457127827459232
S018;1347;F20->beta;0;0.17871059156925256
S018;1365;F20->beta;0;0.7018840044329516
S019;368;F20->beta;0;0.08100506281642603
S019;411;F20->beta;0;0.1457127827459232
S019;416;F20->beta;0;0.1457127827459232
S019;558;F20->beta;1;0.4670846394984326
S019;596;F20->beta;1;0.24214659685863874
S019;624;F20->beta;0;0.24214659685863874
S019;645;F20->beta;0;0.17871059156925256
S019;664;F20->beta;1;0.39972869093375535
S019;697;F20->beta;1;0.24214659685863874
S019;710;F20->beta;0;0.7326283987915407
S019;727;F20->beta;0;0.08100506281642603
S019;791;F20->beta;0;0.08100506281642603
S019;826;F20->beta;0;0.1457127827459232
S019;1018;F20->beta;1;0.444060773480663
S019;1049;F20->beta;0;0.5178571428571429
S019;1056;F20->beta;0;0.5197934595524957
S019;1095;F20->beta;0;0.5089928057553957
S019;1108;F20->beta;0;0.2541507024265645
S019;1131;F20->beta;0;0.17871059156925256
S019;1401;F20->beta;1;0.28975265017667845
S019;1410;F20->beta;1;0.5353846153846153
S020;50;F20->beta;1;0.4117647058823529
S020;195;F20->beta;1;0.444060773480663
S020;229;F20->beta;0;0.6812865497076024
S020;276;F20->beta;0;0.24214659685863874
S020;386;F20->beta;1;0.7326283987915407
S020;472;F20->beta;0;0.0934056007226739
S020;614;F20->beta;0;0.4727979274611399
S020;870;F20->beta;1;0.4727979274611399
S020;964;F20->beta;0;0.08100506281642603
S020;969;F20->beta;0;0.1457127827459232
S020;1031;F20->beta;1;0.7874720357941835
S020;1159;F20->beta;1;0.7018840044329516
S020;1228;F20->beta;0;0.1457127827459232
S021;112;F20->beta;1;0.2311605124340618
S021;191;F20->beta;0;0.0934056007226739
S021;239;F20->beta;0;0.24214659685863874
S021;329;F20->beta;1;0.7248764415156508
S021;358;F20->beta;1;0.36875
S021;364;F20->beta;1;0.2541507024265645
S021;394;F20->beta;1;0.7535545023696683
S021;460;F20->beta;1;0.5197934595524957
S021;543;F20->beta;0;0.2311605124340618
S021;762;F20->beta;1;0.767189384800965
S021;777;F20->beta;1;0.4727979274611399
S021;807;F20->beta;1;0.5197934595524957
S021;828;F20->beta;0;0.2541507024265645
S021;915;F20->beta;0;0.24214659685863874
S021;939;F20->beta;0;0.39972869093375535
S021;978;F20->beta;0;0.39972869093375535
S021;987;F20->beta;0;0.24214659685863874
S021;1025;F20->beta;0;0.17871059156925256
S021;1125;F20->beta;0;0.7810945273631841
S021;1164;F20->beta;1;0.444060773480663
S021;1200;F20->beta;1;0.28975265017667845
S021;1241;F20->beta;1;0.7874720357941835
S021;1329;F20->beta;0;0.3536184210526316
S021;1336;F20->beta;0;0.08100506281642603
S021;1391;F20->beta;1;0.7535545023696683
S022;178;F20->beta;0;0.2311605124340618
S022;219;F20->beta;0;0.2311605124340618
S022;315;F20->beta;0;0.08100506281642603
S022;331;F20->beta;0;0.08100506281642603
S022;341;F20->beta;0;0.08100506281642603
S022;370;F20->beta;0;0.08100506281642603
S022;471;F20->beta;0;0.4108416547788873
S022;483;F20->beta;0;0.0934056007226739
S022;585;F20->beta;1;0.39972869093375535
S022;740;F20->beta;0;0.7614765735920492
S022;801;F20->beta;0;0.1457127827459232
S022;876;F20->beta;0;0.444060773480663
S022;1232;F20->beta;0;0.39972869093375535
S022;1328;F20->beta;1;0.39972869093375535
S022;1388;F20->beta;1;0.17871059156925256
S023;36;F20->beta;0;0.444060773480663
S023;60;F20->beta;1;0.08100506281642603
S023;98;F20->beta;0;0.2485207100591716
S023;128;F20->beta;0;0.17871059156925256
S023;147;F20->beta;0;0.0934056007226739
S023;171;F20->beta;0;0.24214659685863874
S023;252;F20->beta;1;0.39972869093375535
S023;273;F20->beta;1;0.8425141242937854
S023;438;F20->beta;0;0.6346749226006192
S023;568;F20->beta;1;0.7614765735920492
S023;694;F20->beta;0;0.34328358208955223
S023;699;F20->beta;0;0.2336448598130841
S023;721;F20->beta;0;0.08100506281642603
S023;755;F20->beta;0;0.08100506281642603
S023;786;F20->beta;0;0.08100506281642603
S023;819;F20->beta;0;0.2311605124340618
S023;962;F20->beta;0;0.0934056007226739
S023;1034;F20->beta;1;0.39972869093375535
S023;1074;F20->beta;0;0.08100506281642603
S023;1100;F20->beta;0;0.08100506281642603
S023;1119;F20->beta;0;0.1457127827459232
S023;1129;F20->beta;0;0.2311605124340618
S023;1170;F20->beta;1;0.8425141242937854
S023;1341;F20->beta;0;0.444060773480663
S023;1369;F20->beta;1;0.7614765735920492
S023;1385;F20->beta;1;0.7326283987915407
S024;227;F20->beta;1;0.7018840044329516
S024;368;F20->beta;1;0.47337278106508873
S024;426;F20->beta;0;0.4515366430260047
S024;431;F20->beta;0;0.4515366430260047
S024;510;F20->beta;0;0.28975265017667845
S024;579;F20->beta;1;0.444060773480663
S024;609;F20->beta;1;0.7810945273631841
S024;711;F20->beta;1;0.28975265017667845
S024;875;F20->beta;1;0.7018840044329516
S024;895;F20->beta;1;0.6346749226006192
S024;963;F20->beta;1;0.7614765735920492
S024;1025;F20->beta;0;0.24214659685863874
S024;1065;F20->beta;0;0.17871059156925256
S024;1110;F20->beta;0;0.39972869093375535
S024;1159;F20->beta;0;0.39972869093375535
S024;1206;F20->beta;0;0.17871059156925256
S024;1249;F20->beta;1;0.24214659685863874
S024;1257;F20->beta;1;0.39972869093375535
S024;1330;F20->beta;0;0.6346749226006192
S024;1393;F20->beta;1;0.1791569086651054
S024;1404;F20->beta;1;0.2311605124340618
S025;8;F20->beta;0;0.2336448598130841
S025;114;F20->beta;1;0.36875
S025;265;F20->beta;1;0.6804597701149425
S025;606;F20->beta;1;0.767189384800965
S025;615;F20->beta;1;0.5197934595524957
S025;669;F20->beta;1;0.17871059156925256
S025;713;F20->beta;1;0.8425141242937854
S025;724;F20->beta;0;0.2485207100591716
S025;746;F20->beta;0;0.0934056007226739
S025;768;F20->beta;0;0.0934056007226739
S025;845;F20->beta;0;0.28975265017667845
S025;854;F20->beta;0;0.2311605124340618
S025;861;F20->beta;0;0.1457127827459232
S025;894;F20->beta;0;0.444060773480663
S025;966;F20->beta;0;0.2311605124340618
S025;1049;F20->beta;1;0.7614765735920492
S025;1190;F20->beta;0;0.8070921985815603
S026;11;F20->beta;1;0.4108416547788873
S026;51;F20->beta;0;0.2311605124340618
S026;60;F20->beta;0;0.08100506281642603
S026;129;F20->beta;0;0.3536184210526316
S026;148;F20->beta;0;0.2311605124340618
S026;193;F20->beta;0;0.1457127827459232
S026;212;F20->beta;0;0.2311605124340618
S026;252;F20->beta;0;0.444060773480663
S026;286;F20->beta;1;0.7614765735920492
S026;334;F20->beta;0;0.0934056007226739
S026;370;F20->beta;0;0.17871059156925256
S026;418;F20->beta;0;0.17871059156925256
S026;423;F20->beta;0;0.24214659685863874
S026;686;F20->beta;1;0.767189384800965
S026;759;F20->beta;0;0.17871059156925256
S026;833;F20->beta;0;0.24214659685863874
S026;881;F20->beta;1;0.7018840044329516
S026;985;F20->beta;1;0.7614765735920492
S026;1018;F20->beta;1;0.6812865497076024
S026;1040;F20->beta;1;0.6812865497076024
S026;1107;F20->beta;0;0.31643625192012287
S026;1242;F20->beta;1;0.4727979274611399
S026;1361;F20->beta;1;0.2485207100591716
S026;1367;F20->beta;1;0.2541507024265645
S026;1378;F20->beta;1;0.0934056007226739
S027;79;F20->beta;0;0.08100506281642603
S027;161;F20->beta;0;0.08100506281642603
S027;311;F20->beta;0;0.2311605124340618
S027;374;F20->beta;0;0.08100506281642603
S027;518;F20->beta;0;0.17871059156925256
S027;565;F20->beta;1;0.7018840044329516
S027;626;F20->beta;1;0.3536184210526316
S027;660;F20->beta;0;0.2857142857142857
S027;737;F20->beta;1;0.39972869093375535
S027;809;F20->beta;0;0.2541507024265645
S027;844;F20->beta;1;0.8425141242937854
S027;889;F20->beta;0;0.08100506281642603
S027;900;F20->beta;0;0.1457127827459232
S027;915;F20->beta;0;0.08100506281642603
S027;1023;F20->beta;0;0.5089928057553957
S027;1038;F20->beta;0;0.24214659685863874
S027;1230;F20->beta;1;0.444060773480663
S027;1250;F20->beta;0;0.31643625192012287
S027;1346;F20->beta;1;0.7018840044329516
S028;47;F20->beta;0;0.1457127827459232
S028;76;F20->beta;0;0.08100506281642603
S028;117;F20->beta;0;0.1457127827459232
S028;122;F20->beta;0;0.1457127827459232
S028;127;F20->beta;0;0.1457127827459232
S028;231;F20->beta;1;0.444060773480663
S028;261;F20->beta;1;0.7874720357941835
S028;354;F20->beta;1;0.767189384800965
S028;435;F20->beta;0;0.17871059156925256
S028;541;F20->beta;0;0.5197934595524957
S028;700;F20->beta;1;0.7142857142857143
S028;855;F20->beta;0;0.1457127827459232
S028;864;F20->beta;0;0.1457127827459232
S028;903;F20->beta;0;0.2311605124340618
S028;934;F20->beta;0;0.2311605124340618
S028;1018;F20->beta;0;0.24214659685863874
S028;1023;F20->beta;0;0.24214659685863874
S028;1048;F20->beta;0;0.24214659685863874
S028;1079;F20->beta;0;0.24214659685863874
S028;1139;F20->beta;0;0.24214659685863874
S028;1359;F20->beta;0;0.24214659685863874
S029;13;F20->beta;0;0.7326283987915407
S029;34;F20->beta;0;0.2311605124340618
S029;81;F20->beta;1;0.08100506281642603
S029;164;F20->beta;1;0.7018840044329516
S029;278;F20->beta;1;0.444060773480663
S029;472;F20->beta;0;0.0934056007226739
S029;542;F20->beta;0;0.39972869093375535
S029;579;F20->beta;0;0.39972869093375535
S029;636;F20->beta;1;0.24214659685863874
S029;666;F20->beta;0;0.49206349206349204
S029;749;F20->beta;0;0.0934056007226739
S029;784;F20->beta;0;0.0934056007226739
S029;808;F20->beta;0;0.24214659685863874
S029;862;F20->beta;1;0.24214659685863874
S029;894;F20->beta;1;0.767189384800965
S029;899;F20->beta;1;0.7874720357941835
S029;1041;F20->beta;0;0.6812865497076024
S029;1052;F20->beta;0;0.39972869093375535
S029;1100;F20->beta;1;0.17871059156925256
S029;1170;F20->beta;1;0.28975265017667845
S029;1178;F20->beta;1;0.7326283987915407
S029;1183;F20->beta;1;0.7614765735920492
S029;1197;F20->beta;0;0.2336448598130841
S029;1204;F20->beta;0;0.28975265017667845
S029;1343;F20->beta;0;0.2311605124340618
S029;1374;F20->beta;1;0.444060773480663
S030;242;F20->beta;0;0.24214659685863874
S030;349;F20->beta;1;0.6812865497076024
S030;409;F20->beta;0;0.1457127827459232
S030;498;F20->beta;0;0.444060773480663
S030;591;F20->beta;0;0.2311605124340618
S030;634;F20->beta;0;0.1457127827459232
S030;964;F20->beta;0;0.1457127827459232
S030;1013;F20->beta;0;0.4515366430260047
S030;1090;F20->beta;0;0.17871059156925256
S030;1139;F20->beta;0;0.17871059156925256
S030;1173;F20->beta;0;0.24214659685863874
S030;1214;F20->beta;0;0.39972869093375535
S030;1220;F20->beta;1;0.39972869093375535
S031;76;F20->beta;0;0.1457127827459232
S031;86;F20->beta;0;0.7614765735920492
S031;112;F20->beta;0;0.444060773480663
S031;145;F20->beta;1;0.8070921985815603
S031;197;F20->beta;0;0.17871059156925256
S031;238;F20->beta;0;0.24214659685863874
S031;337;F20->beta;1;0.4108416547788873
S031;377;F20->beta;0;0.08100506281642603
S031;412;F20->beta;0;0.1457127827459232
S031;439;F20->beta;0;0.08100506281642603
S031;484;F20->beta;0;0.4108416547788873
S031;559;F20->beta;1;0.4515366430260047
S031;611;F20->beta;1;0.2485207100591716
S031;619;F20->beta;1;0.4515366430260047
S031;684;F20->beta;1;0.2311605124340618
S031;689;F20->beta;1;0.7614765735920492
S031;730;F20->beta;0;0.2857142857142857
S031;738;F20->beta;0;0.2541507024265645
S031;821;F20->beta;0;0.7018840044329516
S031;835;F20->beta;0;0.17871059156925256
S031;857;F20->beta;0;0.24214659685863874
S031;944;F20->beta;1;0.7018840044329516
S031;949;F20->beta;1;0.7018840044329516
S031;958;F20->beta;0;0.5197934595524957
S031;989;F20->beta;0;0.08100506281642603
S031;1088;F20->beta;0;0.7614765735920492
S031;1119;F20->beta;1;0.24214659685863874
S031;1177;F20->beta;0;0.08100506281642603
S031;1189;F20->beta;0;0.08100506281642603
S031;1355;F20->beta;0;0.17871059156925256
S031;1368;F20->beta;0;0.17871059156925256
S031;1405;F20->beta;0;0.24214659685863874
S032;103;F20->beta;0;0.0934056007226739
S032;116;F20->beta;0;0.0934056007226739
S032;322;F20->beta;0;0.24214659685863874
S032;353;F20->beta;1;0.39972869093375535
S032;685;F20->beta;1;0.7018840044329516
S032;696;F20->beta;1;0.7614765735920492
S032;851;F20->beta;1;0.6005509641873278
S032;885;F20->beta;1;0.24214659685863874
S032;915;F20->beta;0;0.3316062176165803
S032;920;F20->beta;0;0.1791569086651054
S032;971;F20->beta;0;0.08100506281642603
S032;989;F20->beta;0;0.2311605124340618
S032;1083;F20->beta;0;0.17871059156925256
S032;1111;F20->beta;0;0.17871059156925256
S032;1236;F20->beta;0;0.1791569086651054
S032;1377;F20->beta;0;0.24214659685863874
S033;97;F20->beta;0;0.38461538461538464
S033;184;F20->beta;0;0.444060773480663
S033;200;F20->beta;1;0.7614765735920492
S033;209;F20->beta;1;0.7614765735920492
S033;337;F20->beta;0;0.1457127827459232
S033;363;F20->beta;0;0.08100506281642603
S033;390;F20->beta;0;0.08100506281642603
S033;399;F20->beta;0;0.08100506281642603
S033;414;F20->beta;0;0.1457127827459232
S033;464;F20->beta;1;0.2311605124340618
S033;469;F20->beta;1;0.2311605124340618
S033;539;F20->beta;0;0.17871059156925256
S033;545;F20->beta;0;0.17871059156925256
S033;610;F20->beta;0;0.24214659685863874
S033;745;F20->beta;0;0.0934056007226739
S033;823;F20->beta;0;0.17871059156925256
S033;899;F20->beta;0;0.24214659685863874
S033;904;F20->beta;1;0.7018840044329516
S033;943;F20->beta;1;0.6346749226006192
S033;1068;F20->beta;0;0.1457127827459232
S033;1158;F20->beta;1;0.1457127827459232
S033;1178;F20->beta;1;0.7614765735920492
S033;1212;F20->beta;0;0.39972869093375535
S033;1323;F20->beta;1;0.8070921985815603
S033;1405;F20->beta;0;0.1457127827459232
S034;37;F20->beta;1;0.17871059156925256
S034;91;F20->beta;0;0.8425141242937854
S034;207;F20->beta;0;0.0934056007226739
S034;212;F20->beta;0;0.0934056007226739
S034;224;F20->beta;0;0.0934056007226739
S034;293;F20->beta;0;0.24214659685863874
S034;309;F20->beta;0;0.17871059156925256
S034;344;F20->beta;0;0.0934056007226739
S034;435;F20->beta;1;0.3536184210526316
S034;495;F20->beta;0;0.1791569086651054
S034;506;F20->beta;0;0.08100506281642603
S034;634;F20->beta;0;0.1457127827459232
S034;701;F20->beta;0;0.444060773480663
S034;713;F20->beta;1;0.444060773480663
S034;858;F20->beta;0;0.2311605124340618
S034;868;F20->beta;0;0.2311605124340618
S034;928;F20->beta;0;0.7326283987915407
S034;979;F20->beta;0;0.1457127827459232
S034;993;F20->beta;0;0.1457127827459232
S034;1003;F20->beta;0;0.444060773480663
S034;1015;F20->beta;1;0.444060773480663
S034;1134;F20->beta;1;0.0934056007226739
S034;1188;F20->beta;0;0.08100506281642603
S034;1204;F20->beta;0;0.08100506281642603
S034;1215;F20->beta;1;0.1457127827459232
S035;34;F20->beta;0;0.0934056007226739
S035;133;F20->beta;0;0.24214659685863874
S035;162;F20->beta;0;0.0934056007226739
S035;198;F20->beta;0;0.0934056007226739
S035;248;F20->beta;1;0.24214659685863874
S035;300;F20->beta;0;0.4670846394984326
S035;312;F20->beta;0;0.3536184210526316
S035;466;F20->beta;0;0.17871059156925256
S035;543;F20->beta;0;0.39972869093375535
S035;587;F20->beta;0;0.24214659685863874
S035;604;F20->beta;0;0.39972869093375535
S035;638;F20->beta;0;0.24214659685863874
S035;703;F20->beta;1;0.31643625192012287
S035;713;F20->beta;1;0.7018840044329516
S035;802;F20->beta;0;0.24214659685863874
S035;951;F20->beta;0;0.2311605124340618
S035;1137;F20->beta;1;0.7614765735920492
S035;1164;F20->beta;1;0.7810945273631841
S035;1214;F20->beta;1;0.4108416547788873
S036;32;F20->beta;0;0.7248764415156508
S036;53;F20->beta;0;0.17871059156925256
S036;180;F20->beta;0;0.4727979274611399
S036;244;F20->beta;0;0.1457127827459232
S036;284;F20->beta;1;0.1457127827459232
S036;292;F20->beta;1;0.2311605124340618
S036;417;F20->beta;1;0.8425141242937854
S036;430;F20->beta;0;0.6812865497076024
S036;447;F20->beta;1;0.24214659685863874
S036;469;F20->beta;1;0.39972869093375535
S036;488;F20->beta;0;0.4515366430260047
S036;534;F20->beta;1;0.39972869093375535
S036;643;F20->beta;0;0.0934056007226739
S036;650;F20->beta;0;0.0934056007226739
S036;681;F20->beta;1;0.17871059156925256
S036;763;F20->beta;0;0.0934056007226739
S036;776;F20->beta;0;0.24214659685863874
S036;828;F20->beta;0;0.17871059156925256
S036;951;F20->beta;0;0.28975265017667845
S036;1192;F20->beta;0;0.1457127827459232
S036;1220;F20->beta;0;0.2311605124340618
S036;1388;F20->beta;1;0.7248764415156508
S036;1411;F20->beta;1;0.5089928057553957
S037;20;F20->beta;0;0.1457127827459232
S037;65;F20->beta;0;0.2541507024265645
S037;101;F20->beta;0;0.6597938144329897
S037;136;F20->beta;0;0.444060773480663
S037;248;F20->beta;1;0.24214659685863874
S037;344;F20->beta;1;0.2311605124340618
S037;424;F20->beta;1;0.4670846394984326
S037;500;F20->beta;1;0.2311605124340618
S037;669;F20->beta;0;0.444060773480663
S037;681;F20->beta;0;0.1457127827459232
S037;715;F20->beta;0;0.08100506281642603
S037;795;F20->beta;1;0.7810945273631841
S037;850;F20->beta;1;0.1457127827459232
S037;862;F20->beta;1;0.444060773480663
S037;889;F20->beta;1;0.7326283987915407
S037;913;F20->beta;1;0.444060773480663
S037;1136;F20->beta;0;0.17871059156925256
S037;1324;F20->beta;1;0.39972869093375535
S037;1395;F20->beta;0;0.24214659685863874
S038;18;F20->beta;1;0.8425141242937854
S038;75;F20->beta;0;0.08100506281642603
S038;95;F20->beta;0;0.08100506281642603
S038;133;F20->beta;0;0.08100506281642603
S038;329;F20->beta;0;0.1457127827459232
S038;351;F20->beta;0;0.08100506281642603
S038;422;F20->beta;0;0.2311605124340618
S038;444;F20->beta;0;0.444060773480663
S038;455;F20->beta;0;0.7614765735920492
S038;640;F20->beta;1;0.24214659685863874
S038;660;F20->beta;0;0.5197934595524957
S038;792;F20->beta;0;0.444060773480663
S038;859;F20->beta;0;0.08100506281642603
S038;1198;F20->beta;0;0.4108416547788873
S038;1226;F20->beta;0;0.17871059156925256
S038;1255;F20->beta;1;0.17871059156925256
S038;1357;F20->beta;1;0.7018840044329516
S038;1363;F20->beta;1;0.7018840044329516
S038;1369;F20->beta;1;0.7018840044329516
S039;6;F20->beta;0;0.4670846394984326
S039;60;F20->beta;0;0.08100506281642603
S039;225;F20->beta;0;0.0934056007226739
S039;287;F20->beta;0;0.24214659685863874
S039;349;F20->beta;1;0.7535545023696683
S039;361;F20->beta;1;0.2311605124340618
S039;379;F20->beta;0;0.6812865497076024
S039;660;F20->beta;0;0.7614765735920492
S039;669;F20->beta;0;0.17871059156925256
S039;690;F20->beta;0;0.17871059156925256
S039;705;F20->beta;0;0.0934056007226739
S039;715;F20->beta;0;0.0934056007226739
S039;868;F20->beta;0;0.444060773480663
S039;901;F20->beta;1;0.444060773480663
S039;952;F20->beta;0;0.17871059156925256
S039;1053;F20->beta;1;0.7018840044329516
S039;1149;F20->beta;1;0.1457127827459232
S039;1225;F20->beta;0;0.6346749226006192
S039;1323;F20->beta;1;0.17871059156925256
S039;1360;F20->beta;1;0.6346749226006192
S039;1399;F20->beta;0;0.28975265017667845
S039;1404;F20->beta;0;0.2311605124340618
S040;165;F20->beta;0;0.7614765735920492
S040;178;F20->beta;0;0.7614765735920492
S040;220;F20->beta;0;0.2311605124340618
S040;244;F20->beta;0;0.1457127827459232
S040;320;F20->beta;0;0.2311605124340618
S040;406;F20->beta;0;0.08100506281642603
S040;440;F20->beta;0;0.2311605124340618
S040;503;F20->beta;0;0.2311605124340618
S040;595;F20->beta;0;0.08100506281642603
S040;713;F20->beta;1;0.2311605124340618
S040;759;F20->beta;0;0.1791569086651054
S040;878;F20->beta;1;0.8425141242937854
S040;897;F20->beta;1;0.6346749226006192
S040;902;F20->beta;1;0.6812865497076024
S040;913;F20->beta;1;0.8425141242937854
S040;996;F20->beta;0;0.24214659685863874
S040;1048;F20->beta;1;0.7018840044329516
S040;1138;F20->beta;1;0.39972869093375535
S040;1171;F20->beta;0;0.08100506281642603
S041;13;F20->beta;1;0.6597938144329897
S041;84;F20->beta;0;0.17871059156925256
S041;92;F20->beta;0;0.0934056007226739
S041;172;F20->beta;0;0.4515366430260047
S041;179;F20->beta;1;0.4108416547788873
S041;227;F20->beta;0;0.2311605124340618
S041;304;F20->beta;0;0.1457127827459232
S041;320;F20->beta;0;0.2311605124340618
S041;328;F20->beta;0;0.2311605124340618
S041;339;F20->beta;0;0.1457127827459232
S041;360;F20->beta;0;0.08100506281642603
S041;535;F20->beta;0;0.17871059156925256
S041;550;F20->beta;0;0.24214659685863874
S041;586;F20->beta;0;0.17871059156925256
S041;669;F20->beta;0;0.0934056007226739
S041;678;F20->beta;0;0.0934056007226739
S041;690;F20->beta;0;0.24214659685863874
S041;736;F20->beta;0;0.0934056007226739
S041;790;F20->beta;1;0.8070921985815603
S041;863;F20->beta;0;0.3316062176165803
S041;871;F20->beta;0;0.1791569086651054
S041;1092;F20->beta;0;0.1457127827459232
S041;1110;F20->beta;0;0.1457127827459232
S041;1140;F20->beta;0;0.08100506281642603
S041;1233;F20->beta;0;0.2311605124340618
S042;21;F20->beta;0;0.08100506281642603
S042;229;F20->beta;0;0.5089928057553957
S042;238;F20->beta;0;0.6812865497076024
S042;295;F20->beta;0;0.0934056007226739
S042;331;F20->beta;0;0.0934056007226739
S042;379;F20->beta;0;0.17871059156925256
S042;539;F20->beta;0;0.444060773480663
S042;586;F20->beta;0;0.2311605124340618
S042;606;F20->beta;0;0.2311605124340618
S042;668;F20->beta;0;0.08100506281642603
S042;733;F20->beta;0;0.08100506281642603
S042;761;F20->beta;0;0.1457127827459232
S042;788;F20->beta;1;0.2311605124340618
S042;843;F20->beta;0;0.2485207100591716
S042;959;F20->beta;0;0.39972869093375535
S042;967;F20->beta;0;0.24214659685863874
S042;991;F20->beta;0;0.39972869093375535
S042;1131;F20->beta;0;0.39972869093375535
S043;8;F20->beta;1;0.6346749226006192
S043;77;F20->beta;0;0.08100506281642603
S043;258;F20->beta;0;0.4108416547788873
S043;266;F20->beta;0;0.39972869093375535
S043;305;F20->beta;1;0.7018840044329516
S043;368;F20->beta;0;0.0934056007226739
S043;494;F20->beta;0;0.1457127827459232
S043;659;F20->beta;1;0.8425141242937854
S043;686;F20->beta;1;0.7018840044329516
S043;702;F20->beta;1;0.6346749226006192
S043;1001;F20->beta;0;0.31643625192012287
S043;1008;F20->beta;0;0.0934056007226739
S043;1063;F20->beta;0;0.17871059156925256
S043;1097;F20->beta;1;0.7018840044329516
S043;1102;F20->beta;1;0.7018840044329516
S043;1217;F20->beta;0;0.6346749226006192
S043;1340;F20->beta;0;0.0934056007226739
S043;1371;F20->beta;1;0.17871059156925256
S043;1380;F20->beta;1;0.39972869093375535
S044;89;F20->beta;1;0.7614765735920492
S044;149;F20->beta;0;0.17871059156925256
S044;179;F20->beta;0;0.24214659685863874
S044;204;F20->beta;0;0.39972869093375535
S044;271;F20->beta;0;0.24214659685863874
S044;400;F20->beta;0;0.0934056007226739
S044;408;F20->beta;0;0.24214659685863874
S044;501;F20->beta;1;0.17871059156925256
S044;514;F20->beta;1;0.7018840044329516
S044;553;F20->beta;0;0.4670846394984326
S044;605;F20->beta;0;0.08100506281642603
S044;661;F20->beta;0;0.1457127827459232
S044;682;F20->beta;1;0.1457127827459232
S044;707;F20->beta;1;0.767189384800965
S044;735;F20->beta;1;0.767189384800965
S044;814;F20->beta;0;0.2541507024265645
S044;858;F20->beta;0;0.24214659685863874
S044;946;F20->beta;0;0.39972869093375535
S044;1143;F20->beta;0;0.39972869093375535
S044;1205;F20->beta;0;0.17871059156925256
S044;1214;F20->beta;0;0.24214659685863874
S044;1337;F20->beta;0;0.7326283987915407
S044;1358;F20->beta;1;0.08100506281642603
S044;1368;F20->beta;1;0.1457127827459232
S044;1394;F20->beta;0;0.2336448598130841
S045;116;F20->beta;0;0.24214659685863874
S045;121;F20->beta;0;0.24214659685863874
S045;148;F20->beta;0;0.24214659685863874
S045;239;F20->beta;0;0.444060773480663
S045;251;F20->beta;0;0.2311605124340618
S045;400;F20->beta;0;0.444060773480663
S045;433;F20->beta;0;0.2311605124340618
S045;439;F20->beta;0;0.444060773480663
S045;494;F20->beta;0;0.08100506281642603
S045;665;F20->beta;1;0.6804597701149425
S045;736;F20->beta;0;0.08100506281642603
S045;785;F20->beta;0;0.2311605124340618
S045;859;F20->beta;1;0.444060773480663
S045;991;F20->beta;1;0.5089928057553957
S045;1042;F20->beta;0;0.24214659685863874
S045;1047;F20->beta;0;0.17871059156925256
S045;1052;F20->beta;0;0.17871059156925256
S045;1062;F20->beta;0;0.0934056007226739
S045;1130;F20->beta;0;0.0934056007226739
S045;1171;F20->beta;1;0.7018840044329516
S045;1182;F20->beta;1;0.39972869093375535
S045;1228;F20->beta;1;0.24214659685863874
S046;53;F20->beta;0;0.08100506281642603
S046;75;F20->beta;0;0.08100506281642603
S046;159;F20->beta;0;0.7248764415156508
S046;223;F20->beta;1;0.7614765735920492
S046;266;F20->beta;1;0.65
S046;384;F20->beta;1;0.7810945273631841
S046;398;F20->beta;1;0.7248764415156508
S046;411;F20->beta;0;0.2336448598130841
S046;432;F20->beta;0;0.2311605124340618
S046;509;F20->beta;1;0.7326283987915407
S046;549;F20->beta;0;0.7018840044329516
S046;639;F20->beta;1;0.65
S046;648;F20->beta;1;0.7535545023696683
S046;782;F20->beta;0;0.17871059156925256
S046;805;F20->beta;1;0.39972869093375535
S046;921;F20->beta;0;0.2311605124340618
S046;936;F20->beta;0;0.2311605124340618
S046;953;F20->beta;0;0.2311605124340618
S046;977;F20->beta;0;0.2311605124340618
S046;1070;F20->beta;0;0.39972869093375535
S046;1077;F20->beta;0;0.0934056007226739
S046;1181;F20->beta;0;0.444060773480663
S047;147;F20->beta;0;0.17871059156925256
S047;270;F20->beta;0;0.39972869093375535
S047;443;F20->beta;0;0.1457127827459232
S047;709;F20->beta;1;0.7248764415156508
S047;724;F20->beta;1;0.5178571428571429
S047;784;F20->beta;1;0.6597938144329897
S047;854;F20->beta;1;0.65
S047;914;F20->beta;0;0.0934056007226739
S047;1008;F20->beta;1;0.39972869093375535
S047;1047;F20->beta;1;0.6804597701149425
S047;1062;F20->beta;0;0.5089928057553957
S047;1129;F20->beta;0;0.0934056007226739
S047;1148;F20->beta;0;0.39972869093375535
S047;1196;F20->beta;0;0.0934056007226739
S047;1226;F20->beta;0;0.0934056007226739
S047;1242;F20->beta;0;0.0934056007226739
S047;1357;F20->beta;0;0.24214659685863874
S047;1368;F20->beta;0;0.24214659685863874
S047;1396;F20->beta;0;0.24214659685863874
S048;10;F20->beta;0;0.28975265017667845
S048;157;F20->beta;0;0.2311605124340618
S048;172;F20->beta;0;0.444060773480663
S048;346;F20->beta;0;0.17871059156925256
S048;428;F20->beta;0;0.08100506281642603
S048;489;F20->beta;0;0.08100506281642603
S048;530;F20->beta;1;0.2311605124340618
S048;645;F20->beta;0;0.1457127827459232
S048;671;F20->beta;0;0.08100506281642603
S048;695;F20->beta;1;0.2311605124340618
S048;807;F20->beta;0;0.08100506281642603
S048;823;F20->beta;0;0.1457127827459232
S048;1028;F20->beta;1;0.7614765735920492
S048;1036;F20->beta;1;0.7810945273631841
S048;1326;F20->beta;0;0.1457127827459232
S049;38;F20->beta;0;0.0934056007226739
S049;50;F20->beta;0;0.0934056007226739
S049;93;F20->beta;0;0.17871059156925256
S049;102;F20->beta;0;0.17871059156925256
S049;219;F20->beta;0;0.5197934595524957
S049;266;F20->beta;1;0.7614765735920492
S049;301;F20->beta;0;0.24214659685863874
S049;312;F20->beta;0;0.24214659685863874
S049;319;F20->beta;0;0.0934056007226739
S049;351;F20->beta;1;0.0934056007226739
S049;370;F20->beta;0;0.8070921985815603
S049;461;F20->beta;0;0.5197934595524957
S049;524;F20->beta;1;0.767189384800965
S049;571;F20->beta;0;0.5089928057553957
S049;596;F20->beta;1;0.0934056007226739
S049;603;F20->beta;1;0.17871059156925256
S049;671;F20->beta;1;0.36875
S049;711;F20->beta;0;0.0934056007226739
S049;717;F20->beta;0;0.0934056007226739
S049;855;F20->beta;0;0.1457127827459232
S049;861;F20->beta;0;0.1457127827459232
S049;970;F20->beta;1;0.444060773480663
S049;986;F20->beta;1;0.7614765735920492
S049;1009;F20->beta;1;0.8070921985815603
S049;1031;F20->beta;1;0.39972869093375535
S049;1054;F20->beta;1;0.8425141242937854
S049;1124;F20->beta;0;0.2311605124340618
S049;1187;F20->beta;0;0.2311605124340618
S049;1222;F20->beta;0;0.6346749226006192
S049;1327;F20->beta;0;0.39972869093375535
S050;23;F20->beta;0;0.4108416547788873
S050;130;F20->beta;1;0.767189384800965
S050;135;F20->beta;1;0.7248764415156508
S050;266;F20->beta;0;0.08100506281642603
S050;347;F20->beta;0;0.3316062176165803
S050;460;F20->beta;0;0.2311605124340618
S050;520;F20->beta;0;0.08100506281642603
S050;556;F20->beta;0;0.08100506281642603
S050;591;F20->beta;0;0.444060773480663
S050;623;F20->beta;0;0.444060773480663
S050;743;F20->beta;0;0.36875
S050;768;F20->beta;0;0.17871059156925256
S050;790;F20->beta;0;0.24214659685863874
S050;886;F20->beta;1;0.7874720357941835
S050;985;F20->beta;0;0.1457127827459232
S050;1097;F20->beta;1;0.2311605124340618
S050;1107;F20->beta;1;0.444060773480663
S050;1126;F20->beta;1;0.8070921985815603
S050;1174;F20->beta;1;0.0934056007226739
S001;79;F26->delta;0;0.0704742818971276
S001;81;F26->delta;0;0.0704742818971276
S001;105;F26->delta;0;0.03162055335968379
S001;106;F26->delta;0;0.03162055335968379
S001;111;F26->delta;0;0.03162055335968379
S001;112;F26->delta;0;0.03162055335968379
S001;118;F26->delta;0;0.03162055335968379
S001;120;F26->delta;0;0.03162055335968379
S001;128;F26->delta;0;0.03162055335968379
S001;129;F26->delta;0;0.03162055335968379
S001;191;F26->delta;0;0.0704742818971276
S001;194;F26->delta;0;0.0704742818971276
S001;206;F26->delta;0;0.0704742818971276
S001;209;F26->delta;0;0.0704742818971276
S001;299;F26->delta;0;0.0704742818971276
S001;300;F26->delta;0;0.0704742818971276
S001;305;F26->delta;0;0.0704742818971276
S001;306;F26->delta;0;0.20667425104285173
S001;439;F26->delta;1;0.5305821665438467
S001;441;F26->delta;1;0.8148148148148148
S001;455;F26->delta;1;0.6235632183908046
S001;457;F26->delta;1;0.6382070437566703
S001;496;F26->delta;0;0.0704742818971276
S001;497;F26->delta;0;0.0704742818971276
S001;616;F26->delta;0;0.0704742818971276
S001;618;F26->delta;0;0.0704742818971276
S001;623;F26->delta;0;0.0704742818971276
S001;624;F26->delta;0;0.0704742818971276
S001;650;F26->delta;0;0.0704742818971276
S001;653;F26->delta;0;0.0704742818971276
S001;702;F26->delta;0;0.03162055335968379
S001;703;F26->delta;0;0.0704742818971276
S001;787;F26->delta;0;0.0704742818971276
S001;789;F26->delta;0;0.0704742818971276
S001;817;F26->delta;0;0.01481828107939479
S001;819;F26->delta;0;0.01481828107939479
S001;887;F26->delta;0;0.03162055335968379
S001;888;F26->delta;0;0.03162055335968379
S001;948;F26->delta;0;0.0704742818971276
S001;949;F26->delta;0;0.0704742818971276
S001;989;F26->delta;0;0.6382070437566703
S001;991;F26->delta;0;0.31693989071038253
S001;1028;F26->delta;0;0.05278265029500877
S001;1030;F26->delta;0;0.05278265029500877
S001;1065;F26->delta;0;0.02838221381267739
S001;1066;F26->delta;0;0.02838221381267739
S001;1087;F26->delta;0;0.02838221381267739
S001;1088;F26->delta;0;0.02838221381267739
S001;1108;F26->delta;0;0.05278265029500877
S001;1109;F26->delta;0;0.05278265029500877
S001;1172;F26->delta;0;0.05278265029500877
S001;1173;F26->delta;0;0.05278265029500877
S001;1353;F26->delta;0;0.05278265029500877
S001;1354;F26->delta;0;0.05278265029500877
S002;34;F26->delta;1;0.11233108108108109
S002;37;F26->delta;1;0.23458971338829995
S002;61;F26->delta;1;0.46153846153846156
S002;62;F26->delta;1;0.5301204819277109
S002;103;F26->delta;1;0.7063492063492064
S002;107;F26->delta;1;0.8148148148148148
S002;118;F26->delta;0;0.46175637393767704
S002;119;F26->delta;0;0.31693989071038253
S002;144;F26->delta;1;0.11233108108108109
S002;146;F26->delta;1;0.11233108108108109
S002;192;F26->delta;0;0.0704742818971276
S002;194;F26->delta;0;0.0704742818971276
S002;273;F26->delta;0;0.0704742818971276
S002;277;F26->delta;0;0.0704742818971276
S002;342;F26->delta;1;0.691768826619965
S002;343;F26->delta;1;0.691768826619965
S002;415;F26->delta;0;0.676954732510288
S002;416;F26->delta;0;0.41830065359477125
S002;422;F26->delta;0;0.3646153846153846
S002;424;F26->delta;0;0.1956521739130435
S002;439;F26->delta;0;0.03162055335968379
S002;441;F26->delta;0;0.0704742818971276
S002;458;F26->delta;0;0.03162055335968379
S002;459;F26->delta;0;0.03162055335968379
S002;511;F26->delta;0;0.01481828107939479
S002;515;F26->delta;0;0.01481828107939479
S002;626;F26->delta;0;0.03162055335968379
S002;627;F26->delta;0;0.03162055335968379
S002;651;F26->delta;0;0.03162055335968379
S002;652;F26->delta;0;0.03162055335968379
S002;721;F26->delta;0;0.20667425104285173
S002;725;F26->delta;0;0.5633344187561055
S002;833;F26->delta;0;0.23458971338829995
S002;836;F26->delta;0;0.11233108108108109
S002;925;F26->delta;0;0.02838221381267739
S002;928;F26->delta;0;0.02838221381267739
S002;934;F26->delta;1;0.05278265029500877
S002;937;F26->delta;1;0.05278265029500877
S002;1011;F26->delta;1;0.20667425104285173
S002;1012;F26->delta;1;0.20667425104285173
S002;1090;F26->delta;0;0.20667425104285173
S002;1092;F26->delta;0;0.20667425104285173
S002;1103;F26->delta;1;0.5633344187561055
S002;1106;F26->delta;1;0.20667425104285173
S002;1374;F26->delta;1;0.5305821665438467
S002;1377;F26->delta;1;0.8148148148148148
S003;246;F26->delta;0;0.11233108108108109
S003;247;F26->delta;0;0.11233108108108109
S003;384;F26->delta;0;0.05278265029500877
S003;385;F26->delta;0;0.05278265029500877
S003;405;F26->delta;0;0.11233108108108109
S003;406;F26->delta;0;0.11233108108108109
S003;431;F26->delta;0;0.5305821665438467
S003;433;F26->delta;0;0.23458971338829995
S003;577;F26->delta;1;0.6289156626506024
S003;579;F26->delta;1;0.6289156626506024
S003;609;F26->delta;0;0.3646153846153846
S003;613;F26->delta;0;0.3646153846153846
S003;619;F26->delta;0;0.5633344187561055
S003;621;F26->delta;0;0.5633344187561055
S003;695;F26->delta;0;0.7411273486430062
S003;697;F26->delta;0;0.691768826619965
S003;715;F26->delta;0;0.11233108108108109
S003;716;F26->delta;0;0.05278265029500877
S003;727;F26->delta;1;0.05278265029500877
S003;730;F26->delta;1;0.11233108108108109
S003;749;F26->delta;1;0.23458971338829995
S003;751;F26->delta;0;0.6031746031746031
S003;759;F26->delta;1;0.2526595744680851
S003;762;F26->delta;1;0.2526595744680851
S003;807;F26->delta;0;0.06417112299465241
S003;813;F26->delta;0;0.01481828107939479
S003;822;F26->delta;0;0.01481828107939479
S003;824;F26->delta;0;0.01481828107939479
S003;829;F26->delta;0;0.01481828107939479
S003;831;F26->delta;0;0.01481828107939479
S003;836;F26->delta;0;0.01481828107939479
S003;837;F26->delta;0;0.01481828107939479
S003;854;F26->delta;0;0.01481828107939479
S003;856;F26->delta;0;0.01481828107939479
S003;875;F26->delta;0;0.01481828107939479
S003;876;F26->delta;0;0.01481828107939479
S003;954;F26->delta;0;0.01481828107939479
S003;955;F26->delta;0;0.01481828107939479
S003;1018;F26->delta;0;0.0704742818971276
S003;1021;F26->delta;0;0.0704742818971276
S003;1065;F26->delta;1;0.01481828107939479
S003;1069;F26->delta;1;0.01481828107939479
S003;1104;F26->delta;0;0.02838221381267739
S003;1105;F26->delta;0;0.02838221381267739
S003;1131;F26->delta;0;0.11233108108108109
S003;1132;F26->delta;0;0.11233108108108109
S003;1165;F26->delta;0;0.02838221381267739
S003;1166;F26->delta;0;0.02838221381267739
S003;1178;F26->delta;0;0.02838221381267739
S003;1180;F26->delta;0;0.02838221381267739
S003;1336;F26->delta;0;0.11233108108108109
S003;1337;F26->delta;0;0.11233108108108109
S003;1355;F26->delta;0;0.11233108108108109
S003;1357;F26->delta;0;0.11233108108108109
S004;138;F26->delta;0;0.03162055335968379
S004;139;F26->delta;0;0.03162055335968379
S004;257;F26->delta;0;0.20667425104285173
S004;259;F26->delta;0;0.20667425104285173
S004;294;F26->delta;0;0.20667425104285173
S004;296;F26->delta;0;0.20667425104285173
S004;404;F26->delta;0;0.11233108108108109
S004;406;F26->delta;0;0.23458971338829995
S004;511;F26->delta;0;0.02838221381267739
S004;514;F26->delta;0;0.02838221381267739
S004;543;F26->delta;0;0.02838221381267739
S004;544;F26->delta;0;0.02838221381267739
S004;598;F26->delta;0;0.05278265029500877
S004;599;F26->delta;0;0.02838221381267739
S004;638;F26->delta;0;0.05278265029500877
S004;639;F26->delta;0;0.05278265029500877
S004;689;F26->delta;0;0.02838221381267739
S004;690;F26->delta;0;0.02838221381267739
S004;856;F26->delta;0;0.11233108108108109
S004;859;F26->delta;0;0.11233108108108109
S004;868;F26->delta;0;0.23458971338829995
S004;869;F26->delta;0;0.11233108108108109
S004;886;F26->delta;0;0.11233108108108109
S004;890;F26->delta;0;0.05278265029500877
S004;1060;F26->delta;0;0.11233108108108109
S004;1061;F26->delta;0;0.11233108108108109
S004;1069;F26->delta;0;0.11233108108108109
S004;1073;F26->delta;0;0.23458971338829995
S004;1110;F26->delta;0;0.11233108108108109
S004;1111;F26->delta;0;0.11233108108108109
S004;1175;F26->delta;0;0.02838221381267739
S004;1176;F26->delta;0;0.05278265029500877
S004;1338;F26->delta;0;0.05278265029500877
S004;1339;F26->delta;0;0.05278265029500877
S004;1367;F26->delta;0;0.05278265029500877
S004;1369;F26->delta;0;0.11233108108108109
S004;1374;F26->delta;0;0.11233108108108109
S004;1375;F26->delta;0;0.11233108108108109
S004;1391;F26->delta;0;0.05278265029500877
S004;1394;F26->delta;0;0.02838221381267739
S005;55;F26->delta;0;0.05278265029500877
S005;57;F26->delta;0;0.05278265029500877
S005;117;F26->delta;0;0.05278265029500877
S005;118;F26->delta;0;0.05278265029500877
S005;147;F26->delta;0;0.05278265029500877
S005;150;F26->delta;0;0.05278265029500877
S005;216;F26->delta;0;0.02838221381267739
S005;218;F26->delta;0;0.02838221381267739
S005;254;F26->delta;0;0.02838221381267739
S005;257;F26->delta;0;0.02838221381267739
S005;381;F26->delta;0;0.11233108108108109
S005;384;F26->delta;0;0.11233108108108109
S005;402;F26->delta;0;0.11233108108108109
S005;404;F26->delta;0;0.11233108108108109
S005;550;F26->delta;0;0.20667425104285173
S005;554;F26->delta;0;0.20667425104285173
S005;560;F26->delta;0;0.20667425104285173
S005;562;F26->delta;0;0.20667425104285173
S005;645;F26->delta;1;0.8148148148148148
S005;647;F26->delta;1;0.709375
S005;734;F26->delta;1;0.6289156626506024
S005;735;F26->delta;1;0.5633344187561055
S005;742;F26->delta;1;0.5633344187561055
S005;743;F26->delta;1;0.5633344187561055
S005;770;F26->delta;0;0.8148148148148148
S005;771;F26->delta;0;0.4
S005;807;F26->delta;1;0.20667425104285173
S005;808;F26->delta;1;0.20667425104285173
S005;925;F26->delta;0;0.23458971338829995
S005;930;F26->delta;0;0.23458971338829995
S006;72;F26->delta;0;0.01481828107939479
S006;74;F26->delta;0;0.01481828107939479
S006;152;F26->delta;0;0.03162055335968379
S006;153;F26->delta;0;0.03162055335968379
S006;159;F26->delta;0;0.03162055335968379
S006;160;F26->delta;0;0.03162055335968379
S006;242;F26->delta;0;0.5633344187561055
S006;243;F26->delta;0;0.5633344187561055
S006;270;F26->delta;0;0.5633344187561055
S006;271;F26->delta;0;0.5633344187561055
S006;299;F26->delta;0;0.5633344187561055
S006;301;F26->delta;0;0.5633344187561055
S006;306;F26->delta;0;0.5633344187561055
S006;307;F26->delta;0;0.5633344187561055
S006;349;F26->delta;0;0.20667425104285173
S006;352;F26->delta;0;0.0704742818971276
S006;362;F26->delta;0;0.20667425104285173
S006;364;F26->delta;0;0.20667425104285173
S006;499;F26->delta;0;0.6339563862928349
S006;500;F26->delta;0;0.6339563862928349
S006;591;F26->delta;0;0.01481828107939479
S006;593;F26->delta;0;0.03162055335968379
S006;611;F26->delta;0;0.01481828107939479
S006;614;F26->delta;0;0.01481828107939479
S006;875;F26->delta;1;0.21296296296296297
S006;876;F26->delta;1;0.05278265029500877
S006;954;F26->delta;0;0.02838221381267739
S006;955;F26->delta;0;0.02838221381267739
S006;999;F26->delta;0;0.05278265029500877
S006;1000;F26->delta;0;0.05278265029500877
S006;1015;F26->delta;0;0.11233108108108109
S006;1020;F26->delta;0;0.23458971338829995
S006;1065;F26->delta;0;0.05278265029500877
S006;1070;F26->delta;0;0.11233108108108109
S006;1091;F26->delta;0;0.23458971338829995
S006;1092;F26->delta;0;0.11233108108108109
S006;1126;F26->delta;1;0.7886740331491713
S006;1127;F26->delta;1;0.7411273486430062
S006;1154;F26->delta;1;0.6289156626506024
S006;1155;F26->delta;1;0.6289156626506024
S006;1189;F26->delta;1;0.31693989071038253
S006;1190;F26->delta;1;0.31693989071038253
S006;1333;F26->delta;0;0.20667425104285173
S006;1334;F26->delta;0;0.20667425104285173
S007;23;F26->delta;1;0.12626262626262627
S007;24;F26->delta;1;0.21296296296296297
S007;88;F26->delta;0;0.02838221381267739
S007;89;F26->delta;0;0.02838221381267739
S007;172;F26->delta;0;0.02838221381267739
S007;174;F26->delta;0;0.02838221381267739
S007;204;F26->delta;0;0.02838221381267739
S007;207;F26->delta;0;0.02838221381267739
S007;243;F26->delta;0;0.05278265029500877
S007;244;F26->delta;0;0.05278265029500877
S007;354;F26->delta;0;0.05278265029500877
S007;356;F26->delta;0;0.05278265029500877
S007;404;F26->delta;0;0.05278265029500877
S007;406;F26->delta;0;0.05278265029500877
S007;457;F26->delta;0;0.11233108108108109
S007;458;F26->delta;0;0.05278265029500877
S007;565;F26->delta;0;0.23458971338829995
S007;566;F26->delta;0;0.23458971338829995
S007;605;F26->delta;0;0.41830065359477125
S007;608;F26->delta;0;0.3646153846153846
S007;614;F26->delta;0;0.3646153846153846
S007;615;F26->delta;0;0.3646153846153846
S007;685;F26->delta;0;0.0704742818971276
S007;686;F26->delta;0;0.20667425104285173
S007;715;F26->delta;1;0.5633344187561055
S007;717;F26->delta;1;0.20667425104285173
S007;757;F26->delta;1;0.709375
S007;758;F26->delta;1;0.676954732510288
S007;764;F26->delta;1;0.6289156626506024
S007;765;F26->delta;1;0.7886740331491713
S007;817;F26->delta;0;0.41830065359477125
S007;818;F26->delta;0;0.6339563862928349
S007;856;F26->delta;0;0.01481828107939479
S007;859;F26->delta;0;0.01481828107939479
S007;880;F26->delta;0;0.20667425104285173
S007;881;F26->delta;0;0.20667425104285173
S007;890;F26->delta;0;0.20667425104285173
S007;891;F26->delta;0;0.20667425104285173
S007;899;F26->delta;0;0.0704742818971276
S007;900;F26->delta;0;0.0704742818971276
S007;989;F26->delta;0;0.03162055335968379
S007;990;F26->delta;0;0.03162055335968379
S007;1115;F26->delta;0;0.23458971338829995
S007;1116;F26->delta;0;0.23458971338829995
S007;1166;F26->delta;0;0.11233108108108109
S007;1168;F26->delta;0;0.23458971338829995
S007;1227;F26->delta;0;0.02838221381267739
S007;1228;F26->delta;0;0.02838221381267739
S007;1243;F26->delta;0;0.02838221381267739
S007;1244;F26->delta;0;0.02838221381267739
S007;1345;F26->delta;0;0.02838221381267739
S007;1346;F26->delta;0;0.05278265029500877
S008;55;F26->delta;0;0.05278265029500877
S008;61;F26->delta;0;0.02838221381267739
S008;151;F26->delta;0;0.02838221381267739
S008;154;F26->delta;0;0.02838221381267739
S008;181;F26->delta;0;0.02838221381267739
S008;183;F26->delta;0;0.02838221381267739
S008;194;F26->delta;0;0.02838221381267739
S008;197;F26->delta;0;0.02838221381267739
S008;236;F26->delta;0;0.05278265029500877
S008;238;F26->delta;0;0.05278265029500877
S008;296;F26->delta;0;0.11233108108108109
S008;297;F26->delta;0;0.11233108108108109
S008;355;F26->delta;1;0.6382070437566703
S008;356;F26->delta;1;0.5305821665438467
S008;390;F26->delta;0;0.5633344187561055
S008;392;F26->delta;0;0.20667425104285173
S008;429;F26->delta;0;0.20667425104285173
S008;430;F26->delta;0;0.20667425104285173
S008;497;F26->delta;1;0.8148148148148148
S008;498;F26->delta;1;0.7567567567567568
S008;532;F26->delta;1;0.5633344187561055
S008;534;F26->delta;1;0.5633344187561055
S008;581;F26->delta;0;0.31693989071038253
S008;584;F26->delta;0;0.6382070437566703
S008;656;F26->delta;0;0.05278265029500877
S008;657;F26->delta;0;0.05278265029500877
S008;681;F26->delta;0;0.02838221381267739
S008;683;F26->delta;0;0.02838221381267739
S008;696;F26->delta;0;0.02838221381267739
S008;698;F26->delta;0;0.05278265029500877
S008;850;F26->delta;0;0.23458971338829995
S008;854;F26->delta;0;0.11233108108108109
S008;902;F26->delta;0;0.11233108108108109
S008;905;F26->delta;0;0.11233108108108109
S008;1096;F26->delta;0;0.11233108108108109
S008;1097;F26->delta;0;0.11233108108108109
S008;1123;F26->delta;0;0.11233108108108109
S008;1124;F26->delta;0;0.11233108108108109
S008;1133;F26->delta;0;0.11233108108108109
S008;1134;F26->delta;0;0.11233108108108109
S008;1156;F26->delta;0;0.05278265029500877
S008;1157;F26->delta;0;0.05278265029500877
S008;1203;F26->delta;1;0.5305821665438467
S008;1204;F26->delta;1;0.5305821665438467
S008;1388;F26->delta;1;0.6235632183908046
S008;1389;F26->delta;1;0.6235632183908046
S008;1412;F26->delta;0;0.3646153846153846
S009;11;F26->delta;1;0.1956521739130435
S009;12;F26->delta;1;0.1956521739130435
S009;111;F26->delta;0;0.23458971338829995
S009;113;F26->delta;0;0.11233108108108109
S009;134;F26->delta;0;0.02838221381267739
S009;135;F26->delta;0;0.02838221381267739
S009;160;F26->delta;0;0.11233108108108109
S009;161;F26->delta;0;0.05278265029500877
S009;176;F26->delta;0;0.11233108108108109
S009;179;F26->delta;0;0.23458971338829995
S009;213;F26->delta;1;0.05278265029500877
S009;214;F26->delta;1;0.05278265029500877
S009;242;F26->delta;1;0.6289156626506024
S009;244;F26->delta;1;0.6289156626506024
S009;300;F26->delta;1;0.6289156626506024
S009;304;F26->delta;1;0.5633344187561055
S009;453;F26->delta;1;0.7886740331491713
S009;454;F26->delta;1;0.7411273486430062
S009;565;F26->delta;0;0.0704742818971276
S009;566;F26->delta;0;0.0704742818971276
S009;572;F26->delta;0;0.0704742818971276
S009;573;F26->delta;0;0.03162055335968379
S009;601;F26->delta;1;0.5633344187561055
S009;602;F26->delta;1;0.5633344187561055
S009;625;F26->delta;1;0.6382070437566703
S009;628;F26->delta;1;0.5305821665438467
S009;708;F26->delta;0;0.7063492063492064
S009;715;F26->delta;0;0.3341772151898734
S009;720;F26->delta;0;0.31693989071038253
S009;721;F26->delta;0;0.6382070437566703
S009;730;F26->delta;1;0.23458971338829995
S009;733;F26->delta;1;0.11233108108108109
S009;738;F26->delta;1;0.5305821665438467
S009;740;F26->delta;1;0.11233108108108109
S009;753;F26->delta;0;0.29411764705882354
S009;754;F26->delta;0;0.29411764705882354
S009;884;F26->delta;0;0.03162055335968379
S009;886;F26->delta;0;0.0704742818971276
S009;1024;F26->delta;0;0.0704742818971276
S009;1037;F26->delta;0;0.0704742818971276
S009;1177;F26->delta;1;0.20667425104285173
S009;1180;F26->delta;1;0.20667425104285173
S009;1245;F26->delta;1;0.6382070437566703
S009;1246;F26->delta;1;0.31693989071038253
S009;1382;F26->delta;0;0.31693989071038253
S009;1383;F26->delta;0;0.11233108108108109
S009;1396;F26->delta;0;0.11233108108108109
S009;1397;F26->delta;0;0.11233108108108109
S009;1408;F26->delta;0;0.23458971338829995
S010;20;F26->delta;0;0.11233108108108109
S010;21;F26->delta;0;0.05278265029500877
S010;37;F26->delta;0;0.02838221381267739
S010;38;F26->delta;0;0.02838221381267739
S010;136;F26->delta;0;0.05278265029500877
S010;137;F26->delta;0;0.05278265029500877
S010;213;F26->delta;0;0.02838221381267739
S010;215;F26->delta;0;0.02838221381267739
S010;220;F26->delta;0;0.05278265029500877
S010;221;F26->delta;0;0.05278265029500877
S010;258;F26->delta;0;0.23458971338829995
S010;259;F26->delta;0;0.23458971338829995
S010;406;F26->delta;0;0.03162055335968379
S010;413;F26->delta;0;0.03162055335968379
S010;418;F26->delta;0;0.01481828107939479
S010;423;F26->delta;0;0.03162055335968379
S010;461;F26->delta;0;0.01481828107939479
S010;465;F26->delta;0;0.03162055335968379
S010;502;F26->delta;0;0.03162055335968379
S010;503;F26->delta;0;0.03162055335968379
S010;518;F26->delta;0;0.03162055335968379
S010;520;F26->delta;0;0.03162055335968379
S010;562;F26->delta;0;0.01481828107939479
S010;564;F26->delta;0;0.01481828107939479
S010;592;F26->delta;0;0.01481828107939479
S010;593;F26->delta;0;0.01481828107939479
S010;600;F26->delta;0;0.03162055335968379
S010;605;F26->delta;0;0.03162055335968379
S010;626;F26->delta;0;0.03162055335968379
S010;627;F26->delta;0;0.03162055335968379
S010;724;F26->delta;0;0.20667425104285173
S010;727;F26->delta;0;0.20667425104285173
S010;776;F26->delta;0;0.3646153846153846
S010;778;F26->delta;0;0.1956521739130435
S010;811;F26->delta;0;0.0704742818971276
S010;812;F26->delta;0;0.0704742818971276
S010;842;F26->delta;0;0.01481828107939479
S010;844;F26->delta;0;0.01481828107939479
S010;976;F26->delta;0;0.03162055335968379
S010;977;F26->delta;0;0.03162055335968379
S010;986;F26->delta;0;0.03162055335968379
S010;987;F26->delta;0;0.03162055335968379
S010;1008;F26->delta;0;0.0704742818971276
S010;1009;F26->delta;0;0.0704742818971276
S010;1036;F26->delta;0;0.0704742818971276
S010;1038;F26->delta;0;0.0704742818971276
S010;1061;F26->delta;0;0.5633344187561055
S010;1062;F26->delta;0;0.20667425104285173
S010;1200;F26->delta;0;0.5305821665438467
S010;1204;F26->delta;0;0.5305821665438467
S011;32;F26->delta;1;0.02838221381267739
S011;33;F26->delta;1;0.02838221381267739
S011;43;F26->delta;1;0.5305821665438467
S011;48;F26->delta;1;0.23458971338829995
S011;116;F26->delta;1;0.23458971338829995
S011;121;F26->delta;1;0.8148148148148148
S011;153;F26->delta;1;0.3646153846153846
S011;154;F26->delta;1;0.3646153846153846
S011;179;F26->delta;0;0.6339563862928349
S011;180;F26->delta;0;0.6339563862928349
S011;303;F26->delta;0;0.05278265029500877
S011;304;F26->delta;0;0.05278265029500877
S011;313;F26->delta;0;0.05278265029500877
S011;314;F26->delta;0;0.05278265029500877
S011;432;F26->delta;1;0.6382070437566703
S011;435;F26->delta;1;0.6382070437566703
S011;484;F26->delta;1;0.709375
S011;485;F26->delta;1;0.5301204819277109
S011;562;F26->delta;0;0.02838221381267739
S011;565;F26->delta;0;0.02838221381267739
S011;578;F26->delta;0;0.02838221381267739
S011;579;F26->delta;0;0.02838221381267739
S011;615;F26->delta;0;0.02838221381267739
S011;616;F26->delta;0;0.02838221381267739
S011;691;F26->delta;0;0.05278265029500877
S011;693;F26->delta;0;0.05278265029500877
S011;780;F26->delta;1;0.8148148148148148
S011;781;F26->delta;1;0.7567567567567568
S011;871;F26->delta;0;0.05278265029500877
S011;872;F26->delta;0;0.05278265029500877
S011;1005;F26->delta;0;0.11233108108108109
S011;1007;F26->delta;0;0.11233108108108109
S011;1024;F26->delta;0;0.23458971338829995
S011;1025;F26->delta;0;0.5305821665438467
S011;1035;F26->delta;0;0.5305821665438467
S011;1041;F26->delta;0;0.5305821665438467
S011;1078;F26->delta;0;0.11233108108108109
S011;1080;F26->delta;0;0.11233108108108109
S011;1089;F26->delta;0;0.23458971338829995
S011;1093;F26->delta;0;0.23458971338829995
S011;1252;F26->delta;1;0.23458971338829995
S011;1253;F26->delta;1;0.23458971338829995
S011;1376;F26->delta;1;0.11233108108108109
S011;1377;F26->delta;1;0.11233108108108109
S012;94;F26->delta;0;0.02838221381267739
S012;95;F26->delta;0;0.02838221381267739
S012;122;F26->delta;0;0.02838221381267739
S012;125;F26->delta;0;0.02838221381267739
S012;188;F26->delta;0;0.05278265029500877
S012;192;F26->delta;0;0.05278265029500877
S012;381;F26->delta;0;0.5633344187561055
S012;382;F26->delta;0;0.20667425104285173
S012;427;F26->delta;0;0.01481828107939479
S012;430;F26->delta;0;0.01481828107939479
S012;521;F26->delta;0;0.0704742818971276
S012;523;F26->delta;0;0.0704742818971276
S012;536;F26->delta;0;0.0704742818971276
S012;539;F26->delta;0;0.20667425104285173
S012;751;F26->delta;0;0.6235632183908046
S012;753;F26->delta;0;0.6382070437566703
S012;829;F26->delta;1;0.7886740331491713
S012;831;F26->delta;0;0.6031746031746031
S012;1079;F26->delta;0;0.6289156626506024
S012;1080;F26->delta;0;0.6289156626506024
S012;1177;F26->delta;0;0.11233108108108109
S012;1179;F26->delta;0;0.11233108108108109
S012;1208;F26->delta;0;0.05278265029500877
S012;1210;F26->delta;0;0.11233108108108109
S012;1253;F26->delta;0;0.02838221381267739
S012;1254;F26->delta;0;0.02838221381267739
S012;1328;F26->delta;0;0.05278265029500877
S012;1331;F26->delta;0;0.11233108108108109
S012;1340;F26->delta;0;0.05278265029500877
S012;1341;F26->delta;0;0.05278265029500877
S013;59;F26->delta;0;0.02838221381267739
S013;61;F26->delta;0;0.02838221381267739
S013;101;F26->delta;0;0.02838221381267739
S013;103;F26->delta;0;0.02838221381267739
S013;140;F26->delta;0;0.02838221381267739
S013;142;F26->delta;0;0.05278265029500877
S013;147;F26->delta;0;0.05278265029500877
S013;152;F26->delta;0;0.05278265029500877
S013;346;F26->delta;0;0.23458971338829995
S013;348;F26->delta;0;0.11233108108108109
S013;428;F26->delta;0;0.02838221381267739
S013;429;F26->delta;0;0.05278265029500877
S013;447;F26->delta;0;0.11233108108108109
S013;449;F26->delta;0;0.05278265029500877
S013;543;F26->delta;1;0.8148148148148148
S013;545;F26->delta;1;0.7886740331491713
S013;550;F26->delta;1;0.7411273486430062
S013;551;F26->delta;1;0.7063492063492064
S013;570;F26->delta;0;0.3646153846153846
S013;572;F26->delta;0;0.0704742818971276
S013;705;F26->delta;0;0.01481828107939479
S013;706;F26->delta;0;0.01481828107939479
S013;732;F26->delta;0;0.01481828107939479
S013;734;F26->delta;0;0.01481828107939479
S013;766;F26->delta;0;0.03162055335968379
S013;767;F26->delta;0;0.03162055335968379
S013;914;F26->delta;0;0.03162055335968379
S013;915;F26->delta;0;0.03162055335968379
S013;948;F26->delta;0;0.0704742818971276
S013;950;F26->delta;0;0.0704742818971276
S013;979;F26->delta;0;0.0704742818971276
S013;986;F26->delta;0;0.0704742818971276
S013;1033;F26->delta;0;0.20667425104285173
S013;1035;F26->delta;0;0.20667425104285173
S013;1073;F26->delta;0;0.5633344187561055
S013;1075;F26->delta;1;0.5633344187561055
S013;1129;F26->delta;0;0.6382070437566703
S013;1130;F26->delta;0;0.6382070437566703
S013;1211;F26->delta;0;0.02838221381267739
S013;1216;F26->delta;0;0.02838221381267739
S013;1223;F26->delta;0;0.02838221381267739
S013;1227;F26->delta;0;0.02838221381267739
S013;1340;F26->delta;0;0.05278265029500877
S013;1342;F26->delta;0;0.05278265029500877
S014;70;F26->delta;1;0.0704742818971276
S014;71;F26->delta;1;0.0704742818971276
S014;113;F26->delta;1;0.41830065359477125
S014;114;F26->delta;1;0.41830065359477125
S014;128;F26->delta;1;0.6235632183908046
S014;129;F26->delta;1;0.6235632183908046
S014;220;F26->delta;0;0.01481828107939479
S014;224;F26->delta;0;0.01481828107939479
S014;290;F26->delta;0;0.0704742818971276
S014;291;F26->delta;0;0.0704742818971276
S014;345;F26->delta;0;0.0704742818971276
S014;347;F26->delta;0;0.20667425104285173
S014;387;F26->delta;0;0.01481828107939479
S014;388;F26->delta;0;0.03162055335968379
S014;394;F26->delta;0;0.03162055335968379
S014;398;F26->delta;0;0.03162055335968379
S014;427;F26->delta;0;0.0704742818971276
S014;429;F26->delta;0;0.0704742818971276
S014;455;F26->delta;1;0.5633344187561055
S014;456;F26->delta;1;0.20667425104285173
S014;604;F26->delta;0;0.31693989071038253
S014;605;F26->delta;0;0.31693989071038253
S014;615;F26->delta;0;0.11233108108108109
S014;617;F26->delta;0;0.11233108108108109
S014;630;F26->delta;0;0.5305821665438467
S014;631;F26->delta;0;0.5305821665438467
S014;647;F26->delta;0;0.23458971338829995
S014;648;F26->delta;0;0.23458971338829995
S014;654;F26->delta;0;0.23458971338829995
S014;656;F26->delta;0;0.11233108108108109
S014;683;F26->delta;1;0.23458971338829995
S014;684;F26->delta;1;0.23458971338829995
S014;703;F26->delta;1;0.76
S014;704;F26->delta;1;0.6031746031746031
S014;731;F26->delta;1;0.6339563862928349
S014;732;F26->delta;1;0.7886740331491713
S014;738;F26->delta;1;0.39655172413793105
S014;742;F26->delta;1;0.6382070437566703
S014;772;F26->delta;0;0.01481828107939479
S014;774;F26->delta;0;0.01481828107939479
S014;803;F26->delta;0;0.01481828107939479
S014;805;F26->delta;0;0.01481828107939479
S014;848;F26->delta;0;0.01481828107939479
S014;850;F26->delta;0;0.03162055335968379
S014;884;F26->delta;0;0.0704742818971276
S014;888;F26->delta;0;0.0704742818971276
S014;978;F26->delta;0;0.20667425104285173
S014;979;F26->delta;0;0.20667425104285173
S014;1139;F26->delta;1;0.5633344187561055
S014;1143;F26->delta;1;0.5633344187561055
S014;1203;F26->delta;1;0.691768826619965
S014;1204;F26->delta;1;0.691768826619965
S014;1368;F26->delta;0;0.20667425104285173
S014;1372;F26->delta;0;0.20667425104285173
S015;13;F26->delta;0;0.06417112299465241
S015;14;F26->delta;0;0.06417112299465241
S015;61;F26->delta;0;0.01481828107939479
S015;63;F26->delta;0;0.01481828107939479
S015;153;F26->delta;0;0.01481828107939479
S015;155;F26->delta;0;0.03162055335968379
S015;262;F26->delta;0;0.0704742818971276
S015;263;F26->delta;0;0.0704742818971276
S015;279;F26->delta;0;0.20667425104285173
S015;280;F26->delta;0;0.20667425104285173
S015;331;F26->delta;0;0.20667425104285173
S015;332;F26->delta;0;0.20667425104285173
S015;469;F26->delta;1;0.20667425104285173
S015;472;F26->delta;1;0.5633344187561055
S015;532;F26->delta;1;0.709375
S015;533;F26->delta;1;0.5301204819277109
S015;662;F26->delta;0;0.6289156626506024
S015;664;F26->delta;0;0.3646153846153846
S015;688;F26->delta;0;0.03162055335968379
S015;689;F26->delta;0;0.03162055335968379
S015;786;F26->delta;0;0.3341772151898734
S015;788;F26->delta;0;0.21296296296296297
S015;812;F26->delta;0;0.02838221381267739
S015;813;F26->delta;0;0.02838221381267739
S015;844;F26->delta;0;0.02838221381267739
S015;846;F26->delta;0;0.02838221381267739
S015;858;F26->delta;0;0.02838221381267739
S015;859;F26->delta;0;0.02838221381267739
S015;964;F26->delta;0;0.05278265029500877
S015;966;F26->delta;0;0.05278265029500877
S016;23;F26->delta;1;0.6289156626506024
S016;25;F26->delta;1;0.7886740331491713
S016;41;F26->delta;0;0.2526595744680851
S016;46;F26->delta;0;0.1956521739130435
S016;124;F26->delta;1;0.20667425104285173
S016;126;F26->delta;1;0.5633344187561055
S016;207;F26->delta;0;0.05278265029500877
S016;208;F26->delta;0;0.05278265029500877
S016;293;F26->delta;0;0.02838221381267739
S016;298;F26->delta;0;0.05278265029500877
S016;332;F26->delta;0;0.05278265029500877
S016;333;F26->delta;0;0.05278265029500877
S016;369;F26->delta;0;0.05278265029500877
S016;371;F26->delta;0;0.05278265029500877
S016;466;F26->delta;0;0.5305821665438467
S016;468;F26->delta;0;0.5305821665438467
S016;619;F26->delta;1;0.23458971338829995
S016;623;F26->delta;1;0.23458971338829995
S016;703;F26->delta;1;0.5633344187561055
S016;707;F26->delta;1;0.5633344187561055
S016;781;F26->delta;0;0.11233108108108109
S016;787;F26->delta;0;0.23458971338829995
S016;861;F26->delta;0;0.02838221381267739
S016;862;F26->delta;0;0.02838221381267739
S016;1082;F26->delta;0;0.03162055335968379
S016;1085;F26->delta;0;0.0704742818971276
S016;1157;F26->delta;0;0.0704742818971276
S016;1158;F26->delta;0;0.03162055335968379
S016;1213;F26->delta;0;0.0704742818971276
S016;1215;F26->delta;0;0.0704742818971276
S016;1342;F26->delta;0;0.0704742818971276
S016;1343;F26->delta;0;0.0704742818971276
S016;1359;F26->delta;0;0.0704742818971276
S016;1360;F26->delta;0;0.0704742818971276
S016;1380;F26->delta;0;0.0704742818971276
S016;1381;F26->delta;0;0.0704742818971276
S017;116;F26->delta;0;0.02838221381267739
S017;118;F26->delta;0;0.02838221381267739
S017;156;F26->delta;0;0.05278265029500877
S017;162;F26->delta;0;0.05278265029500877
S017;241;F26->delta;0;0.05278265029500877
S017;242;F26->delta;0;0.05278265029500877
S017;295;F26->delta;0;0.05278265029500877
S017;297;F26->delta;0;0.05278265029500877
S017;396;F26->delta;0;0.23458971338829995
S017;400;F26->delta;0;0.23458971338829995
S017;510;F26->delta;1;0.20667425104285173
S017;511;F26->delta;1;0.5633344187561055
S017;549;F26->delta;1;0.23458971338829995
S017;551;F26->delta;1;0.5305821665438467
S017;638;F26->delta;0;0.03162055335968379
S017;640;F26->delta;0;0.01481828107939479
S017;660;F26->delta;0;0.0704742818971276
S017;662;F26->delta;0;0.03162055335968379
S017;758;F26->delta;0;0.01481828107939479
S017;761;F26->delta;0;0.01481828107939479
S017;787;F26->delta;0;0.01481828107939479
S017;789;F26->delta;0;0.03162055335968379
S017;852;F26->delta;0;0.20667425104285173
S017;856;F26->delta;1;0.20667425104285173
S017;897;F26->delta;1;0.3646153846153846
S017;898;F26->delta;1;0.3646153846153846
S017;923;F26->delta;0;0.6235632183908046
S017;926;F26->delta;0;0.6382070437566703
S017;952;F26->delta;0;0.5305821665438467
S017;954;F26->delta;0;0.23458971338829995
S017;959;F26->delta;0;0.23458971338829995
S017;962;F26->delta;0;0.23458971338829995
S017;1025;F26->delta;0;0.5305821665438467
S017;1027;F26->delta;0;0.5305821665438467
S017;1056;F26->delta;0;0.23458971338829995
S017;1057;F26->delta;0;0.23458971338829995
S017;1066;F26->delta;0;0.23458971338829995
S017;1068;F26->delta;0;0.23458971338829995
S017;1094;F26->delta;0;0.11233108108108109
S017;1096;F26->delta;0;0.11233108108108109
S017;1138;F26->delta;0;0.02838221381267739
S017;1140;F26->delta;0;0.02838221381267739
S017;1207;F26->delta;0;0.05278265029500877
S017;1208;F26->delta;0;0.05278265029500877
S017;1360;F26->delta;0;0.05278265029500877
S017;1361;F26->delta;0;0.05278265029500877
S018;23;F26->delta;1;0.23458971338829995
S018;24;F26->delta;1;0.23458971338829995
S018;99;F26->delta;1;0.23458971338829995
S018;100;F26->delta;1;0.23458971338829995
S018;269;F26->delta;0;0.03162055335968379
S018;273;F26->delta;0;0.03162055335968379
S018;301;F26->delta;0;0.0704742818971276
S018;302;F26->delta;0;0.0704742818971276
S018;354;F26->delta;0;0.0704742818971276
S018;355;F26->delta;0;0.0704742818971276
S018;538;F26->delta;0;0.02838221381267739
S018;542;F26->delta;0;0.02838221381267739
S018;612;F26->delta;0;0.02838221381267739
S018;617;F26->delta;0;0.02838221381267739
S018;667;F26->delta;0;0.05278265029500877
S018;668;F26->delta;0;0.05278265029500877
S018;674;F26->delta;0;0.05278265029500877
S018;675;F26->delta;0;0.05278265029500877
S018;683;F26->delta;0;0.05278265029500877
S018;685;F26->delta;0;0.05278265029500877
S018;719;F26->delta;0;0.23458971338829995
S018;720;F26->delta;0;0.23458971338829995
S018;728;F26->delta;0;0.23458971338829995
S018;730;F26->delta;0;0.23458971338829995
S018;752;F26->delta;1;0.5305821665438467
S018;754;F26->delta;1;0.5305821665438467
S018;804;F26->delta;1;0.6382070437566703
S018;807;F26->delta;1;0.5305821665438467
S018;912;F26->delta;0;0.05278265029500877
S018;914;F26->delta;0;0.02838221381267739
S018;932;F26->delta;0;0.02838221381267739
S018;936;F26->delta;0;0.02838221381267739
S018;941;F26->delta;0;0.02838221381267739
S018;942;F26->delta;0;0.02838221381267739
S018;975;F26->delta;0;0.11233108108108109
S018;976;F26->delta;0;0.11233108108108109
S018;996;F26->delta;1;0.11233108108108109
S018;1000;F26->delta;1;0.5305821665438467
S018;1067;F26->delta;0;0.20667425104285173
S018;1068;F26->delta;0;0.20667425104285173
S018;1086;F26->delta;0;0.20667425104285173
S018;1087;F26->delta;0;0.20667425104285173
S018;1190;F26->delta;0;0.0704742818971276
S018;1193;F26->delta;0;0.0704742818971276
S018;1226;F26->delta;0;0.20667425104285173
S018;1228;F26->delta;0;0.20667425104285173
S018;1387;F26->delta;0;0.20667425104285173
S018;1391;F26->delta;0;0.20667425104285173
S019;35;F26->delta;1;0.5633344187561055
S019;38;F26->delta;1;0.20667425104285173
S019;167;F26->delta;0;0.21296296296296297
S019;171;F26->delta;0;0.02838221381267739
S019;306;F26->delta;1;0.23458971338829995
S019;308;F26->delta;1;0.23458971338829995
S019;424;F26->delta;0;0.01481828107939479
S019;425;F26->delta;0;0.01481828107939479
S019;489;F26->delta;0;0.03162055335968379
S019;490;F26->delta;0;0.03162055335968379
S019;760;F26->delta;0;0.01481828107939479
S019;761;F26->delta;0;0.03162055335968379
S019;831;F26->delta;0;0.01481828107939479
S019;833;F26->delta;0;0.01481828107939479
S019;839;F26->delta;0;0.01481828107939479
S019;840;F26->delta;0;0.01481828107939479
S019;887;F26->delta;0;0.03162055335968379
S019;893;F26->delta;0;0.03162055335968379
S019;937;F26->delta;0;0.03162055335968379
S019;939;F26->delta;0;0.01481828107939479
S019;944;F26->delta;0;0.03162055335968379
S019;947;F26->delta;0;0.03162055335968379
S019;977;F26->delta;0;0.03162055335968379
S019;979;F26->delta;0;0.03162055335968379
S019;1140;F26->delta;1;0.676954732510288
S019;1142;F26->delta;1;0.7886740331491713
S019;1216;F26->delta;0;0.11233108108108109
S019;1219;F26->delta;0;0.11233108108108109
S019;1251;F26->delta;0;0.23458971338829995
S019;1252;F26->delta;0;0.23458971338829995
S019;1355;F26->delta;0;0.23458971338829995
S019;1356;F26->delta;0;0.23458971338829995
S020;86;F26->delta;0;0.46175637393767704
S020;88;F26->delta;0;0.46175637393767704
S020;342;F26->delta;0;0.02838221381267739
S020;346;F26->delta;0;0.02838221381267739
S020;364;F26->delta;0;0.23458971338829995
S020;367;F26->delta;0;0.23458971338829995
S020;425;F26->delta;0;0.05278265029500877
S020;426;F26->delta;0;0.05278265029500877
S020;460;F26->delta;0;0.05278265029500877
S020;461;F26->delta;0;0.05278265029500877
S020;498;F26->delta;0;0.05278265029500877
S020;499;F26->delta;0;0.05278265029500877
S020;510;F26->delta;0;0.02838221381267739
S020;512;F26->delta;0;0.02838221381267739
S020;681;F26->delta;0;0.23458971338829995
S020;682;F26->delta;0;0.23458971338829995
S020;726;F26->delta;1;0.11233108108108109
S020;727;F26->delta;1;0.11233108108108109
S020;748;F26->delta;0;0.46175637393767704
S020;749;F26->delta;0;0.6235632183908046
S020;767;F26->delta;0;0.11233108108108109
S020;770;F26->delta;1;0.23458971338829995
S020;878;F26->delta;1;0.13559322033898305
S020;879;F26->delta;1;0.3181818181818182
S020;910;F26->delta;1;0.31693989071038253
S020;913;F26->delta;1;0.23458971338829995
S020;935;F26->delta;0;0.7567567567567568
S020;937;F26->delta;0;0.5301204819277109
S020;1010;F26->delta;1;0.20667425104285173
S020;1011;F26->delta;1;0.20667425104285173
S020;1067;F26->delta;1;0.7411273486430062
S020;1069;F26->delta;1;0.691768826619965
S020;1074;F26->delta;1;0.7411273486430062
S020;1076;F26->delta;1;0.691768826619965
S020;1180;F26->delta;1;0.5305821665438467
S020;1181;F26->delta;1;0.5305821665438467
S020;1191;F26->delta;0;0.6339563862928349
S020;1195;F26->delta;0;0.3646153846153846
S021;82;F26->delta;0;0.05278265029500877
S021;83;F26->delta;0;0.05278265029500877
S021;168;F26->delta;0;0.11233108108108109
S021;171;F26->delta;0;0.11233108108108109
S021;176;F26->delta;0;0.11233108108108109
S021;178;F26->delta;0;0.11233108108108109
S021;203;F26->delta;0;0.05278265029500877
S021;206;F26->delta;0;0.05278265029500877
S021;231;F26->delta;0;0.05278265029500877
S021;232;F26->delta;0;0.05278265029500877
S021;246;F26->delta;0;0.05278265029500877
S021;248;F26->delta;0;0.05278265029500877
S021;256;F26->delta;0;0.05278265029500877
S021;257;F26->delta;0;0.05278265029500877
S021;294;F26->delta;0;0.05278265029500877
S021;295;F26->delta;0;0.05278265029500877
S021;374;F26->delta;0;0.05278265029500877
S021;376;F26->delta;0;0.05278265029500877
S021;414;F26->delta;0;0.11233108108108109
S021;415;F26->delta;0;0.11233108108108109
S021;548;F26->delta;0;0.03162055335968379
S021;551;F26->delta;0;0.03162055335968379
S021;598;F26->delta;0;0.20667425104285173
S021;599;F26->delta;0;0.20667425104285173
S021;604;F26->delta;0;0.0704742818971276
S021;606;F26->delta;0;0.20667425104285173
S021;616;F26->delta;1;0.20667425104285173
S021;617;F26->delta;1;0.20667425104285173
S021;692;F26->delta;1;0.7567567567567568
S021;694;F26->delta;1;0.5301204819277109
S021;726;F26->delta;0;0.23458971338829995
S021;727;F26->delta;0;0.11233108108108109
S021;767;F26->delta;1;0.8148148148148148
S021;771;F26->delta;1;0.676954732510288
S021;836;F26->delta;0;0.05278265029500877
S021;838;F26->delta;0;0.02838221381267739
S021;854;F26->delta;0;0.02838221381267739
S021;855;F26->delta;0;0.02838221381267739
S021;876;F26->delta;0;0.02838221381267739
S021;880;F26->delta;0;0.02838221381267739
S021;1030;F26->delta;0;0.05278265029500877
S021;1031;F26->delta;0;0.05278265029500877
S021;1036;F26->delta;0;0.05278265029500877
S021;1037;F26->delta;0;0.05278265029500877
S021;1044;F26->delta;0;0.05278265029500877
S021;1045;F26->delta;0;0.05278265029500877
S021;1065;F26->delta;0;0.11233108108108109
S021;1072;F26->delta;0;0.05278265029500877
S021;1134;F26->delta;0;0.23458971338829995
S021;1137;F26->delta;0;0.23458971338829995
S021;1147;F26->delta;0;0.23458971338829995
S021;1149;F26->delta;0;0.23458971338829995
S021;1246;F26->delta;1;0.23458971338829995
S021;1247;F26->delta;1;0.23458971338829995
S021;1341;F26->delta;0;0.6339563862928349
S021;1343;F26->delta;0;0.6289156626506024
S021;1353;F26->delta;1;0.5633344187561055
S021;1354;F26->delta;1;0.5633344187561055
S021;1376;F26->delta;1;0.7411273486430062
S021;1378;F26->delta;1;0.691768826619965
S022;44;F26->delta;1;0.2526595744680851
S022;45;F26->delta;1;0.1956521739130435
S022;194;F26->delta;0;0.01481828107939479
S022;195;F26->delta;0;0.01481828107939479
S022;210;F26->delta;0;0.01481828107939479
S022;213;F26->delta;0;0.01481828107939479
S022;262;F26->delta;0;0.03162055335968379
S022;265;F26->delta;0;0.03162055335968379
S022;307;F26->delta;0;0.03162055335968379
S022;310;F26->delta;0;0.03162055335968379
S022;394;F26->delta;0;0.0704742818971276
S022;396;F26->delta;0;0.0704742818971276
S022;403;F26->delta;0;0.0704742818971276
S022;404;F26->delta;0;0.0704742818971276
S022;419;F26->delta;0;0.0704742818971276
S022;422;F26->delta;0;0.20667425104285173
S022;459;F26->delta;0;0.0704742818971276
S022;460;F26->delta;0;0.0704742818971276
S022;511;F26->delta;1;0.6289156626506024
S022;512;F26->delta;1;0.6289156626506024
S022;529;F26->delta;1;0.7411273486430062
S022;531;F26->delta;1;0.691768826619965
S022;579;F26->delta;1;0.11233108108108109
S022;580;F26->delta;1;0.23458971338829995
S022;665;F26->delta;1;0.6235632183908046
S022;667;F26->delta;1;0.46175637393767704
S022;779;F26->delta;0;0.01481828107939479
S022;783;F26->delta;0;0.01481828107939479
S022;845;F26->delta;0;0.03162055335968379
S022;846;F26->delta;0;0.03162055335968379
S022;886;F26->delta;0;0.03162055335968379
S022;888;F26->delta;0;0.03162055335968379
S022;958;F26->delta;0;0.20667425104285173
S022;959;F26->delta;0;0.20667425104285173
S022;966;F26->delta;0;0.5633344187561055
S022;971;F26->delta;0;0.5633344187561055
S022;989;F26->delta;0;0.5633344187561055
S022;995;F26->delta;0;0.5633344187561055
S022;1049;F26->delta;1;0.6339563862928349
S022;1051;F26->delta;1;0.6339563862928349
S022;1060;F26->delta;1;0.6289156626506024
S022;1062;F26->delta;1;0.7411273486430062
S022;1093;F26->delta;0;0.6382070437566703
S022;1095;F26->delta;0;0.6382070437566703
S022;1113;F26->delta;0;0.23458971338829995
S022;1114;F26->delta;0;0.23458971338829995
S022;1142;F26->delta;0;0.11233108108108109
S022;1143;F26->delta;0;0.23458971338829995
S022;1199;F26->delta;0;0.11233108108108109
S022;1200;F26->delta;0;0.11233108108108109
S022;1320;F26->delta;0;0.11233108108108109
S022;1323;F26->delta;0;0.11233108108108109
S022;1333;F26->delta;0;0.11233108108108109
S022;1334;F26->delta;0;0.11233108108108109
S022;1361;F26->delta;0;0.11233108108108109
S022;1363;F26->delta;0;0.11233108108108109
S023;21;F26->delta;1;0.6382070437566703
S023;23;F26->delta;1;0.8148148148148148
S023;68;F26->delta;1;0.0704742818971276
S023;74;F26->delta;1;0.5633344187561055
S023;187;F26->delta;0;0.02838221381267739
S023;188;F26->delta;0;0.02838221381267739
S023;281;F26->delta;0;0.05278265029500877
S023;285;F26->delta;0;0.05278265029500877
S023;362;F26->delta;0;0.23458971338829995
S023;365;F26->delta;0;0.11233108108108109
S023;412;F26->delta;0;0.23458971338829995
S023;413;F26->delta;0;0.23458971338829995
S023;462;F26->delta;0;0.05278265029500877
S023;470;F26->delta;0;0.11233108108108109
S023;481;F26->delta;0;0.05278265029500877
S023;482;F26->delta;0;0.11233108108108109
S023;503;F26->delta;0;0.05278265029500877
S023;505;F26->delta;0;0.11233108108108109
S023;526;F26->delta;1;0.5305821665438467
S023;528;F26->delta;1;0.5305821665438467
S023;657;F26->delta;1;0.7063492063492064
S023;664;F26->delta;0;0.676954732510288
S023;680;F26->delta;0;0.5633344187561055
S023;681;F26->delta;0;0.5633344187561055
S023;744;F26->delta;0;0.01481828107939479
S023;746;F26->delta;0;0.01481828107939479
S023;799;F26->delta;0;0.01481828107939479
S023;801;F26->delta;0;0.01481828107939479
S023;812;F26->delta;0;0.01481828107939479
S023;813;F26->delta;0;0.01481828107939479
S023;824;F26->delta;0;0.01481828107939479
S023;825;F26->delta;0;0.03162055335968379
S023;872;F26->delta;0;0.03162055335968379
S023;873;F26->delta;0;0.03162055335968379
S023;930;F26->delta;0;0.6339563862928349
S023;931;F26->delta;0;0.6339563862928349
S023;938;F26->delta;1;0.6289156626506024
S023;940;F26->delta;1;0.6289156626506024
S023;1057;F26->delta;0;0.36936936936936937
S023;1058;F26->delta;0;0.2526595744680851
S023;1093;F26->delta;0;0.03162055335968379
S023;1094;F26->delta;0;0.03162055335968379
S023;1147;F26->delta;1;0.20667425104285173
S023;1148;F26->delta;1;0.5633344187561055
S023;1155;F26->delta;1;0.20667425104285173
S023;1156;F26->delta;1;0.5633344187561055
S023;1220;F26->delta;0;0.20667425104285173
S023;1221;F26->delta;0;0.20667425104285173
S023;1248;F26->delta;0;0.20667425104285173
S023;1252;F26->delta;0;0.20667425104285173
S023;1328;F26->delta;0;0.20667425104285173
S023;1329;F26->delta;0;0.20667425104285173
S023;1351;F26->delta;0;0.20667425104285173
S023;1353;F26->delta;0;0.20667425104285173
S023;1363;F26->delta;0;0.20667425104285173
S023;1364;F26->delta;0;0.20667425104285173
S023;1401;F26->delta;0;0.5633344187561055
S023;1403;F26->delta;0;0.5633344187561055
S024;7;F26->delta;1;0.6339563862928349
S024;8;F26->delta;1;0.7886740331491713
S024;52;F26->delta;1;0.6339563862928349
S024;53;F26->delta;0;0.7886740331491713
S024;100;F26->delta;0;0.02838221381267739
S024;103;F26->delta;0;0.02838221381267739
S024;108;F26->delta;0;0.02838221381267739
S024;110;F26->delta;0;0.02838221381267739
S024;121;F26->delta;0;0.02838221381267739
S024;122;F26->delta;0;0.02838221381267739
S024;130;F26->delta;0;0.02838221381267739
S024;132;F26->delta;0;0.02838221381267739
S024;183;F26->delta;0;0.02838221381267739
S024;184;F26->delta;0;0.02838221381267739
S024;247;F26->delta;0;0.11233108108108109
S024;249;F26->delta;0;0.05278265029500877
S024;291;F26->delta;0;0.11233108108108109
S024;302;F26->delta;0;0.11233108108108109
S024;463;F26->delta;1;0.11233108108108109
S024;464;F26->delta;1;0.11233108108108109
S024;521;F26->delta;0;0.6289156626506024
S024;525;F26->delta;0;0.20667425104285173
S024;532;F26->delta;0;0.0704742818971276
S024;533;F26->delta;0;0.0704742818971276
S024;543;F26->delta;0;0.03162055335968379
S024;544;F26->delta;0;0.03162055335968379
S024;549;F26->delta;0;0.03162055335968379
S024;552;F26->delta;0;0.03162055335968379
S024;647;F26->delta;1;0.5633344187561055
S024;655;F26->delta;1;0.8148148148148148
S024;771;F26->delta;0;0.02838221381267739
S024;773;F26->delta;0;0.02838221381267739
S024;787;F26->delta;0;0.02838221381267739
S024;788;F26->delta;0;0.02838221381267739
S024;884;F26->delta;0;0.11233108108108109
S024;888;F26->delta;0;0.11233108108108109
S024;911;F26->delta;0;0.05278265029500877
S024;913;F26->delta;0;0.05278265029500877
S024;989;F26->delta;0;0.05278265029500877
S024;990;F26->delta;0;0.05278265029500877
S024;1009;F26->delta;0;0.11233108108108109
S024;1011;F26->delta;0;0.23458971338829995
S024;1016;F26->delta;0;0.23458971338829995
S024;1017;F26->delta;0;0.23458971338829995
S024;1039;F26->delta;0;0.11233108108108109
S024;1040;F26->delta;0;0.11233108108108109
S024;1080;F26->delta;0;0.11233108108108109
S024;1081;F26->delta;0;0.11233108108108109
S024;1142;F26->delta;0;0.23458971338829995
S024;1145;F26->delta;0;0.23458971338829995
S024;1371;F26->delta;0;0.11233108108108109
S024;1372;F26->delta;0;0.11233108108108109
S025;67;F26->delta;0;0.01481828107939479
S025;69;F26->delta;0;0.01481828107939479
S025;76;F26->delta;0;0.01481828107939479
S025;77;F26->delta;0;0.01481828107939479
S025;166;F26->delta;1;0.31693989071038253
S025;169;F26->delta;1;0.31693989071038253
S025;193;F26->delta;0;0.1956521739130435
S025;196;F26->delta;0;0.06417112299465241
S025;220;F26->delta;0;0.01481828107939479
S025;221;F26->delta;0;0.01481828107939479
S025;245;F26->delta;0;0.0704742818971276
S025;249;F26->delta;0;0.20667425104285173
S025;256;F26->delta;1;0.20667425104285173
S025;258;F26->delta;1;0.20667425104285173
S025;333;F26->delta;1;0.7886740331491713
S025;334;F26->delta;1;0.7411273486430062
S025;387;F26->delta;0;0.01481828107939479
S025;388;F26->delta;0;0.01481828107939479
S025;488;F26->delta;0;0.0704742818971276
S025;489;F26->delta;0;0.0704742818971276
S025;622;F26->delta;0;0.20667425104285173
S025;624;F26->delta;1;0.5633344187561055
S025;698;F26->delta;1;0.6235632183908046
S025;699;F26->delta;1;0.6235632183908046
S025;902;F26->delta;0;0.0704742818971276
S025;904;F26->delta;0;0.01481828107939479
S025;957;F26->delta;0;0.01481828107939479
S025;959;F26->delta;0;0.01481828107939479
S025;978;F26->delta;0;0.01481828107939479
S025;981;F26->delta;0;0.01481828107939479
S025;1062;F26->delta;0;0.20667425104285173
S025;1063;F26->delta;0;0.20667425104285173
S026;18;F26->delta;1;0.3341772151898734
S026;20;F26->delta;1;0.23458971338829995
S026;180;F26->delta;0;0.01481828107939479
S026;182;F26->delta;0;0.01481828107939479
S026;411;F26->delta;0;0.23458971338829995
S026;412;F26->delta;0;0.23458971338829995
S026;434;F26->delta;1;0.23458971338829995
S026;435;F26->delta;1;0.23458971338829995
S026;447;F26->delta;1;0.11233108108108109
S026;449;F26->delta;1;0.23458971338829995
S026;465;F26->delta;0;0.2526595744680851
S026;466;F26->delta;0;0.2526595744680851
S026;481;F26->delta;0;0.0704742818971276
S026;483;F26->delta;0;0.03162055335968379
S026;580;F26->delta;0;0.6339563862928349
S026;582;F26->delta;0;0.3646153846153846
S026;620;F26->delta;0;0.20667425104285173
S026;624;F26->delta;0;0.20667425104285173
S026;630;F26->delta;0;0.20667425104285173
S026;633;F26->delta;0;0.0704742818971276
S026;641;F26->delta;0;0.20667425104285173
S026;642;F26->delta;0;0.20667425104285173
S026;711;F26->delta;1;0.03162055335968379
S026;714;F26->delta;1;0.03162055335968379
S026;777;F26->delta;0;0.11233108108108109
S026;779;F26->delta;0;0.11233108108108109
S026;858;F26->delta;0;0.02838221381267739
S026;862;F26->delta;0;0.02838221381267739
S026;930;F26->delta;0;0.7886740331491713
S026;931;F26->delta;0;0.7411273486430062
S026;956;F26->delta;1;0.5305821665438467
S026;957;F26->delta;1;0.5305821665438467
S026;991;F26->delta;0;0.23458971338829995
S026;992;F26->delta;0;0.23458971338829995
S026;1005;F26->delta;0;0.11233108108108109
S026;1010;F26->delta;0;0.11233108108108109
S026;1077;F26->delta;0;0.11233108108108109
S026;1080;F26->delta;0;0.23458971338829995
S026;1171;F26->delta;1;0.4444444444444444
S026;1172;F26->delta;1;0.29411764705882354
S026;1199;F26->delta;0;0.5136986301369864
S026;1202;F26->delta;0;0.6235632183908046
S026;1226;F26->delta;0;0.5305821665438467
S026;1227;F26->delta;0;0.5305821665438467
S026;1339;F26->delta;1;0.31693989071038253
S026;1340;F26->delta;1;0.3341772151898734
S026;1410;F26->delta;1;0.05278265029500877
S027;21;F26->delta;0;0.06417112299465241
S027;24;F26->delta;0;0.06417112299465241
S027;54;F26->delta;0;0.01481828107939479
S027;55;F26->delta;0;0.01481828107939479
S027;97;F26->delta;0;0.01481828107939479
S027;98;F26->delta;0;0.01481828107939479
S027;123;F26->delta;0;0.03162055335968379
S027;126;F26->delta;0;0.03162055335968379
S027;349;F26->delta;0;0.01481828107939479
S027;350;F26->delta;0;0.01481828107939479
S027;402;F26->delta;0;0.01481828107939479
S027;406;F26->delta;0;0.01481828107939479
S027;416;F26->delta;0;0.01481828107939479
S027;418;F26->delta;0;0.01481828107939479
S027;559;F26->delta;0;0.20667425104285173
S027;560;F26->delta;0;0.20667425104285173
S027;599;F26->delta;0;0.20667425104285173
S027;601;F26->delta;0;0.20667425104285173
S027;645;F26->delta;1;0.20667425104285173
S027;647;F26->delta;1;0.5633344187561055
S027;924;F26->delta;0;0.01481828107939479
S027;926;F26->delta;0;0.01481828107939479
S027;937;F26->delta;0;0.01481828107939479
S027;938;F26->delta;0;0.01481828107939479
S027;1218;F26->delta;0;0.0704742818971276
S027;1220;F26->delta;0;0.0704742818971276
S027;1384;F26->delta;0;0.20667425104285173
S027;1387;F26->delta;0;0.20667425104285173
S027;1397;F26->delta;0;0.20667425104285173
S027;1399;F26->delta;0;0.20667425104285173
S028;54;F26->delta;0;0.01481828107939479
S028;58;F26->delta;0;0.01481828107939479
S028;157;F26->delta;0;0.01481828107939479
S028;158;F26->delta;0;0.01481828107939479
S028;197;F26->delta;0;0.01481828107939479
S028;200;F26->delta;0;0.01481828107939479
S028;346;F26->delta;0;0.0704742818971276
S028;347;F26->delta;0;0.0704742818971276
S028;406;F26->delta;0;0.7886740331491713
S028;409;F26->delta;0;0.691768826619965
S028;529;F26->delta;0;0.05278265029500877
S028;532;F26->delta;0;0.11233108108108109
S028;616;F26->delta;0;0.23458971338829995
S028;618;F26->delta;0;0.23458971338829995
S028;623;F26->delta;0;0.5305821665438467
S028;626;F26->delta;0;0.5305821665438467
S028;726;F26->delta;0;0.2526595744680851
S028;727;F26->delta;0;0.3646153846153846
S028;774;F26->delta;1;0.6235632183908046
S028;776;F26->delta;1;0.3181818181818182
S028;783;F26->delta;1;0.6382070437566703
S028;789;F26->delta;0;0.6031746031746031
S028;823;F26->delta;0;0.01481828107939479
S028;826;F26->delta;0;0.01481828107939479
S028;1122;F26->delta;0;0.23458971338829995
S028;1126;F26->delta;0;0.5305821665438467
S028;1180;F26->delta;0;0.23458971338829995
S028;1185;F26->delta;0;0.11233108108108109
S028;1332;F26->delta;0;0.02838221381267739
S028;1334;F26->delta;0;0.02838221381267739
S028;1408;F26->delta;0;0.05278265029500877
S028;1409;F26->delta;0;0.05278265029500877
S029;45;F26->delta;1;0.5305821665438467
S029;47;F26->delta;1;0.23458971338829995
S029;70;F26->delta;1;0.7567567567567568
S029;72;F26->delta;1;0.5301204819277109
S029;106;F26->delta;0;0.21296296296296297
S029;107;F26->delta;0;0.21296296296296297
S029;115;F26->delta;0;0.02838221381267739
S029;116;F26->delta;0;0.02838221381267739
S029;139;F26->delta;0;0.02838221381267739
S029;141;F26->delta;0;0.02838221381267739
S029;148;F26->delta;0;0.02838221381267739
S029;149;F26->delta;0;0.02838221381267739
S029;158;F26->delta;1;0.05278265029500877
S029;159;F26->delta;1;0.05278265029500877
S029;175;F26->delta;1;0.5305821665438467
S029;178;F26->delta;1;0.8148148148148148
S029;205;F26->delta;1;0.3646153846153846
S029;210;F26->delta;1;0.3646153846153846
S029;303;F26->delta;1;0.11233108108108109
S029;305;F26->delta;1;0.23458971338829995
S029;405;F26->delta;0;0.23458971338829995
S029;407;F26->delta;0;0.11233108108108109
S029;488;F26->delta;0;0.02838221381267739
S029;491;F26->delta;0;0.02838221381267739
S029;504;F26->delta;0;0.02838221381267739
S029;508;F26->delta;0;0.02838221381267739
S029;519;F26->delta;0;0.02838221381267739
S029;520;F26->delta;0;0.02838221381267739
S029;556;F26->delta;0;0.05278265029500877
S029;561;F26->delta;0;0.05278265029500877
S029;646;F26->delta;0;0.05278265029500877
S029;647;F26->delta;0;0.11233108108108109
S029;678;F26->delta;0;0.11233108108108109
S029;680;F26->delta;0;0.05278265029500877
S029;773;F26->delta;0;0.02838221381267739
S029;775;F26->delta;0;0.02838221381267739
S029;791;F26->delta;0;0.02838221381267739
S029;793;F26->delta;0;0.02838221381267739
S029;970;F26->delta;0;0.11233108108108109
S029;971;F26->delta;0;0.11233108108108109
S029;982;F26->delta;0;0.11233108108108109
S029;983;F26->delta;0;0.11233108108108109
S029;1008;F26->delta;0;0.11233108108108109
S029;1009;F26->delta;0;0.11233108108108109
S029;1019;F26->delta;0;0.23458971338829995
S029;1020;F26->delta;0;0.23458971338829995
S029;1026;F26->delta;0;0.23458971338829995
S029;1027;F26->delta;0;0.11233108108108109
S029;1065;F26->delta;0;0.11233108108108109
S029;1067;F26->delta;0;0.11233108108108109
S029;1082;F26->delta;0;0.11233108108108109
S029;1083;F26->delta;0;0.11233108108108109
S029;1189;F26->delta;1;0.23458971338829995
S029;1190;F26->delta;1;0.23458971338829995
S029;1249;F26->delta;1;0.5633344187561055
S029;1250;F26->delta;1;0.5633344187561055
S029;1322;F26->delta;0;0.6339563862928349
S029;1323;F26->delta;0;0.6339563862928349
S029;1350;F26->delta;0;0.5633344187561055
S029;1353;F26->delta;0;0.5633344187561055
S030;20;F26->delta;1;0.21296296296296297
S030;21;F26->delta;1;0.3341772151898734
S030;33;F26->delta;1;0.5305821665438467
S030;35;F26->delta;1;0.23458971338829995
S030;54;F26->delta;1;0.3646153846153846
S030;55;F26->delta;1;0.20667425104285173
S030;60;F26->delta;0;0.7886740331491713
S030;61;F26->delta;0;0.7142857142857143
S030;109;F26->delta;1;0.6339563862928349
S030;110;F26->delta;0;0.7886740331491713
S030;132;F26->delta;1;0.11233108108108109
S030;134;F26->delta;1;0.23458971338829995
S030;222;F26->delta;0;0.02838221381267739
S030;227;F26->delta;0;0.02838221381267739
S030;248;F26->delta;0;0.02838221381267739
S030;251;F26->delta;0;0.02838221381267739
S030;367;F26->delta;1;0.11233108108108109
S030;369;F26->delta;1;0.11233108108108109
S030;421;F26->delta;0;0.7567567567567568
S030;424;F26->delta;0;0.676954732510288
S030;476;F26->delta;0;0.03162055335968379
S030;479;F26->delta;0;0.03162055335968379
S030;564;F26->delta;0;0.03162055335968379
S030;566;F26->delta;0;0.03162055335968379
S030;649;F26->delta;0;0.0704742818971276
S030;650;F26->delta;0;0.0704742818971276
S030;665;F26->delta;0;0.03162055335968379
S030;667;F26->delta;0;0.03162055335968379
S030;696;F26->delta;0;0.0704742818971276
S030;698;F26->delta;0;0.0704742818971276
S030;738;F26->delta;0;0.20667425104285173
S030;740;F26->delta;0;0.20667425104285173
S030;794;F26->delta;1;0.31693989071038253
S030;796;F26->delta;1;0.31693989071038253
S030;816;F26->delta;1;0.5305821665438467
S030;818;F26->delta;1;0.7567567567567568
S030;833;F26->delta;0;0.41830065359477125
S030;837;F26->delta;0;0.2526595744680851
S030;927;F26->delta;0;0.01481828107939479
S030;928;F26->delta;0;0.01481828107939479
S030;1003;F26->delta;0;0.20667425104285173
S030;1004;F26->delta;0;0.20667425104285173
S030;1046;F26->delta;0;0.20667425104285173
S030;1047;F26->delta;0;0.20667425104285173
S030;1114;F26->delta;0;0.11233108108108109
S030;1115;F26->delta;0;0.11233108108108109
S030;1183;F26->delta;0;0.23458971338829995
S030;1184;F26->delta;0;0.23458971338829995
S031;127;F26->delta;0;0.0704742818971276
S031;129;F26->delta;0;0.0704742818971276
S031;188;F26->delta;1;0.5633344187561055
S031;190;F26->delta;1;0.5633344187561055
S031;219;F26->delta;1;0.6339563862928349
S031;221;F26->delta;1;0.6289156626506024
S031;302;F26->delta;0;0.23458971338829995
S031;305;F26->delta;0;0.23458971338829995
S031;353;F26->delta;1;0.11233108108108109
S031;357;F26->delta;1;0.23458971338829995
S031;393;F26->delta;1;0.7411273486430062
S031;394;F26->delta;1;0.8148148148148148
S031;503;F26->delta;0;0.23458971338829995
S031;507;F26->delta;1;0.23458971338829995
S031;667;F26->delta;0;0.0704742818971276
S031;668;F26->delta;0;0.01481828107939479
S031;713;F26->delta;1;0.7886740331491713
S031;717;F26->delta;1;0.691768826619965
S031;765;F26->delta;0;0.05278265029500877
S031;769;F26->delta;0;0.02838221381267739
S031;783;F26->delta;0;0.02838221381267739
S031;784;F26->delta;0;0.02838221381267739
S031;897;F26->delta;0;0.02838221381267739
S031;899;F26->delta;0;0.05278265029500877
S031;983;F26->delta;1;0.5305821665438467
S031;984;F26->delta;1;0.23458971338829995
S031;1018;F26->delta;0;0.6382070437566703
S031;1019;F26->delta;0;0.6382070437566703
S031;1053;F26->delta;0;0.11233108108108109
S031;1054;F26->delta;0;0.11233108108108109
S031;1060;F26->delta;0;0.11233108108108109
S031;1061;F26->delta;0;0.11233108108108109
S031;1068;F26->delta;0;0.11233108108108109
S031;1069;F26->delta;0;0.23458971338829995
S031;1096;F26->delta;0;0.23458971338829995
S031;1097;F26->delta;0;0.23458971338829995
S031;1156;F26->delta;0;0.6289156626506024
S031;1158;F26->delta;0;0.3646153846153846
S031;1165;F26->delta;0;0.2526595744680851
S031;1166;F26->delta;0;0.0704742818971276
S032;121;F26->delta;0;0.02838221381267739
S032;123;F26->delta;0;0.02838221381267739
S032;128;F26->delta;0;0.02838221381267739
S032;129;F26->delta;0;0.02838221381267739
S032;171;F26->delta;0;0.05278265029500877
S032;172;F26->delta;0;0.02838221381267739
S032;194;F26->delta;0;0.05278265029500877
S032;196;F26->delta;0;0.05278265029500877
S032;259;F26->delta;0;0.11233108108108109
S032;265;F26->delta;0;0.11233108108108109
S032;298;F26->delta;0;0.11233108108108109
S032;299;F26->delta;0;0.11233108108108109
S032;308;F26->delta;0;0.11233108108108109
S032;309;F26->delta;0;0.11233108108108109
S032;337;F26->delta;0;0.05278265029500877
S032;340;F26->delta;0;0.05278265029500877
S032;398;F26->delta;1;0.5305821665438467
S032;399;F26->delta;1;0.5305821665438467
S032;475;F26->delta;1;0.5633344187561055
S032;476;F26->delta;1;0.5633344187561055
S032;497;F26->delta;1;0.709375
S032;498;F26->delta;1;0.5301204819277109
S032;512;F26->delta;0;0.7886740331491713
S032;513;F26->delta;0;0.509090909090909
S032;559;F26->delta;0;0.11233108108108109
S032;560;F26->delta;0;0.23458971338829995
S032;576;F26->delta;0;0.02838221381267739
S032;581;F26->delta;0;0.02838221381267739
S032;587;F26->delta;0;0.02838221381267739
S032;588;F26->delta;0;0.02838221381267739
S032;606;F26->delta;0;0.02838221381267739
S032;607;F26->delta;0;0.02838221381267739
S032;614;F26->delta;0;0.02838221381267739
S032;615;F26->delta;0;0.02838221381267739
S032;664;F26->delta;0;0.05278265029500877
S032;667;F26->delta;0;0.05278265029500877
S032;760;F26->delta;0;0.23458971338829995
S032;761;F26->delta;0;0.23458971338829995
S032;828;F26->delta;0;0.11233108108108109
S032;830;F26->delta;0;0.11233108108108109
S032;837;F26->delta;0;0.11233108108108109
S032;838;F26->delta;0;0.11233108108108109
S032;867;F26->delta;0;0.05278265029500877
S032;872;F26->delta;0;0.23458971338829995
S032;894;F26->delta;1;0.23458971338829995
S032;895;F26->delta;1;0.23458971338829995
S032;935;F26->delta;0;0.20667425104285173
S032;936;F26->delta;0;0.0704742818971276
S032;976;F26->delta;0;0.01481828107939479
S032;977;F26->delta;0;0.01481828107939479
S032;1002;F26->delta;0;0.03162055335968379
S032;1003;F26->delta;0;0.03162055335968379
S032;1039;F26->delta;1;0.20667425104285173
S032;1042;F26->delta;1;0.0704742818971276
S032;1155;F26->delta;0;0.11233108108108109
S032;1156;F26->delta;0;0.11233108108108109
S032;1199;F26->delta;0;0.23458971338829995
S032;1200;F26->delta;0;0.11233108108108109
S032;1241;F26->delta;0;0.5305821665438467
S032;1243;F26->delta;0;0.5305821665438467
S032;1333;F26->delta;0;0.23458971338829995
S032;1334;F26->delta;0;0.23458971338829995
S032;1386;F26->delta;0;0.05278265029500877
S032;1387;F26->delta;0;0.05278265029500877
S032;1409;F26->delta;0;0.05278265029500877
S032;1412;F26->delta;0;0.05278265029500877
S033;106;F26->delta;1;0.2526595744680851
S033;115;F26->delta;0;0.8148148148148148
S033;170;F26->delta;0;0.01481828107939479
S033;172;F26->delta;0;0.03162055335968379
S033;221;F26->delta;1;0.5633344187561055
S033;222;F26->delta;1;0.5633344187561055
S033;246;F26->delta;1;0.6382070437566703
S033;247;F26->delta;1;0.6382070437566703
S033;310;F26->delta;0;0.0704742818971276
S033;311;F26->delta;0;0.03162055335968379
S033;405;F26->delta;0;0.01481828107939479
S033;407;F26->delta;0;0.01481828107939479
S033;453;F26->delta;0;0.01481828107939479
S033;456;F26->delta;0;0.01481828107939479
S033;511;F26->delta;0;0.20667425104285173
S033;512;F26->delta;0;0.20667425104285173
S033;521;F26->delta;0;0.20667425104285173
S033;523;F26->delta;0;0.20667425104285173
S033;580;F26->delta;1;0.6382070437566703
S033;581;F26->delta;1;0.6382070437566703
S033;595;F26->delta;0;0.7886740331491713
S033;596;F26->delta;0;0.7411273486430062
S033;636;F26->delta;0;0.23458971338829995
S033;637;F26->delta;0;0.23458971338829995
S033;724;F26->delta;0;0.11233108108108109
S033;725;F26->delta;0;0.11233108108108109
S033;750;F26->delta;0;0.02838221381267739
S033;751;F26->delta;0;0.02838221381267739
S033;773;F26->delta;0;0.02838221381267739
S033;779;F26->delta;0;0.05278265029500877
S033;861;F26->delta;0;0.02838221381267739
S033;862;F26->delta;0;0.02838221381267739
S033;910;F26->delta;0;0.05278265029500877
S033;912;F26->delta;0;0.05278265029500877
S033;977;F26->delta;0;0.11233108108108109
S033;978;F26->delta;0;0.11233108108108109
S033;1029;F26->delta;0;0.01481828107939479
S033;1031;F26->delta;0;0.01481828107939479
S033;1128;F26->delta;0;0.01481828107939479
S033;1132;F26->delta;0;0.01481828107939479
S033;1221;F26->delta;0;0.5633344187561055
S033;1224;F26->delta;0;0.5633344187561055
S033;1246;F26->delta;0;0.0704742818971276
S033;1248;F26->delta;0;0.0704742818971276
S034;99;F26->delta;0;0.20667425104285173
S034;100;F26->delta;0;0.20667425104285173
S034;129;F26->delta;1;0.20667425104285173
S034;130;F26->delta;1;0.20667425104285173
S034;169;F26->delta;0;0.6382070437566703
S034;170;F26->delta;0;0.23458971338829995
S034;217;F26->delta;0;0.02838221381267739
S034;219;F26->delta;0;0.02838221381267739
S034;272;F26->delta;0;0.02838221381267739
S034;279;F26->delta;0;0.02838221381267739
S034;358;F26->delta;0;0.02838221381267739
S034;361;F26->delta;0;0.02838221381267739
S034;413;F26->delta;0;0.11233108108108109
S034;415;F26->delta;0;0.11233108108108109
S034;550;F26->delta;0;0.0704742818971276
S034;554;F26->delta;0;0.0704742818971276
S034;559;F26->delta;0;0.0704742818971276
S034;561;F26->delta;0;0.03162055335968379
S034;625;F26->delta;0;0.01481828107939479
S034;626;F26->delta;0;0.01481828107939479
S034;660;F26->delta;0;0.03162055335968379
S034;662;F26->delta;0;0.03162055335968379
S034;672;F26->delta;0;0.03162055335968379
S034;673;F26->delta;0;0.03162055335968379
S034;694;F26->delta;0;0.03162055335968379
S034;696;F26->delta;0;0.03162055335968379
S034;754;F26->delta;0;0.20667425104285173
S034;755;F26->delta;0;0.0704742818971276
S034;893;F26->delta;0;0.03162055335968379
S034;897;F26->delta;0;0.03162055335968379
S034;939;F26->delta;0;0.03162055335968379
S034;941;F26->delta;0;0.03162055335968379
S034;961;F26->delta;0;0.01481828107939479
S034;963;F26->delta;0;0.01481828107939479
S034;1029;F26->delta;0;0.0704742818971276
S034;1030;F26->delta;0;0.0704742818971276
S034;1094;F26->delta;0;0.20667425104285173
S034;1095;F26->delta;0;0.20667425104285173
S034;1147;F26->delta;0;0.20667425104285173
S034;1149;F26->delta;0;0.20667425104285173
S034;1182;F26->delta;0;0.0704742818971276
S034;1183;F26->delta;0;0.0704742818971276
S034;1236;F26->delta;1;0.5633344187561055
S034;1238;F26->delta;1;0.5633344187561055
S034;1351;F26->delta;0;0.5633344187561055
S034;1354;F26->delta;0;0.5633344187561055
S034;1367;F26->delta;1;0.20667425104285173
S034;1370;F26->delta;1;0.20667425104285173
S035;41;F26->delta;0;0.02838221381267739
S035;42;F26->delta;0;0.02838221381267739
S035;53;F26->delta;0;0.02838221381267739
S035;54;F26->delta;0;0.02838221381267739
S035;113;F26->delta;0;0.02838221381267739
S035;114;F26->delta;0;0.02838221381267739
S035;140;F26->delta;0;0.02838221381267739
S035;142;F26->delta;0;0.02838221381267739
S035;178;F26->delta;0;0.02838221381267739
S035;183;F26->delta;0;0.02838221381267739
S035;203;F26->delta;0;0.02838221381267739
S035;204;F26->delta;0;0.02838221381267739
S035;215;F26->delta;0;0.05278265029500877
S035;217;F26->delta;0;0.05278265029500877
S035;263;F26->delta;0;0.05278265029500877
S035;264;F26->delta;0;0.11233108108108109
S035;372;F26->delta;1;0.5305821665438467
S035;374;F26->delta;1;0.5305821665438467
S035;399;F26->delta;0;0.31693989071038253
S035;406;F26->delta;0;0.6382070437566703
S035;430;F26->delta;0;0.23458971338829995
S035;431;F26->delta;0;0.23458971338829995
S035;440;F26->delta;0;0.23458971338829995
S035;441;F26->delta;0;0.23458971338829995
S035;447;F26->delta;0;0.11233108108108109
S035;449;F26->delta;0;0.05278265029500877
S035;455;F26->delta;0;0.05278265029500877
S035;458;F26->delta;0;0.05278265029500877
S035;475;F26->delta;0;0.05278265029500877
S035;477;F26->delta;0;0.05278265029500877
S035;514;F26->delta;0;0.02838221381267739
S035;515;F26->delta;0;0.02838221381267739
S035;560;F26->delta;0;0.02838221381267739
S035;562;F26->delta;0;0.02838221381267739
S035;610;F26->delta;0;0.05278265029500877
S035;611;F26->delta;0;0.05278265029500877
S035;656;F26->delta;0;0.05278265029500877
S035;660;F26->delta;0;0.05278265029500877
S035;719;F26->delta;0;0.11233108108108109
S035;720;F26->delta;0;0.11233108108108109
S035;739;F26->delta;0;0.23458971338829995
S035;740;F26->delta;0;0.11233108108108109
S035;751;F26->delta;0;0.05278265029500877
S035;753;F26->delta;0;0.05278265029500877
S035;794;F26->delta;0;0.02838221381267739
S035;797;F26->delta;0;0.02838221381267739
S035;859;F26->delta;0;0.05278265029500877
S035;861;F26->delta;0;0.05278265029500877
S035;960;F26->delta;1;0.5305821665438467
S035;961;F26->delta;1;0.5305821665438467
S035;988;F26->delta;1;0.709375
S035;989;F26->delta;1;0.676954732510288
S035;996;F26->delta;1;0.6289156626506024
S035;999;F26->delta;1;0.6289156626506024
S035;1040;F26->delta;0;0.6339563862928349
S035;1041;F26->delta;0;0.6339563862928349
S035;1069;F26->delta;0;0.0704742818971276
S035;1071;F26->delta;0;0.0704742818971276
S036;149;F26->delta;1;0.7411273486430062
S036;150;F26->delta;1;0.8148148148148148
S036;165;F26->delta;1;0.7886740331491713
S036;167;F26->delta;0;0.7567567567567568
S036;193;F26->delta;0;0.20667425104285173
S036;195;F26->delta;0;0.5633344187561055
S036;269;F26->delta;0;0.20667425104285173
S036;270;F26->delta;0;0.0704742818971276
S036;276;F26->delta;1;0.0704742818971276
S036;277;F26->delta;1;0.20667425104285173
S036;359;F26->delta;0;0.36936936936936937
S036;364;F26->delta;0;0.3646153846153846
S036;375;F26->delta;1;0.20667425104285173
S036;376;F26->delta;1;0.20667425104285173
S036;454;F26->delta;1;0.5305821665438467
S036;455;F26->delta;1;0.5305821665438467
S036;493;F26->delta;1;0.8148148148148148
S036;494;F26->delta;1;0.7567567567567568
S036;526;F26->delta;0;0.23458971338829995
S036;529;F26->delta;0;0.23458971338829995
S036;565;F26->delta;0;0.02838221381267739
S036;566;F26->delta;0;0.02838221381267739
S036;620;F26->delta;0;0.11233108108108109
S036;624;F26->delta;0;0.05278265029500877
S036;630;F26->delta;0;0.05278265029500877
S036;631;F26->delta;0;0.05278265029500877
S036;658;F26->delta;0;0.02838221381267739
S036;661;F26->delta;0;0.02838221381267739
S036;670;F26->delta;0;0.05278265029500877
S036;671;F26->delta;0;0.05278265029500877
S036;715;F26->delta;1;0.6339563862928349
S036;716;F26->delta;1;0.6339563862928349
S036;728;F26->delta;1;0.5633344187561055
S036;729;F26->delta;1;0.5633344187561055
S036;787;F26->delta;0;0.02838221381267739
S036;788;F26->delta;0;0.02838221381267739
S036;866;F26->delta;0;0.05278265029500877
S036;867;F26->delta;0;0.05278265029500877
S036;921;F26->delta;0;0.11233108108108109
S036;922;F26->delta;0;0.11233108108108109
S036;971;F26->delta;0;0.11233108108108109
S036;977;F26->delta;0;0.23458971338829995
S036;999;F26->delta;0;0.23458971338829995
S036;1001;F26->delta;0;0.23458971338829995
S036;1047;F26->delta;0;0.23458971338829995
S036;1048;F26->delta;0;0.23458971338829995
S036;1062;F26->delta;0;0.23458971338829995
S036;1063;F26->delta;0;0.23458971338829995
S036;1084;F26->delta;0;0.11233108108108109
S036;1085;F26->delta;0;0.23458971338829995
S036;1147;F26->delta;0;0.03162055335968379
S036;1148;F26->delta;0;0.03162055335968379
S036;1180;F26->delta;0;0.01481828107939479
S036;1181;F26->delta;0;0.01481828107939479
S036;1247;F26->delta;0;0.01481828107939479
S036;1248;F26->delta;0;0.01481828107939479
S036;1324;F26->delta;0;0.03162055335968379
S036;1326;F26->delta;0;0.0704742818971276
S036;1333;F26->delta;0;0.0704742818971276
S036;1335;F26->delta;0;0.0704742818971276
S036;1364;F26->delta;0;0.0704742818971276
S036;1369;F26->delta;0;0.0704742818971276
S037;28;F26->delta;0;0.03162055335968379
S037;30;F26->delta;0;0.0704742818971276
S037;87;F26->delta;1;0.7411273486430062
S037;88;F26->delta;1;0.7063492063492064
S037;93;F26->delta;1;0.7886740331491713
S037;95;F26->delta;0;0.8148148148148148
S037;118;F26->delta;0;0.0704742818971276
S037;119;F26->delta;0;0.0704742818971276
S037;170;F26->delta;0;0.03162055335968379
S037;173;F26->delta;0;0.03162055335968379
S037;291;F26->delta;0;0.01481828107939479
S037;293;F26->delta;0;0.01481828107939479
S037;359;F26->delta;0;0.0704742818971276
S037;360;F26->delta;0;0.0704742818971276
S037;399;F26->delta;1;0.6235632183908046
S037;400;F26->delta;1;0.6382070437566703
S037;414;F26->delta;0;0.6289156626506024
S037;415;F26->delta;0;0.6289156626506024
S037;441;F26->delta;0;0.0704742818971276
S037;443;F26->delta;0;0.0704742818971276
S037;452;F26->delta;0;0.03162055335968379
S037;453;F26->delta;0;0.03162055335968379
S037;508;F26->delta;1;0.5633344187561055
S037;509;F26->delta;1;0.20667425104285173
S037;514;F26->delta;1;0.5633344187561055
S037;519;F26->delta;0;0.509090909090909
S037;541;F26->delta;0;0.05278265029500877
S037;543;F26->delta;0;0.02838221381267739
S037;746;F26->delta;0;0.0704742818971276
S037;750;F26->delta;0;0.01481828107939479
S037;760;F26->delta;0;0.01481828107939479
S037;761;F26->delta;0;0.01481828107939479
S037;927;F26->delta;0;0.20667425104285173
S037;928;F26->delta;0;0.20667425104285173
S037;952;F26->delta;0;0.03162055335968379
S037;955;F26->delta;0;0.03162055335968379
S037;1085;F26->delta;0;0.20667425104285173
S037;1086;F26->delta;0;0.20667425104285173
S037;1099;F26->delta;1;0.20667425104285173
S037;1104;F26->delta;1;0.20667425104285173
S037;1112;F26->delta;1;0.5633344187561055
S037;1114;F26->delta;1;0.5633344187561055
S037;1164;F26->delta;0;0.5136986301369864
S037;1167;F26->delta;0;0.46175637393767704
S037;1173;F26->delta;0;0.31693989071038253
S037;1174;F26->delta;0;0.31693989071038253
S037;1203;F26->delta;0;0.23458971338829995
S037;1204;F26->delta;0;0.23458971338829995
S037;1350;F26->delta;1;0.23458971338829995
S037;1352;F26->delta;1;0.23458971338829995
S038;6;F26->delta;0;0.39655172413793105
S038;57;F26->delta;1;0.6339563862928349
S038;58;F26->delta;1;0.6339563862928349
S038;83;F26->delta;0;0.2526595744680851
S038;85;F26->delta;0;0.20667425104285173
S038;124;F26->delta;0;0.01481828107939479
S038;125;F26->delta;0;0.01481828107939479
S038;146;F26->delta;0;0.01481828107939479
S038;147;F26->delta;0;0.01481828107939479
S038;205;F26->delta;0;0.01481828107939479
S038;208;F26->delta;0;0.01481828107939479
S038;227;F26->delta;0;0.01481828107939479
S038;229;F26->delta;0;0.01481828107939479
S038;239;F26->delta;0;0.03162055335968379
S038;241;F26->delta;0;0.01481828107939479
S038;257;F26->delta;0;0.01481828107939479
S038;259;F26->delta;0;0.01481828107939479
S038;356;F26->delta;0;0.01481828107939479
S038;359;F26->delta;0;0.03162055335968379
S038;382;F26->delta;0;0.03162055335968379
S038;387;F26->delta;0;0.03162055335968379
S038;567;F26->delta;0;0.5633344187561055
S038;571;F26->delta;1;0.5633344187561055
S038;593;F26->delta;1;0.5633344187561055
S038;594;F26->delta;1;0.5633344187561055
S038;665;F26->delta;0;0.3646153846153846
S038;667;F26->delta;0;0.3646153846153846
S038;679;F26->delta;0;0.0704742818971276
S038;682;F26->delta;0;0.0704742818971276
S038;710;F26->delta;0;0.01481828107939479
S038;711;F26->delta;0;0.01481828107939479
S038;799;F26->delta;0;0.0704742818971276
S038;800;F26->delta;0;0.03162055335968379
S038;831;F26->delta;0;0.0704742818971276
S038;832;F26->delta;0;0.03162055335968379
S038;881;F26->delta;0;0.01481828107939479
S038;883;F26->delta;0;0.01481828107939479
S038;1003;F26->delta;0;0.0704742818971276
S038;1004;F26->delta;0;0.0704742818971276
S038;1108;F26->delta;0;0.03162055335968379
S038;1109;F26->delta;0;0.03162055335968379
S038;1171;F26->delta;0;0.20667425104285173
S038;1174;F26->delta;0;0.20667425104285173
S038;1185;F26->delta;0;0.20667425104285173
S038;1186;F26->delta;0;0.20667425104285173
S038;1219;F26->delta;1;0.5633344187561055
S038;1220;F26->delta;1;0.5633344187561055
S039;110;F26->delta;0;0.01481828107939479
S039;111;F26->delta;0;0.01481828107939479
S039;253;F26->delta;0;0.5305821665438467
S039;258;F26->delta;0;0.5305821665438467
S039;313;F26->delta;0;0.11233108108108109
S039;318;F26->delta;0;0.11233108108108109
S039;564;F26->delta;0;0.01481828107939479
S039;565;F26->delta;0;0.03162055335968379
S039;597;F26->delta;0;0.0704742818971276
S039;598;F26->delta;0;0.0704742818971276
S039;606;F26->delta;0;0.20667425104285173
S039;608;F26->delta;0;0.20667425104285173
S039;617;F26->delta;0;0.20667425104285173
S039;619;F26->delta;0;0.20667425104285173
S039;738;F26->delta;1;0.05278265029500877
S039;740;F26->delta;1;0.5305821665438467
S039;759;F26->delta;1;0.41830065359477125
S039;763;F26->delta;1;0.6289156626506024
S039;777;F26->delta;0;0.12626262626262627
S039;778;F26->delta;0;0.12626262626262627
S039;842;F26->delta;1;0.6289156626506024
S039;844;F26->delta;1;0.6289156626506024
S039;873;F26->delta;1;0.676954732510288
S039;875;F26->delta;1;0.36936936936936937
S039;1101;F26->delta;0;0.5305821665438467
S039;1102;F26->delta;0;0.5305821665438467
S039;1108;F26->delta;0;0.5305821665438467
S039;1111;F26->delta;0;0.5305821665438467
S039;1240;F26->delta;0;0.11233108108108109
S039;1241;F26->delta;0;0.11233108108108109
S039;1354;F26->delta;0;0.5305821665438467
S039;1355;F26->delta;0;0.5305821665438467
S040;54;F26->delta;1;0.02838221381267739
S040;56;F26->delta;1;0.02838221381267739
S040;123;F26->delta;0;0.01481828107939479
S040;128;F26->delta;0;0.01481828107939479
S040;154;F26->delta;0;0.01481828107939479
S040;155;F26->delta;0;0.03162055335968379
S040;230;F26->delta;0;0.03162055335968379
S040;231;F26->delta;0;0.03162055335968379
S040;290;F26->delta;0;0.03162055335968379
S040;291;F26->delta;0;0.03162055335968379
S040;434;F26->delta;0;0.03162055335968379
S040;435;F26->delta;0;0.03162055335968379
S040;549;F26->delta;0;0.03162055335968379
S040;551;F26->delta;0;0.03162055335968379
S040;619;F26->delta;0;0.03162055335968379
S040;628;F26->delta;0;0.03162055335968379
S040;706;F26->delta;0;0.03162055335968379
S040;708;F26->delta;0;0.03162055335968379
S040;746;F26->delta;0;0.20667425104285173
S040;748;F26->delta;0;0.20667425104285173
S040;855;F26->delta;0;0.20667425104285173
S040;857;F26->delta;0;0.0704742818971276
S040;886;F26->delta;0;0.0704742818971276
S040;887;F26->delta;0;0.0704742818971276
S040;976;F26->delta;1;0.20667425104285173
S040;978;F26->delta;1;0.20667425104285173
S040;1005;F26->delta;1;0.6289156626506024
S040;1007;F26->delta;1;0.6289156626506024
S040;1110;F26->delta;0;0.23458971338829995
S040;1112;F26->delta;0;0.5305821665438467
S040;1178;F26->delta;1;0.5633344187561055
S040;1179;F26->delta;1;0.5633344187561055
S041;26;F26->delta;0;0.6235632183908046
S041;28;F26->delta;0;0.46175637393767704
S041;49;F26->delta;0;0.11233108108108109
S041;50;F26->delta;0;0.11233108108108109
S041;61;F26->delta;0;0.23458971338829995
S041;63;F26->delta;0;0.05278265029500877
S041;206;F26->delta;0;0.11233108108108109
S041;208;F26->delta;0;0.23458971338829995
S041;248;F26->delta;1;0.23458971338829995
S041;249;F26->delta;1;0.23458971338829995
S041;273;F26->delta;1;0.6289156626506024
S041;274;F26->delta;1;0.6289156626506024
S041;345;F26->delta;0;0.0704742818971276
S041;347;F26->delta;0;0.03162055335968379
S041;394;F26->delta;0;0.03162055335968379
S041;395;F26->delta;0;0.03162055335968379
S041;401;F26->delta;0;0.03162055335968379
S041;402;F26->delta;0;0.01481828107939479
S041;494;F26->delta;0;0.03162055335968379
S041;495;F26->delta;0;0.03162055335968379
S041;639;F26->delta;0;0.31693989071038253
S041;640;F26->delta;0;0.31693989071038253
S041;650;F26->delta;0;0.23458971338829995
S041;651;F26->delta;0;0.23458971338829995
S041;657;F26->delta;0;0.23458971338829995
S041;658;F26->delta;0;0.11233108108108109
S041;716;F26->delta;0;0.05278265029500877
S041;718;F26->delta;0;0.11233108108108109
S041;730;F26->delta;0;0.05278265029500877
S041;731;F26->delta;0;0.05278265029500877
S041;744;F26->delta;0;0.02838221381267739
S041;746;F26->delta;0;0.02838221381267739
S041;941;F26->delta;0;0.03162055335968379
S041;944;F26->delta;0;0.03162055335968379
S041;990;F26->delta;0;0.01481828107939479
S041;991;F26->delta;0;0.0704742818971276
S041;1155;F26->delta;0;0.01481828107939479
S041;1156;F26->delta;0;0.01481828107939479
S041;1202;F26->delta;0;0.03162055335968379
S041;1204;F26->delta;0;0.03162055335968379
S041;1238;F26->delta;0;0.03162055335968379
S041;1239;F26->delta;0;0.03162055335968379
S041;1359;F26->delta;0;0.03162055335968379
S041;1360;F26->delta;0;0.03162055335968379
S042;99;F26->delta;0;0.03162055335968379
S042;100;F26->delta;0;0.01481828107939479
S042;119;F26->delta;0;0.01481828107939479
S042;120;F26->delta;0;0.01481828107939479
S042;126;F26->delta;0;0.01481828107939479
S042;131;F26->delta;0;0.01481828107939479
S042;154;F26->delta;0;0.03162055335968379
S042;156;F26->delta;0;0.03162055335968379
S042;176;F26->delta;0;0.20667425104285173
S042;185;F26->delta;0;0.20667425104285173
S042;215;F26->delta;0;0.0704742818971276
S042;216;F26->delta;0;0.0704742818971276
S042;259;F26->delta;0;0.5633344187561055
S042;260;F26->delta;0;0.5633344187561055
S042;426;F26->delta;0;0.02838221381267739
S042;433;F26->delta;0;0.02838221381267739
S042;466;F26->delta;0;0.02838221381267739
S042;469;F26->delta;0;0.05278265029500877
S042;611;F26->delta;0;0.5305821665438467
S042;612;F26->delta;0;0.5305821665438467
S042;673;F26->delta;0;0.20667425104285173
S042;674;F26->delta;0;0.20667425104285173
S042;688;F26->delta;0;0.20667425104285173
S042;692;F26->delta;0;0.20667425104285173
S042;770;F26->delta;0;0.01481828107939479
S042;771;F26->delta;0;0.01481828107939479
S042;807;F26->delta;0;0.03162055335968379
S042;808;F26->delta;0;0.03162055335968379
S042;869;F26->delta;0;0.5633344187561055
S042;871;F26->delta;0;0.20667425104285173
S042;880;F26->delta;0;0.20667425104285173
S042;882;F26->delta;0;0.0704742818971276
S042;934;F26->delta;0;0.625
S042;935;F26->delta;0;0.509090909090909
S042;951;F26->delta;0;0.3341772151898734
S042;953;F26->delta;0;0.11233108108108109
S042;1048;F26->delta;0;0.11233108108108109
S042;1049;F26->delta;0;0.11233108108108109
S042;1177;F26->delta;0;0.11233108108108109
S042;1179;F26->delta;0;0.11233108108108109
S042;1252;F26->delta;0;0.11233108108108109
S042;1255;F26->delta;0;0.11233108108108109
S042;1343;F26->delta;1;0.5305821665438467
S042;1345;F26->delta;1;0.5305821665438467
S042;1357;F26->delta;1;0.7567567567567568
S042;1358;F26->delta;1;0.709375
S042;1398;F26->delta;0;0.5305821665438467
S042;1404;F26->delta;0;0.5305821665438467
S043;24;F26->delta;0;0.2526595744680851
S043;28;F26->delta;0;0.2526595744680851
S043;48;F26->delta;0;0.03162055335968379
S043;50;F26->delta;0;0.03162055335968379
S043;98;F26->delta;0;0.01481828107939479
S043;99;F26->delta;0;0.01481828107939479
S043;113;F26->delta;0;0.01481828107939479
S043;114;F26->delta;0;0.01481828107939479
S043;121;F26->delta;0;0.01481828107939479
S043;122;F26->delta;0;0.01481828107939479
S043;127;F26->delta;0;0.01481828107939479
S043;133;F26->delta;0;0.01481828107939479
S043;203;F26->delta;0;0.03162055335968379
S043;205;F26->delta;0;0.03162055335968379
S043;210;F26->delta;0;0.03162055335968379
S043;212;F26->delta;0;0.03162055335968379
S043;340;F26->delta;1;0.5633344187561055
S043;342;F26->delta;1;0.7886740331491713
S043;373;F26->delta;1;0.6382070437566703
S043;376;F26->delta;1;0.6382070437566703
S043;407;F26->delta;0;0.6339563862928349
S043;408;F26->delta;0;0.6289156626506024
S043;467;F26->delta;0;0.0704742818971276
S043;470;F26->delta;0;0.0704742818971276
S043;481;F26->delta;0;0.03162055335968379
S043;482;F26->delta;0;0.03162055335968379
S043;503;F26->delta;0;0.0704742818971276
S043;504;F26->delta;0;0.0704742818971276
S043;527;F26->delta;0;0.5633344187561055
S043;529;F26->delta;0;0.20667425104285173
S043;540;F26->delta;0;0.5633344187561055
S043;541;F26->delta;0;0.5633344187561055
S043;574;F26->delta;0;0.03162055335968379
S043;577;F26->delta;0;0.03162055335968379
S043;710;F26->delta;0;0.20667425104285173
S043;712;F26->delta;0;0.0704742818971276
S043;786;F26->delta;0;0.01481828107939479
S043;790;F26->delta;0;0.01481828107939479
S043;810;F26->delta;1;0.0704742818971276
S043;813;F26->delta;1;0.20667425104285173
S043;927;F26->delta;1;0.20667425104285173
S043;928;F26->delta;1;0.20667425104285173
S043;1050;F26->delta;0;0.05278265029500877
S043;1051;F26->delta;0;0.11233108108108109
S043;1083;F26->delta;0;0.02838221381267739
S043;1084;F26->delta;0;0.02838221381267739
S043;1123;F26->delta;1;0.5305821665438467
S043;1124;F26->delta;1;0.5305821665438467
S043;1153;F26->delta;1;0.6235632183908046
S043;1155;F26->delta;1;0.6382070437566703
S043;1224;F26->delta;0;0.23458971338829995
S043;1226;F26->delta;0;0.11233108108108109
S043;1248;F26->delta;0;0.23458971338829995
S043;1249;F26->delta;0;0.23458971338829995
S043;1331;F26->delta;0;0.11233108108108109
S043;1333;F26->delta;0;0.05278265029500877
S043;1401;F26->delta;1;0.5305821665438467
S043;1403;F26->delta;1;0.5305821665438467
S044;112;F26->delta;1;0.6235632183908046
S044;113;F26->delta;1;0.8148148148148148
S044;139;F26->delta;0;0.5305821665438467
S044;140;F26->delta;0;0.5305821665438467
S044;232;F26->delta;0;0.23458971338829995
S044;234;F26->delta;0;0.11233108108108109
S044;246;F26->delta;0;0.05278265029500877
S044;248;F26->delta;0;0.05278265029500877
S044;378;F26->delta;0;0.02838221381267739
S044;382;F26->delta;0;0.02838221381267739
S044;436;F26->delta;0;0.05278265029500877
S044;442;F26->delta;0;0.05278265029500877
S044;467;F26->delta;0;0.05278265029500877
S044;468;F26->delta;0;0.05278265029500877
S044;491;F26->delta;0;0.02838221381267739
S044;493;F26->delta;0;0.05278265029500877
S044;573;F26->delta;0;0.23458971338829995
S044;575;F26->delta;0;0.23458971338829995
S044;696;F26->delta;0;0.20667425104285173
S044;697;F26->delta;0;0.20667425104285173
S044;713;F26->delta;0;0.5633344187561055
S044;714;F26->delta;0;0.5633344187561055
S044;761;F26->delta;0;0.03162055335968379
S044;762;F26->delta;0;0.03162055335968379
S044;819;F26->delta;0;0.6235632183908046
S044;821;F26->delta;0;0.46175637393767704
S044;868;F26->delta;1;0.11233108108108109
S044;870;F26->delta;1;0.02838221381267739
S044;875;F26->delta;1;0.23458971338829995
S044;877;F26->delta;1;0.11233108108108109
S044;927;F26->delta;0;0.05278265029500877
S044;928;F26->delta;0;0.02838221381267739
S044;999;F26->delta;0;0.05278265029500877
S044;1000;F26->delta;0;0.05278265029500877
S044;1123;F26->delta;0;0.05278265029500877
S044;1128;F26->delta;0;0.05278265029500877
S044;1180;F26->delta;0;0.11233108108108109
S044;1182;F26->delta;0;0.05278265029500877
S044;1324;F26->delta;0;0.11233108108108109
S044;1326;F26->delta;0;0.23458971338829995
S044;1402;F26->delta;0;0.6339563862928349
S044;1404;F26->delta;0;0.6289156626506024
S045;75;F26->delta;0;0.02838221381267739
S045;77;F26->delta;0;0.02838221381267739
S045;172;F26->delta;0;0.05278265029500877
S045;174;F26->delta;0;0.05278265029500877
S045;284;F26->delta;0;0.23458971338829995
S045;285;F26->delta;0;0.23458971338829995
S045;378;F26->delta;1;0.6339563862928349
S045;385;F26->delta;0;0.709375
S045;458;F26->delta;0;0.03162055335968379
S045;460;F26->delta;0;0.03162055335968379
S045;507;F26->delta;0;0.01481828107939479
S045;508;F26->delta;0;0.01481828107939479
S045;551;F26->delta;0;0.01481828107939479
S045;552;F26->delta;0;0.01481828107939479
S045;580;F26->delta;0;0.01481828107939479
S045;584;F26->delta;0;0.01481828107939479
S045;619;F26->delta;0;0.03162055335968379
S045;621;F26->delta;0;0.03162055335968379
S045;639;F26->delta;0;0.0704742818971276
S045;640;F26->delta;0;0.0704742818971276
S045;845;F26->delta;0;0.01481828107939479
S045;848;F26->delta;0;0.01481828107939479
S045;898;F26->delta;0;0.0704742818971276
S045;900;F26->delta;0;0.0704742818971276
S045;1068;F26->delta;1;0.6235632183908046
S045;1070;F26->delta;1;0.6235632183908046
S045;1079;F26->delta;1;0.6382070437566703
S045;1081;F26->delta;1;0.5305821665438467
S045;1099;F26->delta;1;0.6382070437566703
S045;1100;F26->delta;1;0.6382070437566703
S045;1106;F26->delta;1;0.5305821665438467
S045;1107;F26->delta;1;0.5305821665438467
S045;1143;F26->delta;0;0.05278265029500877
S045;1146;F26->delta;0;0.05278265029500877
S045;1208;F26->delta;0;0.05278265029500877
S045;1210;F26->delta;0;0.02838221381267739
S046;88;F26->delta;0;0.01481828107939479
S046;89;F26->delta;0;0.01481828107939479
S046;309;F26->delta;1;0.5633344187561055
S046;310;F26->delta;1;0.5633344187561055
S046;366;F26->delta;0;0.20667425104285173
S046;369;F26->delta;0;0.5633344187561055
S046;470;F26->delta;0;0.01481828107939479
S046;472;F26->delta;0;0.03162055335968379
S046;477;F26->delta;0;0.03162055335968379
S046;478;F26->delta;0;0.03162055335968379
S046;491;F26->delta;0;0.20667425104285173
S046;492;F26->delta;0;0.0704742818971276
S046;542;F26->delta;1;0.6382070437566703
S046;544;F26->delta;1;0.5305821665438467
S046;607;F26->delta;1;0.5305821665438467
S046;609;F26->delta;1;0.23458971338829995
S046;687;F26->delta;1;0.03162055335968379
S046;688;F26->delta;1;0.03162055335968379
S046;719;F26->delta;0;0.6235632183908046
S046;720;F26->delta;0;0.6382070437566703
S046;734;F26->delta;0;0.11233108108108109
S046;736;F26->delta;0;0.11233108108108109
S046;814;F26->delta;1;0.11233108108108109
S046;817;F26->delta;1;0.11233108108108109
S046;842;F26->delta;0;0.1956521739130435
S046;845;F26->delta;0;0.1956521739130435
S046;1221;F26->delta;1;0.5633344187561055
S046;1222;F26->delta;1;0.5633344187561055
S046;1236;F26->delta;1;0.6235632183908046
S046;1241;F26->delta;1;0.6382070437566703
S046;1344;F26->delta;0;0.6235632183908046
S046;1346;F26->delta;0;0.31693989071038253
S047;20;F26->delta;0;0.0704742818971276
S047;22;F26->delta;0;0.03162055335968379
S047;68;F26->delta;0;0.01481828107939479
S047;69;F26->delta;0;0.01481828107939479
S047;166;F26->delta;0;0.02838221381267739
S047;167;F26->delta;0;0.02838221381267739
S047;202;F26->delta;0;0.02838221381267739
S047;205;F26->delta;0;0.02838221381267739
S047;307;F26->delta;0;0.05278265029500877
S047;308;F26->delta;0;0.11233108108108109
S047;341;F26->delta;0;0.11233108108108109
S047;342;F26->delta;0;0.05278265029500877
S047;406;F26->delta;0;0.23458971338829995
S047;409;F26->delta;0;0.23458971338829995
S047;417;F26->delta;0;0.5305821665438467
S047;418;F26->delta;0;0.23458971338829995
S047;520;F26->delta;1;0.7567567567567568
S047;523;F26->delta;1;0.676954732510288
S047;542;F26->delta;0;0.31693989071038253
S047;543;F26->delta;0;0.23458971338829995
S047;599;F26->delta;1;0.5305821665438467
S047;600;F26->delta;1;0.23458971338829995
S047;608;F26->delta;1;0.5136986301369864
S047;612;F26->delta;1;0.6235632183908046
S047;619;F26->delta;1;0.676954732510288
S047;620;F26->delta;1;0.6339563862928349
S047;651;F26->delta;1;0.2526595744680851
S047;652;F26->delta;1;0.2526595744680851
S047;672;F26->delta;0;0.5136986301369864
S047;673;F26->delta;0;0.691768826619965
S047;691;F26->delta;1;0.11233108108108109
S047;694;F26->delta;1;0.05278265029500877
S047;734;F26->delta;1;0.6235632183908046
S047;739;F26->delta;1;0.6382070437566703
S047;769;F26->delta;1;0.709375
S047;773;F26->delta;1;0.6339563862928349
S047;794;F26->delta;1;0.8148148148148148
S047;796;F26->delta;1;0.75
S047;824;F26->delta;1;0.06417112299465241
S047;825;F26->delta;1;0.1956521739130435
S047;954;F26->delta;0;0.02838221381267739
S047;955;F26->delta;0;0.02838221381267739
S047;966;F26->delta;0;0.05278265029500877
S047;968;F26->delta;0;0.05278265029500877
S047;995;F26->delta;0;0.05278265029500877
S047;996;F26->delta;0;0.05278265029500877
S047;1022;F26->delta;0;0.05278265029500877
S047;1025;F26->delta;0;0.05278265029500877
S047;1136;F26->delta;0;0.05278265029500877
S047;1140;F26->delta;0;0.11233108108108109
S047;1216;F26->delta;0;0.05278265029500877
S047;1217;F26->delta;0;0.05278265029500877
S047;1411;F26->delta;0;0.05278265029500877
S048;58;F26->delta;0;0.23458971338829995
S048;61;F26->delta;0;0.05278265029500877
S048;146;F26->delta;0;0.03162055335968379
S048;147;F26->delta;0;0.03162055335968379
S048;213;F26->delta;0;0.03162055335968379
S048;215;F26->delta;0;0.03162055335968379
S048;249;F26->delta;0;0.0704742818971276
S048;252;F26->delta;0;0.0704742818971276
S048;364;F26->delta;1;0.11233108108108109
S048;365;F26->delta;1;0.11233108108108109
S048;542;F26->delta;0;0.20667425104285173
S048;543;F26->delta;0;0.0704742818971276
S048;588;F26->delta;0;0.0704742818971276
S048;589;F26->delta;0;0.0704742818971276
S048;626;F26->delta;0;0.01481828107939479
S048;630;F26->delta;0;0.01481828107939479
S048;656;F26->delta;0;0.03162055335968379
S048;658;F26->delta;0;0.03162055335968379
S048;734;F26->delta;0;0.0704742818971276
S048;736;F26->delta;0;0.0704742818971276
S048;763;F26->delta;0;0.01481828107939479
S048;765;F26->delta;0;0.01481828107939479
S048;782;F26->delta;0;0.01481828107939479
S048;783;F26->delta;0;0.01481828107939479
S048;845;F26->delta;0;0.01481828107939479
S048;846;F26->delta;0;0.01481828107939479
S048;932;F26->delta;0;0.03162055335968379
S048;936;F26->delta;0;0.03162055335968379
S048;1010;F26->delta;0;0.0704742818971276
S048;1011;F26->delta;0;0.0704742818971276
S048;1127;F26->delta;0;0.20667425104285173
S048;1129;F26->delta;0;0.20667425104285173
S048;1138;F26->delta;0;0.20667425104285173
S048;1139;F26->delta;0;0.20667425104285173
S048;1147;F26->delta;0;0.20667425104285173
S048;1148;F26->delta;0;0.0704742818971276
S048;1196;F26->delta;0;0.03162055335968379
S048;1199;F26->delta;0;0.03162055335968379
S048;1204;F26->delta;0;0.03162055335968379
S048;1205;F26->delta;0;0.03162055335968379
S048;1236;F26->delta;0;0.01481828107939479
S048;1237;F26->delta;0;0.01481828107939479
S048;1411;F26->delta;0;0.0704742818971276
S049;6;F26->delta;0;0.41830065359477125
S049;8;F26->delta;0;0.36936936936936937
S049;110;F26->delta;0;0.05278265029500877
S049;114;F26->delta;0;0.05278265029500877
S049;141;F26->delta;0;0.05278265029500877
S049;142;F26->delta;0;0.05278265029500877
S049;161;F26->delta;0;0.05278265029500877
S049;166;F26->delta;0;0.05278265029500877
S049;209;F26->delta;0;0.05278265029500877
S049;210;F26->delta;0;0.05278265029500877
S049;231;F26->delta;0;0.23458971338829995
S049;232;F26->delta;0;0.23458971338829995
S049;253;F26->delta;0;0.23458971338829995
S049;254;F26->delta;0;0.23458971338829995
S049;330;F26->delta;0;0.05278265029500877
S049;332;F26->delta;0;0.05278265029500877
S049;389;F26->delta;0;0.5305821665438467
S049;391;F26->delta;0;0.5305821665438467
S049;405;F26->delta;0;0.5305821665438467
S049;407;F26->delta;0;0.5305821665438467
S049;430;F26->delta;0;0.23458971338829995
S049;434;F26->delta;0;0.23458971338829995
S049;532;F26->delta;1;0.6235632183908046
S049;533;F26->delta;1;0.6382070437566703
S049;644;F26->delta;1;0.6289156626506024
S049;646;F26->delta;1;0.7886740331491713
S049;664;F26->delta;0;0.7886740331491713
S049;665;F26->delta;0;0.509090909090909
S049;676;F26->delta;0;0.3341772151898734
S049;678;F26->delta;0;0.12626262626262627
S049;738;F26->delta;0;0.02838221381267739
S049;745;F26->delta;0;0.02838221381267739
S049;803;F26->delta;1;0.11233108108108109
S049;805;F26->delta;1;0.11233108108108109
S049;834;F26->delta;1;0.8148148148148148
S049;836;F26->delta;1;0.7886740331491713
S049;918;F26->delta;0;0.01481828107939479
S049;921;F26->delta;0;0.01481828107939479
S049;1017;F26->delta;0;0.0704742818971276
S049;1020;F26->delta;0;0.0704742818971276
S049;1059;F26->delta;0;0.0704742818971276
S049;1060;F26->delta;0;0.0704742818971276
S049;1071;F26->delta;0;0.0704742818971276
S049;1072;F26->delta;0;0.0704742818971276
S049;1137;F26->delta;0;0.0704742818971276
S049;1138;F26->delta;0;0.0704742818971276
S049;1344;F26->delta;0;0.5633344187561055
S049;1345;F26->delta;0;0.5633344187561055
S049;1350;F26->delta;0;0.5633344187561055
S049;1354;F26->delta;0;0.5633344187561055
S049;1407;F26->delta;0;0.03162055335968379
S049;1410;F26->delta;0;0.0704742818971276
S050;35;F26->delta;0;0.39655172413793105
S050;39;F26->delta;0;0.21296296296296297
S050;56;F26->delta;1;0.02838221381267739
S050;57;F26->delta;1;0.05278265029500877
S050;201;F26->delta;0;0.03162055335968379
S050;203;F26->delta;0;0.03162055335968379
S050;398;F26->delta;0;0.01481828107939479
S050;402;F26->delta;0;0.01481828107939479
S050;452;F26->delta;0;0.03162055335968379
S050;454;F26->delta;0;0.03162055335968379
S050;469;F26->delta;0;0.03162055335968379
S050;471;F26->delta;0;0.03162055335968379
S050;582;F26->delta;0;0.03162055335968379
S050;583;F26->delta;0;0.03162055335968379
S050;651;F26->delta;0;0.03162055335968379
S050;657;F26->delta;0;0.0704742818971276
S050;668;F26->delta;0;0.03162055335968379
S050;669;F26->delta;0;0.03162055335968379
S050;694;F26->delta;0;0.03162055335968379
S050;696;F26->delta;0;0.03162055335968379
S050;710;F26->delta;0;0.03162055335968379
S050;711;F26->delta;0;0.03162055335968379
S050;722;F26->delta;0;0.0704742818971276
S050;723;F26->delta;0;0.0704742818971276
S050;917;F26->delta;0;0.0704742818971276
S050;918;F26->delta;0;0.03162055335968379
S050;995;F26->delta;0;0.01481828107939479
S050;996;F26->delta;0;0.01481828107939479
S050;1038;F26->delta;0;0.01481828107939479
S050;1040;F26->delta;0;0.03162055335968379
S050;1054;F26->delta;0;0.03162055335968379
S050;1058;F26->delta;0;0.03162055335968379
S050;1186;F26->delta;0;0.20667425104285173
S050;1188;F26->delta;0;0.20667425104285173
S050;1212;F26->delta;1;0.20667425104285173
S050;1216;F26->delta;1;0.5633344187561055
S050;1230;F26->delta;1;0.8148148148148148
