famille;capteur;h;issue;designe;n;segments;obs;ref;ecart;z
F01;alpha;1;bas;False;1878;50;0.06070287539936102;0.07145358083522452;-0.010750705435863482;-2.1829751808927043
F01;alpha;1;rap;False;1878;50;0.6054313099041534;0.5884007983960854;0.017030511508068006;1.5858368606534787
F01;alpha;3;bas;False;1876;50;0.13113006396588486;0.17306594844473724;-0.04193588447885239;-6.114624053186197
F01;alpha;3;rap;False;1876;50;0.6545842217484008;0.6269392731341141;0.027644948614286673;2.948251105315675
F01;alpha;9;bas;False;1866;50;0.3317256162915327;0.40363870605271285;-0.07191308976118009;-7.101961752806813
F01;alpha;9;rap;False;1866;50;0.6661307609860665;0.6525127817303669;0.013617979255699585;1.6884976306393955
F01;alpha;27;bas;False;1847;50;0.7958852192744992;0.8252592909953842;-0.029374071720885107;-3.1527765615590218
F01;alpha;27;rap;False;1847;50;0.6432051976177585;0.6358454580861838;0.007359739531574733;0.8404796183896128
F01;beta;1;bas;False;1878;50;0.04206602768903089;0.03984564892071509;0.002220378768315793;0.533834874491616
F01;beta;1;rap;False;1878;50;0.5239616613418531;0.523487583801495;0.00047407754035805663;0.04166190849954014
F01;beta;3;bas;False;1876;50;0.09861407249466951;0.09119226067344459;0.007421811821224927;1.2602385972040637
F01;beta;3;rap;False;1876;50;0.5362473347547975;0.5325769631601898;0.00367037159460766;0.3305538178320111
F01;beta;9;bas;False;1866;50;0.1714898177920686;0.18726240323450874;-0.015772585442440142;-2.2092275940729422
F01;beta;9;rap;False;1866;50;0.560021436227224;0.540495862314942;0.019525573912282077;1.8605946411284382
F01;beta;27;bas;False;1847;50;0.331348132106118;0.35180837410723886;-0.020460242001120878;-2.1504813153109166
F01;beta;27;rap;False;1847;50;0.5744450460205739;0.5475353172332978;0.026909728787276096;2.7940550347461697
F01;gamma;1;bas;False;1878;50;0.04739084132055378;0.04970635029291862;-0.0023155089723648436;-0.5188707535424784
F01;gamma;1;rap;False;1878;50;0.5351437699680511;0.5323524381329439;0.0027913318351072886;0.24836228316039818
F01;gamma;3;bas;False;1876;50;0.1044776119402985;0.11452897758896667;-0.010051365648668173;-1.6405777692383778
F01;gamma;3;rap;False;1876;50;0.5490405117270789;0.5410952569330172;0.007945254794061732;0.7276318833193345
F01;gamma;9;bas;False;1866;50;0.22615219721329047;0.23530539721379556;-0.00915320000050512;-1.1452795626386554
F01;gamma;9;rap;False;1866;50;0.5803858520900321;0.5467222163409121;0.03366363574912009;3.2994102988227234
F01;gamma;27;bas;False;1847;50;0.4390904168922577;0.4395870424132503;-0.0004966255209926104;-0.0494874246923455
F01;gamma;27;rap;False;1847;50;0.57877639415268;0.5492266332502549;0.029549760902425108;3.1992536843569197
F01;delta;1;bas;False;1878;50;0.03194888178913738;0.028734084231799253;0.003214797557338124;0.8742071037133244
F01;delta;1;rap;False;1878;50;0.5207667731629393;0.514055283540368;0.00671148962257126;0.5858019828429896
F01;delta;3;bas;False;1876;50;0.0708955223880597;0.06446707050245118;0.006428451885608515;1.246937190308229
F01;delta;3;rap;False;1876;50;0.5245202558635395;0.5221353301731383;0.002384925690401223;0.21018952111641448
F01;delta;9;bas;False;1866;50;0.14362272240085744;0.12881949905209641;0.01480322334876103;2.2912852828554544
F01;delta;9;rap;False;1866;50;0.5332261521972133;0.5287582584153898;0.004467893781823441;0.40419123477554575
F01;delta;27;bas;False;1847;50;0.23280996210070384;0.2377182120698244;-0.00490824996912058;-0.6503626641597173
F01;delta;27;rap;False;1847;50;0.5452084461288577;0.5374136057390385;0.007794840389819063;0.7462937876831448
F01;epsilon;1;bas;False;1878;50;0.06549520766773163;0.0649535730686564;0.0005416345990752311;0.10680511280405738
F01;epsilon;1;rap;False;1878;50;0.5537806176783813;0.5501399210060659;0.0036406966723153042;0.3292658556610461
F01;epsilon;3;bas;False;1876;50;0.1337953091684435;0.14870886421236454;-0.014913555043921048;-2.2393871286813467
F01;epsilon;3;rap;False;1876;50;0.5836886993603412;0.568678157333805;0.015010542026536152;1.435879688654532
F01;epsilon;9;bas;False;1866;50;0.27116827438370844;0.3088413866273967;-0.03767311224368828;-4.251646832650436
F01;epsilon;9;rap;False;1866;50;0.6077170418006431;0.5874395833726237;0.02027745842801952;2.2033088900025297
F01;epsilon;27;bas;False;1847;50;0.5825663237682729;0.6020056611694968;-0.019439337401223902;-1.8032593410550393
F01;epsilon;27;rap;False;1847;50;0.6063887384948565;0.5900453616202053;0.016343376874651195;1.9895338768741078
F02;alpha;1;bas;False;1966;50;0.05849440488301119;0.06762219512730433;-0.009127790244293133;-1.9072858719299761
F02;alpha;1;rap;False;1966;50;0.6276703967446592;0.5978163339915409;0.02985406275311821;2.910690922259276
F02;alpha;3;bas;False;1962;50;0.14984709480122324;0.16580587501876046;-0.015958780217537206;-2.251462602120301
F02;alpha;3;rap;False;1962;50;0.6676860346585117;0.6402332007490691;0.02745283390944261;3.0121338316955653
F02;alpha;9;bas;False;1956;50;0.3553169734151329;0.39556904542234245;-0.04025207200720952;-3.976720116125195
F02;alpha;9;rap;False;1956;50;0.6814928425357873;0.6687548579557548;0.012737984580032452;1.6083065708341047
F02;alpha;27;bas;False;1935;50;0.8118863049095607;0.822959574690272;-0.011073269780711369;-1.2607219261764429
F02;alpha;27;rap;False;1935;50;0.655297157622739;0.650355569225536;0.0049415883972031525;0.5835959594008396
F02;beta;1;bas;False;1966;50;0.04628687690742624;0.03845081297650496;0.007836063930921285;1.7823926270160688
F02;beta;1;rap;False;1966;50;0.5264496439471007;0.5247204789619556;0.0017291649851450687;0.155657700273655
F02;beta;3;bas;False;1962;50;0.09327217125382263;0.08841305489080264;0.004859116363019982;0.848452977075939
F02;beta;3;rap;False;1962;50;0.5540265035677879;0.5340387650309242;0.019987738536863774;1.84650210485889
F02;beta;9;bas;False;1956;50;0.1738241308793456;0.183115900829652;-0.009291769950306434;-1.3150517925946181
F02;beta;9;rap;False;1956;50;0.5613496932515337;0.5420090933234278;0.01934059992810578;1.8714563760273202
F02;beta;27;bas;False;1935;50;0.3395348837209302;0.3502809567555831;-0.010746073034652902;-1.160567275237281
F02;beta;27;rap;False;1935;50;0.579328165374677;0.5459526891834733;0.03337547619120381;3.5811531995847052
F02;gamma;1;bas;False;1966;50;0.04170905391658189;0.04850359433582207;-0.006794540419240176;-1.6117618511540652
F02;gamma;1;rap;False;1966;50;0.5508646998982706;0.533161697663278;0.017703002234992608;1.609257319690704
F02;gamma;3;bas;False;1962;50;0.10550458715596331;0.1118514500240814;-0.006346862868118091;-1.0442185150059764
F02;gamma;3;rap;False;1962;50;0.5744138634046891;0.5440749320304222;0.030338931374266926;2.850702168869209
F02;gamma;9;bas;False;1956;50;0.22188139059304704;0.23103142580400826;-0.009150035210961227;-1.155646484826544
F02;gamma;9;rap;False;1956;50;0.5685071574642127;0.552667198454094;0.015839959010118775;1.590405953871363
F02;gamma;27;bas;False;1935;50;0.42997416020671836;0.4392329921311153;-0.009258831924396962;-0.9419899690323847
F02;gamma;27;rap;False;1935;50;0.5746770025839794;0.5510046484722905;0.02367235411168886;2.6685996647799675
F02;delta;1;bas;False;1966;50;0.024923702950152594;0.025226505927765975;-0.00030280297761337916;-0.0924232094014166
F02;delta;1;rap;False;1966;50;0.5188199389623601;0.5181282060339284;0.0006917329284317219;0.061937795182479896
F02;delta;3;bas;False;1962;50;0.05759429153924567;0.05750768367392394;8.6607865321726e-05;0.01821403966664287
F02;delta;3;rap;False;1962;50;0.5382262996941896;0.5261758813259859;0.012050418368203676;1.0906157489343
F02;delta;9;bas;False;1956;50;0.11554192229038855;0.11772537955072639;-0.0021834572603378426;-0.36057687600941046
F02;delta;9;rap;False;1956;50;0.558282208588957;0.5353058565686352;0.02297635202032199;2.1079221499064444
F02;delta;27;bas;False;1935;50;0.22428940568475453;0.22077758003729128;0.0035118256474632025;0.4605115643695883
F02;delta;27;rap;False;1935;50;0.5571059431524548;0.5485206605410666;0.008585282611388096;0.8296077873319012
F02;epsilon;1;bas;False;1966;50;0.06408952187182096;0.0631415406605629;0.0009479812112580532;0.19008463516856017
F02;epsilon;1;rap;False;1966;50;0.5793489318413021;0.5531102119673805;0.026238719873921647;2.436542463583909
F02;epsilon;3;bas;False;1962;50;0.1325178389398573;0.1471057848391258;-0.014587945899268541;-2.2300267661744004
F02;epsilon;3;rap;False;1962;50;0.5851172273190621;0.5715779240246139;0.013539303294448166;1.3325757567145022
F02;epsilon;9;bas;False;1956;50;0.2847648261758691;0.30773290851886176;-0.022968082342992652;-2.655527867374187
F02;epsilon;9;rap;False;1956;50;0.6104294478527608;0.5893940773424492;0.021035370510311468;2.343105935193622
F02;epsilon;27;bas;False;1935;50;0.5813953488372093;0.6056503341417879;-0.02425498530457862;-2.31566632371242
F02;epsilon;27;rap;False;1935;50;0.6031007751937985;0.5888438134199178;0.014256961773880633;1.6652253767045244
F03;alpha;1;bas;False;1930;50;0.050259067357512954;0.06567476574655148;-0.015415698389038529;-3.4033673870236454
F03;alpha;1;rap;False;1930;50;0.6041450777202072;0.6004773580363647;0.0036677196838424617;0.3500535803114898
F03;alpha;3;bas;False;1926;50;0.14434060228452752;0.1645923546041002;-0.020251752319572724;-2.866782267041126
F03;alpha;3;rap;False;1926;50;0.6505711318795431;0.6432652374737723;0.007305894405770695;0.7889996414850454
F03;alpha;9;bas;False;1915;50;0.35352480417754567;0.3933778721101165;-0.03985306793257081;-3.9930722238372236
F03;alpha;9;rap;False;1915;50;0.6809399477806789;0.6701916442441888;0.010748303536490072;1.3527556916354684
F03;alpha;27;bas;False;1894;50;0.8004223864836325;0.823146471736949;-0.02272408525331653;-2.5167879639110793
F03;alpha;27;rap;False;1894;50;0.6626187961985216;0.6519963397332218;0.010622456465299867;1.2454927732109022
F03;beta;1;bas;False;1930;50;0.0383419689119171;0.03563013841290773;0.0027118304990093717;0.6744355650536302
F03;beta;1;rap;False;1930;50;0.5352331606217616;0.5268934973909118;0.008339663230849767;0.7415640778558545
F03;beta;3;bas;False;1926;50;0.07580477673935618;0.083123868791465;-0.0073190920521088235;-1.3661773284739407
F03;beta;3;rap;False;1926;50;0.5441329179646937;0.5368040743801923;0.007328843584501398;0.6695034275899666
F03;beta;9;bas;False;1915;50;0.1608355091383812;0.17729808183945117;-0.01646257270106995;-2.3516542738669575
F03;beta;9;rap;False;1915;50;0.5545691906005222;0.5470686126215052;0.00750057797901703;0.718919725058804
F03;beta;27;bas;False;1894;50;0.32470960929250264;0.34594485250183493;-0.0212352432093323;-2.276425227663393
F03;beta;27;rap;False;1894;50;0.5559662090813094;0.5506597201552701;0.005306488926039273;0.5518711128550865
F03;gamma;1;bas;False;1930;50;0.04145077720207254;0.044720151966391786;-0.0032693747643192535;-0.784966699047778
F03;gamma;1;rap;False;1930;50;0.5414507772020726;0.535711413601026;0.005739363601046559;0.5136010201058921
F03;gamma;3;bas;False;1926;50;0.10384215991692627;0.10566553475853384;-0.0018233748416075627;-0.3068980065877663
F03;gamma;3;rap;False;1926;50;0.5716510903426791;0.5487989535063729;0.022852136836306255;2.124271880368153
F03;gamma;9;bas;False;1915;50;0.21671018276762402;0.22196416549114978;-0.005253982723525769;-0.6743550430364529
F03;gamma;9;rap;False;1915;50;0.577023498694517;0.5600906959897466;0.01693280270477039;1.6789043882079726
F03;gamma;27;bas;False;1894;50;0.4118268215417107;0.43002274571749544;-0.01819592417578472;-1.8554089104276912
F03;gamma;27;rap;False;1894;50;0.5739176346356917;0.560849203434544;0.013068431201147663;1.4439107092539765
F03;delta;1;bas;False;1930;50;0.021243523316062177;0.025470497315794333;-0.004226973999732157;-1.3123922623344622
F03;delta;1;rap;False;1930;50;0.5072538860103627;0.5170478200058057;-0.009793933995442964;-0.8668677605997835
F03;delta;3;bas;False;1926;50;0.052440290758047764;0.05974636192602095;-0.0073060711679731865;-1.5650441819160432
F03;delta;3;rap;False;1926;50;0.5404984423676013;0.5237206186952208;0.016777823672380513;1.5051679912632232
F03;delta;9;bas;False;1915;50;0.11279373368146214;0.12343917203401;-0.010645438352547866;-1.7123636944599918
F03;delta;9;rap;False;1915;50;0.5373368146214099;0.5336235982298704;0.0037132163915395452;0.3363926710071995
F03;delta;27;bas;False;1894;50;0.22650475184794086;0.2326538275888909;-0.0061490757409500075;-0.7689347351762331
F03;delta;27;rap;False;1894;50;0.544350580781415;0.5435322635336539;0.0008183172477611146;0.07812242979816574
F03;epsilon;1;bas;False;1930;50;0.05854922279792746;0.0664304043049792;-0.007881181507051742;-1.618394896893337
F03;epsilon;1;rap;False;1930;50;0.5699481865284974;0.5510300942319696;0.01891809229652781;1.7275362495370794
F03;epsilon;3;bas;False;1926;50;0.1360332294911734;0.1524002539405321;-0.0163670244493587;-2.4350767822062855
F03;epsilon;3;rap;False;1926;50;0.5893042575285566;0.5682051760736879;0.021099081454868693;2.0440296114556027
F03;epsilon;9;bas;False;1915;50;0.2919060052219321;0.3125734615251441;-0.020667456303211946;-2.3262283452955343
F03;epsilon;9;rap;False;1915;50;0.6078328981723238;0.585832159664613;0.022000738507710834;2.4434929172011444
F03;epsilon;27;bas;False;1894;50;0.5570221752903907;0.6083102468409997;-0.05128807155060905;-4.892064358516092
F03;epsilon;27;rap;False;1894;50;0.5982048574445618;0.58467219848291;0.013532658961651787;1.6165261872045156
F04;alpha;1;bas;False;2131;50;0.11825434068512436;0.11623011633352268;0.002024224351601672;0.3146912209613724
F04;alpha;1;rap;False;2131;50;0.4983575786015955;0.5066609669111468;-0.00830338830955133;-0.8008865502381473
F04;alpha;3;bas;False;2129;50;0.271488961953969;0.26382169454799465;0.007667267405974401;0.8867270803947719
F04;alpha;3;rap;False;2129;50;0.4913104744011273;0.493686486601649;-0.002376012200521693;-0.23781414950553226
F04;alpha;9;bas;False;2118;50;0.534466477809254;0.525589846366185;0.008876631443068952;0.8727651790133372
F04;alpha;9;rap;False;2118;50;0.45703493862134087;0.46101720325693324;-0.003982264635592347;-0.44109346691223095
F04;alpha;27;bas;False;2086;50;0.8686481303930969;0.8635620800684485;0.005086050324648341;0.6961789848878989
F04;alpha;27;rap;False;2086;50;0.43384467881112176;0.4497750711711536;-0.015930392360031846;-1.7475356698402293
F04;beta;1;bas;False;2131;50;0.03988737681839512;0.041496789511314094;-0.001609412692918977;-0.416534419252272
F04;beta;1;rap;False;2131;50;0.5077428437353355;0.5166578783917078;-0.008915034656372386;-0.8357241088032235
F04;beta;3;bas;False;2129;50;0.09628933771723815;0.09214625724098043;0.004143080476257719;0.7569701596767676
F04;beta;3;rap;False;2129;50;0.5077501174260216;0.5229689388282553;-0.015218821402233804;-1.4247914076586559
F04;beta;9;bas;False;2118;50;0.1902738432483475;0.1880107678874439;0.0022630753609035738;0.31578041972537374
F04;beta;9;rap;False;2118;50;0.5254957507082153;0.529883259925036;-0.004387509216820664;-0.42829771547770085
F04;beta;27;bas;False;2086;50;0.3480345158197507;0.3545322191752089;-0.006497703355458167;-0.7031092010753506
F04;beta;27;rap;False;2086;50;0.5172579098753596;0.5305982498889567;-0.013340340013597156;-1.388265899676106
F04;gamma;1;bas;False;2131;50;0.044580009385265136;0.04901791378395555;-0.004437904398690404;-1.0701786607459984
F04;gamma;1;rap;False;2131;50;0.5199436884091976;0.5219132993977523;-0.0019696109885547304;-0.18445546604733515
F04;gamma;3;bas;False;2129;50;0.10991075622357914;0.11310977337892385;-0.003199017155344715;-0.5384141674738392
F04;gamma;3;rap;False;2129;50;0.5058713010803194;0.5282003490784128;-0.022329047998093467;-2.111091480556492
F04;gamma;9;bas;False;2118;50;0.23182247403210576;0.23413959599298725;-0.002317121960881487;-0.2946521340198641
F04;gamma;9;rap;False;2118;50;0.5254957507082153;0.530863531678851;-0.0053677809706356786;-0.5436214126367375
F04;gamma;27;bas;False;2086;50;0.45397890699904125;0.4478112863804519;0.006167620618589313;0.6322171602001396
F04;gamma;27;rap;False;2086;50;0.5115052732502396;0.523122261001174;-0.011616987750934265;-1.228004866249854
F04;delta;1;bas;False;2131;50;0.022055373064289067;0.023380311423153652;-0.0013249383588645838;-0.4538891314325579
F04;delta;1;rap;False;2131;50;0.5025809479117785;0.5149867258278713;-0.012405777916092858;-1.1548830364367648
F04;delta;3;bas;False;2129;50;0.05448567402536402;0.054690780773687456;-0.00020510674832344304;-0.0469205184202514
F04;delta;3;rap;False;2129;50;0.49788633161108503;0.5224215887130959;-0.02453525710201077;-2.295195259693783
F04;delta;9;bas;False;2118;50;0.11331444759206799;0.1133461668944533;-3.171930238533824e-05;-0.005411539420700048
F04;delta;9;rap;False;2118;50;0.5174693106704438;0.5325803084832712;-0.01511099781282732;-1.4440993353862082
F04;delta;27;bas;False;2086;50;0.2171620325982742;0.21860377600050743;-0.0014417434022332303;-0.1913590394171184
F04;delta;27;rap;False;2086;50;0.5191754554170661;0.5424034639612765;-0.02322800854421029;-2.275650638281786
F04;epsilon;1;bas;False;2131;50;0.07320506804317221;0.07452165194712577;-0.0013165839039535612;-0.252469939135087
F04;epsilon;1;rap;False;2131;50;0.5241670577193805;0.5200367391326408;0.0041303185867397245;0.391008554197224
F04;epsilon;3;bas;False;2129;50;0.17238139971817754;0.17223176184848527;0.0001496378696923244;0.020553072845199024
F04;epsilon;3;rap;False;2129;50;0.519962423673086;0.5205234019499234;-0.0005609782768374883;-0.054580030744521474
F04;epsilon;9;bas;False;2118;50;0.3630783758262512;0.35399268765145525;0.009085688174795957;0.9789703896125537
F04;epsilon;9;rap;False;2118;50;0.4985835694050991;0.5156535899590822;-0.017070020553983052;-1.8014930433262966
F04;epsilon;27;bas;False;2086;50;0.6625119846596357;0.6565933905038821;0.005918594155753533;0.6031975424151459
F04;epsilon;27;rap;False;2086;50;0.473633748801534;0.48127976071181106;-0.0076460119102769826;-0.8541494781906199
F05;alpha;1;bas;False;2204;50;0.11932849364791288;0.12344808737023022;-0.004119593722317325;-0.6529275591477167
F05;alpha;1;rap;False;2204;50;0.5095281306715064;0.5006142144332907;0.00891391623821571;0.8794402246083962
F05;alpha;3;bas;False;2202;50;0.2688465031789282;0.2734292057041121;-0.00458270252518386;-0.5457469103344154
F05;alpha;3;rap;False;2202;50;0.4868301544050863;0.4843814209870314;0.002448733418054809;0.25565555886067787
F05;alpha;9;bas;False;2195;50;0.5289293849658314;0.5336582581097764;-0.004728873143945017;-0.4754349110103105
F05;alpha;9;rap;False;2195;50;0.4697038724373576;0.4522446338273861;0.017459238609971492;2.010797156794632
F05;alpha;27;bas;False;2170;50;0.8654377880184332;0.866735278021812;-0.0012974900033789194;-0.17928671157859646
F05;alpha;27;rap;False;2170;50;0.44516129032258067;0.4394226012410693;0.005738689081511377;0.642303333411424
F05;beta;1;bas;False;2204;50;0.04582577132486389;0.04100877568133116;0.004816995643532725;1.2039025046711178
F05;beta;1;rap;False;2204;50;0.5231397459165155;0.5175488540126071;0.005590891903908398;0.5297709049559702
F05;beta;3;bas;False;2202;50;0.09854677565849228;0.09134948870107298;0.007197286957419297;1.3232070632260946
F05;beta;3;rap;False;2202;50;0.510899182561308;0.5262801053213791;-0.015380922760071218;-1.4873156284614955
F05;beta;9;bas;False;2195;50;0.19817767653758542;0.1874921908763456;0.010685485661239814;1.5149820481194045
F05;beta;9;rap;False;2195;50;0.5334851936218679;0.5325749655767482;0.000910228045119694;0.09210712146680484
F05;beta;27;bas;False;2170;50;0.3654377880184332;0.35374775763278116;0.011690030385651983;1.2997402375870384
F05;beta;27;rap;False;2170;50;0.5414746543778802;0.5327946210039478;0.00868003337393238;0.9477418345431651
F05;gamma;1;bas;False;2204;50;0.05807622504537205;0.05268155169256093;0.005394673352811117;1.206182836259076
F05;gamma;1;rap;False;2204;50;0.514065335753176;0.5202033159679408;-0.006137980214764751;-0.5875633333473431
F05;gamma;3;bas;False;2202;50;0.12397820163487738;0.11877172011596406;0.005206481518913316;0.8740771365677559
F05;gamma;3;rap;False;2202;50;0.5104450499545867;0.5254247550450403;-0.014979705090453516;-1.4654635931672988
F05;gamma;9;bas;False;2195;50;0.25740318906605925;0.24118743022130965;0.016215758844749552;2.0783681068797533
F05;gamma;9;rap;False;2195;50;0.532118451025057;0.5282378485807707;0.00388060244428628;0.39805669127539145
F05;gamma;27;bas;False;2170;50;0.46682027649769586;0.45534575581035547;0.011474520687340426;1.2173557166871232
F05;gamma;27;rap;False;2170;50;0.5253456221198156;0.5163415982331695;0.009004023886646301;0.9860536897526764
F05;delta;1;bas;False;2204;50;0.02586206896551724;0.02225149403126322;0.003610574934254021;1.1784629597602152
F05;delta;1;rap;False;2204;50;0.5290381125226861;0.5174386173734948;0.011599495149191216;1.0936755623867485
F05;delta;3;bas;False;2202;50;0.05631244323342416;0.05184454246385083;0.004467900769573323;1.0481705059147186
F05;delta;3;rap;False;2202;50;0.5295186194368756;0.5265444947391656;0.0029741246977100805;0.28204787339692655
F05;delta;9;bas;False;2195;50;0.1152619589977221;0.10843928802328057;0.00682267097444152;1.1920715978272447
F05;delta;9;rap;False;2195;50;0.55125284738041;0.537896502627694;0.013356344752716047;1.2971377654489935
F05;delta;27;bas;False;2170;50;0.22534562211981568;0.2078386645426955;0.017506957577120175;2.343800427593861
F05;delta;27;rap;False;2170;50;0.5548387096774193;0.5532185660434996;0.0016201436339197497;0.1629181137291608
F05;epsilon;1;bas;False;2204;50;0.07849364791288566;0.07876343726718373;-0.0002697893542980569;-0.05159141412520189
F05;epsilon;1;rap;False;2204;50;0.5108892921960072;0.5166977517094113;-0.005808459513404079;-0.5603891491816982
F05;epsilon;3;bas;False;2202;50;0.19391462306993643;0.18129202595126853;0.012622597118667868;1.7207218880320236
F05;epsilon;3;rap;False;2202;50;0.5059037238873751;0.5143272285513846;-0.00842350466400945;-0.8314402887799812
F05;epsilon;9;bas;False;2195;50;0.38132118451025054;0.368946287837629;0.012374896672621517;1.3764744732576668
F05;epsilon;9;rap;False;2195;50;0.5111617312072892;0.5026808043175883;0.00848092688970108;0.9074632527013092
F05;epsilon;27;bas;False;2170;50;0.6741935483870968;0.6662187157545839;0.007974832632512868;0.8412427920824126
F05;epsilon;27;rap;False;2170;50;0.4728110599078341;0.465616986107105;0.0071940738007290955;0.8490718064815239
F06;alpha;1;bas;True;2137;50;0.10388394946186243;0.09607494049250352;0.007809008969358895;1.3374528391778322
F06;alpha;1;rap;True;2137;50;0.5390734674777726;0.5445955905949;-0.005522123117127496;-0.5384244909020987
F06;alpha;3;bas;True;2135;50;0.22763466042154568;0.22245064660496833;0.005184013816577352;0.6602350297759961
F06;alpha;3;rap;True;2135;50;0.5555035128805621;0.5568031467098926;-0.0012996338293304707;-0.14071856140873423
F06;alpha;9;bas;True;2126;50;0.4905926622765757;0.47035663494794017;0.020236027328635577;2.0434000515983213
F06;alpha;9;rap;True;2126;50;0.5536218250235183;0.550249521809569;0.0033723032139493844;0.4003228587158777
F06;alpha;27;bas;True;2091;50;0.8637015781922525;0.847547497306854;0.016154080885398596;2.1859132368616647
F06;alpha;27;rap;True;2091;50;0.5327594452415112;0.5329478729980965;-0.0001884277565854004;-0.02159843728658535
F06;beta;1;bas;False;2137;50;0.0416471689284043;0.039697707650489814;0.001949461277914491;0.4923483313482106
F06;beta;1;rap;False;2137;50;0.5189518015910154;0.5192407257534946;-0.00028892416247917126;-0.027153106369976695
F06;beta;3;bas;False;2135;50;0.08992974238875878;0.09052465959658197;-0.0005949172078232039;-0.11168611901068663
F06;beta;3;rap;False;2135;50;0.5372365339578454;0.5282915802228191;0.008944953735026325;0.8578814517706526
F06;beta;9;bas;False;2126;50;0.19896519285042333;0.18665519882971873;0.012309994020704604;1.7441117463653262
F06;beta;9;rap;False;2126;50;0.544214487300094;0.5358226572810578;0.00839183001903622;0.8292638276560468
F06;beta;27;bas;False;2091;50;0.38737446197991393;0.3558038083633893;0.0315706536165246;3.4106563843281235
F06;beta;27;rap;False;2091;50;0.5504543280726925;0.5357567624349305;0.014697565637761926;1.5862023909207674
F06;gamma;1;bas;False;2137;50;0.056621431913897985;0.049694052724013095;0.006927379189884888;1.5581629061505626
F06;gamma;1;rap;False;2137;50;0.5325222274216191;0.5263087144869457;0.006213512934673333;0.5818572855559623
F06;gamma;3;bas;False;2135;50;0.11381733021077284;0.11310314129589344;0.0007141889148793926;0.12166169918985059
F06;gamma;3;rap;False;2135;50;0.550351288056206;0.534752866014363;0.01559842204184314;1.5117925151636742
F06;gamma;9;bas;False;2126;50;0.2436500470366886;0.2335528498674805;0.010097197169208094;1.2961044018360897
F06;gamma;9;rap;False;2126;50;0.5432737535277516;0.5405483595027853;0.002725394024966319;0.27989514387452386
F06;gamma;27;bas;False;2091;50;0.4643711142993783;0.4472448683928543;0.01712624590652398;1.768440330461092
F06;gamma;27;rap;False;2091;50;0.5442372070779531;0.533421822786414;0.010815384291538988;1.2031092199486901
F06;delta;1;bas;False;2137;50;0.023865231633130556;0.022459287680861605;0.00140594395226895;0.45696002175744926
F06;delta;1;rap;False;2137;50;0.518015910154422;0.5168618345927286;0.00115407556169346;0.10757931526653865
F06;delta;3;bas;False;2135;50;0.054800936768149885;0.05291453119902764;0.0018864055691222373;0.42916269141812813
F06;delta;3;rap;False;2135;50;0.5278688524590164;0.5249401666934399;0.0029286857655764138;0.27487277235707486
F06;delta;9;bas;False;2126;50;0.11053621825023519;0.11183605577985119;-0.0012998375296160004;-0.22605703984745681
F06;delta;9;rap;False;2126;50;0.5343367826904986;0.5366059459118495;-0.0022691632213508984;-0.21828142195198721
F06;delta;27;bas;False;2091;50;0.22477283596365374;0.21776613216520127;0.007006703798452496;0.9224791271266084
F06;delta;27;rap;False;2091;50;0.5581061692969871;0.5471671135392713;0.010939055757715891;1.0911945856056868
F06;epsilon;1;bas;False;2137;50;0.07112774918109499;0.07156436811333014;-0.0004366189322351341;-0.08571103643824014
F06;epsilon;1;rap;False;2137;50;0.5339260645765092;0.5321544576895773;0.0017716068869318496;0.16902207043596804
F06;epsilon;3;bas;False;2135;50;0.16065573770491803;0.16379891780145645;-0.0031431800965384163;-0.4562416642306671
F06;epsilon;3;rap;False;2135;50;0.5484777517564403;0.5386910463882748;0.00978670536816535;0.9820638704392385
F06;epsilon;9;bas;False;2126;50;0.33160865475070556;0.33837689545676747;-0.0067682407060619485;-0.7441076023560244
F06;epsilon;9;rap;False;2126;50;0.5371589840075258;0.5419223816993227;-0.004763397691796706;-0.5218893448514504
F06;epsilon;27;bas;False;2091;50;0.6494500239120038;0.6386326352252705;0.010817388686733344;1.0775292262141896
F06;epsilon;27;rap;False;2091;50;0.5107604017216643;0.5187335410472448;-0.007973139325580504;-0.9470156428174844
F07;alpha;1;bas;False;928;50;0.1314655172413793;0.11554805496478618;0.015917462276593134;1.5629195693180697
F07;alpha;1;rap;False;928;50;0.5043103448275862;0.5092139074351231;-0.004903562607536935;-0.3114100836632711
F07;alpha;3;bas;False;928;50;0.28125;0.26168790707118794;0.019562092928812086;1.5187345886733687
F07;alpha;3;rap;False;928;50;0.47413793103448276;0.49734737708151683;-0.023209446047034024;-1.5590961777782812
F07;alpha;9;bas;False;927;50;0.5285868392664509;0.52521836612682;0.0033684731396308;0.22207072825393728
F07;alpha;9;rap;False;927;50;0.46062567421790723;0.46340678115592465;-0.0027811069380174617;-0.21009361782272376
F07;alpha;27;bas;False;907;50;0.8699007717750827;0.8652557719408399;0.00464499983424282;0.4240111986568877
F07;alpha;27;rap;False;907;50;0.4498346196251378;0.4479481757788389;0.0018864438462989476;0.13314494201687163
F07;beta;1;bas;False;928;50;0.04202586206896552;0.04085123654234418;0.0011746255266213348;0.19951415570912584
F07;beta;1;rap;False;928;50;0.5323275862068966;0.5171378267046703;0.015189759502226266;0.9292295991285618
F07;beta;3;bas;False;928;50;0.0894396551724138;0.09166863379883218;-0.002228978626418374;-0.27641010338960936
F07;beta;3;rap;False;928;50;0.5193965517241379;0.5247853549979787;-0.005388803273840733;-0.33588653605657537
F07;beta;9;bas;False;927;50;0.18770226537216828;0.1883618131563988;-0.000659547784230551;-0.060670459974104904
F07;beta;9;rap;False;927;50;0.5091693635382956;0.5319101942878477;-0.02274083074955215;-1.450042342211751
F07;beta;27;bas;False;907;50;0.3428886438809261;0.3588112952434008;-0.01592265136247465;-1.1609229746804226
F07;beta;27;rap;False;907;50;0.5248070562293274;0.5303415487903609;-0.005534492561033408;-0.3855748035382294
F07;gamma;1;bas;False;928;50;0.04633620689655173;0.05658917301840289;-0.010252966121851175;-1.6058839298723686
F07;gamma;1;rap;False;928;50;0.5334051724137931;0.5174696600301993;0.015935512383593704;0.9911724650400597
F07;gamma;3;bas;False;928;50;0.11745689655172414;0.12562079611307808;-0.008163899561353957;-0.8705818452614332
F07;gamma;3;rap;False;928;50;0.5183189655172413;0.520605481848664;-0.0022865163314225246;-0.14428199733060415
F07;gamma;9;bas;False;927;50;0.2459546925566343;0.2511663511193743;-0.005211658562739973;-0.42847664237620037
F07;gamma;9;rap;False;927;50;0.48651564185544766;0.5212605333262502;-0.034744891470802466;-2.270191197607938
F07;gamma;27;bas;False;907;50;0.4718853362734289;0.46518045363106725;0.0067048826423616315;0.454750998022486
F07;gamma;27;rap;False;907;50;0.515986769570011;0.5073854773069338;0.008601292263077197;0.6099459600998386
F07;delta;1;bas;False;928;50;0.022629310344827586;0.02456571136658198;-0.0019364010217543903;-0.42569897012972385
F07;delta;1;rap;False;928;50;0.4978448275862069;0.5146839898805187;-0.01683916229431177;-1.0344200532874763
F07;delta;3;bas;False;928;50;0.04741379310344827;0.05646841601296064;-0.009054622909512361;-1.4018165291534919
F07;delta;3;rap;False;928;50;0.5043103448275862;0.5217811098007139;-0.017470764973127675;-1.079233265716793
F07;delta;9;bas;False;927;50;0.12189859762675297;0.11609044697576082;0.005808150650992145;0.6221440077150734
F07;delta;9;rap;False;927;50;0.5156418554476807;0.5318397862923759;-0.016197930844695327;-1.0163675035808368
F07;delta;27;bas;False;907;50;0.22822491730981256;0.222305669558217;0.005919247751595556;0.5175085085019654
F07;delta;27;rap;False;907;50;0.5192943770672547;0.5433459937643765;-0.024051616697121875;-1.580359030835491
F07;epsilon;1;bas;False;928;50;0.08512931034482758;0.08225145960995187;0.0028778507348757236;0.3590631353546667
F07;epsilon;1;rap;False;928;50;0.5053879310344828;0.5148842095436266;-0.009496278509143795;-0.5981949260472591
F07;epsilon;3;bas;False;928;50;0.18318965517241378;0.18309591043660617;9.37447358076337e-05;0.008604900297875069
F07;epsilon;3;rap;False;928;50;0.4978448275862069;0.5111680776764788;-0.013323250090271894;-0.875445881126135
F07;epsilon;9;bas;False;927;50;0.3861920172599784;0.3661729308156125;0.020019086444365942;1.4371293738343367
F07;epsilon;9;rap;False;927;50;0.48651564185544766;0.503296253509897;-0.016780611654449315;-1.163214574762622
F07;epsilon;27;bas;False;907;50;0.6802646085997794;0.6636083619218324;0.016656246677947163;1.1520478316260103
F07;epsilon;27;rap;False;907;50;0.49503858875413453;0.4658995247477124;0.029139064006422095;2.148562327640923
F08;alpha;1;bas;False;2273;50;0.11878574571051474;0.11032924660827045;0.008456499102244277;1.356870405400457
F08;alpha;1;rap;False;2273;50;0.5107787065552134;0.5133550444894525;-0.002576337934239038;-0.2546751850955032
F08;alpha;3;bas;False;2268;50;0.2535273368606702;0.2550978419487781;-0.001570505088107967;-0.19227780108718348
F08;alpha;3;rap;False;2268;50;0.5030864197530864;0.502081199811741;0.0010052199413453518;0.10444281167476506
F08;alpha;9;bas;False;2261;50;0.5236620964175144;0.5208470240104375;0.0028150724070769278;0.2869402173972122
F08;alpha;9;rap;False;2261;50;0.46970367094206106;0.4694929464188506;0.00021072452321042854;0.023961825362213654
F08;alpha;27;bas;False;2242;50;0.8608385370205174;0.863589936813791;-0.0027513997932736237;-0.3792839812934718
F08;alpha;27;rap;False;2242;50;0.45316681534344333;0.45381111796038315;-0.0006443026169398315;-0.07148198853382115
F08;beta;1;bas;False;2273;50;0.03519577650681918;0.03639028308605982;-0.0011945065792406387;-0.3372907339905129
F08;beta;1;rap;False;2273;50;0.5244170699516058;0.5216033665494318;0.0028137034021739195;0.27191211140550253
F08;beta;3;bas;False;2268;50;0.08509700176366843;0.08303833342540544;0.0020586683382629867;0.3987757229453722
F08;beta;3;rap;False;2268;50;0.5365961199294532;0.5321664384349658;0.004429681494487492;0.4361261687303453
F08;beta;9;bas;False;2261;50;0.16939407341884122;0.17450379334966068;-0.005109719930819476;-0.7464561789060727
F08;beta;9;rap;False;2261;50;0.5422379478107032;0.5438529112066373;-0.0016149633959338984;-0.16535284470531622
F08;beta;27;bas;False;2242;50;0.33140053523639607;0.34324909820327715;-0.01184856296688113;-1.3464832877474127
F08;beta;27;rap;False;2242;50;0.5347903657448706;0.5456330540183295;-0.010842688273458823;-1.2165745086059143
F08;gamma;1;bas;False;2273;50;0.05279366476022877;0.04890883138360963;0.0038848333766191416;0.918710462694409
F08;gamma;1;rap;False;2273;50;0.5239771227452705;0.5238664419759357;0.00011068076933494917;0.010709830021427254
F08;gamma;3;bas;False;2268;50;0.12301587301587301;0.11181787664822486;0.01119799636764815;1.9194680885957014
F08;gamma;3;rap;False;2268;50;0.5405643738977073;0.5308559231305302;0.009708450767176994;0.9580124775985478
F08;gamma;9;bas;False;2261;50;0.24060150375939848;0.2310457037943699;0.009555799965028566;1.2955779989323484
F08;gamma;9;rap;False;2261;50;0.5386996904024768;0.5370506409215666;0.0016490494809101185;0.17181024120036092
F08;gamma;27;bas;False;2242;50;0.4536128456735058;0.4458046788973192;0.007808166776186634;0.8332701300081647
F08;gamma;27;rap;False;2242;50;0.5102586975914363;0.5264771918285581;-0.016218494237121944;-1.835004199564619
F08;delta;1;bas;False;2273;50;0.020237571491421028;0.020675972394794667;-0.0004384009033736329;-0.15929876882765362
F08;delta;1;rap;False;2273;50;0.5296964364276286;0.5191025060818512;0.010593930345777512;1.017060651812727
F08;delta;3;bas;False;2268;50;0.04497354497354497;0.04781122797081414;-0.0028376829972691715;-0.7598355457903234
F08;delta;3;rap;False;2268;50;0.541005291005291;0.5277235684313835;0.01328172257390759;1.2882144475411956
F08;delta;9;bas;False;2261;50;0.09818664307828394;0.10191027673065076;-0.003723633652366803;-0.7088069338680844
F08;delta;9;rap;False;2261;50;0.544891640866873;0.5413789018510966;0.0035127390157765055;0.3478555694862323
F08;delta;27;bas;False;2242;50;0.20606601248884923;0.20198465826887033;0.004081354219978928;0.5676573294931656
F08;delta;27;rap;False;2242;50;0.5512934879571811;0.5574852710639289;-0.006191783106747646;-0.6368666098607197
F08;epsilon;1;bas;False;2273;50;0.07347118345798505;0.07093895561366328;0.0025322278443217663;0.5096483042933831
F08;epsilon;1;rap;False;2273;50;0.5235371755389353;0.5236162411253498;-7.906558641437331e-05;-0.007671309931676526
F08;epsilon;3;bas;False;2268;50;0.16490299823633156;0.16390500349980588;0.0009979947365256895;0.14948788265718227
F08;epsilon;3;rap;False;2268;50;0.5282186948853616;0.5273022325908471;0.0009164622945145482;0.09213239781831814
F08;epsilon;9;bas;False;2261;50;0.34807607253427686;0.3451922033973986;0.0028838691368783184;0.32971870094199285
F08;epsilon;9;rap;False;2261;50;0.518796992481203;0.5254498276807359;-0.006652835199532862;-0.7136034896233331
F08;epsilon;27;bas;False;2242;50;0.6507582515611061;0.6524294906020739;-0.001671239040967651;-0.17557784942430518
F08;epsilon;27;rap;False;2242;50;0.47814451382694023;0.4914316822663021;-0.013287168439361884;-1.5413368469464552
F09;alpha;1;bas;False;2104;50;0.11596958174904944;0.11755487287150021;-0.001585291122450792;-0.2481186398764409
F09;alpha;1;rap;False;2104;50;0.5313688212927756;0.5070196652118997;0.024349156080875973;2.3298311534159653
F09;alpha;3;bas;False;2101;50;0.2732032365540219;0.26571285309348064;0.007490383460541232;0.8538775457111659
F09;alpha;3;rap;False;2101;50;0.49119466920514043;0.4939600580257248;-0.0027653888205843445;-0.28566354510054337
F09;alpha;9;bas;False;2089;50;0.5327908089995212;0.5268577166870292;0.005933092312492197;0.573432207545123
F09;alpha;9;rap;False;2089;50;0.47869794159885115;0.46284620702880863;0.015851734570042495;1.73875211944452
F09;alpha;27;bas;False;2057;50;0.8663101604278075;0.8639582819203003;0.0023518785075071426;0.31796179079659787
F09;alpha;27;rap;False;2057;50;0.44287797763733594;0.45058702562626174;-0.007709047988925815;-0.8188779867747781
F09;beta;1;bas;False;2104;50;0.0370722433460076;0.04018285592745884;-0.0031106125814512413;-0.8019265393942553
F09;beta;1;rap;False;2104;50;0.5332699619771863;0.517639691833443;0.01563027014374335;1.4609301982842766
F09;beta;3;bas;False;2101;50;0.09281294621608757;0.09163576463905024;0.001177181577037347;0.2110921290107252
F09;beta;3;rap;False;2101;50;0.5492622560685388;0.5251390285077044;0.024123227560834355;2.2918813764572548
F09;beta;9;bas;False;2089;50;0.20201053135471517;0.18916923961466478;0.01284129174005038;1.74621030731591
F09;beta;9;rap;False;2089;50;0.543322163714696;0.5301019227716929;0.013220240943003163;1.2817367562355726
F09;beta;27;bas;False;2057;50;0.3787068546426835;0.3593845336753261;0.0193223209673574;2.103722611728343
F09;beta;27;rap;False;2057;50;0.5187165775401069;0.5270352751524581;-0.00831869761235108;-0.8616095251893066
F09;gamma;1;bas;False;2104;50;0.051330798479087454;0.05380999047950969;-0.0024791920004222446;-0.5687529737177728
F09;gamma;1;rap;False;2104;50;0.528041825095057;0.5183251619753482;0.009716663119708917;0.9144916152292699
F09;gamma;3;bas;False;2101;50;0.12803426939552595;0.12057043891134898;0.007463830484176952;1.221110931464667
F09;gamma;3;rap;False;2101;50;0.5354593050928129;0.5245691992082675;0.0108901058845454;1.0449198485960693
F09;gamma;9;bas;False;2089;50;0.24605074198180948;0.24571486652944635;0.00033587545236311996;0.0420301832726552
F09;gamma;9;rap;False;2089;50;0.5193872666347534;0.5247137613466409;-0.005326494711887506;-0.5333321849859928
F09;gamma;27;bas;False;2057;50;0.46086533787068545;0.4575303068273112;0.0033350310433742304;0.34302530536723247
F09;gamma;27;rap;False;2057;50;0.49781234807972774;0.5115370314131342;-0.01372468333340647;-1.4992058268409427
F09;delta;1;bas;False;2104;50;0.019486692015209126;0.023312726000487827;-0.0038260339852787036;-1.3796915940423835
F09;delta;1;rap;False;2104;50;0.5270912547528517;0.5151487826551122;0.0119424720977396;1.107996703426057
F09;delta;3;bas;False;2101;50;0.050928129462160875;0.052959040481020805;-0.0020309110188599247;-0.4814295120865272
F09;delta;3;rap;False;2101;50;0.5226082817705854;0.5236278413622014;-0.001019559591615969;-0.09561024966977173
F09;delta;9;bas;False;2089;50;0.10722833891814265;0.11191383494354859;-0.004685496025405939;-0.8121772755302674
F09;delta;9;rap;False;2089;50;0.5284825275251317;0.5340672136371275;-0.005584686111995894;-0.5286020829163514
F09;delta;27;bas;False;2057;50;0.21244530870199319;0.21728760121073953;-0.0048422925087463625;-0.6335346108072817
F09;delta;27;rap;False;2057;50;0.529897909577054;0.5458753689923597;-0.015977459415305713;-1.5832811622071952
F09;epsilon;1;bas;False;2104;50;0.07366920152091255;0.08030857744600146;-0.006639375925088915;-1.2872155524911144
F09;epsilon;1;rap;False;2104;50;0.5270912547528517;0.5151415719408237;0.011949682812028187;1.1365936686310514
F09;epsilon;3;bas;False;2101;50;0.18181818181818182;0.18108973955080424;0.0007284422673775971;0.09785389256063969
F09;epsilon;3;rap;False;2101;50;0.504521656354117;0.5141604992197295;-0.009638842865612427;-0.9546588602380466
F09;epsilon;9;bas;False;2089;50;0.3652465294399234;0.36560351435944793;-0.00035698491952451845;-0.037780419767289915
F09;epsilon;9;rap;False;2089;50;0.5069411201531834;0.5056921243165974;0.0012489958365859003;0.13182570773887034
F09;epsilon;27;bas;False;2057;50;0.6694214876033058;0.6631770565647765;0.006244431038529272;0.6361518836054209
F09;epsilon;27;rap;False;2057;50;0.4584346135148274;0.4703412958621152;-0.011906682347287747;-1.331866564000544
F10;alpha;1;bas;False;1113;50;0.09254267744833783;0.08911461182313907;0.0034280656251987705;0.4386543884631115
F10;alpha;1;rap;False;1113;50;0.5723270440251572;0.5506736936184995;0.021653350406657782;1.5265729129481727
F10;alpha;3;bas;False;1113;50;0.23000898472596587;0.21223229097643623;0.017776693749529632;1.5808069463736474
F10;alpha;3;rap;False;1113;50;0.5858041329739443;0.5649313866809468;0.02087274629299758;1.5827237170587225
F10;alpha;9;bas;False;1111;50;0.49954995499549953;0.4621581911174377;0.037391763878061854;2.722187924385659
F10;alpha;9;rap;False;1111;50;0.5796579657965797;0.5604171943164213;0.019240771480158396;1.6306079963639215
F10;alpha;27;bas;False;1096;50;0.864963503649635;0.8450537305753326;0.0199097730743024;1.9479150143529178
F10;alpha;27;rap;False;1096;50;0.5583941605839416;0.5437536200596875;0.014640540524254017;1.2142180567413383
F10;beta;1;bas;False;1113;50;0.027852650494159928;0.0380993655514084;-0.010246715057248468;-2.1793739433248076
F10;beta;1;rap;False;1113;50;0.5336927223719676;0.5211370366834142;0.012555685688553529;0.8500124857177243
F10;beta;3;bas;False;1113;50;0.08265947888589398;0.08937283921811269;-0.006713360332218709;-0.9168883464286477
F10;beta;3;rap;False;1113;50;0.5408805031446541;0.5299999071059223;0.010880596038731774;0.7503179049547687
F10;beta;9;bas;False;1111;50;0.19081908190819083;0.18625888664236215;0.0045601952658286685;0.4639740208894325
F10;beta;9;rap;False;1111;50;0.5526552655265526;0.5358287602435375;0.016826505283015224;1.2253368915129694
F10;beta;27;bas;False;1096;50;0.39324817518248173;0.358124569041425;0.03512360614105678;2.70872695646099
F10;beta;27;rap;False;1096;50;0.5547445255474452;0.5333808302297564;0.021363695317688898;1.671686671910264
F10;gamma;1;bas;False;1113;50;0.04132973944294699;0.04985456627576393;-0.008524826832816943;-1.5613529489690845
F10;gamma;1;rap;False;1113;50;0.5283018867924528;0.527446681091203;0.0008552057012498931;0.05883812288626597
F10;gamma;3;bas;False;1113;50;0.12578616352201258;0.11425683890614811;0.01152932461586447;1.3522746654211848
F10;gamma;3;rap;False;1113;50;0.5372866127583109;0.536307389260451;0.0009792234978600266;0.06837707219145321
F10;gamma;9;bas;False;1111;50;0.25112511251125114;0.23623409138512313;0.014891021126127996;1.3601531901766086
F10;gamma;9;rap;False;1111;50;0.5535553555355536;0.5423014214316151;0.011253934103938473;0.8454161565457653
F10;gamma;27;bas;False;1096;50;0.45985401459854014;0.45051554619843925;0.009338468400100886;0.6968023687009527
F10;gamma;27;rap;False;1096;50;0.5447080291970803;0.5328204524864366;0.011887576710643683;0.9783986226352014
F10;delta;1;bas;False;1113;50;0.022461814914645103;0.024355318857634194;-0.0018935039429890902;-0.45219807765885267
F10;delta;1;rap;False;1113;50;0.5238095238095238;0.5167464647454881;0.007063059064035725;0.4741020095703868
F10;delta;3;bas;False;1113;50;0.05840071877807727;0.0565907008065626;0.0018100179715146729;0.29865580205039416
F10;delta;3;rap;False;1113;50;0.5067385444743935;0.5252801865302267;-0.018541642055833196;-1.2534334327070253
F10;delta;9;bas;False;1111;50;0.1152115211521152;0.11673075423699278;-0.0015192330848775876;-0.19264407417102408
F10;delta;9;rap;False;1111;50;0.5481548154815482;0.534453537777632;0.013701277703916149;0.944838759417251
F10;delta;27;bas;False;1096;50;0.2363138686131387;0.2225369718209917;0.01377689679214698;1.3049269248052384
F10;delta;27;rap;False;1096;50;0.5629562043795621;0.5445709177352961;0.01838528664426593;1.338027233241735
F10;epsilon;1;bas;False;1113;50;0.0862533692722372;0.07322718835336575;0.01302618091887145;1.7428814846915397
F10;epsilon;1;rap;False;1113;50;0.5489667565139263;0.531706177847659;0.017260578666267467;1.1891726408858738
F10;epsilon;3;bas;False;1113;50;0.17430368373764601;0.16785774965393116;0.006445934083714854;0.6797255898994948
F10;epsilon;3;rap;False;1113;50;0.5489667565139263;0.5374680439787778;0.011498712535148527;0.8374051008326551
F10;epsilon;9;bas;False;1111;50;0.3465346534653465;0.3425416985686178;0.003992954896728694;0.319736676304052
F10;epsilon;9;rap;False;1111;50;0.5418541854185418;0.5384134640478203;0.0034407213707214526;0.27693271357972654
F10;epsilon;27;bas;False;1096;50;0.6697080291970803;0.638753378763412;0.03095465043366823;2.2798945315815624
F10;epsilon;27;rap;False;1096;50;0.5155109489051095;0.5184020443518014;-0.002891095446691849;-0.2506820196853414
F11;alpha;1;bas;False;2125;50;0.11341176470588235;0.11121504036020283;0.0021967243456795234;0.35314814898014735
F11;alpha;1;rap;False;2125;50;0.4969411764705882;0.5140335403267634;-0.01709236385617522;-1.638722662333199
F11;alpha;3;bas;False;2124;50;0.2660075329566855;0.2551930462694852;0.010814486687200264;1.2481216140446292
F11;alpha;3;rap;False;2124;50;0.4924670433145009;0.5050555505484503;-0.012588507233949338;-1.2730008990118087
F11;alpha;9;bas;False;2114;50;0.5260170293282876;0.5172358722166813;0.008781157111606262;0.8598617572101728
F11;alpha;9;rap;False;2114;50;0.4763481551561022;0.4766712543198252;-0.0003230991637230178;-0.03575256012484458
F11;alpha;27;bas;False;2083;50;0.8674987998079693;0.861509891011143;0.005988908796826337;0.8130296636173662
F11;alpha;27;rap;False;2083;50;0.45607297167546806;0.46355037969399776;-0.007477408018529717;-0.8204009197264003
F11;beta;1;bas;False;2125;50;0.029176470588235293;0.03901002102641955;-0.009833550438184261;-2.797364524310107
F11;beta;1;rap;False;2125;50;0.5148235294117647;0.5170735132839398;-0.0022499838721750324;-0.20950147394082558
F11;beta;3;bas;False;2124;50;0.089924670433145;0.08971981797645844;0.0002048524566865701;0.03705506446649666
F11;beta;3;rap;False;2124;50;0.5291902071563088;0.5249989036105561;0.004191303545752685;0.3969786833453073
F11;beta;9;bas;False;2114;50;0.2010406811731315;0.18782838863595203;0.013212292537179484;1.7618037682281635
F11;beta;9;rap;False;2114;50;0.543519394512772;0.5313441450435199;0.012175249469252069;1.1905913416819762
F11;beta;27;bas;False;2083;50;0.36917906865098415;0.36003229647852913;0.009146772172455015;0.9887467290699045
F11;beta;27;rap;False;2083;50;0.5242438790206433;0.5289406417721054;-0.00469676275146203;-0.4969726936974796
F11;gamma;1;bas;True;2125;50;0.055058823529411764;0.05270483620588837;0.0023539873235233983;0.5293126077898465
F11;gamma;1;rap;True;2125;50;0.5016470588235294;0.520068488897363;-0.018421430073833612;-1.7226824939072996
F11;gamma;3;bas;True;2124;50;0.1327683615819209;0.11872348743940506;0.014044874142515845;2.215706935786536
F11;gamma;3;rap;True;2124;50;0.513653483992467;0.5254518316709704;-0.01179834767850341;-1.1268521862758243
F11;gamma;9;bas;True;2114;50;0.24645222327341532;0.24146345302906685;0.004988770244348457;0.6356358225479114
F11;gamma;9;rap;True;2114;50;0.5198675496688742;0.528123166022571;-0.00825561635369682;-0.8480943887872565
F11;gamma;27;bas;True;2083;50;0.45799327892462793;0.4523737322595654;0.005619546665062571;0.5851903374787703
F11;gamma;27;rap;True;2083;50;0.514162265962554;0.5199740672017328;-0.005811801239178873;-0.6507124315482823
F11;delta;1;bas;False;2125;50;0.02211764705882353;0.023473427640862424;-0.0013557805820388926;-0.45480408921206195
F11;delta;1;rap;False;2125;50;0.5247058823529411;0.514383097626901;0.010322784726040049;0.9572801333710521
F11;delta;3;bas;False;2124;50;0.054143126177024485;0.05414528600151898;-2.1598244944964343e-06;-0.0004901963044111632
F11;delta;3;rap;False;2124;50;0.525894538606403;0.5221173854371701;0.003777153169232875;0.35566197868383664
F11;delta;9;bas;False;2114;50;0.10927152317880795;0.1123264664563012;-0.00305494327749326;-0.5248800817830304
F11;delta;9;rap;False;2114;50;0.5449385052034059;0.5323104495763075;0.012628055627098293;1.2106926015168198
F11;delta;27;bas;False;2083;50;0.21747479596735478;0.21686683490746708;0.000607961059887707;0.08122974976539982
F11;delta;27;rap;False;2083;50;0.5400864138262121;0.5438256157382146;-0.0037392019120023297;-0.37557736208450576
F11;epsilon;1;bas;False;2125;50;0.07905882352941176;0.08012279982645203;-0.001063976297040262;-0.20000721497033486
F11;epsilon;1;rap;False;2125;50;0.5063529411764706;0.5180634023724006;-0.01171046119592993;-1.107215649953768
F11;epsilon;3;bas;False;2124;50;0.1850282485875706;0.18038426712232336;0.004643981465247286;0.6364695015041048
F11;epsilon;3;rap;False;2124;50;0.5051789077212806;0.5154210263332122;-0.010242118611931498;-1.0101190622220169
F11;epsilon;9;bas;False;2114;50;0.3609271523178808;0.3622316302141637;-0.0013044778962828945;-0.14309092568971676
F11;epsilon;9;rap;False;2114;50;0.5066225165562914;0.507798776411226;-0.0011762598549344971;-0.12367485485355503
F11;epsilon;27;bas;False;2083;50;0.6639462313970236;0.6590538991944697;0.004892332202553928;0.49918676320394023
F11;epsilon;27;rap;False;2083;50;0.470955352856457;0.4773023964088544;-0.006347043552397376;-0.7167554638016692
F12;alpha;1;bas;False;1125;50;0.12;0.10382774934648586;0.016172250653514138;1.8141594610437455
F12;alpha;1;rap;False;1125;50;0.5075555555555555;0.5190562129553106;-0.011500657399755037;-0.8113554693086704
F12;alpha;3;bas;False;1124;50;0.2695729537366548;0.2470594484138302;0.02251350532282457;1.8827569169461684
F12;alpha;3;rap;False;1124;50;0.49110320284697506;0.5098224166780552;-0.018719213831080148;-1.3631816074762715
F12;alpha;9;bas;False;1118;50;0.5438282647584973;0.5137303204942306;0.0300979442642668;2.13723437208615
F12;alpha;9;rap;False;1118;50;0.4606440071556351;0.48078859936426593;-0.020144592208630893;-1.620288630572046
F12;alpha;27;bas;False;1103;50;0.8703535811423391;0.8619947765578558;0.008358804584483195;0.8290375051692372
F12;alpha;27;rap;False;1103;50;0.457842248413418;0.46384356647668196;-0.006001318063263998;-0.457937045746956
F12;beta;1;bas;False;1125;50;0.041777777777777775;0.036840673714266324;0.0049371040635114586;0.924337483982535
F12;beta;1;rap;False;1125;50;0.5368888888888889;0.5168402010603709;0.020048687828517903;1.3731013123348903
F12;beta;3;bas;False;1124;50;0.08896797153024912;0.0851776107789032;0.003790360751345915;0.5177162585742306
F12;beta;3;rap;False;1124;50;0.5142348754448398;0.5263546752666024;-0.012119799821762589;-0.8328307375432408
F12;beta;9;bas;False;1118;50;0.19588550983899822;0.17895549471477668;0.01693001512422154;1.6911066956148466
F12;beta;9;rap;False;1118;50;0.5295169946332737;0.535670610122572;-0.006153615489298288;-0.4426454793139913
F12;beta;27;bas;False;1103;50;0.3526745240253853;0.3508849809469312;0.0017895430784540837;0.14194105380037642
F12;beta;27;rap;False;1103;50;0.5321849501359928;0.5363303057430381;-0.004145355607045324;-0.3141965187808094
F12;gamma;1;bas;False;1125;50;0.056;0.054363649898385595;0.0016363501016144083;0.2601732437256637
F12;gamma;1;rap;False;1125;50;0.5164444444444445;0.5166191658828352;-0.00017472143839064496;-0.012082574830264812
F12;gamma;3;bas;False;1124;50;0.11921708185053381;0.12102124165152442;-0.0018041598009906218;-0.21227428492342346
F12;gamma;3;rap;False;1124;50;0.49555160142348753;0.5199312397087466;-0.02437963828525893;-1.7038552011981232
F12;gamma;9;bas;False;1118;50;0.24150268336314848;0.24302110815695027;-0.0015184247938017925;-0.13930158101804554
F12;gamma;9;rap;False;1118;50;0.518783542039356;0.5229486961565015;-0.0041651541171455675;-0.313632865609785
F12;gamma;27;bas;False;1103;50;0.45058930190389845;0.45506421373872474;-0.00447491183482626;-0.3335246449159157
F12;gamma;27;rap;False;1103;50;0.5185856754306437;0.5110590621540058;0.007526613276637912;0.6192807753910026
F12;delta;1;bas;False;1125;50;0.025777777777777778;0.020950866488701533;0.004826911289076245;1.1107797269766049
F12;delta;1;rap;False;1125;50;0.5297777777777778;0.5169326708277764;0.012845106950001394;0.8708719747859311
F12;delta;3;bas;False;1124;50;0.0498220640569395;0.04905285058352215;0.0007692134734173479;0.13496687638512253
F12;delta;3;rap;False;1124;50;0.5160142348754448;0.5253679695584021;-0.009353734682957337;-0.6359054687244251
F12;delta;9;bas;False;1118;50;0.10286225402504472;0.1039390687996813;-0.0010768147746365766;-0.1382374708534581
F12;delta;9;rap;False;1118;50;0.5277280858676208;0.5370620561764107;-0.009333970308790034;-0.6455942227488624
F12;delta;27;bas;False;1103;50;0.1931097008159565;0.2045950385936504;-0.011485337777693927;-1.1802589145983526
F12;delta;27;rap;False;1103;50;0.5548504079782411;0.5521696436501173;0.002680764328123839;0.19562517669545995
F12;epsilon;1;bas;False;1125;50;0.08977777777777778;0.07691487375367952;0.012862904024098258;1.7019518076632756
F12;epsilon;1;rap;False;1125;50;0.5173333333333333;0.5168501511741574;0.00048318215917595824;0.03318240028282204
F12;epsilon;3;bas;False;1124;50;0.17882562277580072;0.17733998516985267;0.0014856376059480716;0.15073668020224903
F12;epsilon;3;rap;False;1124;50;0.5071174377224199;0.5156619706317077;-0.008544532909287866;-0.6060506287604882
F12;epsilon;9;bas;False;1118;50;0.37119856887298747;0.36179971641188335;0.009398852461104112;0.7378033470465092
F12;epsilon;9;rap;False;1118;50;0.5062611806797853;0.5068425607516425;-0.0005813800718570565;-0.04399741703402265
F12;epsilon;27;bas;False;1103;50;0.6663644605621033;0.6593632361305076;0.007001224431595768;0.5229312806118148
F12;epsilon;27;rap;False;1103;50;0.46509519492293744;0.4733946445469972;-0.008299449624059742;-0.6806332047397461
F13;alpha;1;bas;False;2221;50;0.11346240432237731;0.11040717320090632;0.0030552311214709863;0.4901437674962732
F13;alpha;1;rap;False;2221;50;0.49797388563710043;0.5111608987145307;-0.01318701307743027;-1.2945826282959576
F13;alpha;3;bas;False;2217;50;0.28010825439783493;0.2553366995374789;0.024771554860356013;2.8491912807823336
F13;alpha;3;rap;False;2217;50;0.48804691023906177;0.500072130564368;-0.01202522032530629;-1.2440887470477573
F13;alpha;9;bas;False;2214;50;0.542457091237579;0.5200814817556463;0.02237560948193283;2.247620341590785
F13;alpha;9;rap;False;2214;50;0.4742547425474255;0.4675076193518369;0.006747123195588587;0.7477007780887672
F13;alpha;27;bas;False;2189;50;0.8693467336683417;0.8638321370365093;0.005514596631832436;0.771683115000552
F13;alpha;27;rap;False;2189;50;0.45454545454545453;0.45149145952603126;0.0030539950194233426;0.3344110851873981
F13;beta;1;bas;False;2221;50;0.037370553804592525;0.040436594031308545;-0.0030660402267160226;-0.8074699807376274
F13;beta;1;rap;False;2221;50;0.5060783430886988;0.5169522305191577;-0.01087388743045886;-1.0394750968050406
F13;beta;3;bas;False;2217;50;0.08254397834912043;0.09139575159028933;-0.00885177324116891;-1.7190787174705087
F13;beta;3;rap;False;2217;50;0.5074424898511503;0.5243503207361065;-0.016907830884956353;-1.6328067272099345
F13;beta;9;bas;False;2214;50;0.18292682926829268;0.18727320511466905;-0.004346375846376394;-0.623108978505944
F13;beta;9;rap;False;2214;50;0.526196928635953;0.5317952382747418;-0.0055983096387887095;-0.5676182225647314
F13;beta;27;bas;False;2189;50;0.3581544084056647;0.3567940311211076;0.0013603772845571294;0.14750684351382645
F13;beta;27;rap;False;2189;50;0.5280950205573322;0.5293919283046146;-0.0012969077472823572;-0.14003825368075612
F13;gamma;1;bas;False;2221;50;0.055830706888788835;0.04936414500799752;0.006466561880791319;1.4814497236076887
F13;gamma;1;rap;False;2221;50;0.5240882485366952;0.5218411905412652;0.0022470579954299665;0.214393215861491
F13;gamma;3;bas;False;2217;50;0.12359043752819125;0.11394693945541634;0.009643498072774922;1.6289639015659683
F13;gamma;3;rap;False;2217;50;0.5178168696436626;0.5278961517923791;-0.01007928214871647;-0.9706565498194917
F13;gamma;9;bas;False;2214;50;0.24345076784101174;0.23574911694209377;0.007701650898917958;1.0053336299956108
F13;gamma;9;rap;False;2214;50;0.5266485998193315;0.5305724403484685;-0.003923840529137031;-0.40577830740142834
F13;gamma;27;bas;False;2189;50;0.45363179534033804;0.4514333286596538;0.002198466680684223;0.2317658381443733
F13;gamma;27;rap;False;2189;50;0.5134764732754683;0.5192613750902528;-0.005784901814784551;-0.6365756853601217
F13;delta;1;bas;False;2221;50;0.022062134173795586;0.024781166146400118;-0.0027190319726045297;-0.9340528554979317
F13;delta;1;rap;False;2221;50;0.5083295812696983;0.5147728827525995;-0.006443301482901186;-0.610201723028212
F13;delta;3;bas;False;2217;50;0.056833558863328824;0.05660589120931445;0.00022766765401437009;0.05321403490623538
F13;delta;3;rap;False;2217;50;0.5187189896256202;0.5224001485964763;-0.0036811589708562104;-0.35115914288535816
F13;delta;9;bas;False;2214;50;0.11788617886178862;0.11594217733506798;0.0019440015267206514;0.34135859365487675
F13;delta;9;rap;False;2214;50;0.5383920505871725;0.532532201925019;0.005859848662153491;0.570102524585019
F13;delta;27;bas;False;2189;50;0.22795797167656465;0.21954459200444232;0.008413379672122329;1.143245572488347
F13;delta;27;rap;False;2189;50;0.5509365006852444;0.5429915983348688;0.007944902350375696;0.8083659368097379
F13;epsilon;1;bas;False;2221;50;0.0769923457901846;0.07605797259990489;0.000934373190279708;0.1841746414221304
F13;epsilon;1;rap;False;2221;50;0.5096803241782981;0.518193753052643;-0.008513428874344973;-0.8215262399790685
F13;epsilon;3;bas;False;2217;50;0.18132611637347767;0.17410920953774686;0.007216906835730781;1.0125664070568452
F13;epsilon;3;rap;False;2217;50;0.5137573297248534;0.5183439758045852;-0.004586646079731748;-0.462068822404028
F13;epsilon;9;bas;False;2214;50;0.37533875338753386;0.3566351461063893;0.01870360728114457;2.050365113838635
F13;epsilon;9;rap;False;2214;50;0.5130984643179766;0.5116145194146556;0.0014839449033208021;0.1612296991077452
F13;epsilon;27;bas;False;2189;50;0.676564641388762;0.6571062634001298;0.019458377988632286;2.0568881274720807
F13;epsilon;27;rap;False;2189;50;0.47647327546825036;0.47758796792743036;-0.0011146924591800477;-0.12865849037016772
F14;alpha;1;bas;False;2274;50;0.12313104661389622;0.11236371974314917;0.010767326870747057;1.7158930485748762
F14;alpha;1;rap;False;2274;50;0.5092348284960422;0.5142929126012091;-0.005058084105166964;-0.5060608068550989
F14;alpha;3;bas;False;2269;50;0.27016306743058616;0.25656230002727404;0.013600767403312146;1.600290905977396
F14;alpha;3;rap;False;2269;50;0.48479506390480387;0.5051813217434903;-0.020386257838686393;-2.139819481240191
F14;alpha;9;bas;False;2257;50;0.5471865307930882;0.5196174317113487;0.02756909908173951;2.780798104707198
F14;alpha;9;rap;False;2257;50;0.44306601683650865;0.47084190497135087;-0.027775888134842237;-3.200436152429923
F14;alpha;27;bas;False;2217;50;0.8718989625620207;0.864008961715107;0.007890000846913717;1.1214705299374839
F14;alpha;27;rap;False;2217;50;0.4456472710870546;0.45380919136049047;-0.008161920273435916;-0.9018402541479967
F14;beta;1;bas;False;2274;50;0.04221635883905013;0.03757953366550511;0.0046368251735450245;1.2139645618550285
F14;beta;1;rap;False;2274;50;0.5167106420404574;0.5181485497100768;-0.0014379076696193953;-0.1389348055219705
F14;beta;3;bas;False;2269;50;0.0885852798589687;0.086159077920657;0.002426201938311717;0.4736495205267683
F14;beta;3;rap;False;2269;50;0.501983252534156;0.5275793300308944;-0.025596077496738274;-2.5221046484698277
F14;beta;9;bas;False;2257;50;0.17855560478511298;0.18046309509728053;-0.0019074903121675624;-0.28275337021215746
F14;beta;9;rap;False;2257;50;0.5254762959680992;0.5357402585929355;-0.010263962624836228;-1.0469359744799756
F14;beta;27;bas;False;2217;50;0.3540820929183581;0.3542345636433318;-0.00015247072497361565;-0.0172637560611942
F14;beta;27;rap;False;2217;50;0.5182679296346414;0.5352655055672726;-0.016997575932631105;-1.8769475113054919
F14;gamma;1;bas;False;2274;50;0.048372911169744945;0.04734312229394339;0.0010297888758015465;0.2486024337926355
F14;gamma;1;rap;False;2274;50;0.5325417766051012;0.5221268158258944;0.010414960779206754;1.0085307218567592
F14;gamma;3;bas;False;2269;50;0.11018069634200088;0.10952377444683468;0.000656921895166204;0.11590862248686393
F14;gamma;3;rap;False;2269;50;0.5297487880123403;0.5296353283786098;0.00011345963373038287;0.011180885044101916
F14;gamma;9;bas;False;2257;50;0.24014178112538767;0.23142912041256997;0.008712660712817717;1.1408804533628587
F14;gamma;9;rap;False;2257;50;0.5254762959680992;0.5352197846997988;-0.009743488731699572;-1.0032833536995664
F14;gamma;27;bas;False;2217;50;0.45015787099684257;0.450412603915286;-0.0002547329184433678;-0.02713669473967903
F14;gamma;27;rap;False;2217;50;0.5200721695985566;0.5219008346708535;-0.0018286650722968614;-0.2082815966678884
F14;delta;1;bas;False;2274;50;0.025065963060686015;0.021042557734788206;0.004023405325897813;1.3575989837975333
F14;delta;1;rap;False;2274;50;0.4969217238346526;0.5177715486853749;-0.020849824850722214;-1.9968774221894245
F14;delta;3;bas;False;2269;50;0.048920229175848394;0.04895096342847843;-3.0734252630044265e-05;-0.007860365520761536
F14;delta;3;rap;False;2269;50;0.5063904803878361;0.5267574483629982;-0.020366967975162038;-1.9611586047206657
F14;delta;9;bas;False;2257;50;0.10677891005759858;0.1042550071755453;0.0025239028820532934;0.4816068396194729
F14;delta;9;rap;False;2257;50;0.5431989366415596;0.5402745183287173;0.0029244183128423014;0.2880336447919915
F14;delta;27;bas;False;2217;50;0.21425349571493008;0.20878407740175964;0.005469418313170436;0.7623222462540272
F14;delta;27;rap;False;2217;50;0.5435272891294542;0.5541461762996002;-0.010618887170145957;-1.0727820348513968
F14;epsilon;1;bas;False;2274;50;0.0839929639401935;0.07254590221819208;0.011447061722001398;2.220433776083323
F14;epsilon;1;rap;False;2274;50;0.5272647317502199;0.5215118502240087;0.0057528815262111194;0.5649646673854438
F14;epsilon;3;bas;False;2269;50;0.17805200528867343;0.16883557740159535;0.009216427887078073;1.3276370990134454
F14;epsilon;3;rap;False;2269;50;0.511679153812252;0.5242638995274258;-0.012584745715173633;-1.2845592602705995
F14;epsilon;9;bas;False;2257;50;0.3659725299069561;0.35318433361992263;0.012788196287033536;1.4198960481149872
F14;epsilon;9;rap;False;2257;50;0.4918032786885246;0.5199426896191566;-0.02813941093063189;-3.102422145396335
F14;epsilon;27;bas;False;2217;50;0.663509246729815;0.65921226240582;0.004296984323995032;0.44841222320010665
F14;epsilon;27;rap;False;2217;50;0.4709066305818674;0.48134158118084636;-0.01043495059897897;-1.211661505818593
F15;alpha;1;bas;False;1887;50;0.09697933227344992;0.09290942306234147;0.00406990921110845;0.6508297928209354
F15;alpha;1;rap;False;1887;50;0.5474297827239004;0.5510617293042348;-0.003631946580334354;-0.3346604674498573
F15;alpha;3;bas;False;1883;50;0.21879978757302176;0.217131240783645;0.0016685467893767397;0.19427508163483584
F15;alpha;3;rap;False;1883;50;0.5469994689325545;0.5626026372016677;-0.015603168269113234;-1.5320327006835595
F15;alpha;9;bas;False;1871;50;0.4665954035275254;0.4658989971466397;0.0006964063808856314;0.0644618846655886
F15;alpha;9;rap;False;1871;50;0.5446285408872261;0.5573831626358533;-0.01275462174862724;-1.3979265295131607
F15;alpha;27;bas;False;1845;50;0.8390243902439024;0.8459622268510915;-0.006937836607188983;-0.8216886751953836
F15;alpha;27;rap;False;1845;50;0.5414634146341464;0.5399059110949709;0.0015575035391754317;0.16075557027383522
F15;beta;1;bas;False;1887;50;0.03815580286168521;0.03825236853944407;-9.65656777588519e-05;-0.024020973692286028
F15;beta;1;rap;False;1887;50;0.5331213566507684;0.521737040729643;0.011384315921125446;1.0055510641675665
F15;beta;3;bas;False;1883;50;0.08390865639936272;0.0861110095545843;-0.0022023531552215793;-0.4025932543740999
F15;beta;3;rap;False;1883;50;0.5199150292087095;0.53330401488962;-0.01338898568091053;-1.1864262380474087
F15;beta;9;bas;False;1871;50;0.17744521646178515;0.1788943215561342;-0.001449105094349074;-0.20214375632182546
F15;beta;9;rap;False;1871;50;0.5253874933190807;0.5442265453015801;-0.01883905198249937;-1.7363035735582932
F15;beta;27;bas;False;1845;50;0.3344173441734417;0.3470219049165481;-0.012604560743106348;-1.359016020855738
F15;beta;27;rap;False;1845;50;0.5550135501355014;0.5501324288592546;0.004881121276246805;0.4981756010788022
F15;gamma;1;bas;False;1887;50;0.04663487016428193;0.048642407667966264;-0.002007537503684339;-0.4508178107347377
F15;gamma;1;rap;False;1887;50;0.5378908320084791;0.5273189234730883;0.010571908535390747;0.9421593932568227
F15;gamma;3;bas;False;1883;50;0.11152416356877323;0.11151137046623799;1.2793102535244204e-05;0.0019961333018137677
F15;gamma;3;rap;False;1883;50;0.5204460966542751;0.5377904729032593;-0.017344376248984217;-1.5610940419747403
F15;gamma;9;bas;False;1871;50;0.22127204703367184;0.231902356109708;-0.010630309076036177;-1.2840270596191858
F15;gamma;9;rap;False;1871;50;0.5275253874933191;0.5447067818328618;-0.017181394339542765;-1.6503168726764927
F15;gamma;27;bas;False;1845;50;0.4281842818428184;0.44114302916763604;-0.01295874732481761;-1.2430564521300287
F15;gamma;27;rap;False;1845;50;0.5474254742547425;0.5395078058374517;0.007917668417290817;0.835915909769453
F15;delta;1;bas;False;1887;50;0.02490726020137785;0.021588831424444434;0.003318428776933416;1.0029114027646466
F15;delta;1;rap;False;1887;50;0.5156332803391627;0.5186037843496083;-0.002970504010445637;-0.2595123441080625
F15;delta;3;bas;False;1883;50;0.064259160913436;0.05062774805463687;0.01363141285879914;2.829536312567639
F15;delta;3;rap;False;1883;50;0.5077004779607011;0.5266408440016149;-0.018940366040913932;-1.6628271032699187
F15;delta;9;bas;False;1871;50;0.11384286477819348;0.1062798230185711;0.007563041759622383;1.2393155822483293
F15;delta;9;rap;False;1871;50;0.521111704970604;0.5385890067047644;-0.017477301734160466;-1.564091962901298
F15;delta;27;bas;False;1845;50;0.20650406504065041;0.2097056731145817;-0.0032016080739312733;-0.4219930285425019
F15;delta;27;rap;False;1845;50;0.548509485094851;0.5527533105640966;-0.004243825469245638;-0.39622176871262266
F15;epsilon;1;bas;False;1887;50;0.06836248012718601;0.06861520403668324;-0.0002527239094972367;-0.04723089042245111
F15;epsilon;1;rap;False;1887;50;0.5352411234764176;0.5359098560040567;-0.0006687325276391841;-0.06014706972371176
F15;epsilon;3;bas;False;1883;50;0.1609134360063728;0.1593521703978289;0.0015612656085438998;0.21178784508001378
F15;epsilon;3;rap;False;1883;50;0.5379713223579394;0.5446712517337153;-0.006699929375775864;-0.6195021382871958
F15;epsilon;9;bas;False;1871;50;0.33458043826830575;0.3323948933534465;0.002185544914859234;0.23201943268383252
F15;epsilon;9;rap;False;1871;50;0.5366114377338321;0.5485351762921123;-0.011923738558280135;-1.2136774908240002
F15;epsilon;27;bas;False;1845;50;0.6357723577235772;0.6323770342801056;0.0033953234434716036;0.3235007331349447
F15;epsilon;27;rap;False;1845;50;0.5273712737127372;0.526629780393044;0.0007414933196930573;0.07977921309878544
F16;alpha;1;bas;False;1004;50;0.06374501992031872;0.0698110768577442;-0.006066056937425463;-0.8677563771400804
F16;alpha;1;rap;False;1004;50;0.602589641434263;0.5963830714328517;0.006206570001411174;0.4290150768642201
F16;alpha;3;bas;False;1002;50;0.15469061876247506;0.16688007021289192;-0.012189451450416847;-1.2297974760920207
F16;alpha;3;rap;False;1002;50;0.656686626746507;0.6382867880037989;0.01839983874270807;1.4259678641464901
F16;alpha;9;bas;False;999;50;0.3763763763763764;0.3954200172026283;-0.019043640826251956;-1.3688200434322093
F16;alpha;9;rap;False;999;50;0.6776776776776777;0.6670340547560623;0.010643622921615395;0.9547815721341402
F16;alpha;27;bas;False;984;50;0.8048780487804879;0.8237461825016044;-0.01886813372111657;-1.5146791572178557
F16;alpha;27;rap;False;984;50;0.6565040650406504;0.6492677151296576;0.007236349910992839;0.6272423433379846
F16;beta;1;bas;False;1004;50;0.04083665338645418;0.03693460164046984;0.003902051745984339;0.6818276498202761
F16;beta;1;rap;False;1004;50;0.5587649402390438;0.525613520116269;0.03315142012277482;2.143584034704432
F16;beta;3;bas;False;1002;50;0.08083832335329341;0.0853706780852319;-0.004532354731938485;-0.6129134640713925
F16;beta;3;rap;False;1002;50;0.564870259481038;0.5363930663483798;0.02847719313265812;1.8852724929485178
F16;beta;9;bas;False;999;50;0.17917917917917917;0.18045535956436268;-0.0012761803851834802;-0.12754106157768888
F16;beta;9;rap;False;999;50;0.5645645645645646;0.5437142693736026;0.020850295190961952;1.4264986182293857
F16;beta;27;bas;False;984;50;0.3475609756097561;0.34709713853893476;0.0004638370708213293;0.0349756928246054
F16;beta;27;rap;False;984;50;0.5589430894308943;0.5487163745630315;0.010226714867862871;0.7715477951870185
F16;gamma;1;bas;False;1004;50;0.046812749003984064;0.047523974677056775;-0.0007112256730727124;-0.118226527024844
F16;gamma;1;rap;False;1004;50;0.5527888446215139;0.5338837185934611;0.01890512602805286;1.2275060041478456
F16;gamma;3;bas;False;1002;50;0.0998003992015968;0.10970973738979342;-0.00990933818819661;-1.2130715398833343
F16;gamma;3;rap;False;1002;50;0.5528942115768463;0.5465531968598509;0.006341014716995387;0.4267948201410726
F16;gamma;9;bas;False;999;50;0.22022022022022023;0.23001119080774654;-0.009790970587526341;-0.8839843153354389
F16;gamma;9;rap;False;999;50;0.5635635635635635;0.555834206616433;0.007729356947130534;0.5473818855215093
F16;gamma;27;bas;False;984;50;0.4176829268292683;0.43894659012112075;-0.021263663291852447;-1.5339132116772576
F16;gamma;27;rap;False;984;50;0.5640243902439024;0.5514251100705757;0.012599280173326836;1.0157639471838107
F16;delta;1;bas;False;1004;50;0.02390438247011952;0.025350399875496425;-0.0014460174053769056;-0.3099852499304125
F16;delta;1;rap;False;1004;50;0.5567729083665338;0.5166201578923493;0.04015275047418463;2.5755034854579995
F16;delta;3;bas;False;1002;50;0.05089820359281437;0.059429563986032684;-0.008531360393218316;-1.3447818976007784
F16;delta;3;rap;False;1002;50;0.5489021956087824;0.5242774192150014;0.024624776393781023;1.604494146394575
F16;delta;9;bas;False;999;50;0.12312312312312312;0.12434543899425485;-0.0012223158711317122;-0.13577263517527832
F16;delta;9;rap;False;999;50;0.5385385385385385;0.5313756532124222;0.007162885326116367;0.47606922061532403
F16;delta;27;bas;False;984;50;0.23170731707317074;0.23317120508478856;-0.0014638880116178516;-0.13058692364304886
F16;delta;27;rap;False;984;50;0.5497967479674797;0.5432306443547671;0.0065661036127125354;0.4473004441761887
F16;epsilon;1;bas;False;1004;50;0.06374501992031872;0.0717084266963831;-0.007963406776064375;-1.160277948902142
F16;epsilon;1;rap;False;1004;50;0.5597609561752988;0.5446705760119664;0.01509038016333238;1.000297313329895
F16;epsilon;3;bas;False;1002;50;0.14171656686626746;0.1616138421314016;-0.01989727526513411;-2.1237721914116587
F16;epsilon;3;rap;False;1002;50;0.5738522954091816;0.5586253832280984;0.015226912181083319;1.0998445188704555
F16;epsilon;9;bas;False;999;50;0.29429429429429427;0.32515536540465595;-0.030861071110361647;-2.4369386354038953
F16;epsilon;9;rap;False;999;50;0.5745745745745746;0.5711323631075353;0.0034422114670391566;0.26559834504976493
F16;epsilon;27;bas;False;984;50;0.5823170731707317;0.6169385437068365;-0.03462147053610486;-2.346019343664999
F16;epsilon;27;rap;False;984;50;0.584349593495935;0.5656192126472375;0.01873038084869761;1.6601031752159825
F17;alpha;1;bas;False;1962;50;0.10040774719673802;0.09832817305716973;0.0020795741395682977;0.3396800493401953
F17;alpha;1;rap;False;1962;50;0.5443425076452599;0.5405786806840454;0.0037638269612145807;0.3555001103976232
F17;alpha;3;bas;False;1959;50;0.222052067381317;0.2254903820580121;-0.0034383146766951336;-0.4118000550329378
F17;alpha;3;rap;False;1959;50;0.5482388973966309;0.5496113321083534;-0.0013724347117224217;-0.14005794887623998
F17;alpha;9;bas;False;1949;50;0.46434068753206775;0.4740009309090834;-0.009660243377015683;-0.9353192217635815
F17;alpha;9;rap;False;1949;50;0.5582349923037455;0.545766826956966;0.012468165346779515;1.4290977106729648
F17;alpha;27;bas;False;1924;50;0.83991683991684;0.8476182947597888;-0.007701454842948819;-0.9361576699751907
F17;alpha;27;rap;False;1924;50;0.5228690228690228;0.5308336552155781;-0.007964632346555233;-0.8625337406022735
F17;beta;1;bas;False;1962;50;0.045361875637105;0.03984195960036017;0.005519916036744834;1.3271743980535524
F17;beta;1;rap;False;1962;50;0.5045871559633027;0.5196175222984998;-0.015030366335197026;-1.3412684327095237
F17;beta;3;bas;False;1959;50;0.08575803981623277;0.0905964967471861;-0.004838456930953331;-0.9132545651993946
F17;beta;3;rap;False;1959;50;0.5211842776927004;0.5299316654644838;-0.008747387771783372;-0.7902629480467289
F17;beta;9;bas;False;1949;50;0.18522319138019497;0.1860928158892819;-0.0008696245090869002;-0.12052011121468541
F17;beta;9;rap;False;1949;50;0.547460236018471;0.5372737450589791;0.010186490959491987;0.9671881021917553
F17;beta;27;bas;False;1924;50;0.3633056133056133;0.3555884922278276;0.007717121077785651;0.8285488372481358
F17;beta;27;rap;False;1924;50;0.5462577962577962;0.5388841089319615;0.007373687325834815;0.7618127415117731
F17;gamma;1;bas;False;1962;50;0.06167176350662589;0.05174946082071981;0.009922302685906086;2.066625716495768
F17;gamma;1;rap;False;1962;50;0.5158002038735984;0.5248453535490414;-0.009045149675443015;-0.810167938541536
F17;gamma;3;bas;False;1959;50;0.10974987238386932;0.1177993658873674;-0.008049493503498099;-1.3441928883789447
F17;gamma;3;rap;False;1959;50;0.518631955079122;0.533333564655046;-0.014701609575923931;-1.3451325432894983
F17;gamma;9;bas;False;1949;50;0.22473063109286814;0.240106269029702;-0.01537563793683386;-1.9327601643341252
F17;gamma;9;rap;False;1949;50;0.5361723961005644;0.5363455426245175;-0.00017314652395311275;-0.01702436880107477
F17;gamma;27;bas;False;1924;50;0.43607068607068605;0.4503208472613899;-0.014250161190703787;-1.402996009507672
F17;gamma;27;rap;False;1924;50;0.524948024948025;0.5284919066825626;-0.003543881734537681;-0.39356908840035226
F17;delta;1;bas;False;1962;50;0.026503567787971458;0.02297220153010122;0.0035313662578702397;1.0492397887347364
F17;delta;1;rap;False;1962;50;0.5020387359836901;0.5173408060088187;-0.015302070025128546;-1.3628666576744124
F17;delta;3;bas;False;1959;50;0.05257784583971414;0.052810134586038934;-0.0002322887463247898;-0.05175018767643735
F17;delta;3;rap;False;1959;50;0.5084226646248086;0.5266603336780505;-0.018237669053242037;-1.634687539748089
F17;delta;9;bas;False;1949;50;0.10005130836326322;0.11140278477596427;-0.01135147641270105;-1.982517708483287
F17;delta;9;rap;False;1949;50;0.5413032324268856;0.5364284563953237;0.004874776031561841;0.4470696011556361
F17;delta;27;bas;False;1924;50;0.20218295218295218;0.2156840479801354;-0.01350109579718322;-1.7926582464600542
F17;delta;27;rap;False;1924;50;0.5472972972972973;0.5502332018309156;-0.0029359045336182486;-0.28127229922367825
F17;epsilon;1;bas;False;1962;50;0.07135575942915393;0.07448156459325757;-0.0031258051641036505;-0.5983255366670057
F17;epsilon;1;rap;False;1962;50;0.5203873598369011;0.5286645582229238;-0.008277198386022627;-0.7588394264227412
F17;epsilon;3;bas;False;1959;50;0.16232771822358347;0.17115462392213301;-0.008826905698549568;-1.21983117724709
F17;epsilon;3;rap;False;1959;50;0.5252679938744257;0.5321542179010914;-0.006886224026665859;-0.6574567117408706
F17;epsilon;9;bas;False;1949;50;0.3314520266803489;0.3483479034702986;-0.016895876789949676;-1.822204292411666
F17;epsilon;9;rap;False;1949;50;0.5505387378142638;0.5320876501585498;0.018451087655713943;1.8909421661366759
F17;epsilon;27;bas;False;1924;50;0.6476091476091476;0.6439732439992389;0.0036359036099087223;0.35808108349511103
F17;epsilon;27;rap;False;1924;50;0.5192307692307693;0.5084181916255205;0.01081257760524877;1.2023228889056428
F18;alpha;1;bas;False;1848;50;0.09145021645021645;0.10316748618488586;-0.01171726973466941;-1.9204437711577789
F18;alpha;1;rap;False;1848;50;0.5422077922077922;0.5308383069111624;0.011369485296629693;1.0132436407074115
F18;alpha;3;bas;False;1846;50;0.20530877573131096;0.23537338796327453;-0.03006461223196361;-3.6683386202417774
F18;alpha;3;rap;False;1846;50;0.5536294691224268;0.5355671349503075;0.01806233417211939;1.747896976138086
F18;alpha;9;bas;False;1839;50;0.4551386623164764;0.4860494934839679;-0.0309108311674916;-2.9186162516506693
F18;alpha;9;rap;False;1839;50;0.5470364328439369;0.5301644303943747;0.016872002449562284;1.833630001759372
F18;alpha;27;bas;False;1818;50;0.8355335533553355;0.8497718735586351;-0.014238320203299695;-1.6582461968807747
F18;alpha;27;rap;False;1818;50;0.5126512651265126;0.5194895856020671;-0.006838320475554425;-0.7131528616282395
F18;beta;1;bas;False;1848;50;0.036255411255411256;0.041476458163306994;-0.005221046907895732;-1.2746566443503653
F18;beta;1;rap;False;1848;50;0.4935064935064935;0.520174729043651;-0.026668235537157522;-2.302172427225985
F18;beta;3;bas;False;1846;50;0.08829902491874322;0.09546124866677058;-0.0071622237480273585;-1.240389940836589
F18;beta;3;rap;False;1846;50;0.5157096424702059;0.5275907785259225;-0.011881136055716671;-1.046413787790325
F18;beta;9;bas;False;1839;50;0.1854268624252311;0.19415413713771432;-0.008727274712483225;-1.1537075790990377
F18;beta;9;rap;False;1839;50;0.5290918977705275;0.5305750830932168;-0.0014831853226893266;-0.13400516116338562
F18;beta;27;bas;False;1818;50;0.3619361936193619;0.3625954377901096;-0.0006592441707476868;-0.06819649877248965
F18;beta;27;rap;False;1818;50;0.5352035203520352;0.530182941130429;0.0050205792216062835;0.49623618154272764
F18;gamma;1;bas;False;1848;50;0.04924242424242424;0.05209698832460056;-0.00285456408217631;-0.6246513300379494
F18;gamma;1;rap;False;1848;50;0.4908008658008658;0.5230320420939283;-0.0322311762930625;-2.8159425572134222
F18;gamma;3;bas;False;1846;50;0.1143011917659805;0.11980613350147218;-0.0055049417354916886;-0.8702049087739726
F18;gamma;3;rap;False;1846;50;0.508667388949079;0.5289730730048026;-0.020305684055723482;-1.811449939793226
F18;gamma;9;bas;False;1839;50;0.2365415986949429;0.24676252342025945;-0.010220924725316544;-1.248727755579911
F18;gamma;9;rap;False;1839;50;0.5165851005981512;0.5292635014968943;-0.012678400898743095;-1.1726825976660347
F18;gamma;27;bas;False;1818;50;0.4493949394939494;0.45829066279980823;-0.008895723305858819;-0.8603131811929148
F18;gamma;27;rap;False;1818;50;0.528052805280528;0.5187127676612023;0.009340037619325696;0.9805044643641816
F18;delta;1;bas;False;1848;50;0.02813852813852814;0.026678323426382697;0.0014602047121454438;0.4119991224385885
F18;delta;1;rap;False;1848;50;0.4713203463203463;0.5139730953989855;-0.04265274907863914;-3.6814151204233423
F18;delta;3;bas;False;1846;50;0.05742145178764897;0.06049061932263985;-0.0030691675349908774;-0.6364617479563451
F18;delta;3;rap;False;1846;50;0.4967497291440953;0.5209616321071316;-0.02421190296303625;-2.1029761498371946
F18;delta;9;bas;False;1839;50;0.13050570962479607;0.12152567097498322;0.00898003864981286;1.4140287711304795
F18;delta;9;rap;False;1839;50;0.511147362697118;0.5291820463187208;-0.018034683621602817;-1.5978716459509335
F18;delta;27;bas;False;1818;50;0.22332233223322331;0.2269558912847412;-0.0036335590515178913;-0.46957130916790946
F18;delta;27;rap;False;1818;50;0.5324532453245324;0.5402127819707051;-0.0077595366461726285;-0.7211116869675739
F18;epsilon;1;bas;False;1848;50;0.07034632034632035;0.07238733162688607;-0.002041011280565737;-0.38992265820292055
F18;epsilon;1;rap;False;1848;50;0.5108225108225108;0.528476520317931;-0.017654009495420186;-1.5573504401631642
F18;epsilon;3;bas;False;1846;50;0.15926327193932827;0.16788371926402967;-0.00862044732470141;-1.188144911690739
F18;epsilon;3;rap;False;1846;50;0.5395449620801733;0.533726577465008;0.005818384615165423;0.5385216516371898
F18;epsilon;9;bas;False;1839;50;0.3251767264817836;0.34558113128394186;-0.02040440480215828;-2.1432358497092543
F18;epsilon;9;rap;False;1839;50;0.5356171832517672;0.5349815382229088;0.0006356450288584586;0.06321217041986826
F18;epsilon;27;bas;False;1818;50;0.6424642464246425;0.6407121582831934;0.0017520881414491063;0.1656368810057033
F18;epsilon;27;rap;False;1818;50;0.5258525852585259;0.5146229719136137;0.011229613344912162;1.2182809620717348
F19;alpha;1;bas;False;2294;50;0.11203138622493461;0.11384277251858835;-0.0018113862936537208;-0.3035701034946019
F19;alpha;1;rap;False;2294;50;0.49825632083696597;0.5110372417232272;-0.012780920886261085;-1.2815665662984432
F19;alpha;3;bas;False;2292;50;0.2700698080279232;0.26111473550055253;0.00895507252737071;1.0842713053783872
F19;alpha;3;rap;False;2292;50;0.4912739965095986;0.4987878273957698;-0.007513830886171195;-0.7929460282230756
F19;alpha;9;bas;False;2285;50;0.5304157549234135;0.5258965578413239;0.004519197082089519;0.46259330275274285
F19;alpha;9;rap;False;2285;50;0.44945295404814006;0.46280245783549284;-0.013349503787352826;-1.5060837656261885
F19;alpha;27;bas;False;2262;50;0.8616268788682582;0.8649211682050937;-0.0032942893368354885;-0.4568286465209265
F19;alpha;27;rap;False;2262;50;0.4447391688770999;0.44676562939848014;-0.002026460521380227;-0.22248588053904858
F19;beta;1;bas;False;2294;50;0.03269398430688753;0.03545206413764629;-0.0027580798307587522;-0.8324850849860146
F19;beta;1;rap;False;2294;50;0.519180470793374;0.5215786473191506;-0.0023981765257766047;-0.2332433999292017
F19;beta;3;bas;False;2292;50;0.07940663176265271;0.08038788088139479;-0.00098124911874207;-0.2117057367663914
F19;beta;3;rap;False;2292;50;0.537521815008726;0.533660948019378;0.0038608669893480108;0.38158689506431503
F19;beta;9;bas;False;2285;50;0.15536105032822758;0.1701213759931087;-0.014760325664881129;-2.3211030350470847
F19;beta;9;rap;False;2285;50;0.5575492341356674;0.5474279037505545;0.010121330385112887;1.0416589382124077
F19;beta;27;bas;False;2262;50;0.31741821396993813;0.34014898957757944;-0.022730775607641345;-2.6310667388433515
F19;beta;27;rap;False;2262;50;0.5512820512820513;0.5516565809091638;-0.000374529627112497;-0.04235601078504002
F19;gamma;1;bas;False;2294;50;0.045771578029642546;0.04538152318596923;0.00039005484367331445;0.09905877719755722
F19;gamma;1;rap;False;2294;50;0.5248474280732345;0.5240146259140077;0.0008328021592267494;0.08090812785743508
F19;gamma;3;bas;False;2292;50;0.11387434554973822;0.10586435361807131;0.008009991931666904;1.4222838659937453
F19;gamma;3;rap;False;2292;50;0.5392670157068062;0.5326742616750035;0.006592754031802717;0.6512933949858593
F19;gamma;9;bas;False;2285;50;0.23851203501094093;0.2241616107848933;0.01435042422604762;1.9208151021071247
F19;gamma;9;rap;False;2285;50;0.5404814004376368;0.539832513928614;0.0006488865090227853;0.06664944259375724
F19;gamma;27;bas;False;2262;50;0.4447391688770999;0.4423485001562753;0.0023906687208246173;0.2582917316718217
F19;gamma;27;rap;False;2262;50;0.5393457117595049;0.5299128590497446;0.009432852709760303;1.075335911122615
F19;delta;1;bas;False;2294;50;0.020924149956408022;0.02106885228065057;-0.00014470232424255124;-0.05339331999709993
F19;delta;1;rap;False;2294;50;0.5170008718395815;0.5189470458795981;-0.0019461740400165473;-0.18801489518770464
F19;delta;3;bas;False;2292;50;0.05017452006980803;0.048362295491762776;0.0018122245780452543;0.470336891149535
F19;delta;3;rap;False;2292;50;0.5397033158813264;0.5286616124351995;0.011041703446126793;1.0760480876450298
F19;delta;9;bas;False;2285;50;0.09715536105032822;0.10077108655087004;-0.0036157255005418143;-0.697643398059435
F19;delta;9;rap;False;2285;50;0.5487964989059081;0.54282142407728;0.005975074828628222;0.5957941754039384
F19;delta;27;bas;False;2262;50;0.20114942528735633;0.20087402044479896;0.0002754048425573501;0.03890366368585412
F19;delta;27;rap;False;2262;50;0.5592396109637489;0.5595819068169398;-0.0003422958531908657;-0.03538732391729795
F19;epsilon;1;bas;False;2294;50;0.06582388840453357;0.07024857340937818;-0.004424685004844612;-0.9397307587896904
F19;epsilon;1;rap;False;2294;50;0.5047951176983435;0.5237840158147076;-0.018988898116364072;-1.864294378064005
F19;epsilon;3;bas;False;2292;50;0.16230366492146597;0.16443091956564515;-0.002127254644179186;-0.31649054867866283
F19;epsilon;3;rap;False;2292;50;0.5095986038394416;0.5269969990274669;-0.017398395188025308;-1.7676034498379196
F19;epsilon;9;bas;False;2285;50;0.3466083150984683;0.3482667082699084;-0.0016583931714401522;-0.18486682147823338
F19;epsilon;9;rap;False;2285;50;0.5024070021881838;0.523930653961501;-0.021523651773317186;-2.3387529824052957
F19;epsilon;27;bas;False;2262;50;0.6458885941644562;0.6557074234717476;-0.009818829307291256;-1.0306389320321068
F19;epsilon;27;rap;False;2262;50;0.4916003536693192;0.48720796926095195;0.004392384408367233;0.5091852913223617
F20;alpha;1;bas;False;1078;50;0.09925788497217068;0.10195553860044984;-0.0026976536282791465;-0.3284187299768395
F20;alpha;1;rap;False;1078;50;0.5231910946196661;0.5399022320029502;-0.016711137383284128;-1.1692087618084372
F20;alpha;3;bas;False;1074;50;0.23556797020484171;0.23159840492772565;0.003969565277116052;0.3402644855515177
F20;alpha;3;rap;False;1074;50;0.5512104283054003;0.5476333452040625;0.0035770831013379766;0.27420930320486536
F20;alpha;9;bas;False;1070;50;0.49906542056074765;0.47920138444090915;0.019864036119838443;1.4158358093948695
F20;alpha;9;rap;False;1070;50;0.5261682242990654;0.5382527470043108;-0.012084522705245454;-1.037010963899021
F20;alpha;27;bas;False;1054;50;0.8671726755218216;0.8501779706098026;0.016994704912019012;1.640696195729618
F20;alpha;27;rap;False;1054;50;0.532258064516129;0.5210054001263653;0.011252664389763736;0.93029043142716
F20;beta;1;bas;True;1078;50;0.039888682745825604;0.03800015179086986;0.001888530954955746;0.36300058168623156
F20;beta;1;rap;True;1078;50;0.5027829313543599;0.5210379779529718;-0.018255046598611782;-1.212833533673554
F20;beta;3;bas;True;1074;50;0.09031657355679702;0.08536353535290075;0.0049530382038962635;0.6652424975989214
F20;beta;3;rap;True;1074;50;0.5186219739292365;0.5319274076259098;-0.013305433696673412;-0.9033661440422744
F20;beta;9;bas;True;1070;50;0.17476635514018693;0.1788044260826629;-0.00403807094247598;-0.42202449181203844
F20;beta;9;rap;True;1070;50;0.5429906542056074;0.5430834521016807;-9.279789607321668e-05;-0.006543136141844245
F20;beta;27;bas;True;1054;50;0.34535104364326374;0.34955906947727977;-0.004208025834016012;-0.3330186051450846
F20;beta;27;rap;True;1054;50;0.5284629981024668;0.546364994003263;-0.01790199590079622;-1.3659283199438759
F20;gamma;1;bas;False;1078;50;0.04452690166975881;0.04595621806339963;-0.0014293163936408158;-0.25234245994079296
F20;gamma;1;rap;False;1078;50;0.5139146567717996;0.5271862439588375;-0.013271587187037914;-0.8781394439989784
F20;gamma;3;bas;False;1074;50;0.11080074487895716;0.1076251312146676;0.003175613664289568;0.3847283110559739
F20;gamma;3;rap;False;1074;50;0.5260707635009311;0.5366808892479948;-0.0106101257470637;-0.728223379353502
F20;gamma;9;bas;False;1070;50;0.23271028037383176;0.22843367406596304;0.004276606307868705;0.4046971217677198
F20;gamma;9;rap;False;1070;50;0.5495327102803739;0.5436439353676868;0.005888774912686926;0.4164714818456568
F20;gamma;27;bas;False;1054;50;0.43833017077798864;0.4465870533626075;-0.00825688258461893;-0.611109267913207
F20;gamma;27;rap;False;1054;50;0.5180265654648957;0.532701922668569;-0.014675357203673389;-1.194517085655698
F20;delta;1;bas;False;1078;50;0.021335807050092765;0.021860388415237825;-0.0005245813651450599;-0.1280160675536198
F20;delta;1;rap;False;1078;50;0.5435992578849722;0.5173529951673547;0.026246262717617402;1.729843987885003
F20;delta;3;bas;False;1074;50;0.05307262569832402;0.05074108414263723;0.002331541555686791;0.4049937568534168
F20;delta;3;rap;False;1074;50;0.5279329608938548;0.5258777497591252;0.002055211134729625;0.13581950504649234
F20;delta;9;bas;False;1070;50;0.11495327102803739;0.10783804052193396;0.00711523050610341;0.937444341681222
F20;delta;9;rap;False;1070;50;0.5635514018691589;0.5387064248694213;0.024844976999737502;1.6713703725756524
F20;delta;27;bas;False;1054;50;0.2125237191650854;0.21209096265702845;0.00043275650805693513;0.042816132497141474
F20;delta;27;rap;False;1054;50;0.5683111954459203;0.5525634494934522;0.01574774595246819;1.109687222884703
F20;epsilon;1;bas;False;1078;50;0.06957328385899815;0.0697306165456356;-0.00015733268663745194;-0.022622597512012923
F20;epsilon;1;rap;False;1078;50;0.5315398886827458;0.5334891236058309;-0.0019492349230850721;-0.13253642448590847
F20;epsilon;3;bas;False;1074;50;0.17039106145251395;0.1610009209415172;0.009390140510996776;0.9437782134363588
F20;epsilon;3;rap;False;1074;50;0.537243947858473;0.5425406527458221;-0.005296704887349108;-0.37649860436956817
F20;epsilon;9;bas;False;1070;50;0.3485981308411215;0.3375597865837687;0.011038344257352813;0.8565538652787139
F20;epsilon;9;rap;False;1070;50;0.5355140186915888;0.5454348186854463;-0.009920799993857577;-0.7814288206957212
F20;epsilon;27;bas;False;1054;50;0.6537001897533207;0.6422639055730104;0.011436284180310292;0.824307278504939
F20;epsilon;27;rap;False;1054;50;0.49620493358633777;0.5170734738139362;-0.020868540227598414;-1.7287750815663265
F21;alpha;1;bas;False;1964;50;0.11405295315682282;0.11973939194091542;-0.0056864387840925975;-0.8627569222334015
F21;alpha;1;rap;False;1964;50;0.48574338085539714;0.5041342510493514;-0.018390870193954172;-1.6977385073703357
F21;alpha;3;bas;False;1963;50;0.27254202750891493;0.26916293136462577;0.003379096144289166;0.37188624150299526
F21;alpha;3;rap;False;1963;50;0.4773306164034641;0.48745698641921636;-0.010126370015752275;-0.9788673462309541
F21;alpha;9;bas;False;1956;50;0.5301635991820041;0.5301890413029636;-2.5442120959484685e-05;-0.0024015151928756134
F21;alpha;9;rap;False;1956;50;0.46421267893660534;0.4541694087385062;0.010043270198099164;1.066762858480737
F21;alpha;27;bas;False;1925;50;0.8649350649350649;0.8659747117539602;-0.001039646818895288;-0.13504693471958848
F21;alpha;27;rap;False;1925;50;0.44727272727272727;0.4428843171713696;0.004388410101357641;0.45479908754505166
F21;beta;1;bas;False;1964;50;0.04276985743380855;0.03995603014450102;0.0028138272893075368;0.6645711296298626
F21;beta;1;rap;False;1964;50;0.49134419551934827;0.5167461852772359;-0.025401989757887617;-2.2725672893052447
F21;beta;3;bas;False;1963;50;0.08711156393275599;0.09088588987668957;-0.00377432594393356;-0.6728450366181985
F21;beta;3;rap;False;1963;50;0.5043301069791136;0.5256765851975588;-0.021346478218445205;-1.9666836461390518
F21;beta;9;bas;False;1956;50;0.18149284253578732;0.1874881351982433;-0.005995292662455988;-0.7893044739586553
F21;beta;9;rap;False;1956;50;0.5265848670756647;0.5322195197016927;-0.005634652626028024;-0.5335409850312984
F21;beta;27;bas;False;1925;50;0.35324675324675325;0.3568719564926115;-0.003625203245858262;-0.3738389143916526
F21;beta;27;rap;False;1925;50;0.5361038961038961;0.5313274798860307;0.00477641621786535;0.486012162218008
F21;gamma;1;bas;False;1964;50;0.054480651731160894;0.05481781054101255;-0.0003371588098516535;-0.07066808304063513
F21;gamma;1;rap;False;1964;50;0.49338085539714865;0.5172980785024651;-0.02391722310531648;-2.140171018478274
F21;gamma;3;bas;False;1963;50;0.11614875191034131;0.1227705585060513;-0.006621806595709998;-1.021951474631676
F21;gamma;3;rap;False;1963;50;0.5068772287315334;0.5218737876206189;-0.014996558889085453;-1.376787241523723
F21;gamma;9;bas;False;1956;50;0.2443762781186094;0.2470568503408951;-0.0026805722222857323;-0.31720605220911435
F21;gamma;9;rap;False;1956;50;0.5214723926380368;0.5232014100336899;-0.0017290173956530778;-0.16460239180256514
F21;gamma;27;bas;False;1925;50;0.4638961038961039;0.46066307414017116;0.0032330297559327536;0.31564142051508937
F21;gamma;27;rap;False;1925;50;0.49766233766233764;0.5115673756863658;-0.013905038024028088;-1.4782799712907448
F21;delta;1;bas;False;1964;50;0.022912423625254582;0.024556848042598625;-0.0016444244173440417;-0.5178002238115174
F21;delta;1;rap;False;1964;50;0.5030549898167006;0.5139339065206491;-0.010878916703948418;-0.9681587122978055
F21;delta;3;bas;False;1963;50;0.05348955680081508;0.05699467012194635;-0.003505113321131282;-0.7619833191199897
F21;delta;3;rap;False;1963;50;0.5124808965868568;0.5219858695851555;-0.009504972998298703;-0.8562709380612729
F21;delta;9;bas;False;1956;50;0.1273006134969325;0.11719397525712627;0.010106638239806233;1.6004104235132097
F21;delta;9;rap;False;1956;50;0.5306748466257669;0.5306727807590254;2.0658667415277582e-06;0.00018933551112623108
F21;delta;27;bas;False;1925;50;0.2322077922077922;0.2212498780514946;0.010957914156297597;1.400828380985913
F21;delta;27;rap;False;1925;50;0.5277922077922078;0.5414702130180877;-0.013678005225879775;-1.2982888579905838
F21;epsilon;1;bas;False;1964;50;0.079938900203666;0.0781142980206264;0.0018246021830395677;0.32546118972163746
F21;epsilon;1;rap;False;1964;50;0.49338085539714865;0.5166529608378088;-0.0232721054406601;-2.0948206014521853
F21;epsilon;3;bas;False;1963;50;0.184921039225675;0.17783424257186017;0.007086796653814828;0.9210276532578067
F21;epsilon;3;rap;False;1963;50;0.48497198166072336;0.5146139662122232;-0.029641984551499863;-2.780793565440901
F21;epsilon;9;bas;False;1956;50;0.38445807770961143;0.3635338864645433;0.020924191245068155;2.176061849257646
F21;epsilon;9;rap;False;1956;50;0.5020449897750511;0.5077566119079016;-0.005711622132850408;-0.5690066453608872
F21;epsilon;27;bas;False;1925;50;0.6846753246753247;0.6630137686356369;0.021661556039687852;2.158739345098455
F21;epsilon;27;rap;False;1925;50;0.4774025974025974;0.4683678462378242;0.00903475116477316;0.9555806769084231
F22;alpha;1;bas;False;2263;50;0.10870525850640743;0.10835623707612897;0.0003490214302784599;0.058253734232367224
F22;alpha;1;rap;False;2263;50;0.5046398585947857;0.5156213815491117;-0.010981522954326134;-1.086581564249823
F22;alpha;3;bas;False;2262;50;0.246684350132626;0.2489821947179729;-0.00229784458534691;-0.27749201335435925
F22;alpha;3;rap;False;2262;50;0.5013262599469496;0.5105049422102527;-0.009178682263303067;-0.9656483083069115
F22;alpha;9;bas;False;2247;50;0.5300400534045394;0.5137384988862758;0.01630155451826359;1.633988240195412
F22;alpha;9;rap;False;2247;50;0.46461949265687585;0.48009238623676037;-0.015472893579884536;-1.7468286086975247
F22;alpha;27;bas;False;2216;50;0.8655234657039711;0.8622475124607228;0.0032759532432482387;0.45493464758518654
F22;alpha;27;rap;False;2216;50;0.4814981949458484;0.46192155901661774;0.019576635929230635;2.1980547978294496
F22;beta;1;bas;False;2263;50;0.04330534688466637;0.03873815635588257;0.004567190528783804;1.1846148807098955
F22;beta;1;rap;False;2263;50;0.5262925320371189;0.5172211335070898;0.009071398530029081;0.8719911417765229
F22;beta;3;bas;False;2262;50;0.08620689655172414;0.08901239290475736;-0.0028054963530332335;-0.5559393575768161
F22;beta;3;rap;False;2262;50;0.5442086648983201;0.5264184597447242;0.017790205153595896;1.7483757243270148
F22;beta;9;bas;False;2247;50;0.18914107699154428;0.1848732857951196;0.004267791196424677;0.5953315341238881
F22;beta;9;rap;False;2247;50;0.536270582999555;0.5341929554339676;0.002077627565587321;0.2125202445798191
F22;beta;27;bas;False;2216;50;0.3592057761732852;0.35610517150251014;0.003100604670775092;0.3474105355430923
F22;beta;27;rap;False;2216;50;0.523014440433213;0.5334202869701238;-0.010405846536910767;-1.129333429057219
F22;gamma;1;bas;False;2263;50;0.053468846663720725;0.052478971183634184;0.0009898754800865442;0.22989151662099463
F22;gamma;1;rap;False;2263;50;0.516570923552806;0.5205296223124178;-0.003958698759611823;-0.38117918190887967
F22;gamma;3;bas;False;2262;50;0.11361626878868258;0.11680430932241267;-0.0031880405337300815;-0.5597001030539359
F22;gamma;3;rap;False;2262;50;0.5256410256410257;0.5265272235939407;-0.0008861979529150309;-0.08860975098511732
F22;gamma;9;bas;False;2247;50;0.23319982198486872;0.23726508192985482;-0.004065259944986144;-0.5288956860498504
F22;gamma;9;rap;False;2247;50;0.5336003560302626;0.5314148144625432;0.0021855415677192757;0.22820351454627047
F22;gamma;27;bas;False;2216;50;0.44584837545126355;0.4512400923760267;-0.005391716924763205;-0.5614492576537934
F22;gamma;27;rap;False;2216;50;0.5049638989169675;0.5223738342842449;-0.017409935367277387;-2.0391278749858635
F22;delta;1;bas;False;2263;50;0.020326999558108707;0.021228220502350598;-0.0009012209442418933;-0.3280086911000251
F22;delta;1;rap;False;2263;50;0.5125939019001325;0.516390514368328;-0.0037966124681953753;-0.3642709611223628
F22;delta;3;bas;False;2262;50;0.04376657824933687;0.05038251059691763;-0.0066159323475807694;-1.7303104700760048
F22;delta;3;rap;False;2262;50;0.5393457117595049;0.5257025008577647;0.01364321090174012;1.3211252160916245
F22;delta;9;bas;False;2247;50;0.1045838896306186;0.10651389249569473;-0.0019300028650761167;-0.3522114257744664
F22;delta;9;rap;False;2247;50;0.5420560747663551;0.5378205983616061;0.004235476404749105;0.4197189181133829
F22;delta;27;bas;False;2216;50;0.2157039711191336;0.20975715354354543;0.0059468175755881285;0.8170903284886413
F22;delta;27;rap;False;2216;50;0.5586642599277978;0.5519928986625405;0.006671361265257369;0.6832436243620261
F22;epsilon;1;bas;False;2263;50;0.07821475916924436;0.07627441673219015;0.0019403424370542234;0.3723264483550004
F22;epsilon;1;rap;False;2263;50;0.5086168802474591;0.5201074419865114;-0.011490561739052298;-1.1280398640840432
F22;epsilon;3;bas;False;2262;50;0.1781609195402299;0.17266222082477375;0.005498698715456141;0.7903472857466377
F22;epsilon;3;rap;False;2262;50;0.5141467727674625;0.5207820870576234;-0.006635314290160965;-0.6748743378566744
F22;epsilon;9;bas;False;2247;50;0.3613707165109034;0.3526291150082916;0.008741601502611876;0.9868487559374248
F22;epsilon;9;rap;False;2247;50;0.5166889185580774;0.5180944180489083;-0.0014054994908308173;-0.15343604832999033
F22;epsilon;27;bas;False;2216;50;0.6588447653429603;0.6539902287672913;0.004854536575669;0.5102856625537464
F22;epsilon;27;rap;False;2216;50;0.4733754512635379;0.4868190166622536;-0.013443565398715739;-1.540464493999713
F23;alpha;1;bas;False;2249;50;0.11871943085815918;0.11046309661833698;0.008256334239822215;1.340011179324658
F23;alpha;1;rap;False;2249;50;0.5126722987994664;0.5147783579400318;-0.0021060591405653853;-0.20983469282980585
F23;alpha;3;bas;False;2247;50;0.2621272808188696;0.253876768932077;0.008250511886792591;0.9861479398195443
F23;alpha;3;rap;False;2247;50;0.5033377837116155;0.5067798063207676;-0.003442022609152171;-0.35858613459984195
F23;alpha;9;bas;False;2230;50;0.5331838565022422;0.51644928418934;0.016734572312902138;1.671013476233934
F23;alpha;9;rap;False;2230;50;0.46143497757847535;0.47616055806214935;-0.01472558048367391;-1.694203809612447
F23;alpha;27;bas;False;2196;50;0.8688524590163934;0.8629604893110763;0.005891969705317096;0.8229968455108808
F23;alpha;27;rap;False;2196;50;0.4599271402550091;0.4592834200542908;0.0006437202007183564;0.07176706055064347
F23;beta;1;bas;False;2249;50;0.03912850155624722;0.04104452744895051;-0.0019160258927032982;-0.5031526548576015
F23;beta;1;rap;False;2249;50;0.5277901289461983;0.5172681747030285;0.010521954243169734;1.0084395641220882
F23;beta;3;bas;False;2247;50;0.08811748998664887;0.09174502320277594;-0.003627533216127087;-0.687159435092933
F23;beta;3;rap;False;2247;50;0.5238095238095238;0.5245355944931306;-0.0007260706836069009;-0.07088549202298815
F23;beta;9;bas;False;2230;50;0.18923766816143497;0.18798777481813633;0.0012498933432986516;0.17517253680557973
F23;beta;9;rap;False;2230;50;0.5251121076233184;0.5319754343740458;-0.0068633267507275265;-0.6916830735480896
F23;beta;27;bas;False;2196;50;0.3674863387978142;0.35842587051996827;0.009060468277845946;1.0064258102967754
F23;beta;27;rap;False;2196;50;0.5186703096539163;0.5302903995579759;-0.01162008990405962;-1.2544466821304898
F23;gamma;1;bas;False;2249;50;0.0542463317029791;0.051905946925365716;0.0023403847776133926;0.5512995015854678
F23;gamma;1;rap;False;2249;50;0.5251222765673633;0.5200683471007417;0.005053929466621551;0.4885496489760506
F23;gamma;3;bas;False;2247;50;0.11838006230529595;0.11674593986256132;0.0016341224427346244;0.2851527116040254
F23;gamma;3;rap;False;2247;50;0.5313751668891856;0.5257794221001458;0.005595744789039674;0.5516309039207974
F23;gamma;9;bas;False;2230;50;0.23632286995515694;0.23791635108115353;-0.0015934811259965807;-0.2079428239431384
F23;gamma;9;rap;False;2230;50;0.5327354260089686;0.5301206620942341;0.0026147639147345377;0.26737240351967234
F23;gamma;27;bas;False;2196;50;0.45491803278688525;0.453789454403849;0.0011285783830362562;0.11683664826336851
F23;gamma;27;rap;False;2196;50;0.505464480874317;0.5190914221039035;-0.013626941229586522;-1.53881528241268
F23;delta;1;bas;False;2249;50;0.0164517563361494;0.021907529572903362;-0.0054557732367539625;-2.17452821989435
F23;delta;1;rap;False;2249;50;0.52690084481992;0.5173581464935777;0.009542698326342115;0.9128113237781109
F23;delta;3;bas;False;2247;50;0.04494882064975523;0.05100786773903841;-0.00605904708928318;-1.6067790382629856
F23;delta;3;rap;False;2247;50;0.5246995994659546;0.5253410149373563;-0.0006414154714017381;-0.06158996125986171
F23;delta;9;bas;False;2230;50;0.10538116591928251;0.10906309365143804;-0.00368192773215554;-0.6658851689725682
F23;delta;9;rap;False;2230;50;0.5309417040358745;0.5376216214095688;-0.006679917373694378;-0.6545157121491186
F23;delta;27;bas;False;2196;50;0.21311475409836064;0.21442384452763524;-0.0013090904292745792;-0.1781773980072841
F23;delta;27;rap;False;2196;50;0.5551001821493625;0.5500351356183202;0.005065046531042283;0.5122022590640873
F23;epsilon;1;bas;False;2249;50;0.07425522454424188;0.07429404340362546;-3.881885938356776e-05;-0.007754019754934426
F23;epsilon;1;rap;False;2249;50;0.5264562027567808;0.5204279872965154;0.006028215460265342;0.5859150871821122
F23;epsilon;3;bas;False;2247;50;0.17311971517578995;0.17001312123843676;0.003106593937353185;0.44615657596855396
F23;epsilon;3;rap;False;2247;50;0.5295950155763239;0.5221651383183116;0.0074298772580123655;0.7496859121468865
F23;epsilon;9;bas;False;2230;50;0.36412556053811657;0.35116221297366607;0.012963347564450507;1.4275355703229007
F23;epsilon;9;rap;False;2230;50;0.5076233183856502;0.5195885393008762;-0.011965220915225854;-1.2781013364282383
F23;epsilon;27;bas;False;2196;50;0.663023679417122;0.656678128853456;0.006345550563666078;0.6560781312638873
F23;epsilon;27;rap;False;2196;50;0.4713114754098361;0.48463591306690146;-0.013324437657065386;-1.5199821412597385
F24;alpha;1;bas;False;2000;50;0.1085;0.11338719945686714;-0.004887199456867133;-0.7651868837819227
F24;alpha;1;rap;False;2000;50;0.504;0.5127086927034494;-0.008708692703449372;-0.8141000292951713
F24;alpha;3;bas;False;1999;50;0.25512756378189094;0.2582407463665289;-0.0031131825846379547;-0.35435964003565673
F24;alpha;3;rap;False;1999;50;0.4842421210605303;0.5013416527988739;-0.017099531738343585;-1.713657701006529
F24;alpha;9;bas;False;1986;50;0.5322255790533736;0.5217049097860227;0.01052066926735087;0.9964915043948196
F24;alpha;9;rap;False;1986;50;0.4566968781470292;0.46893400934247753;-0.01223713119544839;-1.3061096185306356
F24;alpha;27;bas;False;1960;50;0.8765306122448979;0.8637085734086648;0.012822038836233214;1.7412476947582403
F24;alpha;27;rap;False;1960;50;0.46785714285714286;0.45293142081637616;0.014925722040766668;1.55693255912323
F24;beta;1;bas;False;2000;50;0.038;0.037201427645011484;0.0007985723549885188;0.20999941249077406
F24;beta;1;rap;False;2000;50;0.5125;0.519783120125328;-0.0072831201253279205;-0.660334908766459
F24;beta;3;bas;False;1999;50;0.08454227113556778;0.08284328191867214;0.0016989892168956405;0.3185225708266893
F24;beta;3;rap;False;1999;50;0.5332666333166584;0.5309818205322763;0.002284812784382041;0.21074381697456615
F24;beta;9;bas;False;1986;50;0.1903323262839879;0.17377743382516292;0.016554892458824993;2.184419481251041
F24;beta;9;rap;False;1986;50;0.5387713997985901;0.5431807166102104;-0.004409316811620369;-0.4276561772223904
F24;beta;27;bas;False;1960;50;0.35612244897959183;0.34174271659980665;0.014379732379785185;1.5165151027423036
F24;beta;27;rap;False;1960;50;0.5607142857142857;0.5482201031727508;0.01249418254153488;1.283931438545451
F24;gamma;1;bas;False;2000;50;0.048;0.04599371193887885;0.0020062880611211495;0.4707751464906438
F24;gamma;1;rap;False;2000;50;0.5265;0.5244423097636394;0.002057690236360557;0.1863902206693516
F24;gamma;3;bas;False;1999;50;0.11605802901450725;0.10717368741235997;0.008884341602147272;1.4603419827854738
F24;gamma;3;rap;False;1999;50;0.5297648824412207;0.5317167039814116;-0.0019518215401910252;-0.18195807795111701
F24;gamma;9;bas;False;1986;50;0.23766364551863042;0.22637756685216015;0.011286078666470243;1.3440048253235262
F24;gamma;9;rap;False;1986;50;0.5392749244712991;0.5369585127948734;0.002316411676425746;0.23015853552097076
F24;gamma;27;bas;False;1960;50;0.4586734693877551;0.44289663713142385;0.015776832256331218;1.5385388513011282
F24;gamma;27;rap;False;1960;50;0.5295918367346939;0.5284978266732284;0.0010940100614654077;0.11663548844876051
F24;delta;1;bas;False;2000;50;0.0265;0.02247266894899103;0.0040273310510089725;1.2563620462448042
F24;delta;1;rap;False;2000;50;0.53;0.5161202781688894;0.013879721831110583;1.253825030784995
F24;delta;3;bas;False;1999;50;0.05052526263131566;0.051088527920527003;-0.0005632652892113444;-0.13325504403948907
F24;delta;3;rap;False;1999;50;0.5377688844422212;0.5247265982523571;0.013042286189863929;1.1860879479092068
F24;delta;9;bas;False;1986;50;0.10926485397784491;0.10719861969907059;0.002066234278774322;0.3469387715249873
F24;delta;9;rap;False;1986;50;0.5513595166163142;0.5362082566969849;0.015151259919329342;1.4153096264242748
F24;delta;27;bas;False;1960;50;0.20153061224489796;0.2071881977560847;-0.005657585511186789;-0.7561961405966034
F24;delta;27;rap;False;1960;50;0.576530612244898;0.552319503753787;0.02421110849111092;2.3725894065471995
F24;epsilon;1;bas;False;2000;50;0.076;0.07922199890142928;-0.003221998901429275;-0.6009230636881893
F24;epsilon;1;rap;False;2000;50;0.516;0.5182652256155523;-0.002265225615552408;-0.20815492223214827
F24;epsilon;3;bas;False;1999;50;0.1875937968984492;0.1781144650970817;0.00947933180136752;1.2664503349928977
F24;epsilon;3;rap;False;1999;50;0.5187593796898449;0.5167577471016211;0.002001632588223834;0.19147186525759521
F24;epsilon;9;bas;False;1986;50;0.37462235649546827;0.36107672148782316;0.01354563500764518;1.4289117656739585
F24;epsilon;9;rap;False;1986;50;0.5045317220543807;0.5100359451557375;-0.0055042231013568465;-0.5772824170784056
F24;epsilon;27;bas;False;1960;50;0.6887755102040817;0.6602500944113845;0.02852541579269722;2.843197924072401
F24;epsilon;27;rap;False;1960;50;0.4642857142857143;0.47468587189915323;-0.010400157613438925;-1.1229082615645833
F25;alpha;1;bas;False;969;50;0.09391124871001032;0.0954367670000259;-0.0015255182900155942;-0.17776371173801062
F25;alpha;1;rap;False;969;50;0.5386996904024768;0.5383588562241083;0.00034083417836856757;0.022032619925653977
F25;alpha;3;bas;False;967;50;0.21509824198552224;0.22286353648011278;-0.007765294494590554;-0.6626533852488149
F25;alpha;3;rap;False;967;50;0.5542916235780765;0.5481064254328496;0.0061851981452270095;0.43645169153564306
F25;alpha;9;bas;False;963;50;0.4683281412253375;0.4739783473616553;-0.005650206136317857;-0.384202520696989
F25;alpha;9;rap;False;963;50;0.5462097611630322;0.53988646001426;0.006323301148772238;0.4934956409061102
F25;alpha;27;bas;False;953;50;0.8488982161594963;0.8479404386472972;0.0009577775121990466;0.0834355294350228
F25;alpha;27;rap;False;953;50;0.5141657922350472;0.5295424672576915;-0.015376675022644259;-1.1257718880949936
F25;beta;1;bas;False;969;50;0.033023735810113516;0.04128748766662011;-0.008263751856506598;-1.5371378748155757
F25;beta;1;rap;False;969;50;0.5056759545923633;0.5191460475708293;-0.013470092978465952;-0.8384165851490741
F25;beta;3;bas;False;967;50;0.09617373319544985;0.09498289231074487;0.0011908408847049765;0.1453540639058444
F25;beta;3;rap;False;967;50;0.5201654601861427;0.5269540891219298;-0.006788628935786974;-0.4308515065301385
F25;beta;9;bas;False;963;50;0.17653167185877466;0.19161819715346937;-0.015086525294694711;-1.485024358596185
F25;beta;9;rap;False;963;50;0.5223260643821391;0.5328075937362943;-0.010481529354155186;-0.6916758998227789
F25;beta;27;bas;False;953;50;0.3683105981112277;0.3595605644781487;0.008750033633079015;0.6571438285982133
F25;beta;27;rap;False;953;50;0.5288562434417629;0.5308518798174201;-0.001995636375657149;-0.14799780225184184
F25;gamma;1;bas;False;969;50;0.05159958720330237;0.051650709312322754;-5.11221090203829e-05;-0.008041709380097068
F25;gamma;1;rap;False;969;50;0.5098039215686274;0.5245607265065899;-0.01475680493796246;-0.9342255033715736
F25;gamma;3;bas;False;967;50;0.10754912099276112;0.11773514278485887;-0.01018602179209777;-1.172493795795835
F25;gamma;3;rap;False;967;50;0.5367114788004137;0.5312371659433446;0.005474312857069064;0.35221763155355384
F25;gamma;9;bas;False;963;50;0.23572170301142265;0.23888738549440466;-0.0031656824829820475;-0.2742290036075349
F25;gamma;9;rap;False;963;50;0.5129802699896158;0.5348085622629457;-0.02182829227332988;-1.457845911673598
F25;gamma;27;bas;False;953;50;0.43966421825813223;0.4516505478851496;-0.011986329627017343;-0.8371414550397888
F25;gamma;27;rap;False;953;50;0.5236096537250787;0.5256181670156137;-0.00200851329053497;-0.15432624927973712
F25;delta;1;bas;False;969;50;0.022703818369453045;0.0241968747606096;-0.0014930563911565542;-0.32680710161237736
F25;delta;1;rap;False;969;50;0.4932920536635707;0.5155544756733454;-0.022262422009774716;-1.3959507559034667
F25;delta;3;bas;False;967;50;0.04653567735263702;0.0542063320518738;-0.007670654699236782;-1.2646559281913585
F25;delta;3;rap;False;967;50;0.5077559462254395;0.5248908361391543;-0.0171348899137148;-1.0801649414545065
F25;delta;9;bas;False;963;50;0.10072689511941849;0.11032000407942559;-0.009593108960007101;-1.1522859807602983
F25;delta;9;rap;False;963;50;0.5254413291796469;0.5359355904861539;-0.01049426130650696;-0.6664814936194101
F25;delta;27;bas;False;953;50;0.21406086044071354;0.2113865107090513;0.00267434973166226;0.24110134510642284
F25;delta;27;rap;False;953;50;0.540398740818468;0.5505720258696715;-0.010173285051203405;-0.6766665919375588
F25;epsilon;1;bas;False;969;50;0.08152734778121776;0.07356236953337457;0.007964978247843186;1.0159422873335806
F25;epsilon;1;rap;False;969;50;0.5139318885448917;0.5266782121538565;-0.012746323608964853;-0.8085339953888376
F25;epsilon;3;bas;False;967;50;0.15615305067218202;0.16738486899345914;-0.01123181832127717;-1.1042123738353826
F25;epsilon;3;rap;False;967;50;0.5398138572905895;0.5326760621871085;0.007137795103480935;0.47848489352267287
F25;epsilon;9;bas;False;963;50;0.328141225337487;0.34210866565593434;-0.013967440318447256;-1.0374130734706102
F25;epsilon;9;rap;False;963;50;0.5410176531671859;0.5353042220441545;0.005713431123031282;0.40536911545805754
F25;epsilon;27;bas;False;953;50;0.6295907660020986;0.6416802055307776;-0.012089439528678976;-0.812542340373491
F25;epsilon;27;rap;False;953;50;0.5288562434417629;0.5129234743487288;0.015932769093034108;1.2424798050599202
F26;alpha;1;bas;False;2311;50;0.11077455646906101;0.10666267607640498;0.004111880392656037;0.6923522756666181
F26;alpha;1;rap;False;2311;50;0.5144958892254435;0.5215660434922949;-0.007070154266851352;-0.7143304929264409
F26;alpha;3;bas;False;2306;50;0.25195143104943624;0.2500152637905837;0.001936167258852549;0.23428297864133144
F26;alpha;3;rap;False;2306;50;0.5186470078057241;0.5140682958002273;0.004578712005496983;0.4904203746026613
F26;alpha;9;bas;False;2299;50;0.530230535015224;0.5151565267162236;0.015074008299000512;1.5440299691038064
F26;alpha;9;rap;False;2299;50;0.45933014354066987;0.4822064113850378;-0.022876267844367987;-2.676659944637689
F26;alpha;27;bas;False;2267;50;0.8588442876047641;0.8617351362711558;-0.002890848666391814;-0.40077787958416133
F26;alpha;27;rap;False;2267;50;0.4772827525363917;0.4658226112782267;0.011460141258164957;1.2850567671904265
F26;beta;1;bas;False;2311;50;0.03072263089571614;0.036255650977152595;-0.005533020081436451;-1.6729929269689117
F26;beta;1;rap;False;2311;50;0.5253137170056252;0.5203602856929362;0.004953431312689046;0.4837507603712545
F26;beta;3;bas;False;2306;50;0.08065915004336513;0.08420907277730241;-0.0035499227339372626;-0.6972986972865008
F26;beta;3;rap;False;2306;50;0.5377276669557676;0.5306546667412596;0.007073000214508037;0.7035702374039924
F26;beta;9;bas;False;2299;50;0.18051326663766856;0.17716163783229805;0.003351628805370512;0.47698194159219
F26;beta;9;rap;False;2299;50;0.5254458460200087;0.5392330790300154;-0.013787233010006722;-1.4190098617566793
F26;beta;27;bas;False;2267;50;0.3550948389942655;0.3480013452639383;0.007093493730327277;0.7949454200987931
F26;beta;27;rap;False;2267;50;0.5302161446846052;0.5407514230877791;-0.01053527840317395;-1.1533214660799267
F26;gamma;1;bas;False;2311;50;0.048031155344006926;0.048023686540173145;7.468803833776712e-06;0.0018340360394383706
F26;gamma;1;rap;False;2311;50;0.5348334054521852;0.5215268981300465;0.013306507322138741;1.302593677397992
F26;gamma;3;bas;False;2306;50;0.1131830008673027;0.10993368827726388;0.003249312590038809;0.5501108562817881
F26;gamma;3;rap;False;2306;50;0.5420641803989592;0.5290612885685968;0.013002891830362498;1.2996307015138377
F26;gamma;9;bas;False;2299;50;0.23444976076555024;0.22932013475791307;0.005129626007637179;0.6665352577277859
F26;gamma;9;rap;False;2299;50;0.5367551109177904;0.5357966136666686;0.0009584972511218153;0.0999013323766414
F26;gamma;27;bas;False;2267;50;0.44596382884869873;0.4446287571164275;0.0013350717322712193;0.14225383087269056
F26;gamma;27;rap;False;2267;50;0.5209528010586678;0.5252873694865581;-0.004334568427890321;-0.4844518424642553
F26;delta;1;bas;True;2311;50;0.0199048031155344;0.02078721596780157;-0.0008824128522671696;-0.31753057154084585
F26;delta;1;rap;True;2311;50;0.5227174383383817;0.5188536171849788;0.0038638211534028147;0.3751165323836644
F26;delta;3;bas;True;2306;50;0.04986990459670425;0.04889903183229982;0.0009708727644044278;0.24055038818298846
F26;delta;3;rap;True;2306;50;0.5355594102341718;0.5287857510691633;0.0067736591650084926;0.6612356187717493
F26;delta;9;bas;True;2299;50;0.10265332753371031;0.10413140091227702;-0.001478073378566696;-0.276593896215133
F26;delta;9;rap;True;2299;50;0.5276207046541975;0.5410175652774633;-0.01339686062326581;-1.3344697289006837
F26;delta;27;bas;True;2267;50;0.20688134097926775;0.20654415338020726;0.00033718759906048267;0.04811203527096407
F26;delta;27;rap;True;2267;50;0.5487428319364799;0.5544763830415212;-0.00573355110504133;-0.59736948972244
F26;epsilon;1;bas;False;2311;50;0.07442665512765037;0.07086679294602924;0.0035598621816211183;0.7205093541864466
F26;epsilon;1;rap;False;2311;50;0.5356988316745998;0.5229485002005156;0.012750331474084073;1.2698384445715887
F26;epsilon;3;bas;False;2306;50;0.16869037294015612;0.16542526791993017;0.00326510502022595;0.47567403677973336
F26;epsilon;3;rap;False;2306;50;0.5403295750216826;0.5259252756854788;0.014404299336203762;1.4654321371952237
F26;epsilon;9;bas;False;2299;50;0.3649412788168769;0.3482798246342073;0.01666145418266958;1.8909286304477617
F26;epsilon;9;rap;False;2299;50;0.525010874293171;0.5224920759836886;0.0025187983094822706;0.28000695978482637
F26;epsilon;27;bas;False;2267;50;0.6528451698279665;0.6545172652154878;-0.0016720953875213331;-0.17688122751500499
F26;epsilon;27;rap;False;2267;50;0.49316277018085575;0.48704658743438406;0.006116182746471724;0.7396142546172851
F27;alpha;1;bas;False;1855;50;0.11212938005390835;0.12404148351215857;-0.01191210345825021;-1.7803133474749213
F27;alpha;1;rap;False;1855;50;0.5137466307277628;0.5022480088000755;0.011498621927687342;1.0422736175101566
F27;alpha;3;bas;False;1852;50;0.2580993520518359;0.2764792743393916;-0.018379922287555795;-2.02140629824482
F27;alpha;3;rap;False;1852;50;0.4870410367170626;0.48332847295597314;0.0037125637610895285;0.3560732061616111
F27;alpha;9;bas;False;1842;50;0.5255157437567861;0.5353005918468545;-0.009784848090068422;-0.8995984027800118
F27;alpha;9;rap;False;1842;50;0.46851248642779586;0.45143333304665484;0.017079153381141028;1.778831604826113
F27;alpha;27;bas;False;1818;50;0.8613861386138614;0.8642751923077574;-0.002889053693896162;-0.35961168437567637
F27;alpha;27;rap;False;1818;50;0.44114411441144114;0.44290481907222257;-0.0017607046607814182;-0.18036908085339595
F27;beta;1;bas;False;1855;50;0.044204851752021566;0.04406138589682733;0.00014346585519423854;0.033321335239454554
F27;beta;1;rap;False;1855;50;0.5180592991913746;0.514254768022006;0.003804531169368765;0.33317270646057906
F27;beta;3;bas;False;1852;50;0.09719222462203024;0.0988321787524772;-0.0016399541304469643;-0.2731958689006014
F27;beta;3;rap;False;1852;50;0.5172786177105831;0.5215337231189464;-0.004255105408363236;-0.37712400873725926
F27;beta;9;bas;False;1842;50;0.19489685124864278;0.19883814093232455;-0.003941289683681751;-0.4997911518912687
F27;beta;9;rap;False;1842;50;0.5238870792616721;0.5228898550960427;0.0009972241656293858;0.09134787804460197
F27;beta;27;bas;False;1818;50;0.36523652365236525;0.3680217420324168;-0.002785218380051586;-0.28486678207637467
F27;beta;27;rap;False;1818;50;0.5176017601760176;0.5186415891408681;-0.0010398289648504155;-0.10311358065372885
F27;gamma;1;bas;False;1855;50;0.05929919137466307;0.05537618251186905;0.003923008862794025;0.7903272043286742
F27;gamma;1;rap;False;1855;50;0.5234501347708895;0.5181529810135418;0.005297153757347751;0.46640163792638184
F27;gamma;3;bas;False;1852;50;0.12688984881209503;0.12464922379284565;0.002240625019249378;0.3443227843571801
F27;gamma;3;rap;False;1852;50;0.5199784017278618;0.5218030649293731;-0.0018246632015113534;-0.1629673610365028
F27;gamma;9;bas;False;1842;50;0.25841476655808904;0.25172518755951406;0.006689578998574976;0.7751153185015606
F27;gamma;9;rap;False;1842;50;0.5157437567861021;0.5194519162247535;-0.0037081594386514185;-0.3463408356055458
F27;gamma;27;bas;False;1818;50;0.47744774477447743;0.46310483772390726;0.014342907050570265;1.3826366036051752
F27;gamma;27;rap;False;1818;50;0.517051705170517;0.5062627003433681;0.010789004827148993;1.1197825116689253
F27;delta;1;bas;False;1855;50;0.020485175202156335;0.024749228104360064;-0.004264052902203729;-1.3330460562089135
F27;delta;1;rap;False;1855;50;0.5008086253369273;0.51529780994944;-0.014489184612512722;-1.2512032824253345
F27;delta;3;bas;False;1852;50;0.05723542116630669;0.057738019636367585;-0.0005025984700608932;-0.1056080708205222
F27;delta;3;rap;False;1852;50;0.5145788336933045;0.5226089496734054;-0.008030115980100908;-0.6950559448164872
F27;delta;9;bas;False;1842;50;0.13137893593919653;0.1187751673237145;0.012603768615482009;1.90121519631567
F27;delta;9;rap;False;1842;50;0.5320304017372421;0.5322189048375041;-0.00018850310026203703;-0.016647367354804384
F27;delta;27;bas;False;1818;50;0.23322332233223322;0.22250580266467887;0.010717519667554376;1.3556995205284288
F27;delta;27;rap;False;1818;50;0.5429042904290429;0.5432342946955114;-0.0003300042664685603;-0.03042322293419842
F27;epsilon;1;bas;False;1855;50;0.0830188679245283;0.07724492221497281;0.005773945709555486;1.0105521186912962
F27;epsilon;1;rap;False;1855;50;0.5261455525606469;0.5173391592461537;0.008806393314493214;0.7786155426974183
F27;epsilon;3;bas;False;1852;50;0.18250539956803455;0.17845186897211818;0.0040535305959163645;0.5235244027422147
F27;epsilon;3;rap;False;1852;50;0.515658747300216;0.5166365791623458;-0.0009778318621298536;-0.08823022795605925
F27;epsilon;9;bas;False;1842;50;0.35993485342019543;0.36486535064455194;-0.004930497224356471;-0.5033263987540498
F27;epsilon;9;rap;False;1842;50;0.5179153094462541;0.5068104825751456;0.011104826871108546;1.080541160079277
F27;epsilon;27;bas;False;1818;50;0.6716171617161716;0.6614749926403288;0.010142169075842792;0.9710830565246099
F27;epsilon;27;rap;False;1818;50;0.47854785478547857;0.4710775239114339;0.007470330874044619;0.7789899770903697
F28;alpha;1;bas;False;2193;50;0.09393524851801185;0.09342704484047754;0.0005082036775343237;0.08932809415397401
F28;alpha;1;rap;False;2193;50;0.5745554035567716;0.5506910994277452;0.02386430412902641;2.3783463219054424
F28;alpha;3;bas;False;2188;50;0.22943327239488118;0.21820612283257754;0.011227149562303617;1.420129616581868
F28;alpha;3;rap;False;2188;50;0.5662705667276051;0.5634229914353761;0.002847575292228982;0.30258503351470123
F28;alpha;9;bas;False;2184;50;0.47298534798534797;0.46816088109609694;0.004824466889251145;0.49199877945020365
F28;alpha;9;rap;False;2184;50;0.5595238095238095;0.5571477009701834;0.0023761085536261853;0.2796337273716543
F28;alpha;27;bas;False;2157;50;0.8484005563282336;0.8472226002581793;0.001177956070054324;0.15435447474252995
F28;alpha;27;rap;False;2157;50;0.5401019935095039;0.5382870643612298;0.001814929148274267;0.20792240266873438
F28;beta;1;bas;False;2193;50;0.0392156862745098;0.0365625451603916;0.0026531411141182105;0.7101366039862381
F28;beta;1;rap;False;2193;50;0.5253077975376197;0.5230365632802058;0.0022712342574139144;0.21603275129192367
F28;beta;3;bas;False;2188;50;0.0850091407678245;0.08409342738905759;0.0009157133787669031;0.1751032867767363
F28;beta;3;rap;False;2188;50;0.5196526508226691;0.5332927045477891;-0.013640053725120027;-1.316722554233286
F28;beta;9;bas;False;2184;50;0.1749084249084249;0.17786399114857113;-0.002955566240146218;-0.4252226663692536
F28;beta;9;rap;False;2184;50;0.5389194139194139;0.542276575530627;-0.0033571616112131005;-0.339661002079044
F28;beta;27;bas;False;2157;50;0.34538711172925357;0.34820399258296747;-0.0028168808537139176;-0.31298723866339734
F28;beta;27;rap;False;2157;50;0.5419564209550302;0.5440715354475623;-0.0021151144925321097;-0.22975342725348571
F28;gamma;1;bas;False;2193;50;0.05243958048335613;0.047766030665624404;0.0046735498177317295;1.0896604731332873
F28;gamma;1;rap;False;2193;50;0.528499772001824;0.5266378984450487;0.001861873556775297;0.17811530149219285
F28;gamma;3;bas;False;2188;50;0.10740402193784278;0.1094468813805793;-0.002042859442736535;-0.3528764256492745
F28;gamma;3;rap;False;2188;50;0.5370201096892139;0.536319017559644;0.0007010921295699826;0.0685649994753848
F28;gamma;9;bas;False;2184;50;0.22115384615384615;0.229644715126904;-0.008490868973057834;-1.111808560638954
F28;gamma;9;rap;False;2184;50;0.5554029304029304;0.5445097333247061;0.01089319707822435;1.129182435827493
F28;gamma;27;bas;False;2157;50;0.4343996291145109;0.4442225109023811;-0.009822881787870115;-1.027311445511246
F28;gamma;27;rap;False;2157;50;0.5275846082522021;0.5349713923399545;-0.0073867840877524195;-0.8562611331431457
F28;delta;1;bas;False;2193;50;0.022799817601459188;0.022471558565529993;0.0003282590359291918;0.11219235781421598
F28;delta;1;rap;False;2193;50;0.5280437756497948;0.5166205427759931;0.011423232873801663;1.0764130720164296
F28;delta;3;bas;False;2188;50;0.05758683729433273;0.05145897499171486;0.006127862302617866;1.4339987651668717
F28;delta;3;rap;False;2188;50;0.5447897623400365;0.526534803342912;0.018254958997124544;1.7331819533834003
F28;delta;9;bas;False;2184;50;0.1108058608058608;0.10867779866733619;0.002128062138524611;0.38908094562232487
F28;delta;9;rap;False;2184;50;0.5352564102564102;0.537890020750489;-0.002633610494078766;-0.25224421074608666
F28;delta;27;bas;False;2157;50;0.2114047287899861;0.21187602734164762;-0.00047129855166154114;-0.0675259859927683
F28;delta;27;rap;False;2157;50;0.5600370885489105;0.5510539318561134;0.00898315669279723;0.9144736708744444
F28;epsilon;1;bas;False;2193;50;0.06794345645234838;0.06537593050066595;0.0025675259516824366;0.5265516490290874
F28;epsilon;1;rap;False;2193;50;0.5636114911080712;0.5372494799258667;0.02636201118220441;2.5359724445579612
F28;epsilon;3;bas;False;2188;50;0.16773308957952468;0.15567322590273933;0.012059863676785328;1.75330730593514
F28;epsilon;3;rap;False;2188;50;0.553473491773309;0.546664197951653;0.006809293821656014;0.6784980433323257
F28;epsilon;9;bas;False;2184;50;0.3374542124542125;0.33029334142482314;0.007160871029389263;0.8078594791013425
F28;epsilon;9;rap;False;2184;50;0.5467032967032966;0.5506347500744527;-0.0039314533711559815;-0.43032952667533875
F28;epsilon;27;bas;False;2157;50;0.6397774687065368;0.6347281701181808;0.005049298588356018;0.5195298609194418
F28;epsilon;27;rap;False;2157;50;0.526657394529439;0.5262912971118593;0.00036609741757972906;0.044009602141688794
F29;alpha;1;bas;False;1197;50;0.1111111111111111;0.11433603445129757;-0.003224923340186453;-0.37993055982021845
F29;alpha;1;rap;False;1197;50;0.49206349206349204;0.5141151615839521;-0.022051669520460008;-1.5794288135980301
F29;alpha;3;bas;False;1195;50;0.2778242677824268;0.25679825694316244;0.021026010839264368;1.7289287261341175
F29;alpha;3;rap;False;1195;50;0.5087866108786611;0.5071577888425568;0.0016288220361043429;0.1232811477116176
F29;alpha;9;bas;False;1185;50;0.560337552742616;0.5181809891173338;0.04215656362528217;3.1369521647414986
F29;alpha;9;rap;False;1185;50;0.45654008438818566;0.4742115130407635;-0.01767142865257791;-1.5221528803881437
F29;alpha;27;bas;False;1163;50;0.880481513327601;0.863220453351832;0.017261059975769096;1.8434013696144993
F29;alpha;27;rap;False;1163;50;0.45743766122098023;0.4567446798792998;0.0006929813416803961;0.05649293989431771
F29;beta;1;bas;False;1197;50;0.03842940685045948;0.038234170606902984;0.00019523624355649447;0.037062574171023766
F29;beta;1;rap;False;1197;50;0.5162907268170426;0.516741598629474;-0.0004508718124313911;-0.0314517945350481
F29;beta;3;bas;False;1195;50;0.10376569037656903;0.08937475667015661;0.014390933706412421;1.829404874263076
F29;beta;3;rap;False;1195;50;0.5280334728033472;0.524473716527215;0.0035597562761323495;0.24891650099209428
F29;beta;9;bas;False;1185;50;0.2;0.18865772868175473;0.011342271318245261;1.1388436422283552
F29;beta;9;rap;False;1185;50;0.5046413502109705;0.5288868918708112;-0.02424554165984072;-1.7765509972016518
F29;beta;27;bas;False;1163;50;0.35339638865004297;0.362676306807211;-0.009279918157168008;-0.7596959836378262
F29;beta;27;rap;False;1163;50;0.5167669819432502;0.5224171147132918;-0.005650132770041502;-0.44280807987447784
F29;gamma;1;bas;False;1197;50;0.047619047619047616;0.05144206593389009;-0.0038230183148424746;-0.6693783508952631
F29;gamma;1;rap;False;1197;50;0.5096073517126148;0.5163398259183575;-0.006732474205742696;-0.4729735954878183
F29;gamma;3;bas;False;1195;50;0.1305439330543933;0.11627602841870938;0.014267904635683944;1.6971297627928075
F29;gamma;3;rap;False;1195;50;0.5213389121338912;0.521409794447969;-7.088231407774861e-05;-0.0050725594157004575
F29;gamma;9;bas;False;1185;50;0.25569620253164554;0.23899367876707614;0.016702523764569436;1.6128163141236667
F29;gamma;9;rap;False;1185;50;0.5088607594936709;0.524151242945524;-0.015290483451853059;-1.1430569419682637
F29;gamma;27;bas;False;1163;50;0.4531384350816853;0.4551331663957292;-0.001994731314043933;-0.1604878536552822
F29;gamma;27;rap;False;1163;50;0.5098882201203784;0.508730366888106;0.0011578532322724124;0.09396778382854674
F29;delta;1;bas;False;1197;50;0.02422723475355054;0.0197802255107469;0.0044470092428036435;1.0792655667032327
F29;delta;1;rap;False;1197;50;0.5179615705931495;0.5199901629713847;-0.0020285923782352062;-0.14070741472215592
F29;delta;3;bas;False;1195;50;0.05355648535564853;0.04701152329368881;0.006544962061959726;1.1372160612563071
F29;delta;3;rap;False;1195;50;0.5271966527196653;0.5300583982331566;-0.0028617455134913776;-0.19906860732259188
F29;delta;9;bas;False;1185;50;0.10379746835443038;0.10198837073025613;0.00180909762417425;0.23911210260342342
F29;delta;9;rap;False;1185;50;0.5164556962025316;0.5425910629824814;-0.026135366779949775;-1.8370642717509904
F29;delta;27;bas;False;1163;50;0.19604471195184867;0.20348731767226322;-0.007442605720414553;-0.753990557853812
F29;delta;27;rap;False;1163;50;0.5210662080825451;0.5565896259803266;-0.03552341789778149;-2.597166228585231
F29;epsilon;1;bas;False;1197;50;0.0810359231411863;0.07568753756044967;0.005348385580736624;0.7427809807612629
F29;epsilon;1;rap;False;1197;50;0.5162907268170426;0.5183470146603332;-0.0020562878432905454;-0.14508966744511675
F29;epsilon;3;bas;False;1195;50;0.18410041841004185;0.1732388339552556;0.010861584454786266;1.1119059039848938
F29;epsilon;3;rap;False;1195;50;0.5280334728033472;0.5194494048342347;0.008584067969112614;0.6245717703731066
F29;epsilon;9;bas;False;1185;50;0.37383966244725736;0.3606113467189121;0.013228315728345288;1.070969463181664
F29;epsilon;9;rap;False;1185;50;0.5248945147679325;0.5116187163602638;0.01327579840766874;1.0679111110738269
F29;epsilon;27;bas;False;1163;50;0.6689595872742906;0.6641662549843279;0.004793332289962702;0.3729162795181067
F29;epsilon;27;rap;False;1163;50;0.46689595872742906;0.4721018302319596;-0.005205871504530535;-0.44390347155181886
F30;alpha;1;bas;False;2141;50;0.09855207846800561;0.09488910881149118;0.0036629696565144247;0.6222202744475658
F30;alpha;1;rap;False;2141;50;0.5511443250817375;0.543460358425941;0.007683966655796545;0.7494535907822782
F30;alpha;3;bas;False;2134;50;0.21836925960637302;0.22318159455531913;-0.004812334948946146;-0.5929493801187177
F30;alpha;3;rap;False;2134;50;0.556232427366448;0.5524121044813913;0.0038203228850566995;0.40558942332464776
F30;alpha;9;bas;False;2125;50;0.46352941176470586;0.47262523667163814;-0.009095824906932327;-0.9055602170491164
F30;alpha;9;rap;False;2125;50;0.5411764705882353;0.5432698891597132;-0.00209341857147792;-0.24977863258873945
F30;alpha;27;bas;False;2099;50;0.8365888518342067;0.8489471175866289;-0.012358265752422134;-1.5580826053530967
F30;alpha;27;rap;False;2099;50;0.5259647451167222;0.5308437529811296;-0.004879007864407428;-0.5484185867866419
F30;beta;1;bas;False;2141;50;0.04203643157403083;0.03852344547785311;0.003512986096177713;0.9137128384097102
F30;beta;1;rap;False;2141;50;0.5128444652031761;0.5221716564993347;-0.009327191296158647;-0.8744873282238688
F30;beta;3;bas;False;2134;50;0.08762886597938144;0.08686367026300361;0.0007651957163778305;0.15089273480737547
F30;beta;3;rap;False;2134;50;0.5253045923149016;0.5319661417516631;-0.006661549436761599;-0.633362126666797
F30;beta;9;bas;False;2125;50;0.17505882352941177;0.17857815836108742;-0.0035193348316756323;-0.5074862519936235
F30;beta;9;rap;False;2125;50;0.540235294117647;0.5426286014358512;-0.0023933073182040715;-0.2383957597508097
F30;beta;27;bas;False;2099;50;0.3415912339209147;0.34506358846057106;-0.0034723545396563547;-0.38519646529092405
F30;beta;27;rap;False;2099;50;0.5397808480228681;0.547135394663238;-0.007354546640369891;-0.7928605303237463
F30;gamma;1;bas;False;2141;50;0.04156936011209715;0.04841777407600701;-0.006848413963909863;-1.7665424298833727
F30;gamma;1;rap;False;2141;50;0.5203176085941149;0.528098227845192;-0.007780619251077144;-0.7309229274718456
F30;gamma;3;bas;False;2134;50;0.10028116213683223;0.11149770184505856;-0.011216539708226307;-2.023919390824328
F30;gamma;3;rap;False;2134;50;0.5337394564198688;0.5372882241283693;-0.0035487677085005373;-0.3425483926144513
F30;gamma;9;bas;False;2125;50;0.22776470588235295;0.2306440537478461;-0.002879347865493155;-0.3699856337016191
F30;gamma;9;rap;False;2125;50;0.5454117647058824;0.5444331028541818;0.0009786618517005198;0.09921888611856852
F30;gamma;27;bas;False;2099;50;0.4321105288232492;0.4413961734272821;-0.00928564460403288;-0.9723106771270577
F30;gamma;27;rap;False;2099;50;0.5269175797999047;0.5365543739212849;-0.009636794121380179;-1.0814528372500185
F30;delta;1;bas;False;2141;50;0.019617001401214387;0.022525476906477687;-0.002908475505263302;-1.0486395687596846
F30;delta;1;rap;False;2141;50;0.5109761793554414;0.5190210553126077;-0.008044875957166346;-0.7490996163414222
F30;delta;3;bas;False;2134;50;0.046860356138706656;0.05308450614143846;-0.0062241500027318064;-1.5317964827954813
F30;delta;3;rap;False;2134;50;0.5276476101218369;0.5278819455429918;-0.00023433542115486146;-0.021959794665932002
F30;delta;9;bas;False;2125;50;0.10541176470588236;0.11080880667597515;-0.005397041970092793;-0.964875002889517
F30;delta;9;rap;False;2125;50;0.5270588235294118;0.5408843096119402;-0.013825486082528551;-1.31022159722193
F30;delta;27;bas;False;2099;50;0.20962363030014292;0.2157552077373369;-0.006131577437193945;-0.8327999539804835
F30;delta;27;rap;False;2099;50;0.5550262029537876;0.5539082838652878;0.0011179190884996935;0.11074554858152427
F30;epsilon;1;bas;False;2141;50;0.06679121905651565;0.07288936104698099;-0.0060981419904653335;-1.211757587796021
F30;epsilon;1;rap;False;2141;50;0.5329285380663241;0.5301343348189035;0.0027942032474206975;0.2673253413968474
F30;epsilon;3;bas;False;2134;50;0.16447985004686036;0.1685516208150996;-0.004071770768239259;-0.5720784973305513
F30;epsilon;3;rap;False;2134;50;0.5440487347703843;0.535065726925253;0.008983007845131206;0.9023358280787341
F30;epsilon;9;bas;False;2125;50;0.34447058823529414;0.34416138683608505;0.0003092013992090738;0.03472101407730279
F30;epsilon;9;rap;False;2125;50;0.5336470588235294;0.5365664178162273;-0.0029193589926978687;-0.3173602603211799
F30;epsilon;27;bas;False;2099;50;0.6193425440686041;0.6422871800322711;-0.02294463596366699;-2.3165167141603966
F30;epsilon;27;rap;False;2099;50;0.5040495474035255;0.5138798428334039;-0.009830295429878448;-1.1612986799529745
F31;alpha;1;bas;False;2057;50;0.08896451142440447;0.09288841319370922;-0.00392390176930474;-0.6925130371614558
F31;alpha;1;rap;False;2057;50;0.5469129800680603;0.5483474888154598;-0.0014345087473994732;-0.13802263433999107
F31;alpha;3;bas;False;2053;50;0.21480759863614224;0.2192214952286795;-0.004413896592537284;-0.5546926510404092
F31;alpha;3;rap;False;2053;50;0.573307355090112;0.5576936564591575;0.015613698630954569;1.6201964859440763
F31;alpha;9;bas;False;2041;50;0.46986771190592846;0.46882186588157687;0.0010458460243515926;0.10305792055615963
F31;alpha;9;rap;False;2041;50;0.5600195982361588;0.5521946816812763;0.007824916554882566;0.895711009838759
F31;alpha;27;bas;False;2015;50;0.862531017369727;0.8468824630538735;0.015648554315853557;2.071931582984118
F31;alpha;27;rap;False;2015;50;0.5330024813895782;0.534920937503747;-0.0019184561141688682;-0.21247985156240518
F31;beta;1;bas;False;2057;50;0.031113271754982984;0.03878485832170285;-0.007671586566719869;-2.1524220740868674
F31;beta;1;rap;False;2057;50;0.521147301895965;0.5208317805064133;0.0003155213895517112;0.029070193913860884
F31;beta;3;bas;False;2053;50;0.08183146614710181;0.08835803952378889;-0.006526573376687094;-1.204913324148776
F31;beta;3;rap;False;2053;50;0.5455431076473454;0.5304929789713542;0.01505012867599118;1.4087859632367592
F31;beta;9;bas;False;2041;50;0.1807937285644292;0.18293413141778636;-0.0021404028533571584;-0.3042483267247549
F31;beta;9;rap;False;2041;50;0.5389514943655072;0.5391760562851925;-0.00022456191968537334;-0.021851504594435838
F31;beta;27;bas;False;2015;50;0.36277915632754343;0.35300024338313424;0.009778912944409189;1.0555764131867884
F31;beta;27;rap;False;2015;50;0.5503722084367245;0.5404876885975409;0.009884519839183788;1.0438005233970356
F31;gamma;1;bas;False;2057;50;0.05055906660184735;0.04994608760119018;0.0006129790006571687;0.13826107150874792
F31;gamma;1;rap;False;2057;50;0.532328633932912;0.5259714420234832;0.006357191909428936;0.5875232171898085
F31;gamma;3;bas;False;2053;50;0.11446663419386265;0.11296662651068738;0.0015000076831752647;0.24580188034104905
F31;gamma;3;rap;False;2053;50;0.5499269361909401;0.5353320914739985;0.014594844716941677;1.3887419615474765
F31;gamma;9;bas;False;2041;50;0.2346888780009799;0.2305821483117739;0.004106729689206026;0.5230481952567173
F31;gamma;9;rap;False;2041;50;0.5448309652131308;0.5445124277925428;0.000318537420587958;0.032171469512852394
F31;gamma;27;bas;False;2015;50;0.4600496277915633;0.44215411041519176;0.01789551737637156;1.8237436470532753
F31;gamma;27;rap;False;2015;50;0.5444168734491315;0.5409359411152294;0.0034809323339021615;0.39054987170381583
F31;delta;1;bas;False;2057;50;0.02236266407389402;0.0220986427671716;0.0002640213067224214;0.08556840511637068
F31;delta;1;rap;False;2057;50;0.5187165775401069;0.5166867541032143;0.0020298234368926285;0.18517986618762702
F31;delta;3;bas;False;2053;50;0.05260594252313687;0.052671835260912125;-6.58927377752545e-05;-0.015118213156417534
F31;delta;3;rap;False;2053;50;0.5289819775937652;0.5257751577305189;0.0032068198632464284;0.2949318062037118
F31;delta;9;bas;False;2041;50;0.10191082802547771;0.11074336031565647;-0.008832532290178765;-1.562353853441583
F31;delta;9;rap;False;2041;50;0.5423811856932876;0.5377193175276203;0.004661868165667349;0.43833804648402713
F31;delta;27;bas;False;2015;50;0.21687344913151366;0.21653950811555972;0.0003339410159539084;0.04392731647296027
F31;delta;27;rap;False;2015;50;0.5612903225806452;0.5480959254770871;0.013194397103558088;1.2941150397306904
F31;epsilon;1;bas;False;2057;50;0.06465726786582401;0.07009098877024142;-0.005433720904417408;-1.117833630600766
F31;epsilon;1;rap;False;2057;50;0.5362177929022849;0.5338864747952463;0.0023313181070385085;0.2190215760924031
F31;epsilon;3;bas;False;2053;50;0.1539210910862153;0.16098337095509319;-0.00706227986887789;-1.0436542325821823
F31;epsilon;3;rap;False;2053;50;0.5426205552849489;0.5427236448024146;-0.00010308951746587056;-0.010174181319121135
F31;epsilon;9;bas;False;2041;50;0.3307202351788339;0.3333065013404091;-0.0025862661615751823;-0.2856430576316353
F31;epsilon;9;rap;False;2041;50;0.5600195982361588;0.549282371475304;0.010737226760854705;1.1619626823541096
F31;epsilon;27;bas;False;2015;50;0.6297766749379653;0.6342452478732955;-0.004468572935330409;-0.4416243841443062
F31;epsilon;27;rap;False;2015;50;0.535483870967742;0.5293654804890298;0.006118390478712192;0.6831522299413872
F32;alpha;1;bas;False;837;50;0.023894862604540025;0.040354726065736514;-0.016459863461196492;-3.47173998214575
F32;alpha;1;rap;False;837;50;0.6881720430107527;0.6507299712984433;0.037442071712309406;2.4312413454178046
F32;alpha;3;bas;False;836;50;0.06339712918660287;0.1133678058347938;-0.049970676648190944;-6.7786037742207705
F32;alpha;3;rap;False;836;50;0.7535885167464115;0.7233303592112524;0.030258157535159005;2.4074248652248413
F32;alpha;9;bas;False;835;50;0.19760479041916168;0.32415213752318156;-0.12654734710401988;-9.619651501619654
F32;alpha;9;rap;False;835;50;0.8203592814371258;0.7792685833189217;0.04109069811820417;4.414543140202909
F32;alpha;27;bas;False;823;50;0.7739975698663426;0.7998546991596279;-0.02585712929328517;-1.7852546826349887
F32;alpha;27;rap;False;823;50;0.7861482381530984;0.7553454811917277;0.030802756961370744;2.829677020421359
F32;beta;1;bas;False;837;50;0.038231780167264036;0.033341067180621485;0.004890712986642556;0.8129803373384189
F32;beta;1;rap;False;837;50;0.5244922341696535;0.5360111912608722;-0.011518957091218631;-0.6811532608490135
F32;beta;3;bas;False;836;50;0.07894736842105263;0.07754060585720902;0.0014067625638436072;0.1806417573582712
F32;beta;3;rap;False;836;50;0.5741626794258373;0.5502083192672121;0.023954360158625117;1.4623966603084289
F32;beta;9;bas;False;835;50;0.12215568862275449;0.164111673339957;-0.04195598471720249;-4.5130152776267405
F32;beta;9;rap;False;835;50;0.5808383233532934;0.5658400532887521;0.014998270064541288;0.9862570054252989
F32;beta;27;bas;False;823;50;0.2648845686512758;0.3231509723240132;-0.05826640367273731;-4.518462888919711
F32;beta;27;rap;False;823;50;0.6160388821385177;0.5889305752577609;0.02710830688075678;1.9258825888643414
F32;gamma;1;bas;False;837;50;0.038231780167264036;0.03710154855024397;0.0011302316170200602;0.18963406738184585
F32;gamma;1;rap;False;837;50;0.5615292712066906;0.5528012350607686;0.008728036145921826;0.5207720125751921
F32;gamma;3;bas;False;836;50;0.07416267942583732;0.09036804420810074;-0.016205364782263424;-2.0906127560132512
F32;gamma;3;rap;False;836;50;0.5944976076555024;0.5744668567565206;0.020030750898981663;1.2588355497368813
F32;gamma;9;bas;False;835;50;0.15568862275449102;0.19798050749009474;-0.042291884735603726;-4.143364412660028
F32;gamma;9;rap;False;835;50;0.6275449101796408;0.5935775108962212;0.03396739928341951;2.314850573759636
F32;gamma;27;bas;False;823;50;0.3450789793438639;0.3959775353044936;-0.05089855596062967;-3.6014274378391047
F32;gamma;27;rap;False;823;50;0.6427703523693803;0.6162402073969449;0.02653014497243545;2.1112348173255118
F32;delta;1;bas;False;837;50;0.02986857825567503;0.025007896213966128;0.004860682041708905;0.8842489495454825
F32;delta;1;rap;False;837;50;0.5268817204301075;0.5210122660495154;0.0058694543805920705;0.34154525558102056
F32;delta;3;bas;False;836;50;0.06578947368421052;0.05747599242675933;0.008313481257451188;1.0801126616609056
F32;delta;3;rap;False;836;50;0.5215311004784688;0.5301616717427677;-0.008630571264298817;-0.5008768465787337
F32;delta;9;bas;False;835;50;0.12095808383233533;0.11970048997339303;0.0012575938589422862;0.1346462298654146
F32;delta;9;rap;False;835;50;0.5425149700598803;0.5372638790936791;0.005251090966201052;0.32070191662037295
F32;delta;27;bas;False;823;50;0.1968408262454435;0.22932706159585775;-0.032486235350414235;-2.9492916865604912
F32;delta;27;rap;False;823;50;0.5504252733900364;0.5495775597608171;0.0008477136292193405;0.05492607823438648
F32;epsilon;1;bas;False;837;50;0.037037037037037035;0.04774617197488811;-0.010709134937851068;-1.8470361233448156
F32;epsilon;1;rap;False;837;50;0.6093189964157706;0.5815247708145777;0.02779422560119295;1.7090820382500733
F32;epsilon;3;bas;False;836;50;0.08492822966507177;0.11543423929271761;-0.03050600962764584;-3.670457091066814
F32;epsilon;3;rap;False;836;50;0.6483253588516746;0.6181756092693245;0.03014974958235014;2.0189826714709156
F32;epsilon;9;bas;False;835;50;0.18083832335329342;0.25481526583678277;-0.07397694248348936;-6.325596803376276
F32;epsilon;9;rap;False;835;50;0.7149700598802395;0.6602555932563773;0.054714466623862194;4.5636058949715865
F32;epsilon;27;bas;False;823;50;0.48116646415552855;0.5579379335963419;-0.07677146944081338;-4.690402339193184
F32;epsilon;27;rap;False;823;50;0.7351154313487241;0.6820648097172982;0.053050621631425925;4.661639297423791
F33;alpha;1;bas;False;2180;50;0.0853211009174312;0.09162420058838038;-0.006303099670949182;-1.1568913333577358
F33;alpha;1;rap;False;2180;50;0.5472477064220184;0.5510157466595444;-0.0037680402375261175;-0.37198668978167265
F33;alpha;3;bas;False;2173;50;0.21214910262310172;0.21500140147579633;-0.00285229885269463;-0.36175911974425634
F33;alpha;3;rap;False;2173;50;0.5720202485043718;0.5657753433153312;0.006244905189040701;0.6734412837394655
F33;alpha;9;bas;False;2164;50;0.4805914972273567;0.4646375641483486;0.015953933079008144;1.5919477388934717
F33;alpha;9;rap;False;2164;50;0.5457486136783734;0.5610552232117428;-0.015306609533369426;-1.8375990367457897
F33;alpha;27;bas;False;2137;50;0.8596162845109967;0.844936827872565;0.014679456638431813;1.9742424161181333
F33;alpha;27;rap;False;2137;50;0.5334581188582125;0.5448637824311354;-0.011405663572922893;-1.3170777798293845
F33;beta;1;bas;False;2180;50;0.03669724770642202;0.03475465207263093;0.0019425956337910783;0.5290873691278144
F33;beta;1;rap;False;2180;50;0.523394495412844;0.5219349157383328;0.0014595796745112866;0.1379209204109491
F33;beta;3;bas;False;2173;50;0.0800736309249885;0.080182096895845;-0.0001084659708565103;-0.021624970350610683
F33;beta;3;rap;False;2173;50;0.5448688449148642;0.5343633326701294;0.010505512244734847;1.010562709117953
F33;beta;9;bas;False;2164;50;0.17698706099815156;0.17201229989927178;0.004974761098879784;0.7206038913166549
F33;beta;9;rap;False;2164;50;0.5475970425138632;0.5455751067110897;0.002021935802773561;0.20126473977414158
F33;beta;27;bas;False;2137;50;0.3406644829199813;0.34443708624635216;-0.003772603326370901;-0.42056612511956104
F33;beta;27;rap;False;2137;50;0.5460926532522228;0.5495907177552557;-0.0034980645030329733;-0.37795867436447333
F33;gamma;1;bas;False;2180;50;0.05596330275229358;0.04885682996295564;0.007106472789337936;1.6404530592344535
F33;gamma;1;rap;False;2180;50;0.5256880733944954;0.5254037748724498;0.00028429852204547124;0.02707953948011664
F33;gamma;3;bas;False;2173;50;0.11182696732627703;0.11052230597524541;0.0013046613510316347;0.22675973583937803
F33;gamma;3;rap;False;2173;50;0.5379659456971928;0.5349520646106539;0.0030138810865389413;0.2955637004387023
F33;gamma;9;bas;False;2164;50;0.2268946395563771;0.22846499142352944;-0.0015703518671523556;-0.2037454001869002
F33;gamma;9;rap;False;2164;50;0.5388170055452866;0.5447748527302562;-0.005957847184969684;-0.6158036712458917
F33;gamma;27;bas;False;2137;50;0.4529714553111839;0.4426478642727417;0.010323591038442145;1.0665446795693625
F33;gamma;27;rap;False;2137;50;0.5386055217594758;0.5389670727195462;-0.00036155096007037827;-0.042130434231860414
F33;delta;1;bas;False;2180;50;0.02018348623853211;0.021037758671277784;-0.0008542724327456735;-0.3094271105550171
F33;delta;1;rap;False;2180;50;0.5224770642201835;0.5188482182270864;0.0036288459930969882;0.3405465607018973
F33;delta;3;bas;False;2173;50;0.04693971468016567;0.04861889153561726;-0.0016791768554515983;-0.4226167456679942
F33;delta;3;rap;False;2173;50;0.5329038196042338;0.528570352018026;0.004333467586207662;0.41071723946389127
F33;delta;9;bas;False;2164;50;0.09750462107208872;0.1023614180114615;-0.004856796939372776;-0.8965199732886991
F33;delta;9;rap;False;2164;50;0.5434380776340111;0.541730491254816;0.0017075863791950283;0.1631747965465877
F33;delta;27;bas;False;2137;50;0.1918577445016378;0.20304046216640542;-0.011182717664767625;-1.5992689934673503
F33;delta;27;rap;False;2137;50;0.5577912962096396;0.5573088728493728;0.0004824233602669456;0.04880402694366689
F33;epsilon;1;bas;True;2180;50;0.06376146788990826;0.06633210044304184;-0.0025706325531335865;-0.5518814553171688
F33;epsilon;1;rap;True;2180;50;0.5279816513761468;0.5379130300734386;-0.009931378697291895;-0.9549232706436285
F33;epsilon;3;bas;True;2173;50;0.14910262310170272;0.15628865878267903;-0.007186035680976347;-1.105936132279716
F33;epsilon;3;rap;True;2173;50;0.5508513575701794;0.5475470095761066;0.003304347994072825;0.33477733839199036
F33;epsilon;9;bas;True;2164;50;0.33687615526802217;0.33062925972762325;0.006246895540398954;0.7009070764644393
F33;epsilon;9;rap;True;2164;50;0.5637707948243993;0.5525886816858131;0.011182113138586249;1.2160881430548636
F33;epsilon;27;bas;True;2137;50;0.6378100140383716;0.6336566635519398;0.0041533504864317335;0.42503228138039756
F33;epsilon;27;rap;True;2137;50;0.5208235844642022;0.5302858891251929;-0.009462304660990723;-1.1352722759428515
F34;alpha;1;bas;False;2027;50;0.12382831771090282;0.11025196000361732;0.013576357707285493;2.0251848513574107
F34;alpha;1;rap;False;2027;50;0.5037000493339912;0.5106105967324889;-0.006910547398497781;-0.6507517556240587
F34;alpha;3;bas;False;2024;50;0.26976284584980237;0.25527862033760684;0.014484225512195484;1.6016850906205073
F34;alpha;3;rap;False;2024;50;0.4856719367588933;0.5007606732581783;-0.015088736499284954;-1.5153115928215697
F34;alpha;9;bas;False;2012;50;0.5337972166998012;0.5198808621406787;0.013916354559122384;1.315016242076027
F34;alpha;9;rap;False;2012;50;0.44980119284294234;0.46836680104503964;-0.018565608202097277;-1.967226032993472
F34;alpha;27;bas;False;1976;50;0.8643724696356275;0.8626604346941734;0.001712034941454096;0.225520757729021
F34;alpha;27;rap;False;1976;50;0.4402834008097166;0.4518603354457154;-0.011576934635998806;-1.1902957534511898
F34;beta;1;bas;False;2027;50;0.038480513073507645;0.03931804007813787;-0.00083752700463023;-0.21609145814559824
F34;beta;1;rap;False;2027;50;0.5155402072027627;0.5170795567006474;-0.0015393494978847419;-0.13993888053015993
F34;beta;3;bas;False;2024;50;0.09090909090909091;0.08967337920381749;0.001235711705273422;0.22226786167216744
F34;beta;3;rap;False;2024;50;0.5207509881422925;0.5253985609344003;-0.004647572792107845;-0.4272009534235874
F34;beta;9;bas;False;2012;50;0.19433399602385687;0.18497558979821838;0.009358406225638457;1.2689722928834437
F34;beta;9;rap;False;2012;50;0.5084493041749503;0.5331456412020317;-0.024696337027081357;-2.338500793653717
F34;beta;27;bas;False;1976;50;0.3451417004048583;0.35443610526748015;-0.00929440486262187;-1.005627957651175
F34;beta;27;rap;False;1976;50;0.520242914979757;0.5310474864700216;-0.010804571490264593;-1.1039877286928903
F34;gamma;1;bas;False;2027;50;0.048347311297483965;0.053200140787486125;-0.004852829490002159;-1.088779022638135
F34;gamma;1;rap;False;2027;50;0.5125801677355698;0.5191679533671609;-0.0065877856315911835;-0.601926559349224
F34;gamma;3;bas;False;2024;50;0.12203557312252965;0.11972685214144288;0.002308720981086756;0.3653778557870245
F34;gamma;3;rap;False;2024;50;0.5227272727272727;0.5241781250023357;-0.001450852275063116;-0.1343507681612607
F34;gamma;9;bas;False;2012;50;0.24105367793240556;0.2423946625085633;-0.0013409845761577386;-0.16210565439265923
F34;gamma;9;rap;False;2012;50;0.49403578528827036;0.5250970831838782;-0.031061297895607746;-3.034231409743608
F34;gamma;27;bas;False;1976;50;0.4590080971659919;0.45542639810305885;0.0035816990629330492;0.3554173148618404
F34;gamma;27;rap;False;1976;50;0.5141700404858299;0.5133577692276097;0.0008122712582202132;0.08574202508274635
F34;delta;1;bas;False;2027;50;0.0246669955599408;0.021768286098291345;0.002898709461649454;0.9250765082277719
F34;delta;1;rap;False;2027;50;0.512086827824371;0.516049213710434;-0.003962385886062944;-0.35874289396605763
F34;delta;3;bas;False;2024;50;0.05434782608695652;0.05079667490071978;0.0035511511862367424;0.803939900928902
F34;delta;3;rap;False;2024;50;0.5158102766798419;0.5241600628575254;-0.00834978617768348;-0.7604073185713303
F34;delta;9;bas;False;2012;50;0.11481113320079522;0.10839450737419203;0.006416625826603212;1.0480101898936751
F34;delta;9;rap;False;2012;50;0.5129224652087475;0.5356348733951654;-0.022712408186417715;-2.1121891671207007
F34;delta;27;bas;False;1976;50;0.21558704453441296;0.21387595019254088;0.0017110943418720752;0.22064078327724118
F34;delta;27;rap;False;1976;50;0.5374493927125507;0.5481445427740765;-0.010695150061525974;-1.0243436823961345
F34;epsilon;1;bas;False;2027;50;0.08584114454859398;0.07711611721704602;0.008725027331547954;1.5484657266914634
F34;epsilon;1;rap;False;2027;50;0.5046867291563888;0.5163568948996287;-0.011670165743239867;-1.0778539260075857
F34;epsilon;3;bas;False;2024;50;0.183300395256917;0.17477483891436413;0.00852555634255286;1.1394802293137787
F34;epsilon;3;rap;False;2024;50;0.49604743083003955;0.5169238059315959;-0.02087637510155644;-1.996437718951551
F34;epsilon;9;bas;False;2012;50;0.36530815109343934;0.35654232335631764;0.008765827737121734;0.9198651914108963
F34;epsilon;9;rap;False;2012;50;0.4865805168986084;0.5115458843669501;-0.02496536746834186;-2.5433344292990223
F34;epsilon;27;bas;False;1976;50;0.6589068825910931;0.6585074249943651;0.0003994575967280305;0.03965023772761632
F34;epsilon;27;rap;False;1976;50;0.46558704453441296;0.47494892393374605;-0.009361879399333063;-1.006009430868633
F35;alpha;1;bas;False;2177;50;0.09462563160312357;0.10005648638170549;-0.0054308547785819365;-0.9611002704658852
F35;alpha;1;rap;False;2177;50;0.5420303169499311;0.5386602202665381;0.0033700966833929927;0.3366261471171453
F35;alpha;3;bas;False;2174;50;0.22355105795768168;0.22953796505244556;-0.005986907094763857;-0.7719961425022006
F35;alpha;3;rap;False;2174;50;0.5446182152713891;0.5445874207551127;3.079451627651156e-05;0.00332230086095384
F35;alpha;9;bas;False;2165;50;0.4646651270207852;0.4803374950837805;-0.015672368062995316;-1.5946916824545165
F35;alpha;9;rap;False;2165;50;0.553810623556582;0.5363801567978218;0.0174304667587602;2.1175805578210176
F35;alpha;27;bas;False;2137;50;0.8437061300889097;0.8504569998354359;-0.006750869746526247;-0.870247885947805
F35;alpha;27;rap;False;2137;50;0.5175479644361254;0.5208185884832092;-0.003270624047083802;-0.38054779274920897
F35;beta;1;bas;False;2177;50;0.040422599908130456;0.03861438361431653;0.0018082162938139262;0.4796783022562019
F35;beta;1;rap;False;2177;50;0.5411116214974736;0.523114939416261;0.01799668208121254;1.7059796777218899
F35;beta;3;bas;False;2174;50;0.09705611775528979;0.0868799328203697;0.010176184934920104;1.9129692479654428
F35;beta;3;rap;False;2174;50;0.545998160073597;0.5339517332703343;0.012046426803262796;1.1600606807379357
F35;beta;9;bas;False;2165;50;0.1856812933025404;0.17977998125633546;0.005901312046204934;0.8450769907786626
F35;beta;9;rap;False;2165;50;0.5482678983833719;0.544054187700979;0.004213710682392865;0.42689105671659283
F35;beta;27;bas;False;2137;50;0.3532990173139916;0.34576751099494235;0.007531506319049252;0.854399021950269
F35;beta;27;rap;False;2137;50;0.5498362189985961;0.5488279245980443;0.0010082944005519354;0.10979463579293038
F35;gamma;1;bas;False;2177;50;0.03950390445567294;0.049935555313277945;-0.010431650857604996;-2.7154342853885134
F35;gamma;1;rap;False;2177;50;0.5475424896646761;0.5257270945771674;0.02181539508750876;2.0859272270579674
F35;gamma;3;bas;False;2174;50;0.10671573137074516;0.11387302456950585;-0.007157293198760693;-1.249648705261173
F35;gamma;3;rap;False;2174;50;0.546918123275069;0.5346895109045379;0.012228612370531152;1.2012050582379983
F35;gamma;9;bas;False;2165;50;0.2346420323325635;0.2357350909622998;-0.0010930586297362504;-0.1406421451945167
F35;gamma;9;rap;False;2165;50;0.5579676674364896;0.5408343010993276;0.017133366337162;1.7718262150584514
F35;gamma;27;bas;False;2137;50;0.44829199812821713;0.4492499937579871;-0.0009579956297699333;-0.10176611297739971
F35;gamma;27;rap;False;2137;50;0.5334581188582125;0.5316162807604358;0.0018418380977767383;0.21259001169241384
F35;delta;1;bas;False;2177;50;0.02480477721635278;0.021148704336182687;0.003656072880170093;1.1791026473706816
F35;delta;1;rap;False;2177;50;0.529168580615526;0.5196262966295638;0.009542283985962139;0.8980916700219239
F35;delta;3;bas;False;2174;50;0.05703771849126035;0.04932306023651711;0.0077146582547432336;1.7943602096294344
F35;delta;3;rap;False;2174;50;0.5446182152713891;0.5298549856645418;0.01476322960684723;1.3974835921390434
F35;delta;9;bas;False;2165;50;0.1066974595842956;0.10408303283515465;0.0026144267491409676;0.47371549519964984
F35;delta;9;rap;False;2165;50;0.5464203233256351;0.5425996357968045;0.003820687528830574;0.3680931017398257
F35;delta;27;bas;False;2137;50;0.2087037903603182;0.20346948570964365;0.005234304650674557;0.7286478787961232
F35;delta;27;rap;False;2137;50;0.5680861020121666;0.5605049501751876;0.007581151836978922;0.7598484336653502
F35;epsilon;1;bas;False;2177;50;0.0574184657785944;0.07210971762450016;-0.014691251845905778;-3.184797100642898
F35;epsilon;1;rap;False;2177;50;0.5374368396876436;0.5304680223883007;0.006968817299342832;0.6816699009175471
F35;epsilon;3;bas;False;2174;50;0.15961361545538177;0.16632529963532447;-0.006711684179942693;-0.959454019658268
F35;epsilon;3;rap;False;2174;50;0.5519779208831647;0.5375774993874932;0.014400421495671467;1.4615193026313245
F35;epsilon;9;bas;False;2165;50;0.32933025404157046;0.3433839870163341;-0.01405373297476366;-1.5943929981125051
F35;epsilon;9;rap;False;2165;50;0.5464203233256351;0.5392244105344972;0.00719591279113782;0.7993773386240854
F35;epsilon;27;bas;False;2137;50;0.6345343940102948;0.6430886622499951;-0.008554268239700187;-0.869313982487193
F35;epsilon;27;rap;False;2137;50;0.516612072999532;0.5156607365085307;0.0009513364910013768;0.11396266442984376
F36;alpha;1;bas;False;1968;50;0.12398373983739837;0.11911214593760278;0.004871593899795609;0.7103143526788077
F36;alpha;1;rap;False;1968;50;0.4847560975609756;0.502039991871407;-0.017283894310431428;-1.592624729865806
F36;alpha;3;bas;False;1967;50;0.2663955261820031;0.26808536706956004;-0.0016898408875569845;-0.18516465491704898
F36;alpha;3;rap;False;1967;50;0.4804270462633452;0.4872515657737105;-0.00682451951036525;-0.6661364014668432
F36;alpha;9;bas;False;1956;50;0.5245398773006135;0.5294729254720676;-0.004933048171454067;-0.46683793896440196
F36;alpha;9;rap;False;1956;50;0.4616564417177914;0.4539223935857227;0.007734048132068688;0.8361482784193521
F36;alpha;27;bas;False;1924;50;0.8664241164241164;0.8649440512308466;0.0014800651932697344;0.19297275086536794
F36;alpha;27;rap;False;1924;50;0.42723492723492723;0.4404864812881072;-0.01325155405317994;-1.3781298743725956
F36;beta;1;bas;False;1968;50;0.04065040650406504;0.041949915927252446;-0.0012995094231874065;-0.3186483172694928
F36;beta;1;rap;False;1968;50;0.5015243902439024;0.5153141702276504;-0.013789779983747896;-1.2320825771291304
F36;beta;3;bas;False;1967;50;0.09659379766141332;0.09359102798592105;0.0030027696754922786;0.5246651158216253
F36;beta;3;rap;False;1967;50;0.5297407219115404;0.52398494816029;0.005755773751250449;0.5209744909877588
F36;beta;9;bas;False;1956;50;0.19938650306748465;0.19015426238685648;0.009232240680628157;1.2045257542811634
F36;beta;9;rap;False;1956;50;0.5342535787321063;0.5310796488780861;0.0031739298540203287;0.2960083181835306
F36;beta;27;bas;False;1924;50;0.3705821205821206;0.35894058676567553;0.011641533816445091;1.2372029254261023
F36;beta;27;rap;False;1924;50;0.5166320166320166;0.5301516532723456;-0.013519636640328866;-1.3696895962685782
F36;gamma;1;bas;False;1968;50;0.051829268292682924;0.05588391964381791;-0.004054651351134987;-0.8963455250268595
F36;gamma;1;rap;False;1968;50;0.4969512195121951;0.5181728805612095;-0.021221661049014358;-1.904986198438956
F36;gamma;3;bas;False;1967;50;0.11133706151499746;0.12448511619544192;-0.01314805468044446;-2.131512086496656
F36;gamma;3;rap;False;1967;50;0.5160142348754448;0.5220301052618759;-0.006015870386431047;-0.5590127248986998
F36;gamma;9;bas;False;1956;50;0.24233128834355827;0.24855876966304397;-0.006227481319485659;-0.7378251651807455
F36;gamma;9;rap;False;1956;50;0.5230061349693251;0.5222351455152451;0.000770989454080173;0.07447048779891922
F36;gamma;27;bas;False;1924;50;0.4589397089397089;0.4595135569489606;-0.0005738480092516074;-0.05587725397820664
F36;gamma;27;rap;False;1924;50;0.4916839916839917;0.5086148900503702;-0.016930898366378594;-1.821201770720193
F36;delta;1;bas;False;1968;50;0.018292682926829267;0.022282903285580982;-0.003990220358751716;-1.3526922713335305
F36;delta;1;rap;False;1968;50;0.5269308943089431;0.5177756575905975;0.009155236718345628;0.8177602101320849
F36;delta;3;bas;False;1967;50;0.04778851042196238;0.05225546238395601;-0.004466951961993628;-1.0237467849416815
F36;delta;3;rap;False;1967;50;0.5332994407727504;0.5258245089733831;0.00747493179936721;0.6703289251301375
F36;delta;9;bas;False;1956;50;0.09867075664621677;0.10835117369093755;-0.009680417044720783;-1.6552949666925438
F36;delta;9;rap;False;1956;50;0.5444785276073619;0.5381753706655532;0.006303156941808715;0.5769614243605703
F36;delta;27;bas;False;1924;50;0.21465696465696466;0.21189248344612516;0.0027644812108394957;0.35765823204087754
F36;delta;27;rap;False;1924;50;0.5587318087318087;0.5525729980157803;0.006158810716028366;0.5876322571527451
F36;epsilon;1;bas;False;1968;50;0.07723577235772358;0.07870245871435116;-0.0014666863566275778;-0.2660290146406475
F36;epsilon;1;rap;False;1968;50;0.48628048780487804;0.5150372740328205;-0.02875678622794246;-2.603272377833116
F36;epsilon;3;bas;False;1967;50;0.17996949669547535;0.18096698432292788;-0.0009974876274525353;-0.1326314665675122
F36;epsilon;3;rap;False;1967;50;0.5033045246568378;0.51211503385152;-0.008810509194682268;-0.8371724478408625
F36;epsilon;9;bas;False;1956;50;0.36400817995910023;0.3675591918314968;-0.003551011872396524;-0.368534312342166
F36;epsilon;9;rap;False;1956;50;0.49897750511247446;0.5016728383310622;-0.0026953332185878165;-0.2744394518646052
F36;epsilon;27;bas;False;1924;50;0.6735966735966736;0.6669298436950982;0.006666829901575462;0.6632614464441865
F36;epsilon;27;rap;False;1924;50;0.4584199584199584;0.46346108100927896;-0.005041122589320521;-0.5463295971453909
