famille;capteur;h;issue;z_A1;z_A2;ecart_A1;ecart_A2;n_A1;n_A2;designe
F01;alpha;1;bas;-1.9176817049416952;-1.0637190591356511;-0.011706903868342283;-0.00886103912001394;1247;631;False
F01;alpha;1;rap;1.0349615258688738;1.273986082471159;0.013559567054449597;0.02388988984984639;1247;631;False
F01;alpha;3;bas;-4.323880017875011;-4.5692040787284665;-0.03748347641277928;-0.05072074666944037;1245;631;False
F01;alpha;3;rap;2.3117549450523875;1.8363494759139332;0.026706781759398304;0.029496006830350082;1245;631;False
F01;alpha;9;bas;-4.909111567812888;-5.407477923251917;-0.0617472409806891;-0.09204991482157758;1240;626;False
F01;alpha;9;rap;1.9816464602157586;0.103173632363046;0.019780683438409535;0.0014107057947405873;1240;626;False
F01;alpha;27;bas;-2.6253363541595496;-1.751320393669736;-0.029696463539805568;-0.028743731236531834;1222;625;False
F01;alpha;27;rap;1.0600648078237418;-0.021488678522229517;0.011292781708880921;-0.0003301445334943395;1222;625;False
F01;beta;1;bas;1.397486986050756;-1.3299309970950275;0.007549839974197173;-0.008311852806540117;1247;631;False
F01;beta;1;rap;0.20114279732207335;-0.20856924503790886;0.002800067492571405;-0.0041226094175025535;1247;631;False
F01;beta;3;bas;2.1025536863556655;-0.9280287180749309;0.015653299734275105;-0.008819396501671224;1245;631;False
F01;beta;3;rap;0.8327408583551668;-0.5866580612307153;0.011286400994037162;-0.011356500992222338;1245;631;False
F01;beta;9;bas;-1.5850670519356607;-1.579806452891335;-0.013842789858486337;-0.0195951837237544;1240;626;False
F01;beta;9;rap;1.3757896245981736;1.2702915736435387;0.017556663867101478;0.023425651318071117;1240;626;False
F01;beta;27;bas;-1.3540351762952227;-1.8071878172239402;-0.015880948448968767;-0.0294136767542887;1222;625;False
F01;beta;27;rap;2.864846126038226;0.805590117860958;0.03380609068914022;0.013425961996751357;1222;625;False
F01;delta;1;bas;1.30604473990764;-0.29534959945662287;0.005814488282272099;-0.0019227845884505674;1247;631;False
F01;delta;1;rap;0.3769120793385037;0.48071905082446936;0.0053035666481982095;0.009493866720896445;1247;631;False
F01;delta;3;bas;2.0219842709621156;-0.7021563908188939;0.012828747150106488;-0.006199705965896991;1245;631;False
F01;delta;3;rap;0.35540320481861065;-0.13825108304327113;0.004960066794085942;-0.002695978705933917;1245;631;False
F01;delta;9;bas;2.092614882268821;1.0357107757146446;0.016145122011694043;0.012145149319948036;1240;626;False
F01;delta;9;rap;-0.20711431969041033;0.9862207204338728;-0.0028047170676197214;0.018873704410113407;1240;626;False
F01;delta;27;bas;-0.08815074562823245;-1.0315893407636898;-0.0008334584197159362;-0.012875282406516532;1222;625;False
F01;delta;27;rap;0.35406822716135333;0.7847933873427861;0.004535382162571887;0.014167733115732736;1222;625;False
F01;epsilon;1;bas;0.2263994427067177;-0.15260015545445899;0.0014505463983871974;-0.0012545825383923177;1247;631;False
F01;epsilon;1;rap;0.25735271371954777;0.20571314346415012;0.003457722855825781;0.004002294690005361;1247;631;False
F01;epsilon;3;bas;-1.8664526742982772;-1.2364377972635434;-0.015649415985202197;-0.013461658258033513;1245;631;False
F01;epsilon;3;rap;1.3473344514487509;0.5882819102438004;0.017163533361750628;0.010762563877024218;1245;631;False
F01;epsilon;9;bas;-2.8291347804439475;-3.489149947817205;-0.03194677869446798;-0.04901600936993936;1240;626;False
F01;epsilon;9;rap;3.078085682531116;-0.5700101756434184;0.035004588343183894;-0.008894492202657511;1240;626;False
F01;epsilon;27;bas;-0.4134970148521692;-2.4704278679877207;-0.005406722469917;-0.04687590611491516;1222;625;False
F01;epsilon;27;rap;2.0241781176297278;0.59304675252955;0.02039958938252786;0.008412670179250733;1222;625;False
F01;gamma;1;bas;0.08599295056141225;-1.0963631337610096;0.00048670840081607773;-0.00785332999353221;1247;631;False
F01;gamma;1;rap;0.548126022623571;-0.33858513363282766;0.007542526293595385;-0.006598112681112454;1247;631;False
F01;gamma;3;bas;-0.6810728162639554;-1.9419642720810744;-0.00524022575881702;-0.01954402676255832;1245;631;False
F01;gamma;3;rap;1.0421505159179258;-0.1887501813358293;0.013812901029627981;-0.003631955290375635;1245;631;False
F01;gamma;9;bas;-1.3282824118961223;-0.09205372205177889;-0.013144668113229431;-0.0012467775407956321;1240;626;False
F01;gamma;9;rap;3.5359465984073513;0.7385052615487369;0.044030293780642285;0.013129041565274202;1240;626;False
F01;gamma;27;bas;0.2515100406683071;-0.4458045611097452;0.003126477534502292;-0.007580516615096251;1222;625;False
F01;gamma;27;rap;3.374682494544474;0.7113617873382049;0.03914173446954453;0.010795534183993217;1222;625;False
F02;alpha;1;bas;-1.5881093159034407;-1.0557202773602008;-0.00934048538771645;-0.008693180972901835;1320;646;False
F02;alpha;1;rap;3.0594739735405643;0.7221614357722694;0.03806460687725195;0.013077099527334081;1320;646;False
F02;alpha;3;bas;-1.0428566972688633;-2.581755225340182;-0.009345933508278724;-0.029430152151568436;1316;646;False
F02;alpha;3;rap;2.0151825368392147;2.408044745995079;0.022797567232763372;0.036936318346764405;1316;646;False
F02;alpha;9;bas;-2.602594178392244;-3.258734640388573;-0.032585414122495354;-0.05590731586821993;1313;643;False
F02;alpha;9;rap;1.0138479974910506;1.3891262376791664;0.010021777943056344;0.018284453187108078;1313;643;False
F02;alpha;27;bas;-0.8980350422108364;-0.9048213401010855;-0.009443475572018481;-0.014394263317419947;1298;637;False
F02;alpha;27;rap;1.4665887765370933;-1.0432457541079887;0.015037062287682043;-0.015629722607257767;1298;637;False
F02;beta;1;bas;1.8278368846993536;0.4703231667829444;0.009964270273552869;0.003487407007896994;1320;646;False
F02;beta;1;rap;1.0343024624900015;-1.193511708375295;0.013969157784251868;-0.023281346616744993;1320;646;False
F02;beta;3;bas;1.0517992975336568;-0.05873337968752729;0.007518732474477228;-0.0005589251271932318;1316;646;False
F02;beta;3;rap;1.5831256033467676;0.9562966884957993;0.021021138798770666;0.01788254543366023;1316;646;False
F02;beta;9;bas;0.11855012424030703;-2.7238369164954044;0.0010646251870070871;-0.030439432182487864;1313;643;False
F02;beta;9;rap;1.6031653456734107;0.9699097030611735;0.02040194687716907;0.017173339361822575;1313;643;False
F02;beta;27;bas;-0.46782552178708736;-1.3880714940701238;-0.005368350305504688;-0.02170413285009149;1298;637;False
F02;beta;27;rap;3.152100285325358;1.7467904085351609;0.035648055887714976;0.028744693701295652;1298;637;False
F02;delta;1;bas;0.9788602936268078;-2.183519361625734;0.004276295518599767;-0.009659474827460676;1320;646;False
F02;delta;1;rap;0.18755090589655274;-0.1587900981107627;0.0025513529980001255;-0.003108109938178644;1320;646;False
F02;delta;3;bas;0.8070369634147092;-1.2480012556171016;0.0048405764592198905;-0.009597947350730884;1316;646;False
F02;delta;3;rap;0.5622178396871356;1.094944657186571;0.007570583031458132;0.021176522552657437;1316;646;False
F02;delta;9;bas;-0.44675725359870083;0.01095200624796223;-0.0033091688090105876;0.0001152352177450661;1313;643;False
F02;delta;9;rap;0.8160257614840046;2.5026943867770015;0.010826761592129138;0.04778570230370801;1313;643;False
F02;delta;27;bas;0.9003731641088105;-0.5345510369761798;0.008563910915026104;-0.006782690329454609;1298;637;False
F02;delta;27;rap;0.23214647338981068;1.106922777927397;0.0029220800108939724;0.020125058083038598;1298;637;False
F02;epsilon;1;bas;0.9153497730936783;-1.202347783536525;0.005883299393388129;-0.009136569872970589;1320;646;False
F02;epsilon;1;rap;3.4797419526493307;-0.6519266733225035;0.04519163603212417;-0.012488601068535514;1320;646;False
F02;epsilon;3;bas;-1.1576817754711946;-2.3415930126090956;-0.009541017116401393;-0.02486930546312794;1316;646;False
F02;epsilon;3;rap;1.32631556020044;0.4309217044989764;0.01642334434704857;0.0076640741532374435;1316;646;False
F02;epsilon;9;bas;-1.2103841168787512;-2.974486235628829;-0.012972002310916256;-0.043379984492473704;1313;643;False
F02;epsilon;9;rap;2.2594204484559293;0.8737100441795141;0.024485718968855742;0.013989791154061668;1313;643;False
F02;epsilon;27;bas;-1.6531133003174068;-1.6619710759445157;-0.02085034795552769;-0.03119253519322557;1298;637;False
F02;epsilon;27;rap;1.5812308042358931;0.6586786118994027;0.016284302183548535;0.01012589764240664;1298;637;False
F02;gamma;1;bas;-0.8485395997076153;-1.7213649741015546;-0.0045731388425477165;-0.01133362723229598;1320;646;False
F02;gamma;1;rap;2.5771666838548914;-0.8176578643649526;0.034202335231789324;-0.016010805126883035;1320;646;False
F02;gamma;3;bas;-0.1655173374957193;-1.6789563799983256;-0.0012632107452493103;-0.016703033446593813;1316;646;False
F02;gamma;3;rap;2.7909500932894757;0.973083806818094;0.03647313382547267;0.017842630405556767;1316;646;False
F02;gamma;9;bas;0.22952988099163915;-2.4653081232781826;0.0022643205105479206;-0.032458043083965125;1313;643;False
F02;gamma;9;rap;2.001683582519169;-0.11364719186781184;0.024545899787546056;-0.001937490819993227;1313;643;False
F02;gamma;27;bas;-0.16121732452775606;-1.4151909744696982;-0.0019372143834074328;-0.024177920728485534;1298;637;False
F02;gamma;27;rap;3.5569323820427337;-0.45477684938131835;0.03869551631472716;-0.006939992104235331;1298;637;False
F03;alpha;1;bas;-2.3910129417448482;-2.5454084000898987;-0.013498916769543533;-0.019252242625881547;1287;643;False
F03;alpha;1;rap;-0.2961978060146147;1.0151983563484226;-0.00378434152344963;0.018583431618189154;1287;643;False
F03;alpha;3;bas;-2.835133220516938;-0.9488728579322182;-0.024609709268404525;-0.011535838421909115;1284;642;False
F03;alpha;3;rap;0.6747228146871356;0.41181532833007634;0.007666789045790668;0.006584105125730746;1284;642;False
F03;alpha;9;bas;-3.4186951017703504;-2.072155857378024;-0.042351853628704444;-0.034863317465800035;1276;639;False
F03;alpha;9;rap;1.0643180506812582;0.8365425444596616;0.01031807215750302;0.011607419717378152;1276;639;False
F03;alpha;27;bas;-1.616199524215445;-2.040004565238598;-0.01755860982132403;-0.03298985661658238;1260;634;False
F03;alpha;27;rap;1.798588094520949;-0.3323378566454033;0.01850744430479285;-0.005048024098992184;1260;634;False
F03;beta;1;bas;-0.555122638558348;1.7685205945243463;-0.0026078343818020356;0.013359433456403277;1287;643;False
F03;beta;1;rap;0.5395743949332429;0.5203379219147135;0.007413231334909652;0.010193967818835666;1287;643;False
F03;beta;3;bas;-2.3438530073461012;0.812095978538639;-0.014943058439843483;0.007928840723360494;1284;642;False
F03;beta;3;rap;0.4902052226792384;0.46577223869389445;0.006565829806109272;0.008854871141285648;1284;642;False
F03;beta;9;bas;-2.2738703106815517;-0.8509615653708856;-0.01958468843927072;-0.010228113104913183;1276;639;False
F03;beta;9;rap;1.5111265559761073;-0.9090304099707313;0.01939719237501868;-0.016255415713155273;1276;639;False
F03;beta;27;bas;-1.896245454884419;-1.2587420727525402;-0.022311981904859002;-0.01909535242642436;1260;634;False
F03;beta;27;rap;1.5870722488239037;-1.3112807002097586;0.01880491745619785;-0.021520040960395753;1260;634;False
F03;delta;1;bas;-0.5099844417351184;-1.7473333512565525;-0.0021360910121983787;-0.008411991736833204;1287;643;False
F03;delta;1;rap;-0.04780858292127692;-1.433696972498014;-0.0006612516695782364;-0.028073501885626347;1287;643;False
F03;delta;3;bas;-1.7632203023325235;-0.21063499547494738;-0.010112720567576068;-0.0016927723687674198;1284;642;False
F03;delta;3;rap;0.9452864528195496;1.2748816397504448;0.012962233024049846;0.02440900496904185;1284;642;False
F03;delta;9;bas;-2.0253455660340673;-0.10163481085731312;-0.015429103768126867;-0.001093079870108412;1276;639;False
F03;delta;9;rap;1.5883654395161488;-1.6157987779933145;0.021275452657037758;-0.03135628826382151;1276;639;False
F03;delta;27;bas;-0.8669776484740137;-0.08424181274600717;-0.008682710827223395;-0.0011137757272205592;1260;634;False
F03;delta;27;rap;1.2628776349212736;-1.6541030498472475;0.016232816316447154;-0.029816176169501336;1260;634;False
F03;epsilon;1;bas;-0.20354786823690596;-2.741938754836336;-0.001261821998532225;-0.021130195017883175;1287;643;False
F03;epsilon;1;rap;2.2227943852448804;-0.12971128672737256;0.029614324127497635;-0.002491006251618639;1287;643;False
F03;epsilon;3;bas;-1.7892060349635455;-1.68867113994645;-0.014771066005167437;-0.019558941337741227;1284;642;False
F03;epsilon;3;rap;2.511248265116918;-0.004443998505910013;0.03168846245152485;-7.968053844360619e-05;1284;642;False
F03;epsilon;9;bas;-1.309887090720148;-2.2173646376835845;-0.014476661849932747;-0.03302966870130939;1276;639;False
F03;epsilon;9;rap;2.3373748460639043;0.924416036473392;0.025820981757083816;0.014372208951842417;1276;639;False
F03;epsilon;27;bas;-4.048967267027695;-2.747781865030655;-0.0516275124752508;-0.05061347286756711;1260;634;False
F03;epsilon;27;rap;2.389180069997926;-0.6850156375352932;0.02508272733214655;-0.009421735591697436;1260;634;False
F03;gamma;1;bas;-1.218816339274811;0.33027582625543095;-0.0061270861404540845;0.0024504923291263554;1287;643;False
F03;gamma;1;rap;1.1043261068067365;-0.678199581519978;0.01514016090036427;-0.01307685121111812;1287;643;False
F03;gamma;3;bas;-1.2119955972718535;1.1674238841759548;-0.008782894901512649;0.012095665278202604;1284;642;False
F03;gamma;3;rap;2.1624061487588144;0.6140777860586171;0.028599275027327755;0.011357860454263225;1284;642;False
F03;gamma;9;bas;-0.8448292263981885;0.044459104382398584;-0.008176939186690687;0.0005827816692730365;1276;639;False
F03;gamma;9;rap;2.3825622518149356;-0.4999926809776901;0.029698193767740085;-0.008558025145541534;1276;639;False
F03;gamma;27;bas;-0.5817095924223338;-2.4756809495706085;-0.00713512590228095;-0.04017795229031902;1260;634;False
F03;gamma;27;rap;2.246120025241743;-0.770387787022947;0.025437922389398335;-0.01151446926761552;1260;634;False
F04;alpha;1;bas;-0.7852102702261379;1.8029947736855856;-0.006051374810174862;0.02100696137496004;1495;636;False
F04;alpha;1;rap;-0.3363992899438034;-0.9510398185643766;-0.0041670596195146495;-0.018026362195722446;1495;636;False
F04;alpha;3;bas;-0.08374087982645159;1.7725130273349068;-0.0008680814642404814;0.027748859865976028;1494;635;False
F04;alpha;3;rap;-0.0026654983965980717;-0.43718579859456785;-3.197892438139127e-05;-0.007890950333676983;1494;635;False
F04;alpha;9;bas;-0.03896637623844672;1.6757601364403885;-0.00047545602871369496;0.030816362715734402;1485;633;False
F04;alpha;9;rap;-0.6057616400852351;0.14097306186959488;-0.006634829685199698;0.0022405775423964673;1485;633;False
F04;alpha;27;bas;0.028543708131820573;1.2269310536610623;0.0002493999401926518;0.016340712064553998;1459;627;False
F04;alpha;27;rap;-2.502025442944205;0.5759090239909007;-0.02698356129700177;0.009789820525198015;1459;627;False
F04;beta;1;bas;-0.37480068152672885;-0.1838583018968031;-0.0017855273178775308;-0.0011954325603513052;1495;636;False
F04;beta;1;rap;-1.7640253209739278;1.168943726910852;-0.02243191206631749;0.02285812843775958;1495;636;False
F04;beta;3;bas;1.2309579791796978;-0.661805850140258;0.008401206394921071;-0.005875250425290394;1494;635;False
F04;beta;3;rap;-1.1128298591210568;-0.9025446540755205;-0.014233044591355042;-0.017538113615545418;1494;635;False
F04;beta;9;bas;0.2599771327981446;0.17951300473774573;0.0022425961286982442;0.002311119057309448;1485;633;False
F04;beta;9;rap;-0.5915670236646713;0.1192607815393472;-0.007217146807966563;0.002250740108379428;1485;633;False
F04;beta;27;bas;-0.1929117589830643;-0.9923793686395194;-0.00213650591599627;-0.016646008083009867;1459;627;False
F04;beta;27;rap;-1.9466634032302628;0.4496482585098669;-0.022433728057083664;0.007819553376270185;1459;627;False
F04;delta;1;bas;-0.7383055500091884;0.27597397013340774;-0.0025366289199870097;0.001523296529308414;1495;636;False
F04;delta;1;rap;-1.0323678850970897;-0.5303924252269364;-0.013255033509884983;-0.010409493147666399;1495;636;False
F04;delta;3;bas;-0.6102471542672047;0.8368883522297631;-0.003169821344290784;0.006770143025495779;1494;635;False
F04;delta;3;rap;-1.8096099976658606;-1.425570304919831;-0.023081399368374025;-0.02795582947059865;1494;635;False
F04;delta;9;bas;0.5859045211346839;-1.0381922533158296;0.004254369570158115;-0.010086761918067849;1485;633;False
F04;delta;9;rap;-1.0980451436185636;-0.9564974744743769;-0.013659100650959264;-0.01851710726839456;1485;633;False
F04;delta;27;bas;-0.7472336219401878;0.8047759268218213;-0.0067624919130441;0.01093939228719748;1459;627;False
F04;delta;27;rap;-2.31215859441967;-0.6304964612245041;-0.028124131588714813;-0.011834956675100072;1459;627;False
F04;epsilon;1;bas;-0.8086016719344695;0.7851065029887068;-0.00504638922977363;0.007450804401236704;1495;636;False
F04;epsilon;1;rap;-0.6668542134704054;1.7159085592269674;-0.008367747939730299;0.03350863534314332;1495;636;False
F04;epsilon;3;bas;-1.128901596473152;1.7740339031981833;-0.009811525550058368;0.023585823931278997;1494;635;False
F04;epsilon;3;rap;-0.1766051309802345;0.16731974157038368;-0.0021553556133343792;0.003190202417219768;1494;635;False
F04;epsilon;9;bas;0.19058420861805703;1.5318996246857695;0.0021329114668763595;0.02539670462228507;1485;633;False
F04;epsilon;9;rap;-2.341379781417324;0.29190627074056263;-0.02649990830484807;0.005052227961079405;1485;633;False
F04;epsilon;27;bas;-0.2544480465215397;1.4977616816299906;-0.002991656431567578;0.026652335155596427;1459;627;False
F04;epsilon;27;rap;-1.7686751981957407;1.096810600194497;-0.018766259175245544;0.01823028914169931;1459;627;False
F04;gamma;1;bas;0.0448267899379595;-2.3963690111439027;0.00023468929486951837;-0.015421438316728276;1495;636;False
F04;gamma;1;rap;-0.99878778185701;1.1893628398188576;-0.012716569562082983;0.02329250075267915;1495;636;False
F04;gamma;3;bas;0.6625325243426038;-2.1229099707021786;0.004786689349685405;-0.021987435294738414;1494;635;False
F04;gamma;3;rap;-2.270920377599366;-0.39814598251072075;-0.02849395524234157;-0.007824526072256198;1494;635;False
F04;gamma;9;bas;0.2990623557173419;-0.997868910196485;0.002809505321667259;-0.014344043784870263;1485;633;False
F04;gamma;9;rap;-1.0332935972276442;0.5755976857019591;-0.012131951148660267;0.010500769920938591;1485;633;False
F04;gamma;27;bas;1.114542445808334;-0.5517701153056204;0.013021475889273496;-0.009780983591822532;1459;627;False
F04;gamma;27;rap;-1.3632336826230727;-0.1577778999795409;-0.015442772428656243;-0.0027145637560437165;1459;627;False
F05;alpha;1;bas;0.39683540345763685;-2.105909866116797;0.0031014883658649827;-0.021766113075312836;1564;640;False
F05;alpha;1;rap;0.19882279631359043;1.3421459304984311;0.002408933135587675;0.02481046869526295;1564;640;False
F05;alpha;3;bas;-1.0750646406583564;0.6558263135965334;-0.010680681524700355;0.01030017747051108;1562;640;False
F05;alpha;3;rap;-0.2973271517846928;0.9475715219151822;-0.0033921527623352577;0.016704146252069316;1562;640;False
F05;alpha;9;bas;-0.7205859944556847;0.2359915808372168;-0.008471197966105777;0.0044040418217357056;1557;638;False
F05;alpha;9;rap;1.4382116899739281;1.4745413323156018;0.01474229436567173;0.024089774955386438;1557;638;False
F05;alpha;27;bas;-0.5432519078427481;0.5027867510742616;-0.004636062157866906;0.006863464152036167;1540;630;False
F05;alpha;27;rap;0.7258045808015349;0.04417803562602428;0.007796016736869288;0.0007096659239698;1540;630;False
F05;beta;1;bas;1.4177559118253127;-0.07666145123090191;0.006997196300097516;-0.000510869710947482;1564;640;False
F05;beta;1;rap;0.2623973390418338;0.5736778831654671;0.0032911138216560895;0.011210974592412475;1564;640;False
F05;beta;3;bas;1.1563564972907785;0.6450085093088738;0.007557463270832781;0.0063182316424945165;1562;640;False
F05;beta;3;rap;-1.2082779853566665;-0.8706148501859378;-0.014842947014494718;-0.016693919814118857;1562;640;False
F05;beta;9;bas;1.4576292107477626;0.511638427781488;0.012468396513885583;0.006334400712071374;1557;638;False
F05;beta;9;rap;-0.35808008809832254;0.7420857232719674;-0.004222763377612227;0.01343697984009399;1557;638;False
F05;beta;27;bas;0.9974394217703527;0.8512567468250443;0.010631878710802279;0.014276623368617932;1540;630;False
F05;beta;27;rap;0.554872482977611;0.8906620154996668;0.006031617238320606;0.015153939483205597;1540;630;False
F05;delta;1;bas;0.6936629559956142;1.0892237766879387;0.002502021180675525;0.006319603169561469;1564;640;False
F05;delta;1;rap;0.6649138822239463;0.9901717205257003;0.00837529490008477;0.019478634507945097;1564;640;False
F05;delta;3;bas;0.8734169562233408;0.58413133476694;0.004564532670996086;0.00423205853516339;1562;640;False
F05;delta;3;rap;0.7301314056012995;-0.6180835601916076;0.009143606225935135;-0.012083266157114195;1562;640;False
F05;delta;9;bas;1.234365977477932;0.23234487693288383;0.008707928602189642;0.0022218149769433516;1557;638;False
F05;delta;9;rap;0.11174614773436213;2.246194330901387;0.001368915341553616;0.04261093345675978;1557;638;False
F05;delta;27;bas;2.2970098067299074;0.7205437271628318;0.0208036189396506;0.009448452024268014;1540;630;False
F05;delta;27;rap;-0.42778979019827373;0.9776572130026513;-0.005060404808401355;0.01795037315959355;1540;630;False
F05;epsilon;1;bas;-0.32089376064730984;0.4165830918735328;-0.0020062283177726477;0.003973633362692975;1564;640;False
F05;epsilon;1;rap;-1.3749715866494536;1.088568279812674;-0.0168389865117127;0.021147390838712615;1564;640;False
F05;epsilon;3;bas;0.7533566352389846;2.0486492173078923;0.006616692907055392;0.027280757085134565;1562;640;False
F05;epsilon;3;rap;-1.5230778805406189;0.8265145597467872;-0.018273028049051347;0.01561548834760843;1562;640;False
F05;epsilon;9;bas;0.3140334251239447;2.0734675902686357;0.0033583660923054196;0.03437918838665313;1557;638;False
F05;epsilon;9;rap;0.2683005480909343;1.2639418550804051;0.0029772386615288552;0.021912341578202883;1557;638;False
F05;epsilon;27;bas;0.12125204797899868;1.372273367522145;0.0013646092826489855;0.02413315637662459;1540;630;False
F05;epsilon;27;rap;0.4631743972810537;0.8515037841679867;0.004659792702279111;0.013388983152495731;1540;630;False
F05;gamma;1;bas;0.9002695689634443;0.8428560372204932;0.004863020719070153;0.006693899476515599;1564;640;False
F05;gamma;1;rap;-0.47223734353788444;-0.3519296543346782;-0.005859476242210614;-0.006818574297693924;1564;640;False
F05;gamma;3;bas;0.9983553657719546;0.026016357405011847;0.007229051392847169;0.00027014692034351383;1562;640;False
F05;gamma;3;rap;-1.47391808643316;-0.40786771306208863;-0.017992189278230077;-0.00762736086966135;1562;640;False
F05;gamma;9;bas;1.5001166365019607;1.517786307004499;0.013968064740341722;0.021701118908327894;1557;638;False
F05;gamma;9;rap;-0.4022754122965964;1.348523190634255;-0.004633520759658376;0.024658799667706063;1557;638;False
F05;gamma;27;bas;0.7714183917091847;1.0573584199962431;0.008660948530004549;0.018352141516383667;1540;630;False
F05;gamma;27;rap;0.7680152837427733;0.6284410453255029;0.008316472193607236;0.010684705802964017;1540;630;False
F06;alpha;1;bas;1.208606859627126;0.5883602173109445;0.008630293891370077;0.005938444384716858;1485;652;True
F06;alpha;1;rap;-0.5858518950444573;-0.0914668538939786;-0.007198158959661029;-0.0017047715432589388;1485;652;True
F06;alpha;3;bas;-0.3320044690530414;1.7318794095888148;-0.003151685272869526;0.02414389380070268;1483;652;True
F06;alpha;3;rap;0.3404151853193323;-0.7559031991360342;0.00375198724714362;-0.012789747412783051;1483;652;True
F06;alpha;9;bas;1.036349184099523;2.17042748456997;0.012436679721328715;0.03798585231475613;1477;649;True
F06;alpha;9;rap;0.28540306566333606;0.29705595979710103;0.0029209137366216858;0.0043995794204409215;1477;649;True
F06;alpha;27;bas;1.4481566889344157;1.7525186139945959;0.012753428748884372;0.023794987161075726;1447;644;True
F06;alpha;27;rap;0.5041264493948321;-0.8023687767546702;0.005303102692927762;-0.012527316825600213;1447;644;True
F06;beta;1;bas;0.9028787629897538;-0.5279064223057004;0.004381709228248036;-0.0035902445598850717;1485;652;False
F06;beta;1;rap;0.9155477013713076;-1.41731198275737;0.011646858424753489;-0.027473950453952338;1485;652;False
F06;beta;3;bas;-0.0878462095216596;-0.06945786449240557;-0.0005589933689562621;-0.0006766274118717853;1483;652;False
F06;beta;3;rap;1.0222881286498267;0.014028568984659972;0.01276056737003123;0.0002661883658357249;1483;652;False
F06;beta;9;bas;0.9818192632042058;1.645646239631193;0.008201295962141947;0.021660605781100673;1477;649;False
F06;beta;9;rap;-0.11038168456998987;1.6760932315091506;-0.0013425737763107899;0.03054547317115876;1477;649;False
F06;beta;27;bas;3.179916814558144;1.3917930087855241;0.035101360837295655;0.02363752729904677;1447;644;False
F06;beta;27;rap;1.1048162757162845;1.2130616036275055;0.012435532212726084;0.019780115895567614;1447;644;False
F06;delta;1;bas;0.9587317044112758;-0.7467953773638046;0.00367608008595678;-0.003764534818477105;1485;652;False
F06;delta;1;rap;0.29348748121836915;-0.24782292604249645;0.0037762386637143104;-0.004818182423737455;1485;652;False
F06;delta;3;bas;0.8269439653399987;-0.4943486891882778;0.004404875802515623;-0.003841955406525608;1483;652;False
F06;delta;3;rap;1.0377130260670064;-1.0766426826515088;0.013292747631636364;-0.020644786239587563;1483;652;False
F06;delta;9;bas;0.18220712403815162;-0.7061617100445362;0.0012717119827791847;-0.007152192891415213;1477;649;False
F06;delta;9;rap;-0.7613262966097915;0.7741564382909384;-0.009562168523905758;0.014328323422522018;1477;649;False
F06;delta;27;bas;0.6590055279213937;0.6702590370601405;0.005973347897551402;0.009328545395663485;1447;644;False
F06;delta;27;rap;0.4442771979974764;1.300348382648837;0.005354831555643297;0.023486217901192662;1447;644;False
F06;epsilon;1;bas;0.811775838572804;-1.570539776147249;0.005145487638800708;-0.013150465953689466;1485;652;False
F06;epsilon;1;rap;0.788704669439487;-0.8784651550613893;0.009898026022813639;-0.016737185163351067;1485;652;False
F06;epsilon;3;bas;-0.827129550369248;0.4226783460905025;-0.006840104142171671;0.0052656210686059315;1483;652;False
F06;epsilon;3;rap;0.768827297588259;0.6176821414883442;0.009213223088845656;0.011091113681403236;1483;652;False
F06;epsilon;9;bas;-0.39148295084446527;-0.7646892519797162;-0.004304883345729907;-0.012374371401301432;1477;649;False
F06;epsilon;9;rap;-1.5485919248776387;1.462381550038275;-0.017156104052476678;0.023440034195297776;1477;649;False
F06;epsilon;27;bas;0.3999239330127945;1.3252000975845895;0.004791842313780514;0.024356155148942592;1447;644;False
F06;epsilon;27;rap;-1.0837850621979528;-0.06551739607535659;-0.011090268168836221;-0.000969279952613075;1447;644;False
F06;gamma;1;bas;0.7249390361337436;1.6692772672942686;0.0037796868020917463;0.014096586545518035;1485;652;False
F06;gamma;1;rap;1.3939889758507622;-1.0502027229398216;0.01785131619228359;-0.02029283344193899;1485;652;False
F06;gamma;3;bas;0.20877629610139442;-0.09316491531209335;0.0014663777684629255;-0.000996694627857393;1483;652;False
F06;gamma;3;rap;1.7344871017395092;0.10678852487641934;0.021590560380016357;0.001969064441366331;1483;652;False
F06;gamma;9;bas;0.7472072750284076;1.216295188706853;0.0069764309300092255;0.017199464866121388;1477;649;False
F06;gamma;9;rap;-0.21017424576398086;0.8390318567679734;-0.002472334850072836;0.014554431849978386;1477;649;False
F06;gamma;27;bas;1.8449899883797338;0.4298028908792492;0.021371882495803646;0.007586748787443726;1447;644;False
F06;gamma;27;rap;0.25711808166693517;1.8453845020218638;0.002822769992234125;0.028773944681436733;1447;644;False
F07;alpha;1;bas;0.8574712578810034;1.5331552737770642;0.010059923093610269;0.031210881699867462;671;257;False
F07;alpha;1;rap;0.1700763796731249;-0.8466108259341932;0.003124570896632118;-0.025864175764336302;671;257;False
F07;alpha;3;bas;0.7822336667986213;1.60085550434808;0.011762312532293739;0.03992650011193977;671;257;False
F07;alpha;3;rap;-1.0136159474025181;-1.341715256068162;-0.01791637064796755;-0.03702910983214532;671;257;False
F07;alpha;9;bas;0.027408586358523133;0.3818581975233154;0.0004908507305848326;0.010910991250841133;671;256;False
F07;alpha;9;rap;-0.5602854656231573;0.4993406418921893;-0.008687965344400911;0.012701322713089151;671;256;False
F07;alpha;27;bas;0.7105587269693601;-0.3002022947606859;0.008950390234440192;-0.006607335235595728;656;251;False
F07;alpha;27;rap;-0.05441738892675451;0.3366064426507369;-0.0009029452905051367;0.009176640156033911;656;251;False
F07;beta;1;bas;0.17668274384799357;0.09330916368076102;0.001227686111766139;0.0010360899132666145;671;257;False
F07;beta;1;rap;0.666838202042696;0.6901253687405883;0.01287366814451332;0.02123683071244179;671;257;False
F07;beta;3;bas;0.06730083219176769;-0.65691799008523;0.0006463737736447096;-0.009736221663158951;671;257;False
F07;beta;3;rap;-0.9312361060981069;0.8936877639934114;-0.017689264042948124;0.02672640752799218;671;257;False
F07;beta;9;bas;0.5623070609272807;-1.0645320319636804;0.007257293913764896;-0.021410332078585816;671;256;False
F07;beta;9;rap;-0.8695028103552445;-1.3549506273960008;-0.016062978543670028;-0.04024410742981349;671;256;False
F07;beta;27;bas;-0.5949928706851629;-1.2425953648019532;-0.00959043909412632;-0.03247217824708224;656;251;False
F07;beta;27;rap;-0.1638555599545256;-0.45544458197385373;-0.0027292775681763463;-0.012866050470651855;656;251;False
F07;delta;1;bas;0.2721234565333731;-2.9306220083964947;0.0016627237917576938;-0.011333337791663371;671;257;False
F07;delta;1;rap;-1.236453168605217;0.03293839884627887;-0.023679045577804873;0.0010190543719289743;671;257;False
F07;delta;3;bas;-0.6883100006211614;-2.3106069091082606;-0.005814910344314287;-0.01751317205833691;671;257;False
F07;delta;3;rap;-1.572655573450116;0.49779342329281473;-0.02999309422357248;0.015223721124337139;671;257;False
F07;delta;9;bas;1.3337626770467583;-1.3601419034067859;0.015527867326518468;-0.01966813797900067;671;256;False
F07;delta;9;rap;0.0865287763888179;-2.0690754736188173;0.0016167041247730895;-0.0628917592217004;671;256;False
F07;delta;27;bas;1.1881358904846304;-1.0927289588516778;0.016471962830808512;-0.021660756598857446;656;251;False
F07;delta;27;rap;-0.908796439630841;-1.4958844152922333;-0.015996876681419563;-0.04510304877003307;656;251;False
F07;epsilon;1;bas;0.43432918376067475;-0.032498099942779204;0.00416156391068368;-0.0004737895023505022;671;257;False
F07;epsilon;1;rap;-0.914692398552919;0.33003042160076784;-0.016996191736049368;0.010085206997679712;671;257;False
F07;epsilon;3;bas;-0.28737160581330945;0.5260900096922634;-0.0037709098940432785;0.01018395196004874;671;257;False
F07;epsilon;3;rap;-1.2299367528789449;0.3363758284143169;-0.022109726974175594;0.009617317960698467;671;257;False
F07;epsilon;9;bas;1.2290768125501141;0.7434937174815247;0.0203719218551401;0.01909427175440711;671;256;False
F07;epsilon;9;rap;-1.3628582573034216;-0.05419556134810637;-0.022581859897855147;-0.0015749961414598364;671;256;False
F07;epsilon;27;bas;1.8663578566017702;-0.7652253596696377;0.031317205937492106;-0.021660842064130464;656;251;False
F07;epsilon;27;rap;1.6343925526445313;1.410721789061799;0.025153636957458373;0.03955516019813604;656;251;False
F07;gamma;1;bas;-1.444299624749284;-0.7011842191157016;-0.011564575439495873;-0.006828491989012297;671;257;False
F07;gamma;1;rap;0.7556997851654026;0.6623669754535989;0.014322642008850167;0.02014654748652334;671;257;False
F07;gamma;3;bas;-0.7494965548948187;-0.44392138967283895;-0.008586701182679162;-0.007060008946921221;671;257;False
F07;gamma;3;rap;-1.2016231332939313;1.6621267239273616;-0.022338869339080487;0.05006807070413582;671;257;False
F07;gamma;9;bas;0.06291521229206018;-1.0272955816042746;0.0009326685714859462;-0.02131651601221493;671;256;False
F07;gamma;9;rap;-2.0355411907532006;-1.0331555352537087;-0.03602788217993843;-0.0313820525417781;671;256;False
F07;gamma;27;bas;0.6407963888388899;-0.17255096564920064;0.011119258019022804;-0.00483228965680064;656;251;False
F07;gamma;27;rap;-0.16412251131953626;1.305479773380371;-0.0026270882752356386;0.03794717924767173;656;251;False
F08;alpha;1;bas;1.4454145368709157;0.25343523746764973;0.01076551533563586;0.0028850440165681837;1607;666;False
F08;alpha;1;rap;-0.18013351763206373;-0.19004772205376455;-0.002161238828051655;-0.0035779359276971786;1607;666;False
F08;alpha;3;bas;0.3204395966505944;-0.8510507318891689;0.003113440301686287;-0.012837292647342794;1602;666;False
F08;alpha;3;rap;0.3816865855016384;-0.4006933722465964;0.004375674282090132;-0.00710208914855426;1602;666;False
F08;alpha;9;bas;1.1196400410477505;-1.171607984818956;0.012972060157123754;-0.021561698193035453;1596;665;False
F08;alpha;9;rap;-0.47643722355467866;0.7734367638695977;-0.0049700809731515385;0.012644657714479146;1596;665;False
F08;alpha;27;bas;-0.6361088937765244;0.2829539234367396;-0.005477525337608184;0.0038111881432399716;1584;658;False
F08;alpha;27;rap;-0.9544235690649636;1.354645170447446;-0.01024324873313842;0.022463190769167408;1584;658;False
F08;beta;1;bas;-0.19161635284330186;-0.3424046675923438;-0.0008312252224713481;-0.002071072856009786;1607;666;False
F08;beta;1;rap;0.7142111973737685;-0.6068174278503865;0.00878895042991754;-0.01160404730891315;1607;666;False
F08;beta;3;bas;0.2718736369699857;0.3223802354999094;0.0017064426892497962;0.0029059138183217354;1602;666;False
F08;beta;3;rap;0.4108707403446588;0.16823510475113043;0.004948933277496668;0.0031806704488708108;1602;666;False
F08;beta;9;bas;-1.1462746741439829;0.387991776693527;-0.009299964635475977;0.004946867360356127;1596;665;False
F08;beta;9;rap;-0.25196365773574314;0.08245882698723828;-0.0029144101213656754;0.001503708745102361;1596;665;False
F08;beta;27;bas;-1.7000847701198447;0.12384314730951695;-0.01762534246526513;0.0020578484699581563;1584;658;False
F08;beta;27;rap;-1.397737811916788;-0.06433146362884923;-0.014913706704010696;-0.001042546641248836;1584;658;False
F08;delta;1;bas;-0.635089713379653;0.6979914669148896;-0.002083199099300155;0.003530353902713334;1607;666;False
F08;delta;1;rap;1.3451959851655215;-0.2068661823034066;0.016640191045157616;-0.003995170170594619;1607;666;False
F08;delta;3;bas;-1.1588960899365854;0.48521450354824525;-0.0053026612954924866;0.003091589125484208;1602;666;False
F08;delta;3;rap;1.0809213551634596;0.7002650281636018;0.013247004070907741;0.01336523464869102;1602;666;False
F08;delta;9;bas;-1.1520808243118967;0.5166898596395947;-0.007295293843924913;0.004848350807372666;1596;665;False
F08;delta;9;rap;-0.3066181784193254;1.1282729689486792;-0.0036987642843235575;0.020820346936016636;1596;665;False
F08;delta;27;bas;-0.0971709346539656;1.1943822528287347;-0.0008299893263394394;0.015904406161268127;1584;658;False
F08;delta;27;rap;-1.380225060681804;0.9918864682819407;-0.01605171721490584;0.017543985323833784;1584;658;False
F08;epsilon;1;bas;0.5491594391272836;0.10110113301969646;0.003178359971614651;0.0009731672909288754;1607;666;False
F08;epsilon;1;rap;-0.5806936025715261;0.8919455012530048;-0.0071272998116714845;0.01692770978894324;1607;666;False
F08;epsilon;3;bas;0.10948603547134231;0.10534008161127162;0.0008628122420430218;0.0013231634394704885;1602;666;False
F08;epsilon;3;rap;0.6033848290417301;-0.7691312021491411;0.007150080478421723;-0.014077916580289188;1602;666;False
F08;epsilon;9;bas;0.6161552280869425;-0.34961597812166;0.006425835639574302;-0.005616850469592036;1596;665;False
F08;epsilon;9;rap;-0.4306377886663828;-0.6482721211574057;-0.004778729624892248;-0.011150688578670343;1596;665;False
F08;epsilon;27;bas;0.052662264565760904;-0.4069898065533826;0.0005971742562082409;-0.007131978649974655;1584;658;False
F08;epsilon;27;rap;-0.9556803010388254;-1.365746724532876;-0.009823118047359549;-0.021626159048680583;1584;658;False
F08;gamma;1;bas;0.3711682631421019;1.1049805121439331;0.0018527182162265676;0.008788150287656482;1607;666;False
F08;gamma;1;rap;0.13500866010941295;-0.18854696887095845;0.0016562419746397395;-0.0036186238206422448;1607;666;False
F08;gamma;3;bas;1.1114193064185256;1.8455594743240984;0.007790521294106323;0.01939435532832983;1602;666;False
F08;gamma;3;rap;0.8483412184949176;0.4518685861649627;0.010227434308799317;0.008460084950842203;1602;666;False
F08;gamma;9;bas;0.3226991025935915;1.845784658553966;0.0028001033804166088;0.02576947176809727;1596;665;False
F08;gamma;9;rap;-0.3712567263398803;0.8932787074619019;-0.004243408079318107;0.015790947625457852;1596;665;False
F08;gamma;27;bas;-0.27661415324909494;1.9692044399582866;-0.0030828630825258164;0.03402608667922695;1584;658;False
F08;gamma;27;rap;-2.549934895957729;0.5637531963614973;-0.02678041432286213;0.009207161410009445;1584;658;False
F09;alpha;1;bas;0.11026823931866427;-0.6165418261114947;0.0008338963842439742;-0.007362513461304796;1483;621;False
F09;alpha;1;rap;2.1282653007145793;0.9971278735200239;0.02654391826913565;0.019107880194903185;1483;621;False
F09;alpha;3;bas;1.5532088792409249;-0.8456482556980733;0.016297817273578107;-0.013499957994039418;1480;621;False
F09;alpha;3;rap;0.05277031380461749;-0.6154731104297464;0.0006121314107265983;-0.010814873429827808;1480;621;False
F09;alpha;9;bas;0.9607717222175682;-0.432294076509123;0.011858786975476708;-0.008204059298388184;1472;617;False
F09;alpha;9;rap;1.945735244579733;0.17657385446794327;0.021274648282909658;0.002914086295584693;1472;617;False
F09;alpha;27;bas;0.9352482665183457;-0.7667741818956577;0.007997927506797781;-0.011135388459496857;1450;607;False
F09;alpha;27;rap;-0.804233376977725;-0.26466001654549837;-0.009011477942501905;-0.004597806748917032;1450;607;False
F09;beta;1;bas;-1.0040461552332476;0.1476736422346544;-0.004812614127984466;0.000953909630318115;1483;621;False
F09;beta;1;rap;1.0864085960057925;1.0111065725599935;0.0138752328658745;0.01982144612293742;1483;621;False
F09;beta;3;bas;0.16248888234837658;0.14193852793349493;0.0011236618932292865;0.0013047325142932686;1480;621;False
F09;beta;3;rap;1.9730692066197797;1.1688848456752146;0.02472486760123146;0.022689367239115014;1480;621;False
F09;beta;9;bas;0.7315106165934047;2.107735331620368;0.006445859197210671;0.028099114597522085;1472;617;False
F09;beta;9;rap;0.1333740730046951;2.160614562755834;0.0016403399948416357;0.040846844177514934;1472;617;False
F09;beta;27;bas;1.5783359894902622;1.433456055716183;0.017288323911830755;0.024181127772157456;1450;607;False
F09;beta;27;rap;-0.943856238686476;-0.13299620730785816;-0.010799018553383851;-0.0023937134863255137;1450;607;False
F09;delta;1;bas;-1.3277730606486806;-0.5082567703259785;-0.004281850623332613;-0.0027375056853850654;1483;621;False
F09;delta;1;rap;0.7093436354783067;0.9460894949902452;0.009133483092792816;0.018650573054802534;1483;621;False
F09;delta;3;bas;-0.44111842327664147;-0.2074108079038322;-0.002183235082170329;-0.0016678842657207977;1480;621;False
F09;delta;3;rap;-0.43349521668332425;0.49080995909606845;-0.005500800337647286;0.009660370044658343;1480;621;False
F09;delta;9;bas;-1.6388621677479578;0.9443578743205587;-0.011038722196970928;0.010471633511941974;1472;617;False
F09;delta;9;rap;-0.9987064023285364;0.5747457355138001;-0.012590252433990024;0.011128755745338573;1472;617;False
F09;delta;27;bas;-0.8571377821201359;0.16322177746071984;-0.00782483278092897;0.0022823918317227943;1450;607;False
F09;delta;27;rap;-1.1388700580400912;-1.163506781717446;-0.013816520678659168;-0.0211395041733576;1450;607;False
F09;epsilon;1;bas;-0.9328972927224313;-0.9240385418610739;-0.00570871723349994;-0.008861866810155666;1483;621;False
F09;epsilon;1;rap;0.8657304575525069;0.7548477795732486;0.01086874599942156;0.014531050433760278;1483;621;False
F09;epsilon;3;bas;0.3324357608352996;-0.3331113627175898;0.0029487749631895268;-0.004563171886892382;1480;621;False
F09;epsilon;3;rap;-1.055414993946798;-0.12565201602588438;-0.012705087673929742;-0.002331206285403688;1480;621;False
F09;epsilon;9;bas;-0.620511398485925;0.8663608991083056;-0.006931970531981448;0.01532920441846025;1472;617;False
F09;epsilon;9;rap;-0.6342632549288688;1.2426498868352436;-0.007194035653460582;0.02139185216292045;1472;617;False
F09;epsilon;27;bas;0.3325400702816474;0.6599023751338066;0.0038997013877570736;0.011845515047787405;1450;607;False
F09;epsilon;27;rap;-1.863456167116556;0.4052773722595322;-0.019721383081408625;0.0067610541674985305;1450;607;False
F09;gamma;1;bas;-0.3509589031357927;-0.5226485926101818;-0.001866542279468104;-0.003942250834842522;1483;621;False
F09;gamma;1;rap;0.09478405078975716;1.542568957523677;0.0012012898876512638;0.030052087440387655;1483;621;False
F09;gamma;3;bas;1.38664264141409;0.09377044810821002;0.01015951616285077;0.0010393299939398446;1480;621;False
F09;gamma;3;rap;0.542745468170519;1.0874064831810513;0.006754191971039102;0.020747034374061203;1480;621;False
F09;gamma;9;bas;-0.9097875025000559;1.4337323894899683;-0.008568311766365369;0.021578928265926063;1472;617;False
F09;gamma;9;rap;-1.428695842623719;1.2885258996954314;-0.017190741226513432;0.022978482386215193;1472;617;False
F09;gamma;27;bas;0.07811809190974621;0.5111067192842711;0.0009052099225487867;0.009139381332001737;1450;607;False
F09;gamma;27;rap;-1.6636423056117562;-0.19177069957763757;-0.01811170470457719;-0.003244978245766362;1450;607;False
F10;alpha;1;bas;0.32161103783670814;0.30520515139859206;0.0029984977592639;0.004372374296003867;765;348;False
F10;alpha;1;rap;0.6575867419156242;1.7863999482326423;0.011365547066722851;0.04426878016254923;765;348;False
F10;alpha;3;bas;0.5188146692557871;2.004088994007263;0.006924341126631807;0.04163315856710673;765;348;False
F10;alpha;3;rap;2.4620339165117047;-0.7909499176217346;0.03892761203999826;-0.0188168292715298;765;348;False
F10;alpha;9;bas;1.6115330314898269;2.4835753533554614;0.026716959308717727;0.06089479180595498;764;347;False
F10;alpha;9;rap;1.7083689135567552;0.3768836396986418;0.024388837964101524;0.007906123659603491;764;347;False
F10;alpha;27;bas;1.7380926644615995;0.9185260244229817;0.020953813018743953;0.017608000799130077;754;342;False
F10;alpha;27;rap;1.2074613065443733;0.36390160071869077;0.017851266216632234;0.007561923062110229;754;342;False
F10;beta;1;bas;-3.194177164902271;0.524963260175467;-0.01712817834226849;0.004880639577924847;765;348;False
F10;beta;1;rap;0.7391050727974696;0.4244536353612307;0.013109106890688569;0.011339113218342873;765;348;False
F10;beta;3;bas;-1.219607671890049;0.17959458312666696;-0.010825535655431751;0.002326335421396162;765;348;False
F10;beta;3;rap;0.7096470943794042;0.28942865990880956;0.012408189755238669;0.007522523644686443;765;348;False
F10;beta;9;bas;-0.5764956010045688;1.6431796730727577;-0.0067602243132150516;0.029484692552253475;764;347;False
F10;beta;9;rap;1.1006592838711593;0.560592579054039;0.018135949589722866;0.013943463639428347;764;347;False
F10;beta;27;bas;1.6036064902312228;2.437880511261615;0.024798473974384512;0.05788720161962662;754;342;False
F10;beta;27;rap;1.5620286185454773;0.6703077869048875;0.024127260224055463;0.015270923565056157;754;342;False
F10;delta;1;bas;0.1076406044357519;-0.9923260038294003;0.0005492354087675565;-0.007263318897281722;765;348;False
F10;delta;1;rap;0.5959182147428254;-0.037335948563157875;0.010727362033691946;-0.0009920897054671687;765;348;False
F10;delta;3;bas;0.38195037206384463;-0.032083422199471114;0.002791836136620591;-0.0003482892017785154;765;348;False
F10;delta;3;rap;-1.5904528478362543;0.11970852941786587;-0.02841302748701381;0.0031583862627103856;765;348;False
F10;delta;9;bas;-0.38932805644910257;0.2235155681616477;-0.0036704525581175;0.0032171694441002104;764;347;False
F10;delta;9;rap;0.24803408232212595;1.3343507911135353;0.004357270863739323;0.03427424953646684;764;347;False
F10;delta;27;bas;1.2780951442762687;0.44341172242448784;0.016168841391643537;0.008503428289163338;754;342;False
F10;delta;27;rap;1.1679602509331295;0.6591806816777759;0.0194157947610626;0.016113347696708354;754;342;False
F10;epsilon;1;bas;1.649573467224124;0.6665264752221347;0.014929401560674842;0.008842376921803645;765;348;False
F10;epsilon;1;rap;1.1051936441329027;0.48837129121471373;0.019315766547845996;0.012742708754176744;765;348;False
F10;epsilon;3;bas;0.6197177397614468;0.29899773646494626;0.0070194005550250375;0.005185296582127812;765;348;False
F10;epsilon;3;rap;0.9696042271715442;0.05388109560131896;0.016133079591458727;0.001311095299294202;765;348;False
F10;epsilon;9;bas;0.18430569378401795;0.29151366705926146;0.002722240215279615;0.0067907243970949625;764;347;False
F10;epsilon;9;rap;0.5346258303679818;-0.3050203269778014;0.008051246402424389;-0.006710405788417001;764;347;False
F10;epsilon;27;bas;1.140485544689993;2.37322202770414;0.01857516522268901;0.05824743361810779;754;342;False
F10;epsilon;27;rap;-0.20601065299188645;-0.14278036129173016;-0.0028893355009123813;-0.002894975561071149;754;342;False
F10;gamma;1;bas;-1.0318019133171679;-1.3041247214148664;-0.006993343881278327;-0.011891448838354413;765;348;False
F10;gamma;1;rap;0.013779006641437264;0.08440775549699263;0.00024118160677820782;0.002205000046855762;765;348;False
F10;gamma;3;bas;0.952850996468096;1.0168639172944225;0.009939869815881588;0.015023384736516496;765;348;False
F10;gamma;3;rap;0.06918058168344562;0.01960690731666061;0.001196569688001866;0.0005014366143585762;765;348;False
F10;gamma;9;bas;0.9512088635863972;1.0267145770102288;0.012640156591693598;0.019846815086669432;764;347;False
F10;gamma;9;rap;0.8083353323001444;0.31699425044090757;0.012870860806466215;0.007693899519698721;764;347;False
F10;gamma;27;bas;0.503450106661075;0.4986083188972682;0.008122308363870696;0.01201971011740371;754;342;False
F10;gamma;27;rap;1.2467974742274102;-0.13577513357757023;0.018568956914452123;-0.002842717656817021;754;342;False
F11;alpha;1;bas;-0.24292224809427734;1.0122412191333212;-0.0017863077516013855;0.011799475886796577;1502;623;False
F11;alpha;1;rap;-2.287202280600532;0.4987602556441014;-0.028215361761023364;0.009724237834164913;1502;623;False
F11;alpha;3;bas;-0.47210703035932544;2.9400818510165134;-0.0047942358294405;0.04842073467673121;1501;623;False
F11;alpha;3;rap;-1.3263147088215128;-0.2978351770077421;-0.01552995656369909;-0.0055016445630755445;1501;623;False
F11;alpha;9;bas;-0.414645075129427;2.2752141093069143;-0.005060687420913282;0.04228827591524581;1496;618;False
F11;alpha;9;rap;0.15056973478473862;-0.30333344193814743;0.001622787914987604;-0.005033531315423812;1496;618;False
F11;alpha;27;bas;0.9687223410819106;0.023997861614893496;0.008339110465297403;0.0003399763551254592;1471;612;False
F11;alpha;27;rap;-1.580984021553806;0.926055725213651;-0.01710027838392025;0.015652072876060928;1471;612;False
F11;beta;1;bas;-2.464603035772953;-1.3299483358917883;-0.010473516868042446;-0.008290645819168224;1502;623;False
F11;beta;1;rap;-0.1007368038251124;-0.23055796889370656;-0.0012875929900109716;-0.004570226416333022;1502;623;False
F11;beta;3;bas;-0.4823030933588412;0.8085718582310435;-0.003161841887285791;0.008316262104042136;1501;623;False
F11;beta;3;rap;0.4431838790152669;0.04571798879970592;0.005559698207518954;0.0008944168887524166;1501;623;False
F11;beta;9;bas;1.4198414716618775;1.0472544504777457;0.012603395478963096;0.01468625693700427;1496;618;False
F11;beta;9;rap;0.7502694998710224;1.0254416577045546;0.00905949276902906;0.019717599021895463;1496;618;False
F11;beta;27;bas;0.7691718336121142;0.6327588457826777;0.008507892606544063;0.010682379756531843;1471;612;False
F11;beta;27;rap;0.034742679273319255;-0.9443113222414788;0.00038624055774546265;-0.016914242927678073;1471;612;False
F11;delta;1;bas;0.017529015571032217;-0.9509612697276083;6.427320087155732e-05;-0.004779409445492334;1502;623;False
F11;delta;1;rap;1.1783636779089077;-0.0643851189761499;0.015134791749864493;-0.0012785548402269205;1502;623;False
F11;delta;3;bas;0.38660352869350767;-0.6139612055141974;0.002039057142969447;-0.004920083850438923;1501;623;False
F11;delta;3;rap;0.6401977691386642;-0.33646078939149393;0.008086045413132244;-0.0066043031037895305;1501;623;False
F11;delta;9;bas;-1.1204765564756214;0.7366136250008724;-0.007672033897867407;0.008121703272797548;1496;618;False
F11;delta;9;rap;1.4123004790938944;0.040018221175770675;0.017526358586878163;0.0007706749995405668;1496;618;False
F11;delta;27;bas;-0.16055535313551195;0.3891906980998877;-0.0014185853927464159;0.005478957517117767;1471;612;False
F11;delta;27;rap;-0.15393803296335054;-0.44795079656464853;-0.0018105859124949953;-0.008374813244151489;1471;612;False
F11;epsilon;1;bas;-0.24608407721851216;0.019531179403177515;-0.0015818140905533755;0.00018448656950338554;1502;623;False
F11;epsilon;1;rap;-0.9486165825119881;-0.5715709925127955;-0.011923987873461864;-0.011195666541591298;1502;623;False
F11;epsilon;3;bas;-0.01760143059032266;1.1981585438036533;-0.00015254239490697727;0.016200293365875775;1501;623;False
F11;epsilon;3;rap;-0.3438089793647465;-1.3329671915699475;-0.004149427426582658;-0.024921299140356224;1501;623;False
F11;epsilon;9;bas;-0.9373763269781266;1.175620807279157;-0.010112534495641715;0.02001729018242388;1496;618;False
F11;epsilon;9;rap;-0.8485661391115842;1.058108233764798;-0.00950874799899713;0.018994293969527804;1496;618;False
F11;epsilon;27;bas;1.1592334711870855;-0.8488431682552727;0.013420314710290778;-0.015605481962284147;1471;612;False
F11;epsilon;27;rap;-0.9181555973109055;0.08274437964957083;-0.009565443576846964;0.0013886859181342446;1471;612;False
F11;gamma;1;bas;1.2977551112306198;-1.2689437157712185;0.0071602883941011075;-0.009233595674883853;1502;623;True
F11;gamma;1;rap;-1.0876032407162226;-1.498980250082238;-0.013882031913767419;-0.029365532861023714;1502;623;True
F11;gamma;3;bas;1.8125634401553699;1.2766254594325859;0.013664423846574267;0.014961496765643135;1501;623;True
F11;gamma;3;rap;-0.8376257149305203;-0.7832154882661359;-0.010489881803583175;-0.014950847322572874;1501;623;True
F11;gamma;9;bas;-0.4969959648468848;1.8764905214214047;-0.004569053473938489;0.028125508565638547;1496;618;True
F11;gamma;9;rap;-1.41046824404693;0.6324887246315885;-0.016348486596318566;0.011334891547536407;1496;618;True
F11;gamma;27;bas;0.8481813643623471;-0.23942114882484483;0.009713690788200531;-0.0042211167420223026;1471;612;True
F11;gamma;27;rap;-0.19324446367606915;-0.9124614282027855;-0.0020666904392960452;-0.01481352997549853;1471;612;True
F12;alpha;1;bas;1.137098299695195;1.5660935438789951;0.012259931545995018;0.024835242963020754;775;350;False
F12;alpha;1;rap;-0.5782470576295721;-0.5931095781969513;-0.00987005902480562;-0.01511126808714304;775;350;False
F12;alpha;3;bas;1.6041894838710897;0.986687605001824;0.023154387621892612;0.021096239895742674;774;350;False
F12;alpha;3;rap;-1.4453627204355566;-0.3047006736865508;-0.023732423034130132;-0.007632859764906743;774;350;False
F12;alpha;9;bas;1.5507316217601481;1.51623992319234;0.026057799697306944;0.0391502102070493;773;345;False
F12;alpha;9;rap;-0.052248622758528755;-2.869003885833214;-0.0007826631337314892;-0.06352653764311564;773;345;False
F12;alpha;27;bas;1.5598807630802645;-0.6372750494911306;0.017860752484977708;-0.012874287204891652;762;341;False
F12;alpha;27;rap;-1.1176424952044914;0.7754975522114474;-0.017241348597350437;0.019115700314958475;762;341;False
F12;beta;1;bas;0.7946786415958098;0.47231966663159053;0.005394943938939934;0.00392331576791984;775;350;False
F12;beta;1;rap;1.604354565457035;0.08743660866878615;0.028055238901126038;0.002319896167742754;775;350;False
F12;beta;3;bas;0.4001914822221804;0.34222608125045234;0.0036901496906473737;0.004011970354147835;774;350;False
F12;beta;3;rap;-0.8099099713596503;-0.28857398072242185;-0.014180629978013152;-0.007562421133368493;774;350;False
F12;beta;9;bas;1.607221577220457;0.6229001869098727;0.019645166414010314;0.010846502234346977;773;345;False
F12;beta;9;rap;-0.31331071113555625;-0.32458477606772923;-0.005178369632355955;-0.008338731568766179;773;345;False
F12;beta;27;bas;0.4333139563312536;-0.41674419186705236;0.006673940935994628;-0.009125152427252347;762;341;False
F12;beta;27;rap;-0.46784469009363877;0.12788423731961346;-0.007379182850681605;0.003080968028294394;762;341;False
F12;delta;1;bas;1.565926809054003;-0.6815485124797394;0.00888255093750042;-0.004153433646720139;775;350;False
F12;delta;1;rap;1.2357082430336281;-0.27293748532705847;0.021919556306534672;-0.007248316625179422;775;350;False
F12;delta;3;bas;0.9855042211522118;-1.5072565684022914;0.0071362984266716;-0.013311140108922058;774;350;False
F12;delta;3;rap;-0.5936215295073197;-0.2551330783166485;-0.01056627155560931;-0.006672295998864113;774;350;False
F12;delta;9;bas;0.5985618298326187;-1.2825321780059953;0.005800712697198423;-0.016486463283994418;773;345;False
F12;delta;9;rap;-0.10089288187357578;-1.0007174761883677;-0.0017459332651490998;-0.0263355721486;773;345;False
F12;delta;27;bas;0.22715960474394334;-2.72088596990759;0.0027540490609710747;-0.04330473006820049;762;341;False
F12;delta;27;rap;0.25572253983991466;-0.03172823758221724;0.004228544903487806;-0.0007779125001088343;762;341;False
F12;epsilon;1;bas;0.6425810570353206;1.971476992471634;0.005616984655047866;0.028907439769852692;775;350;False
F12;epsilon;1;rap;-0.11680783817090135;0.2332746769444386;-0.0020501062402536376;0.006092606472198636;775;350;False
F12;epsilon;3;bas;-0.5203236732656185;1.0776370673312825;-0.0062439213587643545;0.018579005145054964;774;350;False
F12;epsilon;3;rap;-0.9746084335709523;0.35215707711740896;-0.016476988766233363;0.008997526614357324;774;350;False
F12;epsilon;9;bas;-0.1945837498137399;1.6459489008920944;-0.002998710671258717;0.03717658087071707;773;345;False
F12;epsilon;9;rap;0.6210412990970507;-0.9804364462298931;0.009777165233519387;-0.023790526509700517;773;345;False
F12;epsilon;27;bas;0.8912544176887327;-0.38381096813875204;0.014304985154920728;-0.009319789266860614;762;341;False
F12;epsilon;27;rap;-0.5971680078593037;-0.3314042001974625;-0.008735271261703568;-0.0073255608032837816;762;341;False
F12;gamma;1;bas;-0.2594215740441539;0.8645774740313433;-0.0019763608213888436;0.009635924288264472;775;350;False
F12;gamma;1;rap;-0.4590026691779532;0.6547731912919165;-0.007973517425911188;0.017094041105404828;775;350;False
F12;gamma;3;bas;-0.3691293244565306;0.1881682403734402;-0.003857414437031359;0.0027364661655680574;774;350;False
F12;gamma;3;rap;-1.461480767047409;-0.8784142919404777;-0.025241993733953947;-0.02247260080728767;774;350;False
F12;gamma;9;bas;-0.8257790103964578;0.9607695911217754;-0.010743528050571735;0.019151154387308824;773;345;False
F12;gamma;9;rap;-0.23278808438933776;-0.2146959153483131;-0.0036844621493134903;-0.005242182787099756;773;345;False
F12;gamma;27;bas;-0.25672884394323264;-0.21715188863024573;-0.004196161105183749;-0.005097809359716561;762;341;False
F12;gamma;27;rap;0.8077882343748316;-0.10093430555709462;0.011871882148612423;-0.002183342384489872;762;341;False
F13;alpha;1;bas;-0.2514480044738676;1.232685759365204;-0.0018624047460630894;0.014199461815397474;1541;680;False
F13;alpha;1;rap;-1.4708883119830933;-0.12215202333914689;-0.01801713665207078;-0.002241100682546423;1541;680;False
F13;alpha;3;bas;1.1934049564328042;3.3272399503078143;0.012383211079077626;0.0528323394488776;1538;679;False
F13;alpha;3;rap;-1.130891331384499;-0.5457869945957899;-0.013118962707446698;-0.009547789126879272;1538;679;False
F13;alpha;9;bas;0.9489292859486006;2.6882945978465735;0.0114639292377607;0.04709587622979182;1536;678;False
F13;alpha;9;rap;0.7804681174032209;0.1779633968034816;0.008437292649039153;0.0029180667346740173;1536;678;False
F13;alpha;27;bas;0.4311335840056784;0.7377994856378811;0.003666418906572713;0.009722797709856448;1521;668;False
F13;alpha;27;rap;-0.2293605551464115;0.9680010374849402;-0.0025290858738544787;0.015766369328817895;1521;668;False
F13;beta;1;bas;-0.22102106449160158;-1.2338118521788548;-0.0010481415853967782;-0.007638954647705667;1541;680;False
F13;beta;1;rap;-0.8211885527052264;-0.6415589223247677;-0.010295308094645673;-0.012185050307647287;1541;680;False
F13;beta;3;bas;-1.0897570803964058;-1.5057923774934292;-0.006880353584393637;-0.013317227485823356;1538;679;False
F13;beta;3;rap;-0.5744439147158588;-2.081031903548978;-0.007129882106317607;-0.03905582090196136;1538;679;False
F13;beta;9;bas;-0.7044584812868844;-0.05307966861005416;-0.0059785490818137195;-0.0006487090475095366;1536;678;False
F13;beta;9;rap;0.167667596561878;-1.2686572425550666;0.001979163866230489;-0.022764975278478213;1536;678;False
F13;beta;27;bas;-0.05447148003239617;0.353297760260265;-0.0006055767381585713;0.005836748644662799;1521;668;False
F13;beta;27;rap;0.23048807375095512;-0.6060264998030231;0.0025681456492558465;-0.010097426034909004;1521;668;False
F13;delta;1;bas;-1.1691802936471;0.027004920353161058;-0.003984962387258864;0.00014978974648713176;1541;680;False
F13;delta;1;rap;-0.5140063598165966;-0.3287423193803269;-0.006523229657906078;-0.0062621701333680484;1541;680;False
F13;delta;3;bas;-0.22636602584871635;0.4337018094270948;-0.0011602109430514267;0.0033713455366170134;1538;679;False
F13;delta;3;rap;0.14534011732404636;-0.8444118150795518;0.0018217985362615418;-0.016145884517170053;1538;679;False
F13;delta;9;bas;0.6468719534368728;-0.3897418191721681;0.004500562059614559;-0.003847852423906253;1536;678;False
F13;delta;9;rap;0.6256507898489182;0.09110019954384899;0.0076929516432725055;0.0017069781916537736;1536;678;False
F13;delta;27;bas;0.9542460891829987;0.6291819214639107;0.008468139823659616;0.008288693758217822;1521;668;False
F13;delta;27;rap;0.4062954244688336;0.8579270773609081;0.0048192773754650005;0.015061781971392402;1521;668;False
F13;epsilon;1;bas;0.5045453469789808;-0.44410639128685675;0.003103368146222759;-0.003980952143703001;1541;680;False
F13;epsilon;1;rap;-0.7207680196792161;-0.39936403385125707;-0.008968110013714007;-0.00748304117468662;1541;680;False
F13;epsilon;3;bas;0.5543864692924414;0.9853060511416406;0.004711287255722363;0.012892375044939836;1538;679;False
F13;epsilon;3;rap;-1.0198500996727338;0.6790872539316213;-0.012070748939989797;0.012365563344534643;1538;679;False
F13;epsilon;9;bas;0.8307852635217654;2.4496039757536185;0.00908203212512007;0.040501158077093875;1536;678;False
F13;epsilon;9;rap;0.5476333478883934;-0.5217589048450342;0.00601809554185499;-0.00878811318043805;1536;678;False
F13;epsilon;27;bas;0.9852507659653004;2.2365134349375735;0.011176925164843848;0.03831479976255776;1521;668;False
F13;epsilon;27;rap;-1.0787600590824042;1.4614011823709157;-0.01135518510654444;0.022202357416031396;1521;668;False
F13;gamma;1;bas;2.168318729789723;-0.9689412691684516;0.012113916106684091;-0.006331339387003915;1541;680;False
F13;gamma;1;rap;0.12015339330236376;0.2062983552296073;0.0015111324148555224;0.003914795230231767;1541;680;False
F13;gamma;3;bas;1.942487245551801;-0.0880639291675269;0.014282227543905785;-0.0008636682403315161;1538;679;False
F13;gamma;3;rap;-0.3686187878096815;-1.1971989821790605;-0.004592161864859287;-0.022508134868263356;1538;679;False
F13;gamma;9;bas;1.159416044378972;0.07609069735901264;0.010633001142705425;0.0010607158333463514;1536;678;False
F13;gamma;9;rap;0.114183021546059;-0.9019264347537121;0.0013238267764795742;-0.01581236115071093;1536;678;False
F13;gamma;27;bas;0.25712229902890965;0.03207490339267226;0.0029209995962808533;0.0005532981707703408;1521;668;False
F13;gamma;27;rap;-0.2183805678961302;-0.8202795982463307;-0.0023774748495111247;-0.013543429380923585;1521;668;False
F14;alpha;1;bas;1.0450091830751032;1.5835126506908423;0.0078070534904935715;0.018292507799989564;1632;642;False
F14;alpha;1;rap;-0.8737557074479715;0.45067457696118013;-0.010349672921937081;0.008393431391669212;1632;642;False
F14;alpha;3;bas;1.2630651071635852;1.0004373641327495;0.012732022062394918;0.01581681576903216;1630;639;False
F14;alpha;3;rap;-2.7885190419459205;0.426780776883206;-0.031369864937164885;0.007631394071360482;1630;639;False
F14;alpha;9;bas;2.1610057394410025;1.7946196851301568;0.02543862524220991;0.03299912753123241;1621;636;False
F14;alpha;9;rap;-3.2829982337880055;-0.8081358245262079;-0.03340724565296953;-0.013423009932193895;1621;636;False
F14;alpha;27;bas;1.3397245054852407;0.019130994087059584;0.01082150200969846;0.0002709531819488357;1601;616;False
F14;alpha;27;rap;-0.8391901007445426;-0.36062061509615706;-0.008876258114801201;-0.006305337669497893;1601;616;False
F14;beta;1;bas;0.8103312065602012;0.9879389001960595;0.0036408844705589343;0.0071685622876778874;1632;642;False
F14;beta;1;rap;-0.5823430486777708;0.6674042275858151;-0.007115762469796183;0.012995517616811315;1632;642;False
F14;beta;3;bas;0.2983302160593709;0.4258205513138269;0.001831323739366566;0.003943653369110772;1630;639;False
F14;beta;3;rap;-3.1099917899960645;0.229803460405276;-0.03733811473882947;0.004356224075419224;1630;639;False
F14;beta;9;bas;0.4233023111293498;-1.2970081305350118;0.003441550027939648;-0.01554081482681188;1621;636;False
F14;beta;9;rap;-1.9243147160869338;1.0855853051274145;-0.022197353926150677;0.020151174638419624;1621;636;False
F14;beta;27;bas;-0.5815766996654083;0.8875002261245036;-0.0060115992136827905;0.01507555640233709;1601;616;False
F14;beta;27;rap;-1.3484522622288493;-1.3828190868351053;-0.014337566391353956;-0.02391100982156734;1601;616;False
F14;delta;1;bas;1.1612005931611078;0.7038792258041027;0.004026716564935871;0.004014987970586114;1632;642;False
F14;delta;1;rap;-2.4292820672815703;0.1290947081258395;-0.03004045350193703;0.002513268543020134;1632;642;False
F14;delta;3;bas;0.1883575048355308;-0.29611042486892714;0.0008526607612170674;-0.0022841518935859035;1630;639;False
F14;delta;3;rap;-2.9250528347340925;1.006716904100394;-0.03597230083055745;0.01944006262623784;1630;639;False
F14;delta;9;bas;0.9119218491432574;-0.5483401811394568;0.005638684680489729;-0.005414872739433279;1621;636;False
F14;delta;9;rap;-0.49853477957699216;1.3635354159253656;-0.006005864948433948;0.025685407568390717;1621;636;False
F14;delta;27;bas;1.2741661800936805;-0.5798119229481737;0.010671658740150629;-0.008051339679679054;1601;616;False
F14;delta;27;rap;-1.189635598709206;-0.11128526096961522;-0.01390779996557675;-0.0020709173885149522;1601;616;False
F14;epsilon;1;bas;1.7089059045695312;1.4553408407840247;0.010421256078289712;0.01405471719012831;1632;642;False
F14;epsilon;1;rap;0.3262819285871344;0.5458347937569502;0.003936003951664108;0.010371486201695116;1632;642;False
F14;epsilon;3;bas;1.2370445223360418;0.5224364166970286;0.010183382779883923;0.006749860633128874;1630;639;False
F14;epsilon;3;rap;-1.6976463070014207;0.3117614902688731;-0.019739328938014177;0.0056655995950456;1630;639;False
F14;epsilon;9;bas;0.9727693788684791;1.1298611567425665;0.010404706357066362;0.018863097507909;1621;636;False
F14;epsilon;9;rap;-2.9841728480943326;-1.083254858159494;-0.031882286498585516;-0.01859978625193249;1621;636;False
F14;epsilon;27;bas;0.4061600454534043;0.19587018365175995;0.00457591275830834;0.0035720420783203295;1601;616;False
F14;epsilon;27;rap;-1.2465058635182538;-0.29070995376766195;-0.012614372230837344;-0.0047705771694249895;1601;616;False
F14;gamma;1;bas;0.046274762425292215;0.43760358242331737;0.00023508395772535223;0.0030499733404438394;1632;642;False
F14;gamma;1;rap;1.3279758750787558;-0.22021557684393192;0.016194305430840862;-0.004276457400648191;1632;642;False
F14;gamma;3;bas;0.3313602695988448;-0.3817142528975772;0.0023148212745662446;-0.0035721485092501753;1630;639;False
F14;gamma;3;rap;-0.469892249765899;0.7800678881791421;-0.005643456741053963;0.014798551481771813;1630;639;False
F14;gamma;9;bas;1.3619058955140868;-0.0699549846413852;0.01250618928900508;-0.0009560654224019601;1621;636;False
F14;gamma;9;rap;-1.181289551258252;-0.015417151061833794;-0.013453919036776318;-0.0002865586616847915;1621;636;False
F14;gamma;27;bas;-0.27408797347530456;0.3793691902609841;-0.003004579393081539;0.006892189493724986;1601;616;False
F14;gamma;27;rap;-0.3268854350338984;0.12200260710540169;-0.0033379195963550877;0.0020939266371466764;1601;616;False
F15;alpha;1;bas;0.47514020231471776;0.46186634161948803;0.00358162544812257;0.005175728321400004;1309;578;False
F15;alpha;1;rap;0.3320441987629644;-1.101654217350804;0.004322375493802045;-0.021646146571760897;1309;578;False
F15;alpha;3;bas;0.1700454872912205;0.09480822770947002;0.001762994369502259;0.0014542360476683153;1307;576;False
F15;alpha;3;rap;-0.986732894001665;-1.3045251373241;-0.012232002856865334;-0.02325267034169657;1307;576;False
F15;alpha;9;bas;0.471573854213558;-0.6196428486345147;0.0061972403837081145;-0.011733178465213247;1297;574;False
F15;alpha;9;rap;-1.2015602382607127;-0.715173344798615;-0.013325727643536137;-0.011464161216054364;1297;574;False
F15;alpha;27;bas;-1.945408104082166;1.5364981820274146;-0.020000543267733473;0.022580187807716333;1279;566;False
F15;alpha;27;rap;0.9093248710011749;-1.1090290485280216;0.010666285899933887;-0.019025769675329977;1279;566;False
F15;beta;1;bas;0.20199742888889316;-0.3739859878082068;0.0009970969102391714;-0.002573389774107315;1309;578;False
F15;beta;1;rap;1.0838366112186728;0.18405718799249282;0.014752578586204577;0.0037561916502109557;1309;578;False
F15;beta;3;bas;-0.1940994415522597;-0.4449003045958565;-0.0012912427884669607;-0.004269751157562356;1307;576;False
F15;beta;3;rap;-1.2521066749496903;-0.2557718308929235;-0.01700044870877566;-0.005194224956223511;1307;576;False
F15;beta;9;bas;0.022417948117877957;-0.39867315964690075;0.0001930869915697962;-0.0051597725776884006;1297;574;False
F15;beta;9;rap;-1.7210418541772825;-0.5475776985268883;-0.022424492924579834;-0.010737454592467366;1297;574;False
F15;beta;27;bas;-0.8457451504727176;-1.1832866391246133;-0.009432889082871059;-0.019771642109609765;1279;566;False
F15;beta;27;rap;-0.07642005809594404;0.9985531923148278;-0.0008933433687613206;0.017929779016468344;1279;566;False
F15;delta;1;bas;0.3058583960172952;1.450853769747568;0.0012549966051036857;0.00799149575431251;1309;578;False
F15;delta;1;rap;-0.4618182376251531;0.22617020297922566;-0.006348126477440725;0.004678817458925586;1309;578;False
F15;delta;3;bas;2.967937898827981;0.39478331787866733;0.01841253319574694;0.0027825859831207105;1307;576;False
F15;delta;3;rap;-1.6234689857610547;-0.560266243068719;-0.022201942921257985;-0.011539531001660996;1307;576;False
F15;delta;9;bas;1.624715860865337;-0.3604765591296048;0.012465265868124246;-0.0035139350151631977;1297;574;False
F15;delta;9;rap;-0.9922256850811763;-1.3220541157573058;-0.013229942477215494;-0.02707455775551521;1297;574;False
F15;delta;27;bas;-0.03239936885605007;-0.7255172199340594;-0.00029756599217146225;-0.009763922248084634;1279;566;False
F15;delta;27;rap;-0.16432692310119015;-0.45796868438325483;-0.002086337750470105;-0.009119137823157136;1279;566;False
F15;epsilon;1;bas;0.6620092400767059;-1.1349443952511775;0.004314746100428438;-0.010596700108446556;1309;578;False
F15;epsilon;1;rap;0.2838914176116413;-0.523756143766182;0.00376162607833514;-0.010702191723522193;1309;578;False
F15;epsilon;3;bas;0.09281673988093964;0.24421204586665565;0.0008238513413439767;0.003234530273874269;1307;576;False
F15;epsilon;3;rap;-0.33840042158645484;-0.6188641027442876;-0.004435914699805491;-0.01183719878809057;1307;576;False
F15;epsilon;9;bas;0.6633139304004275;-0.6346806920467111;0.007675233618941375;-0.010218856216141697;1297;574;False
F15;epsilon;9;rap;-0.8651184277627808;-0.8901683037526095;-0.010209949597208856;-0.015796185043488252;1297;574;False
F15;epsilon;27;bas;-0.203980777612183;0.8968884616059744;-0.002578351624193921;0.016894140424998465;1279;566;False
F15;epsilon;27;rap;0.041804845182134454;0.08079061765954566;0.0004653545474195028;0.0013654888846009754;1279;566;False
F15;gamma;1;bas;0.02502093815797019;-0.9809450353423518;0.0001407531049076397;-0.006872783881966172;1309;578;False
F15;gamma;1;rap;1.0294237539150475;0.15138776876769494;0.013888071899844295;0.003061773857069471;1309;578;False
F15;gamma;3;bas;0.5525511489601322;-0.8937719006118378;0.004344563815624712;-0.009816415789839647;1307;576;False
F15;gamma;3;rap;-1.1379209559195858;-1.1098979872920842;-0.015218378972519564;-0.022168470763462178;1307;576;False
F15;gamma;9;bas;-0.3289239198600722;-1.9243157362780845;-0.0033509051413646795;-0.027078718315180664;1297;574;False
F15;gamma;9;rap;-0.7288314719655075;-1.8520122802649834;-0.009015271702271238;-0.035633417093098814;1297;574;False
F15;gamma;27;bas;-0.9285639822497936;-0.8506435129337935;-0.011688925870774032;-0.015828184850827758;1279;566;False
F15;gamma;27;rap;-0.0708152995672317;1.559860629800734;-0.0007926519449979442;0.027600530154688913;1279;566;False
F16;alpha;1;bas;-0.5768701902907272;-0.6858821509744054;-0.004953287179179601;-0.008268482542024837;667;337;False
F16;alpha;1;rap;0.9516511939537734;-0.6256782003390338;0.017068237020842657;-0.015291150775920578;667;337;False
F16;alpha;3;bas;-1.2386515601652663;-0.38516211847964493;-0.01499298275969393;-0.006657260587896798;665;337;False
F16;alpha;3;rap;1.8209643393498673;-0.07505525446271477;0.028584982744726047;-0.001698442448217618;665;337;False
F16;alpha;9;bas;-1.1959408794886905;-0.6769959119381675;-0.020567830954393816;-0.016036087091257742;663;336;False
F16;alpha;9;rap;0.3256702302805756;1.2321696857365818;0.0045519269473049484;0.022663844442352973;663;336;False
F16;alpha;27;bas;-0.8997553311397158;-1.3147980926735234;-0.013487960416916035;-0.029291215734328954;649;335;False
F16;alpha;27;rap;1.20561353134607;-0.6002087613204173;0.017107021675745977;-0.01188623508997666;649;335;False
F16;beta;1;bas;1.092475878588687;-0.5059732222627661;0.008095473979432367;-0.0043976889949944005;667;337;False
F16;beta;1;rap;1.0722061495764497;2.2022648963337597;0.020412524671159518;0.05836460488902823;667;337;False
F16;beta;3;bas;-1.1885034074650436;0.5494114232234772;-0.01053624655287886;0.007315087585347424;665;337;False
F16;beta;3;rap;1.3995642073291323;1.2846005594377534;0.02602235361050466;0.03332131266450396;665;337;False
F16;beta;9;bas;-0.48706759247959697;0.4365459921999325;-0.005875077520549126;0.007798429140850506;663;336;False
F16;beta;9;rap;1.6417104323322447;0.14872157575396816;0.02952550919555364;0.003732238985473014;663;336;False
F16;beta;27;bas;0.341086734648674;-0.4317009750269404;0.0056425672651592524;-0.009568986499701981;649;335;False
F16;beta;27;rap;1.3772171129192767;-0.6110660471654894;0.022592107277131086;-0.013728925948898529;649;335;False
F16;delta;1;bas;-0.5888947073208045;0.29935469729057845;-0.003385026710009636;0.0023917250462255606;667;337;False
F16;delta;1;rap;1.933200614944678;1.727993045881989;0.03721278730700207;0.045971609324364955;667;337;False
F16;delta;3;bas;-1.557990882036045;-0.09409268162833459;-0.012352096875183573;-0.000991924902099924;665;337;False
F16;delta;3;rap;1.228215566176497;1.0410765496587027;0.0232235937889577;0.027389721296473938;665;337;False
F16;delta;9;bas;0.32999691148291344;-0.7847163883339063;0.0037974714009388548;-0.011127431827628098;663;336;False
F16;delta;9;rap;1.3429587613670164;-1.0578510311676934;0.024738178391859864;-0.02751693402682393;663;336;False
F16;delta;27;bas;-0.012448632263350311;-0.21091653909125746;-0.00017387723620755326;-0.003963043215323179;649;335;False
F16;delta;27;rap;1.5931128507052994;-1.46664951899509;0.02884246071728322;-0.03659018224061993;649;335;False
F16;epsilon;1;bas;-1.8921073294742528;0.6297255164241612;-0.01580597530364522;0.007558828262203947;667;337;False
F16;epsilon;1;rap;0.45783347463351676;1.0814953486270156;0.008474097093627567;0.028185516090611634;667;337;False
F16;epsilon;3;bas;-2.444119670707599;-0.23513560611233245;-0.028048991081064997;-0.003811545242599871;665;337;False
F16;epsilon;3;rap;1.14795450940793;0.2716682551790715;0.0197266462451646;0.006347614992317579;665;337;False
F16;epsilon;9;bas;-1.8269980216668678;-1.655757799268536;-0.02916370998570781;-0.03421032832954466;663;336;False
F16;epsilon;9;rap;0.8388323389146711;-0.7359470327983755;0.013422585552758793;-0.01625120525567548;663;336;False
F16;epsilon;27;bas;-2.4746881353846466;-0.5695064062411305;-0.04509893970504545;-0.01432332877299308;649;335;False
F16;epsilon;27;rap;2.46297533038134;-0.6569771100658;0.03473129012443666;-0.012268395628778954;649;335;False
F16;gamma;1;bas;0.5009111348758392;-0.9830400099656894;0.003797171317482283;-0.009634373425892245;667;337;False
F16;gamma;1;rap;0.860457689420223;0.90978201507366;0.016336102332822792;0.02398981090852305;667;337;False
F16;gamma;3;bas;-0.5418409633308585;-1.3536645116430839;-0.005499455567911773;-0.018611332082823968;665;337;False
F16;gamma;3;rap;0.07519339064889048;0.6271089813759352;0.0013683288619880743;0.016153584727618124;665;337;False
F16;gamma;9;bas;-0.44542802871471976;-0.9028662956093149;-0.006083749535829466;-0.017106112127035358;663;336;False
F16;gamma;9;rap;0.7639796630202835;-0.12522471039818325;0.013202432330423274;-0.0030701935859738985;663;336;False
F16;gamma;27;bas;-0.4096436538421759;-2.0851035346494977;-0.007038180674504962;-0.0488228818550122;649;335;False
F16;gamma;27;rap;1.841990240744705;-0.8423522534728416;0.0282450170217055;-0.017711415989651525;649;335;False
F17;alpha;1;bas;0.398742142091311;0.013676027562030214;0.002905414797774983;0.00015448207892690936;1373;589;False
F17;alpha;1;rap;0.9401770353132861;-0.7917004772971733;0.011916559337846605;-0.015240759716401332;1373;589;False
F17;alpha;3;bas;-0.4709995081061436;-0.027463855850379214;-0.004736513485083824;-0.000411391944890897;1371;588;False
F17;alpha;3;rap;-0.04815705495373447;-0.17814225469407344;-0.0005576365108126048;-0.0032722448026192875;1371;588;False
F17;alpha;9;bas;-0.654567813152553;-0.7154920755299201;-0.008189452996794072;-0.013072877955996659;1362;587;False
F17;alpha;9;rap;1.3053292978493072;0.6158894687499674;0.013606626400481476;0.009826625389126929;1362;587;False
F17;alpha;27;bas;-1.7276482053220639;0.9693646759200384;-0.01714045678976984;0.01422506954128999;1345;579;False
F17;alpha;27;rap;0.15628660022796811;-1.8358974623196718;0.0017347356462485552;-0.0304959794110131;1345;579;False
F17;beta;1;bas;1.3544025996910227;0.29279558757804924;0.007045812504878281;0.0019629451526239124;1373;589;False
F17;beta;1;rap;-1.3481358855459322;-0.3911115771385294;-0.0180322525683582;-0.00803276056587566;1373;589;False
F17;beta;3;bas;-1.2694113944447092;0.2969138637574775;-0.008116926162175287;0.002805728980620317;1371;588;False
F17;beta;3;rap;-0.8692964746373105;-0.11926688645875302;-0.011455000977282869;-0.002434228409980975;1371;588;False
F17;beta;9;bas;-1.102376938216692;1.4256219016499543;-0.00944472122659491;0.019026937210241734;1362;587;False
F17;beta;9;rap;0.43664840125438975;1.1032583541729584;0.00552004184093112;0.021013924859798458;1362;587;False
F17;beta;27;bas;0.40063307663659486;0.8959593447311207;0.0044531269094188015;0.015299283696876172;1345;579;False
F17;beta;27;rap;0.8226926780311236;0.13601523330901139;0.009510724409190143;0.002409412926676069;1345;579;False
F17;delta;1;bas;1.0470780711639314;0.3046724141930754;0.004267886903607045;0.0018144853638182275;1373;589;False
F17;delta;1;rap;-1.9291600085442455;0.45947517556786444;-0.025899525082169972;0.009401335396463772;1373;589;False
F17;delta;3;bas;-0.5245034970316084;0.637713056904078;-0.0027272116615011557;0.005584954989571125;1371;588;False
F17;delta;3;rap;-1.8067073605415724;-0.22306636657587042;-0.02411444998517607;-0.004535174737457093;1371;588;False
F17;delta;9;bas;-2.3749827070697505;-0.09981852361237566;-0.01576439664193064;-0.0011122986406214978;1362;587;False
F17;delta;9;rap;-0.15512951877741982;1.0466589857641;-0.002020243232719152;0.02087310011665673;1362;587;False
F17;delta;27;bas;-2.1761899832407594;0.027389233914161957;-0.019477277322384235;0.0003813984193890851;1345;579;False
F17;delta;27;rap;-0.016570016320058313;-0.49661597070481656;-0.00020857788213618332;-0.009271404268062767;1345;579;False
F17;epsilon;1;bas;-0.6465951674306386;-0.10663248258998001;-0.00402761106510277;-0.0010236328346099528;1373;589;False
F17;epsilon;1;rap;-0.18841209418521862;-1.0996775719295506;-0.002459612151017498;-0.021838396859133056;1373;589;False
F17;epsilon;3;bas;-1.148123473202455;-0.48328461501739084;-0.009774817910270128;-0.006616722633466432;1371;588;False
F17;epsilon;3;rap;0.32431525318019133;-1.725869072507488;0.004085658200303524;-0.03246862289260979;1371;588;False
F17;epsilon;9;bas;-1.9746833625844114;-0.3153810656116164;-0.021873461179147496;-0.005346524254877402;1362;587;False
F17;epsilon;9;rap;1.8389702158721966;0.6591506413490898;0.021214207341353375;0.012039896834860588;1362;587;False
F17;epsilon;27;bas;-1.19335366000119;2.575928715352442;-0.014655843255500107;0.04612709451487396;1345;579;False
F17;epsilon;27;rap;1.7629433368670655;-0.5336274499878763;0.01914429115856414;-0.008541748351934594;1345;579;False
F17;gamma;1;bas;1.6616620175009749;1.2388086129324467;0.009653034394809419;0.010549985816085584;1373;589;False
F17;gamma;1;rap;-0.5839364876026645;-0.5857121013188156;-0.007778095305940983;-0.011998741609783073;1373;589;False
F17;gamma;3;bas;-2.3435141816508223;1.0035242510963973;-0.016418358618559694;0.011463625667844491;1371;588;False
F17;gamma;3;rap;-1.0017497646690676;-0.9214725759687459;-0.013013618620782673;-0.01863738440500329;1371;588;False
F17;gamma;9;bas;-2.5913677432605198;0.4148259520336009;-0.024603161827224163;0.006034732657223369;1362;587;False
F17;gamma;9;rap;0.00277108038874651;-0.035399645205076186;3.378690977026426e-05;-0.0006532884945344419;1362;587;False
F17;gamma;27;bas;-2.0896944622921136;0.6228918729900966;-0.025355426509861154;0.011547044084368165;1345;579;False
F17;gamma;27;rap;-0.06860690903305021;-0.6114435398299916;-0.000738296316828578;-0.010061174285174546;1345;579;False
F18;alpha;1;bas;-0.8256762293633549;-2.2638840758984413;-0.006183449818014085;-0.023724614836846066;1265;583;False
F18;alpha;1;rap;0.8688270815996421;0.5240920729767273;0.011753453184832846;0.010536347426000217;1265;583;False
F18;alpha;3;bas;-2.8160559518204735;-2.3742039844819596;-0.027699754615366456;-0.03518779434133275;1263;583;False
F18;alpha;3;rap;2.427538628661682;-0.4531700960016432;0.03025865715897229;-0.008359545643309804;1263;583;False
F18;alpha;9;bas;-1.852021199023234;-2.4679772736824184;-0.023740182344504444;-0.04639795414085045;1257;582;False
F18;alpha;9;rap;1.078699250065212;1.6436503380480103;0.011813889716055643;0.027796483044094666;1257;582;False
F18;alpha;27;bas;-2.5423164396165716;0.8901705217559129;-0.02691648757946739;0.012960516382250374;1240;578;False
F18;alpha;27;rap;-0.9412201542697077;0.10519889225275152;-0.010869697739616392;0.0018103089490767877;1240;578;False
F18;beta;1;bas;-0.5344903308711922;-1.6244394993168143;-0.002770547969610663;-0.010538167245684092;1265;583;False
F18;beta;1;rap;-1.670962960073765;-1.6377096687223696;-0.023426630388801252;-0.03370190708547774;1265;583;False
F18;beta;3;bas;-0.9006082694417021;-0.9003570203772238;-0.006458365356339973;-0.008687049045971042;1263;583;False
F18;beta;3;rap;-0.09086102576304159;-1.7026385077785264;-0.0012376641205421432;-0.03493894918457677;1263;583;False
F18;beta;9;bas;-1.3978365346640906;0.013109793706744005;-0.012848889000370359;0.00017456233197403503;1257;582;False
F18;beta;9;rap;0.7482239183863717;-1.307468761172187;0.009934961820842445;-0.026144028895574947;1257;582;False
F18;beta;27;bas;0.33511834040234645;-0.6276777138510418;0.003956693156083982;-0.010561947086441927;1240;578;False
F18;beta;27;rap;-0.19443726910804945;1.1302818714864487;-0.002350890119820468;0.02083480410632803;1240;578;False
F18;delta;1;bas;0.3916559719135314;0.15862300807951282;0.001662521577239253;0.0010212152878852953;1265;583;False
F18;delta;1;rap;-2.9870287689581776;-2.152577216103682;-0.04182962339998928;-0.04443877649457754;1265;583;False
F18;delta;3;bas;-1.0241980407815856;0.33762156661664916;-0.005870860616710683;0.0030003665339835848;1263;583;False
F18;delta;3;rap;-1.1072355047514808;-2.117709413027633;-0.015436673900317242;-0.043222390623780846;1263;583;False
F18;delta;9;bas;0.7312180073337249;1.401624529303587;0.005505644821595766;0.016484012948900294;1257;582;False
F18;delta;9;rap;-0.5975957499638289;-1.9361699391230838;-0.008090440847592733;-0.03951219765412976;1257;582;False
F18;delta;27;bas;-0.5881788277081734;0.03479242938518996;-0.005546853809938168;0.0004710871430169512;1240;578;False
F18;delta;27;rap;-0.4503213272595452;-0.6123411279933471;-0.005807339920217275;-0.011947640348914226;1240;578;False
F18;epsilon;1;bas;-1.0666985328649559;0.7645133155322102;-0.00650625073187675;0.007647715830769484;1265;583;False
F18;epsilon;1;rap;-1.9746188267852562;0.1366092281850941;-0.027059830230319746;0.002754846816154354;1265;583;False
F18;epsilon;3;bas;-1.8196384662390521;0.489877426381521;-0.01563999388528275;0.006586563491789552;1263;583;False
F18;epsilon;3;rap;1.0363505475623576;-0.5415137308952916;0.01340761975187541;-0.010622788588376106;1263;583;False
F18;epsilon;9;bas;-2.1589103893781356;-0.6059676297347516;-0.025279636043742497;-0.00987491052265422;1257;582;False
F18;epsilon;9;rap;1.3672142823918603;-1.8254822954454368;0.016408380871417345;-0.03343021228058573;1257;582;False
F18;epsilon;27;bas;-0.862841106533827;1.636026872607482;-0.011222172798327688;0.029586142752734954;1240;578;False
F18;epsilon;27;rap;0.9397096736286994;0.782877702351646;0.010463487281649631;0.012873205591357729;1240;578;False
F18;gamma;1;bas;-0.323747343543206;-0.6591458793739368;-0.0018313555012468615;-0.005074733644570392;1265;583;False
F18;gamma;1;rap;-3.086557312700545;-0.4707209656442273;-0.042658194558150314;-0.009606514019758762;1265;583;False
F18;gamma;3;bas;-0.7811251880735687;-0.39828395588042964;-0.005976932607815051;-0.004482429777096487;1263;583;False
F18;gamma;3;rap;-0.582249388664923;-2.3531688620037654;-0.00785970279621883;-0.04726841875684591;1263;583;False
F18;gamma;9;bas;-1.0961071835014102;-0.607643010174251;-0.010877274661226167;-0.00880334419363546;1257;582;False
F18;gamma;9;rap;0.5144708118151861;-2.8398575181609385;0.006712782180078746;-0.05455935816692017;1257;582;False
F18;gamma;27;bas;-0.8583528282556145;-0.2649178810202607;-0.010800397907963338;-0.004809570180236661;1240;578;False
F18;gamma;27;rap;0.29919993997955935;1.3382148113528816;0.003503007151448236;0.021862386719962466;1240;578;False
F19;alpha;1;bas;-0.5214216787323955;0.24962447857084247;-0.0037430966206786595;0.0026791403216332326;1604;690;False
F19;alpha;1;rap;-1.0386845597544092;-0.7525769275979498;-0.01238963932906014;-0.013690508738073143;1604;690;False
F19;alpha;3;bas;0.7488229885922418;0.841358385525394;0.007452528301155654;0.012450832171235344;1603;689;False
F19;alpha;3;rap;0.2562132529834036;-1.830768863722445;0.00289765866816772;-0.031736788441476385;1603;689;False
F19;alpha;9;bas;0.17660054434944944;0.5784054300929111;0.002072803461229887;0.010197817158416299;1597;688;False
F19;alpha;9;rap;-0.53909908398916;-1.8814984120217082;-0.005644988200534321;-0.03123338662477891;1597;688;False
F19;alpha;27;bas;-0.13808822533997764;-0.6015490216135699;-0.0011663503707101497;-0.00828676152659109;1586;676;False
F19;alpha;27;rap;-0.19278707312283294;-0.111651454313776;-0.002094144074728601;-0.001867664492370594;1586;676;False
F19;beta;1;bas;-1.7688368701959183;0.9561320094287951;-0.006678362480498943;0.00635515693762279;1604;690;False
F19;beta;1;rap;-0.29753617844875263;0.028641221065252166;-0.0036606445171592484;0.0005366041382491341;1604;690;False
F19;beta;3;bas;-0.7761139233892355;0.8065894570581323;-0.0043137335436005215;0.0067719766186281685;1603;689;False
F19;beta;3;rap;0.9073846538646917;-0.6855623242698913;0.010968492430508858;-0.012675451707576276;1603;689;False
F19;beta;9;bas;-2.1229124794081446;-0.9852036076384322;-0.01632373924885219;-0.011131297331157596;1597;688;False
F19;beta;9;rap;0.7410708055499944;0.7613307591981577;0.008507072525587522;0.013868379515435566;1597;688;False
F19;beta;27;bas;-2.511786572243989;-0.9690544885660161;-0.025849708080188664;-0.015413280191280337;1586;676;False
F19;beta;27;rap;-0.33738487686592306;0.44070603824089694;-0.003566550079693099;0.00711444143471123;1586;676;False
F19;delta;1;bas;0.4835529127785001;-0.9118159965174298;0.0016081368238349122;-0.0042194182568748;1604;690;False
F19;delta;1;rap;0.16724737978934962;-0.5993334198844882;0.0020726033587891435;-0.011288375413472088;1604;690;False
F19;delta;3;bas;0.33704013488722556;0.34086320235701056;0.0015374165033023195;0.0024515821162352774;1603;689;False
F19;delta;3;rap;0.955326552110097;0.5052005477991283;0.011716031317254863;0.009472839037682252;1603;689;False
F19;delta;9;bas;-0.7121835543914371;-0.19694673915682107;-0.004341100239246635;-0.001931970474798211;1597;688;False
F19;delta;9;rap;0.8167225777689328;-0.16195648811757038;0.00981857955915729;-0.0029465487973237042;1597;688;False
F19;delta;27;bas;0.5021075835246891;-0.6930640784379662;0.004236566949037859;-0.009018090868800777;1586;676;False
F19;delta;27;rap;-0.030191665960849375;-0.01847069711792309;-0.00034911372619211877;-0.0003263000742263919;1586;676;False
F19;epsilon;1;bas;-0.41709588159228733;-1.0931305735184347;-0.0023680031742771912;-0.009205725086337576;1604;690;False
F19;epsilon;1;rap;-2.452610414325585;0.3184323542494608;-0.029727542361141886;0.0059745589396121715;1604;690;False
F19;epsilon;3;bas;-0.24173728685670642;-0.20892513297265575;-0.0019518053775240954;-0.0025354479307511885;1603;689;False
F19;epsilon;3;rap;-0.6167075740833883;-2.277649192496978;-0.007245056532879285;-0.041020749127356336;1603;689;False
F19;epsilon;9;bas;0.4952927278441205;-1.1663041872242035;0.005425697320997194;-0.01810213229414719;1597;688;False
F19;epsilon;9;rap;-1.1788529756605004;-2.4670249805694384;-0.012974182890768848;-0.04136885788586033;1597;688;False
F19;epsilon;27;bas;-0.11896866608220508;-1.690640457707778;-0.0013487178689729846;-0.029691013835653365;1586;676;False
F19;epsilon;27;rap;0.11360934455828145;0.7448956408320815;0.001161237673513037;0.011973151747832853;1586;676;False
F19;gamma;1;bas;0.07320108922975978;0.0713106129028372;0.0003571539011275056;0.0004665376144609559;1604;690;False
F19;gamma;1;rap;-0.1574758315649868;0.3906377163364345;-0.0019439295118641464;0.007287697232313409;1604;690;False
F19;gamma;3;bas;1.44505881321647;0.3494924335190414;0.010022085715661704;0.003328734550326315;1603;689;False
F19;gamma;3;rap;1.4873154781252735;-1.0646344387360822;0.017935713239261977;-0.019797323775972615;1603;689;False
F19;gamma;9;bas;1.0617789804984;1.8785461644855934;0.009473739282136993;0.02567028738800296;1597;688;False
F19;gamma;9;rap;0.3972893433727227;-0.4696042949777229;0.004588114330494417;-0.00849493155913156;1597;688;False
F19;gamma;27;bas;-0.40580601337010813;1.0836139181817361;-0.004470421643241544;0.018487842267287526;1586;676;False
F19;gamma;27;rap;1.0227490183637964;0.4095868201479405;0.010554378413081903;0.006801580867351916;1586;676;False
F20;alpha;1;bas;0.17228836233490846;-0.9114558561362605;0.0017288284615800949;-0.012953472131860704;753;325;False
F20;alpha;1;rap;-0.429601090526733;-1.4716707634475124;-0.007336492661820287;-0.03843146807639882;753;325;False
F20;alpha;3;bas;0.15815665357472009;0.3763208956364897;0.002197924063009814;0.008088768223846028;751;323;False
F20;alpha;3;rap;0.15657597369685305;0.2594229638661813;0.0024328116217633157;0.006237602857253048;751;323;False
F20;alpha;9;bas;0.8881410366473859;1.230324461137366;0.01494631627128554;0.031287807693495484;748;322;False
F20;alpha;9;rap;-1.5259741016868613;0.41690309766636824;-0.02114691251604615;0.008967239960838138;748;322;False
F20;alpha;27;bas;1.2011422392015272;1.148079891443945;0.014657631470504303;0.022452806810240075;738;316;False
F20;alpha;27;rap;0.32164859889783987;1.2245357444804086;0.004683690235124431;0.026594129345851727;738;316;False
F20;beta;1;bas;0.225306490126332;0.31358146789784497;0.001386957385960057;0.0030506383317365202;753;325;True
F20;beta;1;rap;-1.6741200033708834;0.32817948821785264;-0.030045340768621514;0.009062158047595373;753;325;True
F20;beta;3;bas;0.3596844331864286;0.6634120236916532;0.0032016033906234883;0.00902525970472554;751;323;True
F20;beta;3;rap;-0.6335926155782468;-0.6785515893355901;-0.011130255075442639;-0.018362892348513377;751;323;True
F20;beta;9;bas;0.48231385064210536;-1.6050832585299695;0.0056358274764322265;-0.02651035671062299;748;322;True
F20;beta;9;rap;-0.24852393312275894;0.35949709963714477;-0.004191483140340331;0.009428371553342325;748;322;True
F20;beta;27;bas;0.05070047952613687;-0.7123679384476225;0.0007773658669002237;-0.015851124173497596;738;316;True
F20;beta;27;rap;-0.6891497626424314;-1.4273727700821683;-0.010729706879144457;-0.034652468362755075;738;316;True
F20;delta;1;bas;0.08699133512201271;-0.3547265405895001;0.00042181801565552;-0.0027173159305076337;753;325;False
F20;delta;1;rap;0.5905891728412208;2.2646264444428765;0.010741502578658564;0.062169599285728176;753;325;False
F20;delta;3;bas;0.6149475924988482;-0.16539152796411036;0.004124818661828644;-0.0018379665146306446;751;323;False
F20;delta;3;rap;0.25987154227155873;-0.15029180888845353;0.004714619069971701;-0.004128118151235683;751;323;False
F20;delta;9;bas;1.2372372534120315;-0.19015154112123556;0.011296007504772217;-0.002596636559127237;748;322;False
F20;delta;9;rap;0.980237523676134;1.5499833763101767;0.01741322029080556;0.04210880935464774;748;322;False
F20;delta;27;bas;0.20002335980992544;-0.2316255966715559;0.0024287674444803376;-0.004228813337134448;738;316;False
F20;delta;27;rap;0.6197368352960807;1.0769846086976675;0.01050092873058897;0.028001388704831688;738;316;False
F20;epsilon;1;bas;0.17192315735417527;-0.28885982682660966;0.0014092937163572895;-0.003787085552652961;753;325;False
F20;epsilon;1;rap;0.3119380900179154;-0.7126940960260612;0.005481313824601555;-0.019165244790802085;753;325;False
F20;epsilon;3;bas;0.8980998384221526;0.347825768132139;0.010747276531861971;0.0062346942209975;751;323;False
F20;epsilon;3;rap;-0.1680797200495594;-0.4303895571537595;-0.0028306354598725382;-0.011030507178478846;751;323;False
F20;epsilon;9;bas;0.5892760845680551;0.6760604104360873;0.009255338085190015;0.015180234371569483;748;322;False
F20;epsilon;9;rap;-1.1302040053113767;0.2423183081259574;-0.01673959498124582;0.005919133703553625;748;322;False
F20;epsilon;27;bas;0.7965683789026324;0.2884532925822527;0.013188463797652168;0.007344168491708057;738;316;False
F20;epsilon;27;rap;-1.7719935372799096;-0.44223123168747636;-0.025664458228132243;-0.009667946922554198;738;316;False
F20;gamma;1;bas;0.3794009891442177;-1.2573951345550618;0.0027191826900535418;-0.01104106965524651;753;325;False
F20;gamma;1;rap;-1.6655012493010755;0.9201462187751901;-0.029999141084222535;0.02548486845782367;753;325;False
F20;gamma;3;bas;0.7222614578955722;-0.455754244060858;0.007310890798308882;-0.006439225740194967;751;323;False
F20;gamma;3;rap;-0.31385330268148726;-0.8534763507843707;-0.005486788232699422;-0.02252228201111192;751;323;False
F20;gamma;9;bas;1.2285172066176424;-1.2212938603464558;0.01579594898739813;-0.022482612090541268;748;322;False
F20;gamma;9;rap;0.3123524272220269;0.281391918223614;0.0052420510837252144;0.007391102316610407;748;322;False
F20;gamma;27;bas;0.051909562509519606;-1.1960366214059708;0.0008383292044682701;-0.029498231636347908;738;316;False
F20;gamma;27;rap;-0.400222550726233;-1.5504009063956559;-0.005836519997110209;-0.035317958021532966;738;316;False
F21;alpha;1;bas;-0.9099962847464449;-0.16133492396700733;-0.007090202629552302;-0.001994098761746643;1423;541;False
F21;alpha;1;rap;-1.482882118979904;-0.8286599556014627;-0.01890347719466168;-0.017042552704108007;1423;541;False
F21;alpha;3;bas;0.3238739322083505;0.1828796497148448;0.003480886438043802;0.0031115438379692257;1422;541;False
F21;alpha;3;rap;-0.8659515046115659;-0.46072227701270546;-0.010499956623313685;-0.009144410392919865;1422;541;False
F21;alpha;9;bas;-0.5655776910205115;0.936019585566214;-0.0070931130867909545;0.018507561744998586;1416;540;False
F21;alpha;9;rap;1.1060839878605038;0.2245057958852789;0.012388195799042474;0.003894354177847822;1416;540;False
F21;alpha;27;bas;-0.3330653553565915;0.2805633757105304;-0.003019823805898771;0.004091819291082018;1389;536;False
F21;alpha;27;rap;0.046964092981881936;0.7908504158382968;0.0005348223671633198;0.014374666375230613;1389;536;False
F21;beta;1;bas;1.653917150690499;-1.8533408262631978;0.008662010956579034;-0.012568733447341893;1423;541;False
F21;beta;1;rap;-2.0980757546080016;-0.9244248537386861;-0.027611614630146452;-0.019589982007010863;1423;541;False
F21;beta;3;bas;0.6430657310175378;-2.615713161867889;0.004379468867859037;-0.025206296780105594;1422;541;False
F21;beta;3;rap;-1.4346817040184876;-1.4197470405364006;-0.018302939122413122;-0.029346316655705137;1422;541;False
F21;beta;9;bas;0.23584686272643132;-2.0089324790201384;0.0021488473932176483;-0.027351037697333526;1416;540;False
F21;beta;9;rap;0.6664651411507955;-2.0520972313122767;0.008208796840086624;-0.041935253448284214;1416;540;False
F21;beta;27;bas;0.5711377442834155;-1.6565037135487108;0.006551989032670227;-0.02999856159450767;1389;536;False
F21;beta;27;rap;1.0843892654220288;-0.7923598963095237;0.012437323191619257;-0.015076195324194682;1389;536;False
F21;delta;1;bas;-0.77343302536729;0.32910146585301975;-0.002967441486930918;0.0018355262111626588;1423;541;False
F21;delta;1;rap;-0.5505587344118403;-0.9523622095059677;-0.007273530218423746;-0.0203622160919366;1423;541;False
F21;delta;3;bas;-0.6874944522902583;-0.32995235275758933;-0.0038485563960701146;-0.0026023849430110995;1422;541;False
F21;delta;3;rap;-0.9647884152019119;-0.06837282300151704;-0.01256912368840377;-0.001450957690850626;1422;541;False
F21;delta;9;bas;2.4544636241766984;-1.3671161413046868;0.01920321183321953;-0.013746599182921955;1416;540;False
F21;delta;9;rap;0.9641460074426128;-1.5461370142016326;0.012324188545893067;-0.03230927804747807;1416;540;False
F21;delta;27;bas;1.0830846607510278;0.9204949808145799;0.010117336794237396;0.013136201387457344;1389;536;False
F21;delta;27;rap;-0.6468508933394285;-1.3880176049499022;-0.007923140676899212;-0.028591264290308862;1389;536;False
F21;epsilon;1;bas;-0.2604613462050537;1.025913599256072;-0.0017062327718434889;0.011111807618896484;1423;541;False
F21;epsilon;1;rap;-2.25989219915695;-0.31147698175283045;-0.029647349646762106;-0.0065032098671237585;1423;541;False
F21;epsilon;3;bas;1.050663331283843;0.03831509164127926;0.009573691759813577;0.0005500779093966802;1422;541;False
F21;epsilon;3;rap;-2.207647523372501;-1.7115907761636768;-0.0274963396636429;-0.03528173876690209;1422;541;False
F21;epsilon;9;bas;2.0350882927641845;0.8427646547185422;0.023054652719230465;0.015337647823931422;1416;540;False
F21;epsilon;9;rap;-0.42589845705032464;-0.3933085637544526;-0.005030388763031019;-0.007497967413710138;1416;540;False
F21;epsilon;27;bas;2.304121609028877;0.39616309272456585;0.027072879936646657;0.007638554373874836;1389;536;False
F21;epsilon;27;rap;0.5856738426411718;0.8569819600150774;0.0064639667212178275;0.015696728015702942;1389;536;False
F21;gamma;1;bas;0.60314131947924;-1.3947432496213852;0.0035672276702205753;-0.010606922139135909;1423;541;False
F21;gamma;1;rap;-2.473558243974702;-0.06981901314588217;-0.03244377682529981;-0.0014897074980405433;1423;541;False
F21;gamma;3;bas;-0.12981389015661327;-1.9128573150853292;-0.0010217216489003186;-0.02134143837826706;1422;541;False
F21;gamma;3;rap;-1.7365665417024496;0.16375454215565158;-0.022024596708637493;0.003476398189293486;1422;541;False
F21;gamma;9;bas;0.8648451812347622;-2.235764000591393;0.008841248177455211;-0.032893345714939765;1416;540;False
F21;gamma;9;rap;0.8412125131014154;-1.6588526185511547;0.010348153479382735;-0.03339804324574698;1416;540;False
F21;gamma;27;bas;0.909137187713349;-0.8680523065608926;0.010969330048578141;-0.016814957383030765;1389;536;False
F21;gamma;27;rap;-1.2043059483294258;-0.8600918184197885;-0.013237294507661469;-0.015635440531925913;1389;536;False
F22;alpha;1;bas;0.3295661348207915;-0.434338979669827;0.002328745282591832;-0.004908920432731542;1644;619;False
F22;alpha;1;rap;0.16654398436394027;-2.353027799828721;0.0019740671117792707;-0.04539023065816665;1644;619;False
F22;alpha;3;bas;-0.8407452308119494;0.8608491006971984;-0.00821117344277988;0.013432758394620398;1644;618;False
F22;alpha;3;rap;-0.8291758042800657;-0.4947023121877372;-0.009232217945018033;-0.009036266954663245;1644;618;False
F22;alpha;9;bas;0.9307204965491053;1.6137020013266048;0.010895367486427094;0.030777040580595032;1636;611;False
F22;alpha;9;rap;-1.180307123257043;-1.4268690095363639;-0.012310574776334503;-0.023940248019504583;1636;611;False
F22;alpha;27;bas;0.12564532723766839;0.6548716056944335;0.0010512805290291303;0.009254067109244675;1615;601;False
F22;alpha;27;rap;1.785915657245751;1.294669619841337;0.018715102904540877;0.02189173715198264;1615;601;False
F22;beta;1;bas;0.8903643017036026;0.8168801778182034;0.004046543836715491;0.0059499743119183785;1644;619;False
F22;beta;1;rap;1.052361743083018;-0.04782807378724411;0.012845303968964578;-0.0009517041220063879;1644;619;False
F22;beta;3;bas;-0.03738108994768888;-1.0370247406641429;-0.0002240458729067863;-0.009672655882689998;1644;618;False
F22;beta;3;rap;1.6724402406596894;0.6174883310109828;0.019947360274377438;0.01205175366724499;1644;618;False
F22;beta;9;bas;1.0669948505564826;-0.5774415541799549;0.008890578288774745;-0.008110080625317899;1636;611;False
F22;beta;9;rap;0.41461817530245487;-0.26846776606651296;0.004742663001070759;-0.0050582119965254385;1636;611;False
F22;beta;27;bas;-0.3749335673880191;1.2233436839655571;-0.0038591233753607055;0.02180270249857762;1615;601;False
F22;beta;27;rap;-0.2592759564305865;-1.7422952133863718;-0.0027968351345974475;-0.030852690820997314;1615;601;False
F22;delta;1;bas;0.016330921885554853;-0.7666629159106004;5.5261427369038926e-05;-0.0034415392300712524;1644;619;False
F22;delta;1;rap;-0.12541221778320538;-0.4934407893974821;-0.0015358782915842592;-0.009800888698160912;1644;619;False
F22;delta;3;bas;-0.910014993068291;-2.0171751388040975;-0.004259584988010544;-0.01288427386721419;1644;618;False
F22;delta;3;rap;0.8299551817979165;1.1724963102608204;0.010049505518570895;0.02320316502784077;1644;618;False
F22;delta;9;bas;0.5035037053345054;-1.6585184561107071;0.0033254062675527893;-0.016001769380593125;1636;611;False
F22;delta;9;rap;0.8878242953779623;-0.6390823135052118;0.010470496792377873;-0.012459275402387825;1636;611;False
F22;delta;27;bas;0.36198183156495334;0.9446683467086847;0.0030358224776995766;0.013769208728816078;1615;601;False
F22;delta;27;rap;0.14702338543017263;1.0600691625115108;0.0016747010448743829;0.020098326749314818;1615;601;False
F22;epsilon;1;bas;-0.27574237886946695;1.0711822773661384;-0.0016377680302554383;0.011443433888196523;1644;619;False
F22;epsilon;1;rap;-0.09896288094332374;-1.9893073622800908;-0.0011806264348006039;-0.03887268393645097;1644;619;False
F22;epsilon;3;bas;0.6060466726774495;0.5234287928208816;0.0049489316788993215;0.006961185783578174;1644;618;False
F22;epsilon;3;rap;0.4229563405507772;-1.9707731063214187;0.0048659762543307086;-0.03723098039880871;1644;618;False
F22;epsilon;9;bas;0.8743576766248493;0.46096142352997904;0.009096162517441091;0.007792236821334292;1636;611;False
F22;epsilon;9;rap;-0.4397697654793127;0.42404493935162746;-0.004718265427970732;0.007464688844948076;1636;611;False
F22;epsilon;27;bas;1.2401545458810865;-1.038664408422696;0.01377522492681585;-0.019117030291389496;1615;601;False
F22;epsilon;27;rap;-1.1182685517962145;-1.1113188770247773;-0.011297836999974267;-0.019209541045916195;1615;601;False
F22;gamma;1;bas;-0.3102190011439889;0.9187713073238105;-0.0015530054589785035;0.0077435043392512235;1644;619;False
F22;gamma;1;rap;0.3488385911494655;-1.298778032809705;0.004251289381015176;-0.02576357840935462;1644;619;False
F22;gamma;3;bas;-1.1978711245075468;0.8579788837188357;-0.007954849504064545;0.009492596921334424;1644;618;False
F22;gamma;3;rap;0.08980959352486653;-0.3111402722572544;0.0010485274927053507;-0.00603294331310906;1644;618;False
F22;gamma;9;bas;-0.8796026787934801;0.43785108262929073;-0.007962437998529831;0.006369737265484341;1636;611;False
F22;gamma;9;rap;0.4949208622121314;-0.36588324216029794;0.0055358485306286846;-0.006785165783049614;1636;611;False
F22;gamma;27;bas;-0.6597873296790225;-0.00020552120906877104;-0.007396745918488732;-3.827033138023263e-06;1615;601;False
F22;gamma;27;rap;-1.1899937483377048;-1.9603479607057641;-0.01188449017970378;-0.03225784548030795;1615;601;False
F23;alpha;1;bas;0.38596839583928416;1.8850914617569883;0.0027641969702238665;0.022718666629879244;1630;619;False
F23;alpha;1;rap;0.25809461950313756;-0.8127330597828246;0.003035818477025001;-0.01564605997525412;1630;619;False
F23;alpha;3;bas;1.3556642056915362;-0.36524525789234213;0.013498950478621811;-0.005614893145106312;1630;617;False
F23;alpha;3;rap;0.28181125679085844;-1.147760431533761;0.0031807262226341;-0.020938101370597255;1630;617;False
F23;alpha;9;bas;1.8816401417066846;0.13341905186842112;0.02209641924369456;0.002558970459924802;1618;612;False
F23;alpha;9;rap;-1.3517688190316948;-1.0321916083046148;-0.013708976324577224;-0.017413269257233455;1618;612;False
F23;alpha;27;bas;0.2848214657204519;1.096258267128874;0.0023771763124670357;0.015262796163383106;1597;599;False
F23;alpha;27;rap;-0.13252283760369082;0.3550288715461224;-0.0013956598075877669;0.006080932009173905;1597;599;False
F23;beta;1;bas;-1.3452668339402598;1.162975111598289;-0.005944576817505442;0.008692274603948546;1630;619;False
F23;beta;1;rap;0.3485291743534835;1.3506011165847358;0.004263003155056804;0.027003521728830592;1630;619;False
F23;beta;3;bas;-0.5751153092802994;-0.37954915278785173;-0.003661120681999784;-0.003538801337079284;1630;617;False
F23;beta;3;rap;-0.2882170144875547;0.33118997924791027;-0.0034615751339713047;0.00650062664879825;1630;617;False
F23;beta;9;bas;-0.23587378523212985;0.7117434931296742;-0.0019706721546101104;0.009764394937443058;1618;612;False
F23;beta;9;rap;-2.177488226328761;2.2321745511604085;-0.02535757573041197;0.04203159947334017;1618;612;False
F23;beta;27;bas;-0.09504481812672627;1.9810364034400998;-0.000983369099894346;0.03583844539345737;1597;599;False
F23;beta;27;rap;-1.07272839397953;-0.6500778137853338;-0.0115674924949387;-0.01176032039214998;1597;599;False
F23;delta;1;bas;-2.3921981245953274;-0.315077772242915;-0.006930572157164751;-0.001572215498030886;1630;619;False
F23;delta;1;rap;0.3160509124069439;1.2288020749944084;0.0038838446046234646;0.02444404172925229;1630;619;False
F23;delta;3;bas;-1.7282900531293401;-0.20807663631454323;-0.007819841732766269;-0.0014073529744088884;1630;617;False
F23;delta;3;rap;-1.416451462573166;2.186958589481222;-0.017302520754032952;0.0433741462963274;1630;617;False
F23;delta;9;bas;-0.520389831333527;-0.4340494983844228;-0.003466624801852813;-0.004251143649197717;1618;612;False
F23;delta;9;rap;-2.0032906501729424;2.0464238013707274;-0.024077586789103128;0.03931588183240261;1618;612;False
F23;delta;27;bas;-0.7791031286978833;0.9346262888745338;-0.006718238266614031;0.013112293704667165;1597;599;False
F23;delta;27;rap;-0.3575589174171824;1.5878763654575745;-0.004164626437071127;0.029672371622990735;1597;599;False
F23;epsilon;1;bas;-0.7525839789785086;1.080009601732533;-0.004281750256499938;0.011134005336577149;1630;619;False
F23;epsilon;1;rap;0.31284214675659905;0.6129496369575282;0.0037950484848727245;0.011908768238762876;1630;619;False
F23;epsilon;3;bas;0.30914039744514865;0.3429739553727616;0.002489327324900801;0.004737298278191744;1630;617;False
F23;epsilon;3;rap;0.8743866544098884;0.0049743523317778765;0.010206957993851988;9.334306122373544e-05;1630;617;False
F23;epsilon;9;bas;1.1706600519928794;0.8206920231910253;0.01247265648361022;0.014260632153992323;1618;612;False
F23;epsilon;9;rap;-1.4506513438132969;-0.08395344990084036;-0.015921199412435392;-0.0015064411627993275;1618;612;False
F23;epsilon;27;bas;0.19683524139653735;0.9357190743875233;0.0022337987586342947;0.01730793392365899;1597;599;False
F23;epsilon;27;rap;-1.4986132480456433;-0.4582114878352061;-0.015466136003473373;-0.007614433885423395;1597;599;False
F23;gamma;1;bas;0.14843389427600845;0.8423352516243744;0.000752038340802395;0.006522944861622965;1630;619;False
F23;gamma;1;rap;-0.3353953352463356;1.4669283947129188;-0.004066391286579453;0.02907028298474373;1630;619;False
F23;gamma;3;bas;-0.5712669238609596;1.4872146938879176;-0.0038538155130887685;0.0161322405432081;1630;617;False
F23;gamma;3;rap;0.8452265598518294;-0.32130200603849685;0.01006827964444158;-0.006219865931065853;1630;617;False
F23;gamma;9;bas;-0.4237821284699259;0.30069636309543235;-0.0038348711435565;0.004332285292977195;1618;612;False
F23;gamma;9;rap;-1.075194003753536;2.2846174876931644;-0.012369850333178896;0.04223094994925075;1618;612;False
F23;gamma;27;bas;-0.4472238821962641;0.9318163423841315;-0.005030433970802649;0.017549183940767047;1597;599;False
F23;gamma;27;rap;-1.2745057155077897;-0.8630942408770566;-0.013126199199298912;-0.014961974655912588;1597;599;False
F24;alpha;1;bas;-1.632443367425246;1.0095128377724012;-0.012161070183401164;0.012412817406240834;1408;592;False
F24;alpha;1;rap;-0.7882003601065442;-0.2821556939145474;-0.010019664116898072;-0.005590706639030841;1408;592;False
F24;alpha;3;bas;-0.6460007053984572;0.335764173939016;-0.00672664353085844;0.005495536556273127;1408;591;False
F24;alpha;3;rap;-1.674585283251765;-0.571309624223965;-0.019832585220902053;-0.010588297722366725;1408;591;False
F24;alpha;9;bas;0.7666378552687924;0.6512103112026181;0.009702912589467741;0.012469632797774199;1399;587;False
F24;alpha;9;rap;-0.8377926215016844;-1.1200395631179065;-0.00942989053214622;-0.018927641737117445;1399;587;False
F24;alpha;27;bas;0.5028883169586225;2.51447960096667;0.00448920800062935;0.03255166236108223;1378;582;False
F24;alpha;27;rap;0.7619514055112143;1.6875617118078026;0.00872029935226423;0.029618286413200284;1378;582;False
F24;beta;1;bas;1.0057932472942246;-1.588370143931434;0.004883730389591808;-0.008917479186770655;1408;592;False
F24;beta;1;rap;0.09846568201240184;-1.3574181664084448;0.0012910256616436805;-0.027675683078125256;1408;592;False
F24;beta;3;bas;0.49496627100924145;-0.17748097063833462;0.0031442824172275997;-0.0017442812163825244;1408;591;False
F24;beta;3;rap;0.04481294376774131;0.3161132916785448;0.0005771553955405633;0.006353140370657508;1408;591;False
F24;beta;9;bas;1.917329781875457;1.0638468396555865;0.01707079984705889;0.015325327831671298;1399;587;False
F24;beta;9;rap;-0.11787398607789187;-0.5949398778116063;-0.0014369691902741846;-0.011493327582085983;1399;587;False
F24;beta;27;bas;1.0252829978701696;1.2018880252403084;0.011570006137803212;0.021032314444134243;1378;582;False
F24;beta;27;rap;0.011918902801555567;2.346687890413676;0.00013840499684520408;0.041748927312294994;1378;582;False
F24;delta;1;bas;1.748831505840504;-0.8629772159034063;0.00729349618879829;-0.0037408454929223818;1408;592;False
F24;delta;1;rap;1.5875680859347827;-0.14245872164457296;0.020935634368002106;-0.0029019079863611646;1408;592;False
F24;delta;3;bas;0.7504115195182727;-1.9682264289996774;0.0040957459660749375;-0.011662906317033823;1408;591;False
F24;delta;3;rap;1.3949947996437786;0.031027056371914222;0.018252374963951955;0.0006297565893293438;1408;591;False
F24;delta;9;bas;1.1657179951422998;-1.519351437688043;0.008772332608304336;-0.013916443000633674;1399;587;False
F24;delta;9;rap;0.6411061871342241;1.6059778328599519;0.00815526954058004;0.03182483835181705;1399;587;False
F24;delta;27;bas;-0.9263900845670004;0.03842296879694088;-0.008269773779576585;0.0005272863682653352;1378;582;False
F24;delta;27;rap;0.821131910354034;3.0057077141339112;0.009827502229321926;0.058267138437408564;1378;582;False
F24;epsilon;1;bas;0.340540934296369;-1.796572681176181;0.0022469014928040883;-0.016229113352578893;1408;592;False
F24;epsilon;1;rap;0.8560171968279486;-1.7172494079714131;0.01112442123438804;-0.03411087217757293;1408;592;False
F24;epsilon;3;bas;2.350523037875255;-1.4802570082316429;0.021463889677289318;-0.019072711327732146;1408;591;False
F24;epsilon;3;rap;0.8815011843637635;-1.0331464221259394;0.011048534890942817;-0.0195517319502336;1408;591;False
F24;epsilon;9;bas;1.9303776568949016;-0.3569232851996371;0.021830737976357654;-0.006200291829201072;1399;587;False
F24;epsilon;9;rap;-0.6212046071248765;-0.09429942489754702;-0.0071387939103390976;-0.0016085424169170305;1399;587;False
F24;epsilon;27;bas;2.304110550475093;1.6685175528823084;0.02739439213570572;0.031203337784680516;1378;582;False
F24;epsilon;27;rap;-0.7785544886096242;-0.8658616054779721;-0.008637923274285413;-0.014572595619201024;1378;582;False
F24;gamma;1;bas;0.6415267555630075;-0.19928650842845314;0.0034211170225072543;-0.0013587105497430995;1408;592;False
F24;gamma;1;rap;0.6684493335971471;-0.6759157530266677;0.008753879985621313;-0.013868382680800167;1408;592;False
F24;gamma;3;bas;1.2959426410580621;0.6771827934526882;0.009624355358723123;0.0071213308250596295;1408;591;False
F24;gamma;3;rap;-0.23268005824749463;0.02408051969684104;-0.0029711085276811185;0.0004765305382963743;1408;591;False
F24;gamma;9;bas;1.6719481320472616;-0.15826948940250124;0.017005421733451296;-0.0023448599207639867;1399;587;False
F24;gamma;9;rap;0.32428891119790326;-0.07152309158206736;0.003855487140317497;-0.0013516744802770774;1399;587;False
F24;gamma;27;bas;1.2249734937581587;0.9416170813305814;0.01513351857954255;0.017300004501373794;1378;582;False
F24;gamma;27;rap;-0.8941332916925884;1.597993658391412;-0.010011738831078785;0.0273890649994824;1378;582;False
F25;alpha;1;bas;-0.4906833270149462;0.38447842719157355;-0.004968642229891039;0.006189843046829047;670;299;False
F25;alpha;1;rap;0.04826137127343421;-0.03173975603441104;0.0008928914943351856;-0.0008962173323258547;670;299;False
F25;alpha;3;bas;-0.4588350171015881;-0.5088872505205568;-0.006522532812266035;-0.010541765410285467;668;299;False
F25;alpha;3;rap;0.860034040884017;-0.4829424770995229;0.014555337116542846;-0.012514644105070576;668;299;False
F25;alpha;9;bas;-0.12847824760728668;-0.5091988213415315;-0.002303568182826385;-0.013082204802265454;664;299;False
F25;alpha;9;rap;0.11491990401915765;0.7134484403753848;0.0017732075100825339;0.016427856921648387;664;299;False
F25;alpha;27;bas;-0.6463655508539196;1.1740094014559777;-0.009069227589611003;0.02332309736640586;658;295;False
F25;alpha;27;rap;-0.9116876518089418;-0.6606144286243363;-0.01497409399004364;-0.01627463542756362;658;295;False
F25;beta;1;bas;-2.519672593190701;0.7010525796314308;-0.015332345875169635;0.007575572533139682;670;299;False
F25;beta;1;rap;-0.10942406241264375;-1.3357161020680695;-0.0021066388506032195;-0.038933351392071394;670;299;False
F25;beta;3;bas;-0.5499335034475017;1.0972983743728628;-0.005442260196132492;0.016009942964970627;668;299;False
F25;beta;3;rap;0.0012827623563007864;-0.7628787219018683;2.412869609165588e-05;-0.022009104180251607;668;299;False
F25;beta;9;bas;-0.7882834379995829;-1.570465632807404;-0.009955963762539325;-0.026480146891186957;664;299;False
F25;beta;9;rap;-0.18890561528175587;-0.9506389279770959;-0.0034316164887696634;-0.026137523142168502;664;299;False
F25;beta;27;bas;1.0957178644959906;-0.48273355290039016;0.017734309654846087;-0.011289470171404824;658;295;False
F25;beta;27;rap;-0.37588995066437036;0.2854768406491144;-0.006051096043220979;0.007050100781146229;658;295;False
F25;delta;1;bas;0.14700771271927277;-1.067514512105491;0.0008768477644411578;-0.006803543963900594;670;299;False
F25;delta;1;rap;-0.7634187421132171;-1.372832424572192;-0.014669682885169866;-0.039276252155210335;670;299;False
F25;delta;3;bas;-0.47416857157252396;-1.936989053773607;-0.0037541317421784124;-0.016420612342430727;668;299;False
F25;delta;3;rap;-0.26647058164531456;-1.5316383292008435;-0.005063287352996723;-0.04410422272495118;668;299;False
F25;delta;9;bas;-1.0762178132474465;-0.45711650590386643;-0.010909556732761118;-0.006669626280713894;664;299;False
F25;delta;9;rap;-0.8920712863631505;0.12563899691059882;-0.016836742797631477;0.003590714312578909;664;299;False
F25;delta;27;bas;0.2847892113441767;0.0021808923179053945;0.003854428125605967;4.217487330648071e-05;658;295;False
F25;delta;27;rap;-0.6033504856263333;-0.3169798873788397;-0.010790038701158095;-0.00879761080825363;658;295;False
F25;epsilon;1;bas;0.6125615057839412;0.8871861317359504;0.005639294700028222;0.013176376164351635;670;299;False
F25;epsilon;1;rap;0.1163653686280275;-1.6526885657811075;0.0022174711310504213;-0.046277234899300086;670;299;False
F25;epsilon;3;bas;-0.6593723535060428;-1.0056262410406833;-0.008112076393636354;-0.01820167654088943;668;299;False
F25;epsilon;3;rap;1.293900420072238;-1.0802202318575873;0.023243477796202047;-0.028844131447481283;668;299;False
F25;epsilon;9;bas;-0.570239933313447;-1.0109876998898333;-0.009247382494193768;-0.02444944164053526;664;299;False
F25;epsilon;9;rap;0.1380733283000798;0.52339415754593;0.0023495246103631545;0.013183778696314345;664;299;False
F25;epsilon;27;bas;-1.5901773238717183;0.9808536557775368;-0.028863216590903823;0.02532461235926662;658;295;False
F25;epsilon;27;rap;0.2640721471099825;1.7796462680823373;0.004002678594386115;0.042542937052730316;658;295;False
F25;gamma;1;bas;-0.27711705765980915;0.4032861966281806;-0.0021241259616226337;0.004594070470389344;670;299;False
F25;gamma;1;rap;-0.06258125254070113;-1.5901344366657033;-0.0011888890161314953;-0.04515982723771747;670;299;False
F25;gamma;3;bas;-0.928979982606996;-0.7221950660760862;-0.00983606684401077;-0.010967860940332266;668;299;False
F25;gamma;3;rap;0.9212983878238599;-0.7354293948693326;0.01717955004436303;-0.020676518049661256;668;299;False
F25;gamma;9;bas;0.9033311297981114;-1.9269111529549774;0.012728943303537181;-0.03846344677143947;664;299;False
F25;gamma;9;rap;-0.5069469466167201;-1.9125476682599347;-0.009267738825404376;-0.04972196280651561;664;299;False
F25;gamma;27;bas;-0.19319571397647142;-1.2150761836370854;-0.0033281383473640312;-0.03129849865078642;658;295;False
F25;gamma;27;rap;-0.26700998404245974;0.1276404953499413;-0.004221306290431608;0.002927140248217521;658;295;False
F26;alpha;1;bas;1.1156212095363487;-0.49569995172674014;0.008039705749052948;-0.005173109969481642;1624;687;False
F26;alpha;1;rap;-0.7160471754810405;-0.2066941740808947;-0.008487499060965716;-0.0037196914638793965;1624;687;False
F26;alpha;3;bas;0.7541088730866693;-0.7364523601436385;0.007449065014724986;-0.01110968275905872;1621;685;False
F26;alpha;3;rap;0.7240111327734959;-0.20846990820023534;0.00803529044138509;-0.003601015942787139;1621;685;False
F26;alpha;9;bas;2.3978869539986802;-0.8099741988050926;0.027719538770984865;-0.014721445980974284;1614;685;False
F26;alpha;9;rap;-2.563507172684069;-0.9798123999604339;-0.025964028374267895;-0.015600872960779001;1614;685;False
F26;alpha;27;bas;0.7987921316862717;-1.7675735590484352;0.006583181629462651;-0.025568954120091344;1599;668;False
F26;alpha;27;rap;1.467676692904411;0.11592727508543255;0.01543360414273407;0.0019488131856709172;1599;668;False
F26;beta;1;bas;-2.365803501058449;0.3941534524641601;-0.008971329160195801;0.0025948022532144748;1624;687;False
F26;beta;1;rap;1.0730118792276664;-0.758892192999857;0.013091967126784619;-0.014285261790791617;1624;687;False
F26;beta;3;bas;-1.3479866582028126;0.8239143590319137;-0.008243825681039502;0.007557838838694455;1621;685;False
F26;beta;3;rap;0.12908082293398465;1.0923968432256899;0.0015479238127161655;0.020147670064587786;1621;685;False
F26;beta;9;bas;0.76548060925971;-0.3585362798417562;0.006598492206835752;-0.004298644961001597;1614;685;False
F26;beta;9;rap;-1.0343355522377136;-1.0128271256405006;-0.012017804984112895;-0.017956367073937572;1614;685;False
F26;beta;27;bas;-6.43802706920548e-05;1.4599891725818306;-6.830293210704852e-07;0.02407491384810828;1599;668;False
F26;beta;27;rap;-1.053613079313488;-0.4962945567147587;-0.011406082959270846;-0.008450822587007868;1599;668;False
F26;delta;1;bas;-0.27385950041252166;-0.1606994028861623;-0.0009232518623978893;-0.0007858734746073614;1624;687;True
F26;delta;1;rap;1.016835304608939;-0.8630477346637332;0.012449909857681392;-0.01643284268320331;1624;687;True
F26;delta;3;bas;-0.45228967619050664;1.0700339273207584;-0.0021305821880303016;0.008310228206589386;1621;685;True
F26;delta;3;rap;0.8005937716198447;-0.02002068518187068;0.009794672600710985;-0.00037533759305536296;1621;685;True
F26;delta;9;bas;-0.63164549987329;0.45674296208117715;-0.0040167595235826355;0.004503590034653344;1614;685;True
F26;delta;9;rap;-0.14981608489457096;-2.216899416984393;-0.0017945378973271944;-0.04073430424321461;1614;685;True
F26;delta;27;bas;0.309618467090931;-0.39864809144742314;0.0025988959794693766;-0.005076692191768585;1599;668;True
F26;delta;27;rap;-0.4415702757181291;-0.4164355366368039;-0.00503745344305509;-0.007399808831861687;1599;668;True
F26;epsilon;1;bas;0.9310065911088408;-0.14232176822247533;0.005587318391444741;-0.0012328436186024073;1624;687;False
F26;epsilon;1;rap;1.2207636864723792;0.4497568083382083;0.014658750762956438;0.00823901717258666;1624;687;False
F26;epsilon;3;bas;0.1464009372216846;0.6404325794485933;0.0011922567044865967;0.008170341691486525;1621;685;False
F26;epsilon;3;rap;0.038045159348062685;2.616215208977435;0.0004444821308499894;0.04743913683967598;1621;685;False
F26;epsilon;9;bas;1.685981891421781;0.8745455492868406;0.017765411598750915;0.014060304884048755;1614;685;False
F26;epsilon;9;rap;0.5791376169650881;-0.3613857285961333;0.006165644926977009;-0.0060739176622498494;1614;685;False
F26;epsilon;27;bas;0.021119215620183998;-0.3468150908158969;0.00023448554396489186;-0.0062359021381897155;1599;668;False
F26;epsilon;27;rap;0.7069288880912734;0.27285069943501145;0.006894831136285499;0.004252322304387539;1599;668;False
F26;gamma;1;bas;-0.6496792002937165;1.0555035537350095;-0.003202961827135885;0.007596609043564087;1624;687;False
F26;gamma;1;rap;1.4895102814842383;0.10111055330831879;0.01813187156184184;0.0018998238792306886;1624;687;False
F26;gamma;3;bas;-0.22080945623237283;1.4628314912287363;-0.001599791465479799;0.014724345690762398;1621;685;False
F26;gamma;3;rap;1.3181139144623968;0.3565990228718053;0.01572996970990922;0.006549471038033677;1621;685;False
F26;gamma;9;bas;0.7672295199689747;0.023889004661680303;0.007169708529732508;0.00032277463440818734;1614;685;False
F26;gamma;9;rap;-0.12720112033224998;0.36700909767325424;-0.0014411837801813548;0.006612636206630303;1614;685;False
F26;gamma;27;bas;-0.8365310028945026;1.53310976559715;-0.009299712106306727;0.026791687537490005;1599;668;False
F26;gamma;27;rap;-0.14024524070577346;-0.6563543394895355;-0.0014728605045551185;-0.011184674669526518;1599;668;False
F27;alpha;1;bas;-1.7571075367191333;-0.5678876073429309;-0.014191049097557256;-0.006787469130981821;1284;571;False
F27;alpha;1;rap;0.42723755225271043;1.229294338820271;0.005643136050599707;0.024665774057600686;1284;571;False
F27;alpha;3;bas;-1.2086366953906587;-1.88236273437796;-0.013486026965949234;-0.029359046467902553;1281;571;False
F27;alpha;3;rap;-0.25218062789047946;0.991627268456627;-0.003127829310867015;0.019058524400627767;1281;571;False
F27;alpha;9;bas;0.09865199619395354;-1.7970394424752714;0.0012975095913094743;-0.034705493669886435;1275;567;False
F27;alpha;9;rap;1.7751863199792675;0.5663545971448329;0.020160947022450717;0.010149194134809716;1275;567;False
F27;alpha;27;bas;0.12290430611694514;-0.7898138943453836;0.0011644094250572788;-0.011901540841356471;1254;564;False
F27;alpha;27;rap;0.5576278710122917;-1.151020778552152;0.006544648398334706;-0.02022686199434812;1254;564;False
F27;beta;1;bas;0.1468000796456543;-0.17067407245233682;0.0007729591739332199;-0.0012720672818650439;1284;571;False
F27;beta;1;rap;-0.9616617970558489;2.0632837710679097;-0.013228065454211034;0.04210550151030827;1284;571;False
F27;beta;3;bas;0.01828857929321012;-0.5330923245934914;0.0001334925409055417;-0.005618562161975085;1281;571;False
F27;beta;3;rap;-0.7008364368211295;0.3698556630664196;-0.009505389663446936;0.007523553314512804;1281;571;False
F27;beta;9;bas;-0.16187280220799283;-0.6797171811086297;-0.0015598286332871053;-0.009296426966315226;1275;567;False
F27;beta;9;rap;-0.11926293585431713;0.3294659282922891;-0.0015410291980204667;0.006704936755847318;1275;567;False
F27;beta;27;bas;0.016378268167488465;-0.5438552194717426;0.00019410591502213627;-0.009409460695694217;1254;564;False
F27;beta;27;rap;0.4895686291031793;-0.8942142892471645;0.005898186554458415;-0.016465842193951946;1254;564;False
F27;delta;1;bas;-1.2746827649981747;-0.4822626988225024;-0.004952948505620799;-0.0027149426486353994;1284;571;False
F27;delta;1;rap;-1.5209802276506261;0.03521091764521979;-0.021256467524257232;0.0007283132135467288;1284;571;False
F27;delta;3;bas;0.1625421778833778;-0.4557823361313918;0.000946221264686604;-0.0037529278574716493;1281;571;False
F27;delta;3;rap;-0.15958972015831416;-1.020737069798734;-0.00222593865275628;-0.02105139646403868;1281;571;False
F27;delta;9;bas;2.045289418671021;0.2845106227703342;0.016809710003043037;0.0031459639080035208;1275;567;False
F27;delta;9;rap;0.1368776599298452;-0.2338013843110808;0.0018596846152828083;-0.004794216217227969;1275;567;False
F27;delta;27;bas;0.9647199634581612;1.0168041346801895;0.009405030032641735;0.01363571470688143;1254;564;False
F27;delta;27;rap;1.0060136671239652;-1.4797293199650992;0.012921711299858722;-0.029793925046919634;1254;564;False
F27;epsilon;1;bas;0.7915048159180432;0.6326867491513342;0.0054044032167663274;0.006604930929767889;1284;571;False
F27;epsilon;1;rap;-0.5126163316302774;2.1682584002269696;-0.006956148570922513;0.044251408692555894;1284;571;False
F27;epsilon;3;bas;0.7338412274144008;-0.1513010018910189;0.006808576930315265;-0.002127230094740362;1281;571;False
F27;epsilon;3;rap;-0.8343500952069415;1.1119391816852704;-0.01117811140802381;0.021905807539429084;1281;571;False
F27;epsilon;9;bas;0.06609636058435639;-1.0093173528065655;0.0007792829813428435;-0.01776995006786022;1275;567;False
F27;epsilon;9;rap;1.2729683127734377;0.03310980027734128;0.01577220634611419;0.000609396834720211;1275;567;False
F27;epsilon;27;bas;1.3388811471668767;-0.24358378317802715;0.01677494635762186;-0.00460517615704897;1254;564;False
F27;epsilon;27;rap;1.4327274230147404;-0.7489735045122036;0.016588926395183987;-0.012803993210190772;1254;564;False
F27;gamma;1;bas;0.04449838646363981;1.3431386001318357;0.0002641406985974877;0.012150656363369079;1284;571;False
F27;gamma;1;rap;-0.8236377633891514;2.080532983302291;-0.011239696962159998;0.04248334696899041;1284;571;False
F27;gamma;3;bas;-0.14786012904152762;0.8758509434388181;-0.0011747769680212252;0.009902849092268018;1281;571;False
F27;gamma;3;rap;-0.6278746104759473;0.6518531109874957;-0.008470467325832308;0.013084750254277001;1281;571;False
F27;gamma;9;bas;1.1903729010036992;-0.4979475631271298;0.012803839029541882;-0.007059418425556949;1275;567;False
F27;gamma;9;rap;0.2936144826654789;-1.0568241674320953;0.0037680199449430982;-0.020519673925570303;1275;567;False
F27;gamma;27;bas;1.2089398327568945;0.6768216347153639;0.015224937642222035;0.012381796479770049;1254;564;False
F27;gamma;27;rap;1.4017891564156857;-0.08316828549352417;0.016286532507678253;-0.0014342216114745644;1254;564;False
F28;alpha;1;bas;-0.4486081878131062;0.75855770684549;-0.0030048310963540427;0.00809615630874277;1499;694;False
F28;alpha;1;rap;1.8079051677436615;1.5719548400062562;0.02200653053960021;0.02787698800589943;1499;694;False
F28;alpha;3;bas;1.1265867575903983;0.8668932615122354;0.010710498487935661;0.012341714289836232;1495;693;False
F28;alpha;3;rap;0.09322484434358788;0.3984459629315528;0.0010583792428773995;0.006707384951364067;1495;693;False
F28;alpha;9;bas;0.8658379072038724;-0.39984058951318086;0.010284859470347739;-0.006948518271147858;1492;692;False
F28;alpha;9;rap;-0.48347896243875965;1.1779642993085755;-0.004925280294238669;0.018118409364340594;1492;692;False
F28;alpha;27;bas;0.27725266365981555;-0.1237131833660032;0.0025226260274284736;-0.00173023775271235;1475;682;False
F28;alpha;27;rap;-0.07770482530179951;0.4834877485595101;-0.0008200354048574731;0.0075137161216896915;1475;682;False
F28;beta;1;bas;0.7509636820059358;0.14845162377247376;0.0034378720272113207;0.000958167571284532;1499;694;False
F28;beta;1;rap;0.038404057822730715;0.3280744416082592;0.0004888905258599625;0.006120993988825111;1499;694;False
F28;beta;3;bas;0.4041011711495439;-0.30938968333375955;0.0026106468066291423;-0.0027407447376170007;1495;693;False
F28;beta;3;rap;-0.8248225264635485;-1.1255942359378015;-0.010320139305953756;-0.02080206246487988;1495;693;False
F28;beta;9;bas;0.23172520367892;-1.1550280365334968;0.001988281567246382;-0.013614845038744135;1492;692;False
F28;beta;9;rap;0.3811549671691126;-1.134740012226151;0.004514017728377209;-0.020327970245127478;1492;692;False
F28;beta;27;bas;0.3441689920580874;-1.1105872678388706;0.0038058481486338944;-0.017140231701900176;1475;682;False
F28;beta;27;rap;-0.058171335902352836;-0.31982244465023524;-0.0006443667935472851;-0.005295983782858532;1475;682;False
F28;delta;1;bas;-0.5991794034291623;0.9549448541656747;-0.0020259294943862746;0.005413170573310869;1499;694;False
F28;delta;1;rap;1.0629591115245938;0.3498164291719402;0.013664592695517104;0.006582024843900451;1499;694;False
F28;delta;3;bas;0.48737533295188085;1.75476087017899;0.002452164417937322;0.014057398143306775;1495;693;False
F28;delta;3;rap;2.0578660173294168;0.06438055849986651;0.026155498930441737;0.0012112256633450328;1495;693;False
F28;delta;9;bas;-0.17782619040074943;0.9852991658984768;-0.0011927561120463203;0.009287976632530148;1492;692;False
F28;delta;9;rap;1.0898736945571381;-2.018058809282055;0.013682209012235314;-0.03781164908283688;1492;692;False
F28;delta;27;bas;-0.09229132613920586;0.019888246121988994;-0.000797373947635599;0.0002339231625052276;1475;682;False
F28;delta;27;rap;1.3768117407389986;-0.39176290216456394;0.016316847602187285;-0.006877831710942259;1475;682;False
F28;epsilon;1;bas;-0.04729338160398427;0.9697409292213583;-0.0002742269628457118;0.008705548457269894;1499;694;False
F28;epsilon;1;rap;2.5311216005533153;0.7897198266946779;0.03179517949381481;0.014626680780037272;1499;694;False
F28;epsilon;3;bas;1.7314595879995691;0.558956961807365;0.014550510196415923;0.006686823926644285;1495;693;False
F28;epsilon;3;rap;1.044076099456338;-0.32334169284868713;0.012650616771202732;-0.005792117158967857;1495;693;False
F28;epsilon;9;bas;0.7452120394484538;0.3356284807666354;0.008106911966948852;0.00512114114667408;1492;692;False
F28;epsilon;9;rap;0.005832852973035466;-0.7479190970437439;6.346164721311805e-05;-0.012544767254691667;1492;692;False
F28;epsilon;27;bas;0.3323015355838932;0.43338317945527377;0.003891858042134804;0.007552560766767003;1475;682;False
F28;epsilon;27;rap;0.30044541006658126;-0.3627153252882588;0.003020730718800217;-0.00537522827054377;1475;682;False
F28;gamma;1;bas;0.20633359623956876;1.69203930792041;0.0010882529801829362;0.012417584341486258;1499;694;False
F28;gamma;1;rap;0.289575230429756;-0.1100840723217575;0.003667855612989437;-0.0020389435934624503;1499;694;False
F28;gamma;3;bas;-0.34996089840265115;-0.10211660117520086;-0.0025460074482624214;-0.0009574247122008925;1495;693;False
F28;gamma;3;rap;0.1324532846320797;-0.07236925428749426;0.0016371072136104421;-0.0013181611902575658;1495;693;False
F28;gamma;9;bas;-0.3603673357042266;-1.5299695882081719;-0.0034251561657902673;-0.019412897164449747;1492;692;False
F28;gamma;9;rap;1.3142224165432397;0.09844540854878489;0.015141349362583585;0.0017338860836232327;1492;692;False
F28;gamma;27;bas;-0.8741824914430154;-0.5404592685376766;-0.010157933323131694;-0.009098246869232537;1475;682;False
F28;gamma;27;rap;-0.43388827894286874;-0.869449556770461;-0.004471069529508135;-0.013692764987181048;1475;682;False
F29;alpha;1;bas;0.532941260587546;-1.7181485493309423;0.0055969402255744245;-0.02414889269897704;842;355;False
F29;alpha;1;rap;-1.9210111627832287;0.03008213481328689;-0.031681171912223485;0.0007878826312719642;842;355;False
F29;alpha;3;bas;2.6648623519325323;-1.113298987016305;0.0395659560511171;-0.0231967479946733;842;353;False
F29;alpha;3;rap;-0.44244602829779556;0.877932645395156;-0.006882246516680736;0.02193001104869652;842;353;False
F29;alpha;9;bas;3.6459883129176482;0.1463488362846967;0.058522191888040906;0.0035837514025759977;832;353;False
F29;alpha;9;rap;-1.5036317723558525;-0.4912996496049808;-0.02062918384666978;-0.010700175617211241;832;353;False
F29;alpha;27;bas;1.12071932150232;1.6647224323770649;0.01248966293220248;0.028762785400437016;822;341;False
F29;alpha;27;rap;0.3936759993691291;-0.4761039227349886;0.005643080383555539;-0.011239515468939464;822;341;False
F29;beta;1;bas;0.09752856048084642;-0.1029493026012541;0.0006432565035848293;-0.0008673920914966294;842;355;False
F29;beta;1;rap;-0.208379327665715;0.26523898684288627;-0.0035706558703783803;0.006948728685572456;842;355;False
F29;beta;3;bas;0.63125906232403;2.454963243997684;0.005984046508821045;0.03444362214939241;842;353;False
F29;beta;3;rap;-0.45246598338533156;1.1511217449692177;-0.007694252880906872;0.030403596815019102;842;353;False
F29;beta;9;bas;0.8467127164997755;0.8179803057555071;0.010483295673851102;0.013366825811548199;832;353;False
F29;beta;9;rap;-1.1661936595065947;-1.4710545320249613;-0.019081410506854635;-0.036417091572827756;832;353;False
F29;beta;27;bas;-0.3964391205476242;-0.8102462720993503;-0.005857994851345073;-0.017528659967685458;822;341;False
F29;beta;27;rap;-1.278115702683539;1.2150460835205519;-0.019574239255073473;0.027914722158686577;822;341;False
F29;delta;1;bas;0.6342489149750759;0.9724822310020941;0.003036534901076535;0.007792415991350756;842;355;False
F29;delta;1;rap;0.06040156013934751;-0.35184180778016544;0.0010392777262987214;-0.009305061752932576;842;355;False
F29;delta;3;bas;0.9571280929973208;0.6140436913236821;0.006462267501564783;0.006742210843411684;842;353;False
F29;delta;3;rap;-0.6464793155208477;0.6392370858393961;-0.011103339742644805;0.01679667471582077;842;353;False
F29;delta;9;bas;-0.20520565020511072;0.7391288175852826;-0.0018405839359308706;0.010411179941475848;832;353;False
F29;delta;9;rap;-2.7576582359184405;0.8739211287095717;-0.04682984979341983;0.022640298566245914;832;353;False
F29;delta;27;bas;-0.5984190733625037;-0.46671880932093085;-0.0071494546043270385;-0.008149263249517005;822;341;False
F29;delta;27;rap;-3.0283673438187275;0.005442496080329583;-0.05031385683994463;0.00012978095986690167;822;341;False
F29;epsilon;1;bas;0.5847803423150767;0.4602895869341063;0.004947902429708706;0.006298263927681713;842;355;False
F29;epsilon;1;rap;-0.5576420457418401;0.5798457363176249;-0.009371211864825842;0.015293475610604453;842;355;False
F29;epsilon;3;bas;1.6046310268102086;-0.4522268082042409;0.018775235695124334;-0.008014603489589515;842;353;False
F29;epsilon;3;rap;0.053724967797299975;1.088876853179117;0.0008875978709487259;0.026942220441220244;842;353;False
F29;epsilon;9;bas;1.2435114841717183;0.06111513863047443;0.01824724824720791;0.0013989903581081897;832;353;False
F29;epsilon;9;rap;0.5552731114022573;1.0987972476135903;0.00821717781047704;0.025198666217480337;832;353;False
F29;epsilon;27;bas;0.14690652304047086;0.46146258739129425;0.002249785487742935;0.010924697308803308;822;341;False
F29;epsilon;27;rap;0.21060463455622289;-1.1934026053083755;0.0029793053659437287;-0.02493670841810779;822;341;False
F29;gamma;1;bas;-0.47192051534061047;-0.5315264810169269;-0.0033625474900311775;-0.004915177285239971;842;355;False
F29;gamma;1;rap;-0.2627237467190193;-0.4607648490788046;-0.004442488136859709;-0.012163934121234172;842;355;False
F29;gamma;3;bas;1.5698637250886804;0.6665396365842446;0.016410072023408145;0.009158258911990527;842;353;False
F29;gamma;3;rap;0.2842609000760848;-0.4547797215384013;0.004753382555417852;-0.01157805234273298;842;353;False
F29;gamma;9;bas;2.149353831412164;-0.4297076655916674;0.02707808853529326;-0.007752065156796633;832;353;False
F29;gamma;9;rap;-1.542729933920013;0.2482137913786521;-0.024411581892356447;0.006207402957492021;832;353;False
F29;gamma;27;bas;0.4093298667026765;-0.9155505247034385;0.006016543412994797;-0.02130636716631914;822;341;False
F29;gamma;27;rap;0.121278268727904;-0.016388572414358062;0.0017903776162523197;-0.00036688296606038036;822;341;False
F30;alpha;1;bas;-0.13224975505725417;1.3414328710386065;-0.000936808550066204;0.014190879837474695;1490;651;False
F30;alpha;1;rap;-0.08795102056257088;1.5134512541207534;-0.0010870166045087244;0.027758874578768675;1490;651;False
F30;alpha;3;bas;-1.0390158483430878;0.5015915706904565;-0.010120904699136419;0.0073613296325087075;1486;648;False
F30;alpha;3;rap;-0.6069667081598269;1.6321152928821805;-0.006813525561119013;0.02820596916749051;1486;648;False
F30;alpha;9;bas;-1.9699845896503227;1.368660387983581;-0.023802917758062397;0.024650682720466898;1480;645;False
F30;alpha;9;rap;-0.01939092164002646;-0.4158842143091122;-0.00019306447934633366;-0.006453920984431018;1480;645;False
F30;alpha;27;bas;-0.8780786838541348;-1.4518427761246022;-0.008152643067601216;-0.021967356706786043;1460;639;False
F30;alpha;27;rap;0.6894109929481975;-2.0881320183715366;0.007412185436956569;-0.03296217252793079;1460;639;False
F30;beta;1;bas;0.3359270535430509;1.1482207300084883;0.00154803274480269;0.008010344765223462;1490;651;False
F30;beta;1;rap;-1.1210548216378244;0.10332860775719888;-0.014282894444612632;0.0020153550804872023;1490;651;False
F30;beta;3;bas;-0.4901351216873641;1.0675292004486365;-0.0030254029954973364;0.00945783412046193;1486;648;False
F30;beta;3;rap;-1.5794504460256928;1.2443609473412571;-0.019905169174829002;0.023708850147757175;1486;648;False
F30;beta;9;bas;-1.1696762311532463;0.9651705517728388;-0.009989390837405594;0.011326685150464432;1480;645;False
F30;beta;9;rap;0.661289978318072;-1.43624462346388;0.007955406003041064;-0.02613919214834793;1480;645;False
F30;beta;27;bas;-0.8757133429821805;0.6587852713844294;-0.009575160529314317;0.01047145883264508;1460;639;False
F30;beta;27;rap;0.46790611022620476;-2.220608084553988;0.005266487535704596;-0.03619133834157294;1460;639;False
F30;delta;1;bas;-0.8600799252864962;-0.6002225458546342;-0.002865671679047079;-0.003006444324099202;1490;651;False
F30;delta;1;rap;-0.7564263185281179;-0.21371372844791453;-0.009741489234850019;-0.004161690421454084;1490;651;False
F30;delta;3;bas;-1.8490987247893542;0.021248767622389492;-0.009006587672052653;0.0001565635414206208;1486;648;False
F30;delta;3;rap;-0.4472816976336591;0.6337815944435893;-0.00571034027383564;0.012323292991011248;1486;648;False
F30;delta;9;bas;-1.288235516712559;0.28180370124627124;-0.008902335539226224;0.0026461122660583285;1480;645;False
F30;delta;9;rap;-0.1388329608942081;-2.163025536562326;-0.001752366523378522;-0.041528148016702245;1480;645;False
F30;delta;27;bas;-0.9703121797245083;-0.006186336945502009;-0.00878120919187369;-7.7645728535993e-05;1460;639;False
F30;delta;27;rap;1.4838849261663003;-1.9822494704121973;0.017778182862089525;-0.03694778530812183;1460;639;False
F30;epsilon;1;bas;-1.4331494731122136;-0.022454707726535524;-0.008673604497281185;-0.00020345821910494833;1490;651;False
F30;epsilon;1;rap;-0.15158181624575154;0.7191778078163219;-0.0019046412532386567;0.013548855023123365;1490;651;False
F30;epsilon;3;bas;-0.643143451861642;-0.055538914502100536;-0.005541789858463217;-0.0007007084718306032;1486;648;False
F30;epsilon;3;rap;-0.8247661231724857;2.8925169871880683;-0.009826978815361015;0.05211825503261798;1486;648;False
F30;epsilon;9;bas;-0.48109700706583947;0.7957021360796093;-0.005141733850399684;0.012816773754900486;1480;645;False
F30;epsilon;9;rap;0.19952229993090206;-0.9036994317621774;0.0022225938486897115;-0.014717948458207349;1480;645;False
F30;epsilon;27;bas;-2.204999234511454;-0.8663159079878133;-0.02616077381492005;-0.015596339777705387;1460;639;False
F30;epsilon;27;rap;-0.15147778098696782;-1.8857029547212663;-0.0015405113747877655;-0.0287709600940919;1460;639;False
F30;gamma;1;bas;-2.488042288459635;0.39388640623620447;-0.011143693913202515;0.00298256472187516;1490;651;False
F30;gamma;1;rap;-0.44388158375325765;-0.6544969016982205;-0.005670590232252023;-0.01261002514669839;1490;651;False
F30;gamma;3;bas;-2.8050147133355545;0.476468956965567;-0.018280243720141923;0.00498201609687647;1486;648;False
F30;gamma;3;rap;-1.0047545293148659;0.9051184357465006;-0.012490258989137576;0.01695594840728131;1486;648;False
F30;gamma;9;bas;-0.783261765172492;0.561448515496382;-0.0074393856713907665;0.007583994696876554;1480;645;False
F30;gamma;9;rap;0.8706969229323216;-1.1134657806808776;0.01022077485799735;-0.020228047061972836;1480;645;False
F30;gamma;27;bas;-0.6445578997539612;-0.7916642117944153;-0.007418027801304889;-0.01355281288569621;1460;639;False
F30;gamma;27;rap;-0.40142078669994313;-1.388964453398222;-0.0043472851947232004;-0.021722370072740395;1460;639;False
F31;alpha;1;bas;-1.099730965173153;0.4203013182418159;-0.007471109662176584;0.004316623190226293;1438;619;False
F31;alpha;1;rap;-0.5151321250799807;0.53541291728674;-0.0064099091417625315;0.010123852750329251;1438;619;False
F31;alpha;3;bas;-0.6598394052367008;0.006019325171629196;-0.006351408983233862;8.501971919343952e-05;1435;618;False
F31;alpha;3;rap;1.042880816399463;1.3601941404669091;0.011998381060119257;0.024008489430547897;1435;618;False
F31;alpha;9;bas;-0.5440783429344542;1.0145109753564343;-0.006601452567705015;0.018777631052437314;1426;615;False
F31;alpha;9;rap;1.2025128502109965;-0.19672440911019443;0.012553734296899523;-0.003139789298964883;1426;615;False
F31;alpha;27;bas;2.1179636686441903;0.590503524419917;0.01870540138694521;0.008541132660460594;1409;606;False
F31;alpha;27;rap;-0.6365871698837221;0.5728232475645907;-0.006842691559104269;0.009530797585359149;1409;606;False
F31;beta;1;bas;-1.7076363263634446;-1.3240650165667511;-0.007337463084460654;-0.008447789422113652;1438;619;False
F31;beta;1;rap;0.03308253962504654;0.0025346294881570205;0.00042977280740283256;5.010371771018813e-05;1438;619;False
F31;beta;3;bas;-1.9884525346406343;0.7219531579770025;-0.012569372707143858;0.007504845780603288;1435;618;False
F31;beta;3;rap;0.7566471200566601;1.4151829804031788;0.009672698935653418;0.027536555338425955;1435;618;False
F31;beta;9;bas;-1.024356322241195;1.01153711222226;-0.00863284688433079;0.01291362184285161;1426;615;False
F31;beta;9;rap;-0.4233504416311096;0.610916666970311;-0.005220801006243392;0.011360213588333716;1426;615;False
F31;beta;27;bas;0.5519160501456026;1.1017685257632115;0.006180504074963333;0.01814551046429237;1409;606;False
F31;beta;27;rap;0.6702515274303698;0.8847604140648859;0.007619647685326231;0.015150534467542375;1409;606;False
F31;delta;1;bas;-0.6703743493197953;0.9695508818996508;-0.002304884178706557;0.006231850205021079;1438;619;False
F31;delta;1;rap;0.43522197495010423;-0.3240640368294635;0.005699608281097711;-0.006495460256107207;1438;619;False
F31;delta;3;bas;-0.04642011613707886;0.04055635422609866;-0.0002381390664714091;0.0003340643523201915;1435;618;False
F31;delta;3;rap;0.738053753420035;-0.589964681346272;0.009609989889103426;-0.011661382381259707;1435;618;False
F31;delta;9;bas;-2.7614893569685335;1.1085264469820506;-0.017959891126883454;0.012331067223871449;1426;615;False
F31;delta;9;rap;-0.03466765026687132;0.8549919487927717;-0.0004419622189761558;0.016496115529084653;1426;615;False
F31;delta;27;bas;-0.3576227569761579;0.6185211856684079;-0.003240262054957246;0.008644258057065807;1409;606;False
F31;delta;27;rap;1.001780986047955;0.8324296582783758;0.012239326058341948;0.01541501608492696;1409;606;False
F31;epsilon;1;bas;-1.443356647202647;0.11754400347248982;-0.008239473987160314;0.0010843290680935774;1438;619;False
F31;epsilon;1;rap;0.4395593978781277;-0.27360431715360845;0.005609053339546231;-0.005283194436331609;1438;619;False
F31;epsilon;3;bas;-0.8864138443940311;-0.5511225141358417;-0.007165296000703815;-0.006823075744007016;1435;618;False
F31;epsilon;3;rap;-0.24282205428903875;0.35158596083769755;-0.0029437349351625485;0.006492907528480293;1435;618;False
F31;epsilon;9;bas;-0.4621346027376863;0.18018071250750786;-0.004992293850804855;0.002992588285321594;1426;615;False
F31;epsilon;9;rap;0.6211624479466543;1.175023775724768;0.0068849112944311;0.019669587500887327;1426;615;False
F31;epsilon;27;bas;-0.3350904342197502;-0.2930612653601874;-0.004028957751509971;-0.005490714509592782;1409;606;False
F31;epsilon;27;rap;0.5482045707252151;0.41120235085979856;0.005944173871647076;0.006523458464446093;1409;606;False
F31;gamma;1;bas;0.22863642699672046;-0.10382625431652306;0.0012275681990218828;-0.0008147742582256386;1438;619;False
F31;gamma;1;rap;0.03991018844880146;1.0060539415706922;0.0005156094536364187;0.019927782493321732;1438;619;False
F31;gamma;3;bas;-0.503255384807387;1.1651953562137536;-0.003619246774697669;0.013386949668689276;1435;618;False
F31;gamma;3;rap;-0.10212170214057803;2.655874097956447;-0.0012754970200973853;0.05144588095100487;1435;618;False
F31;gamma;9;bas;-0.4656079639540999;1.679507329893098;-0.00438802892008701;0.02380351957026598;1426;615;False
F31;gamma;9;rap;-0.7465581349700398;1.2089635537617338;-0.008871380887172499;0.021627193529313832;1426;615;False
F31;gamma;27;bas;1.7670017988532891;0.635576716241456;0.02065346507765116;0.011483061417455788;1409;606;False
F31;gamma;27;rap;-0.3645874320446474;1.3468712173836148;-0.0039657545070973885;0.02079509365233181;1409;606;False
F32;alpha;1;bas;-3.0233096742293406;-1.7126574668981038;-0.01826232998598551;-0.01291245593900534;555;282;False
F32;alpha;1;rap;2.3117507203200396;0.9448878416731971;0.043702995201411264;0.02512004144120466;555;282;False
F32;alpha;3;bas;-5.213652193899952;-4.460220566736866;-0.049502398479727115;-0.05089062737630783;554;282;False
F32;alpha;3;rap;2.114749386160255;1.1876081207869105;0.03223307394697923;0.026378357208391597;554;282;False
F32;alpha;9;bas;-8.150409296240074;-5.1251007389436225;-0.13246048937973665;-0.11488940824015127;554;281;False
F32;alpha;9;rap;5.25569565022915;0.5360871386585946;0.05722477893502825;0.009281869746244932;554;281;False
F32;alpha;27;bas;-1.8226935019004198;-0.536083945372216;-0.0321947946867897;-0.013566585333738876;543;280;False
F32;alpha;27;rap;1.6413307488468705;2.6168925838826973;0.022375167440929215;0.04714626092422699;543;280;False
F32;beta;1;bas;0.8580351600502202;0.19691251382457214;0.006336300767410441;0.002045673205344057;555;282;False
F32;beta;1;rap;-0.4274974597503247;-0.5720658550315774;-0.008865577730219365;-0.01674103349318527;555;282;False
F32;beta;3;bas;0.4199511429833614;-0.26526245829537265;0.003973857028796245;-0.003636394647446324;554;282;False
F32;beta;3;rap;2.113964442903515;-0.41024514160940606;0.04213154909539248;-0.011755436546939134;554;282;False
F32;beta;9;bas;-3.455395806610506;-2.9030586446746143;-0.037986028116995;-0.04978287424216672;554;281;False
F32;beta;9;rap;2.0240847768256303;-0.9952883002414138;0.03657516965881264;-0.02754124016758087;554;281;False
F32;beta;27;bas;-3.548755468057894;-2.7929749841252245;-0.054728287632173994;-0.06512782156568694;543;280;False
F32;beta;27;rap;1.854056215874005;0.7136406639975224;0.03227186049773681;0.017094701116399085;543;280;False
F32;delta;1;bas;-0.422720194330805;1.5894698710648483;-0.00236625878420554;0.019083916645902227;555;282;False
F32;delta;1;rap;-0.0075460178183414705;0.5933486226875648;-0.00015859140782813265;0.017733161517376528;555;282;False
F32;delta;3;bas;-0.8426196955149147;2.370056952402258;-0.006880794226071162;0.03816322812933552;554;282;False
F32;delta;3;rap;-0.3121989824761247;-0.42200325280748696;-0.006572485599695031;-0.012673760832350228;554;282;False
F32;delta;9;bas;-2.3593279438782306;2.70176422531426;-0.02398025028227338;0.051014767005680646;554;281;False
F32;delta;9;rap;1.1883174988398089;-1.0590544537728166;0.023505718131664282;-0.030738458676740684;554;281;False
F32;delta;27;bas;-3.518214383163811;-0.14975711521315785;-0.04779169388714793;-0.0028045782595342407;543;280;False
F32;delta;27;rap;-0.7374340433798683;1.1766076503745828;-0.014234977203793808;0.03009736049466984;543;280;False
F32;epsilon;1;bas;-1.0192471621180141;-1.9010408737318785;-0.007666142474085002;-0.01669800308462471;555;282;False
F32;epsilon;1;rap;1.797196155816616;0.42896844117213345;0.0357600667438938;0.01211677228843063;555;282;False
F32;epsilon;3;bas;-2.4264616551449687;-3.110939620120614;-0.026226803657865675;-0.03891267667466077;554;282;False
F32;epsilon;3;rap;2.77030330864187;-0.2286005481770465;0.0487090691458984;-0.0063107576453297854;554;282;False
F32;epsilon;9;bas;-4.5564493221203;-4.651485680204854;-0.06826967207289111;-0.08522899873783608;554;281;False
F32;epsilon;9;rap;5.849384282549099;0.04210551304333948;0.08199322062408357;0.0009335779543865658;554;281;False
F32;epsilon;27;bas;-3.144763658330939;-3.6035201861545567;-0.06169195650936343;-0.10601495344716094;543;280;False
F32;epsilon;27;rap;3.1926326592466507;3.718111303074318;0.04704470851472619;0.06469780313988294;543;280;False
F32;gamma;1;bas;0.39139114320135043;-0.27602984666291414;0.0030011204820021157;-0.002551836893848874;555;282;False
F32;gamma;1;rap;0.4603162345892843;0.2509967029779092;0.009472999028847648;0.007261885791227392;555;282;False
F32;gamma;3;bas;-1.7288208515055583;-1.1737792761680914;-0.016893117822718788;-0.014854247107042595;554;282;False
F32;gamma;3;rap;2.211751704229267;-0.8690276540252744;0.042616829854909014;-0.02434048222720184;554;282;False
F32;gamma;9;bas;-4.42809067428127;-1.0024532810895492;-0.05452594072758986;-0.018172073278093698;554;281;False
F32;gamma;9;rap;3.8784224913514165;-1.2243221310787893;0.06761174282119771;-0.03236344171276953;554;281;False
F32;gamma;27;bas;-3.29336917787506;-1.6169791121586115;-0.05614846278641889;-0.0407174866520456;543;280;False
F32;gamma;27;rap;2.32487095126543;0.09631528559843132;0.0393742858011032;0.0016216861511262083;543;280;False
F33;alpha;1;bas;0.038280915938704155;-2.324912161842214;0.0002632249382434132;-0.020274203538140887;1483;697;False
F33;alpha;1;rap;-0.2493999550747813;-0.29380472694923676;-0.00306219907607895;-0.0052698514892135576;1483;697;False
F33;alpha;3;bas;1.014392447480435;-2.1834281577063273;0.009774265752233597;-0.029818122251386938;1480;693;False
F33;alpha;3;rap;0.0340727513538495;1.1566852069953497;0.000385059617097539;0.01875943830083851;1480;693;False
F33;alpha;9;bas;1.27930184428387;0.9479899906150432;0.015427687737663977;0.017082912910147678;1476;688;False
F33;alpha;9;rap;-1.4074808041899047;-1.1998267872977673;-0.014280346854814557;-0.017508300977478426;1476;688;False
F33;alpha;27;bas;3.222613873605035;-0.8447772216361179;0.0272553942650738;-0.012441472364370704;1460;677;False
F33;alpha;27;rap;-2.255780073171676;0.9525499908360826;-0.023534996732632804;0.01475213024269967;1460;677;False
F33;beta;1;bas;-0.526864844901565;1.6680804650371817;-0.0023243170565532783;0.011021263524437677;1483;697;False
F33;beta;1;rap;0.2931913638361234;-0.18259866318517076;0.003757128035989705;-0.003428891229466474;1483;697;False
F33;beta;3;bas;-0.3007458251969339;0.46121276510085285;-0.001901580123991242;0.00372098416859429;1480;693;False
F33;beta;3;rap;0.6008873374896102;0.9044178023005621;0.00752237127148703;0.016876433803763385;1480;693;False
F33;beta;9;bas;0.3902916377918026;0.7448187078903691;0.00337587894930201;0.008404921059311175;1476;688;False
F33;beta;9;rap;-0.14779893752746992;0.5826258208590108;-0.0018093946929477404;0.010241476226733798;1476;688;False
F33;beta;27;bas;-0.14107982117656412;-0.5729697347509586;-0.0015777637650410674;-0.008505935319785319;1460;677;False
F33;beta;27;rap;-1.4608315025507235;1.5233601844876477;-0.01649417384526963;0.024528995526015045;1460;677;False
F33;delta;1;bas;-0.7094052552840026;0.4705253334427843;-0.002354766163502156;0.002338313223942799;1483;697;False
F33;delta;1;rap;0.23295938217551102;0.26206937604213115;0.003006956347211587;0.004952034436207541;1483;697;False
F33;delta;3;bas;-0.8979494508839442;0.5148149912153395;-0.0042340292867420245;0.0037770736471599902;1480;693;False
F33;delta;3;rap;0.46026329210552525;0.05329669471613441;0.0058983903808961504;0.0009913525268440805;1480;693;False
F33;delta;9;bas;-0.8143775633394844;-0.3934766201726108;-0.005396435805850151;-0.003699083324662596;1476;688;False
F33;delta;9;rap;0.9317084304630311;-1.0883937534434194;0.011844902865930191;-0.02004049375804495;1476;688;False
F33;delta;27;bas;0.015261719151099523;-3.194164013065953;0.00013463564554095904;-0.03558941756587625;1460;677;False
F33;delta;27;rap;0.48972132922121414;-0.6418772069291095;0.005883181201734406;-0.011164705810401432;1460;677;False
F33;epsilon;1;bas;-0.9764784585660057;0.4098512840793045;-0.005421458151158836;0.0034950408498383638;1483;697;True
F33;epsilon;1;rap;-0.771886122040035;-0.5624876302284378;-0.009733493371151277;-0.010352417346741716;1483;697;True
F33;epsilon;3;bas;-1.0928602715483682;-0.3435946805231368;-0.008783751420954243;-0.0037738866259008916;1480;693;True
F33;epsilon;3;rap;-0.6558872919924652;1.5588730150083019;-0.00785459058442846;0.02713584741136274;1480;693;True
F33;epsilon;9;bas;0.4831695544236158;0.5395605669076917;0.005265163547865928;0.008353053129030868;1476;688;True
F33;epsilon;9;rap;0.7022222822625068;1.1305214907047418;0.007834593291935345;0.01836371094913382;1476;688;True
F33;epsilon;27;bas;1.0807127069070823;-0.8197607846113091;0.012728606631709074;-0.014339816385215106;1460;677;True
F33;epsilon;27;rap;-2.293179944852123;1.456704136739621;-0.023476268862132364;0.020759833793465375;1460;677;True
F33;gamma;1;bas;0.9613120391830966;1.5323322608263839;0.005137019637901348;0.011296858762911054;1483;697;False
F33;gamma;1;rap;0.08254550466990732;-0.07287606995036366;0.001052286468337147;-0.001349741828529211;1483;697;False
F33;gamma;3;bas;0.011866469665444657;0.4102477223023076;8.514241059288813e-05;0.003909117385446276;1480;693;False
F33;gamma;3;rap;0.0737726606710434;0.4166372582157397;0.0009130890288579151;0.007500421123144901;1480;693;False
F33;gamma;9;bas;-0.9781670732378073;1.0879130878145291;-0.009166476860168015;0.01472598605391031;1476;688;False
F33;gamma;9;rap;-1.43404234866527;1.0262825484428872;-0.016864309675444757;0.017440319437037867;1476;688;False
F33;gamma;27;bas;0.8942079774014416;0.5810262085558735;0.010531695466202636;0.009874798624069463;1460;677;False
F33;gamma;27;rap;-0.33001645762951065;0.44062347850641925;-0.0034988726891788647;0.006404312739336407;1460;677;False
F34;alpha;1;bas;2.3978108221318903;-0.13003432385872135;0.020018089416506336;-0.001422616945711481;1418;609;False
F34;alpha;1;rap;-0.8878365267036618;0.17005462029981777;-0.011289227639364355;0.0032848033101209435;1418;609;False
F34;alpha;3;bas;2.1182385279519456;-0.3743780650389512;0.023255073388292198;-0.005942617567661344;1416;608;False
F34;alpha;3;rap;-0.5087776209915904;-1.9929604754206631;-0.006061851930139006;-0.036111875561638;1416;608;False
F34;alpha;9;bas;1.6463846605699182;-0.11243272257380173;0.020818661579888435;-0.00217379160849118;1408;604;False
F34;alpha;9;rap;-1.9003194753419315;-0.6845930638923188;-0.02150482934738697;-0.011713913876653752;1408;604;False
F34;alpha;27;bas;0.06244510183141383;0.30816122516071415;0.0005592790269962587;0.004400502782424064;1383;593;False
F34;alpha;27;rap;-1.100155675591264;-0.49408014456842947;-0.012747323996075881;-0.00884734191258128;1383;593;False
F34;beta;1;bas;0.5388817638066188;-1.3917516324878025;0.0025981045744241436;-0.008837076395597557;1418;609;False
F34;beta;1;rap;-0.023737172332085128;-0.22013721395011512;-0.0003129907837210735;-0.004394811988334776;1418;609;False
F34;beta;3;bas;1.4942698874699771;-2.115596006823986;0.010238748527869953;-0.01973188721051061;1416;608;False
F34;beta;3;rap;0.9514184640523313;-2.210849259985961;0.012320245354745022;-0.04416472821306782;1416;608;False
F34;beta;9;bas;1.300968006070226;0.33921321255431436;0.011376657525691074;0.004653608493065473;1408;604;False
F34;beta;9;rap;-2.2822702855258417;-0.771224800595696;-0.02901801632200786;-0.014621958803146727;1408;604;False
F34;beta;27;bas;-0.2115866023826677;-1.5011973091712516;-0.0023287933450496278;-0.025539667474430323;1383;593;False
F34;beta;27;rap;-1.8732952904154512;0.8047894769914602;-0.021719020140808176;0.014650205042116156;1383;593;False
F34;delta;1;bas;1.0137417069296093;0.06788062542258737;0.003999593440562769;0.0003354032513061385;1418;609;False
F34;delta;1;rap;-0.34183452152984745;-0.1331665515045726;-0.004505737318631421;-0.0026972424847787023;1418;609;False
F34;delta;3;bas;1.628502560481088;-1.5457652786851317;0.009273637915130799;-0.009776219221845456;1416;608;False
F34;delta;3;rap;-0.14329609817110361;-1.153994901015032;-0.001870023224186927;-0.023440813056221494;1416;608;False
F34;delta;9;bas;1.428596932767085;-0.36938347287869705;0.010796933661425255;-0.003794422900928968;1408;604;False
F34;delta;9;rap;-2.349675963880747;-0.27919796172612904;-0.030083577344006737;-0.00552928538197178;1408;604;False
F34;delta;27;bas;0.5325210238202037;-0.42004551269346413;0.004963142715527176;-0.005873362489097585;1383;593;False
F34;delta;27;rap;-0.7607028884014488;-0.7030145880068533;-0.009397537001552948;-0.013721455056370306;1383;593;False
F34;epsilon;1;bas;1.3966184450780235;0.6838687810004905;0.009593251289833845;0.00670344839419263;1418;609;False
F34;epsilon;1;rap;-1.2308063508974163;-0.09175133285290599;-0.015899690059274517;-0.0018221107676452267;1418;609;False
F34;epsilon;3;bas;1.2419964666752858;0.1527450979111307;0.011333994086274533;0.0019848526499379065;1416;608;False
F34;epsilon;3;rap;-1.3436422819986704;-1.5826471014800116;-0.016707972580993134;-0.03058436518234203;1416;608;False
F34;epsilon;9;bas;0.731547607202605;0.5672059822598291;0.008518901274735707;0.009341444391160681;1408;604;False
F34;epsilon;9;rap;-2.8897736199931914;-0.23731015752392634;-0.0338444598314209;-0.004267085933217217;1408;604;False
F34;epsilon;27;bas;0.3782506312342523;-0.5038451468049873;0.00455194995362796;-0.00928502289162374;1383;593;False
F34;epsilon;27;rap;-0.9765060797886331;-0.35205241951348976;-0.010747759834381615;-0.006129716428553713;1383;593;False
F34;gamma;1;bas;-1.4089989986332605;0.15255960296665708;-0.007475334496744271;0.0012534301151871864;1418;609;False
F34;gamma;1;rap;-0.0535590646500378;-1.0168534658250417;-0.0007010532317654783;-0.02029449588274529;1418;609;False
F34;gamma;3;bas;0.9451663556353842;-0.9160666876308358;0.007408347218182451;-0.009568040123728217;1416;608;False
F34;gamma;3;rap;0.4021462485426674;-0.8381666136076081;0.005150022634222226;-0.016823942524319777;1416;608;False
F34;gamma;9;bas;0.1624458616823571;-0.5698463592740693;0.0016325333791371707;-0.008272629081216076;1408;604;False
F34;gamma;9;rap;-2.7242907107862186;-1.384623923749736;-0.03308937762640434;-0.02633358885428056;1408;604;False
F34;gamma;27;bas;0.9754112331842177;-0.8720260731131162;0.011851260432083241;-0.015704647266805104;1383;593;False
F34;gamma;27;rap;-1.4349482554914588;2.255088788667388;-0.016017287972832184;0.04006232255087698;1383;593;False
F35;alpha;1;bas;-0.04313673043247661;-1.8055250414231356;-0.0002992398362166093;-0.017381083459350122;1523;654;False
F35;alpha;1;rap;0.5887504616273458;-0.28565350451739;0.0070538834891840626;-0.005208507758839125;1523;654;False
F35;alpha;3;bas;-0.08420548441789072;-1.327044828225845;-0.0007932548371524164;-0.018057780843340917;1520;654;False
F35;alpha;3;rap;-0.4638705676113913;0.7022497406267983;-0.00511815083048704;0.011997762294687214;1520;654;False
F35;alpha;9;bas;-1.2562830263916462;-0.9940288597477458;-0.014851743226096132;-0.0175808565469667;1514;651;False
F35;alpha;9;rap;1.3295756426212173;1.8162865304949922;0.012981300937258784;0.027777681895093755;1514;651;False
F35;alpha;27;bas;-0.7302828727117626;-0.47341799315223154;-0.006688893147525865;-0.006894871362244087;1494;643;False
F35;alpha;27;rap;-0.4743292008540929;0.04004166695664837;-0.0049399955542001744;0.0006081333893576568;1494;643;False
F35;beta;1;bas;-0.2629445171920762;1.2297517352707878;-0.0011676298366775717;0.008738206594637398;1523;654;False
F35;beta;1;rap;1.0331550501377278;1.5367773694293823;0.013039864537374938;0.02953985198834506;1523;654;False
F35;beta;3;bas;1.5502105313779209;1.1320603277716097;0.010086286482410695;0.010385123234330353;1520;654;False
F35;beta;3;rap;0.5515788122838335;1.283371492138396;0.006880487568049372;0.02405289108082305;1520;654;False
F35;beta;9;bas;1.1135771043314497;-0.2366001167701935;0.009623026234432546;-0.002754103131946533;1514;651;False
F35;beta;9;rap;0.5988001389854032;-0.13864206410873955;0.007091095657265518;-0.0024780878613201796;1514;651;False
F35;beta;27;bas;0.9473681436736007;0.10672609795486784;0.010044134679897405;0.0016934553530972424;1494;643;False
F35;beta;27;rap;-0.3334782357744174;0.7049513240105765;-0.0036570384021727925;0.011848118984176726;1494;643;False
F35;delta;1;bas;0.47507458245402356;1.3844104665476242;0.0017306895650377513;0.008139801915256565;1523;654;False
F35;delta;1;rap;0.4066133073642264;1.0148540283278222;0.00515714608668153;0.01975415710615229;1523;654;False
F35;delta;3;bas;1.5343393668121397;0.9296761596673134;0.008036908686749951;0.006965697006042607;1520;654;False
F35;delta;3;rap;1.3306647059288848;0.519207596091857;0.016806293968874265;0.01001482313852752;1520;654;False
F35;delta;9;bas;0.37884946618667065;0.29054936376813983;0.0025838061439707985;0.0026856396465720486;1514;651;False
F35;delta;9;rap;0.07545059462578672;0.5543616066756503;0.0009353160634666631;0.010531059876850496;1514;651;False
F35;delta;27;bas;0.794233251155591;0.09115272003866336;0.007006490659324134;0.0011166593988511202;1494;643;False
F35;delta;27;rap;0.5857290757798179;0.49140932552294936;0.006971481308151226;0.008997711354970487;1494;643;False
F35;epsilon;1;bas;-2.031490415974563;-2.9053098344016517;-0.011717317843589576;-0.02161678928555039;1523;654;False
F35;epsilon;1;rap;1.0782143070294556;-0.4064913970652849;0.013203224624369424;-0.007549534926980545;1523;654;False
F35;epsilon;3;bas;-0.37204435571184225;-1.244265580240781;-0.0031917457901229655;-0.014892580743438077;1520;654;False
F35;epsilon;3;rap;0.9229093146751891;1.2501568241562693;0.010824648980266813;0.02271108544584742;1520;654;False
F35;epsilon;9;bas;-1.3967437173303483;-0.7745260218908098;-0.014840400115334737;-0.012224218303758113;1514;651;False
F35;epsilon;9;rap;0.7843002568760681;0.26132599070012197;0.00844546825959867;0.004289880564947755;1514;651;False
F35;epsilon;27;bas;-0.7784695530057266;-0.39923047212975105;-0.009114880988796913;-0.007251693671814472;1494;643;False
F35;epsilon;27;rap;0.9638787633440168;-1.2449701084078353;0.009583505386911613;-0.019105366977878707;1494;643;False
F35;gamma;1;bas;-2.7560396876314233;-0.7456425291961424;-0.012672402475491276;-0.005213509093016616;1523;654;False
F35;gamma;1;rap;0.8866309543882049;2.4478454256895414;0.011066840293926187;0.0468460509753165;1523;654;False
F35;gamma;3;bas;-1.206849151383595;-0.4112574618181553;-0.008536177301496858;-0.003952547271912116;1520;654;False
F35;gamma;3;rap;0.5251041850966599;1.3943314696925764;0.006406284542941766;0.02576062811661045;1520;654;False
F35;gamma;9;bas;-0.028245076643752448;-0.22808189166082718;-0.0002700757643092876;-0.0030070310694542504;1514;651;False
F35;gamma;9;rap;1.1513752323160718;1.4667373030578508;0.013249586482526398;0.02616568999295048;1514;651;False
F35;gamma;27;bas;-0.5813163073887854;0.7088441280829934;-0.0065663788223640955;0.012072991134982296;1494;643;False
F35;gamma;27;rap;0.43927377435726156;-0.28185214043927725;0.004551664795474492;-0.004454399983654744;1494;643;False
F36;alpha;1;bas;1.2277697836514785;-0.625618871535622;0.010091321030325819;-0.0077737624355584505;1393;575;False
F36;alpha;1;rap;-0.19783132494347952;-2.5906310984190175;-0.002527755370196553;-0.05303224482129609;1393;575;False
F36;alpha;3;bas;0.30757679230560286;-0.8264440945167626;0.0033442565931253256;-0.013876734266878335;1392;575;False
F36;alpha;3;rap;-0.7622965762622692;-0.0495064212082731;-0.009252660958416883;-0.0009463057787341495;1392;575;False
F36;alpha;9;bas;-0.23770780675073508;-0.49443432366073414;-0.002990825152588965;-0.009632412958358436;1384;572;False
F36;alpha;9;rap;0.8744045338756986;0.19464394426854983;0.009521559027271635;0.0034090217702489696;1384;572;False
F36;alpha;27;bas;1.0895892752517493;-1.1808077716731138;0.009578090113371946;-0.018096154906657634;1361;563;False
F36;alpha;27;rap;0.17717341056655977;-3.0018610127242535;0.0020681433737641214;-0.05028549401422945;1361;563;False
F36;beta;1;bas;0.018210448131093505;-0.6649547816419532;9.070889062895513e-05;-0.0046674643990938245;1393;575;False
F36;beta;1;rap;-0.6624472561165438;-1.252259172231976;-0.008832409982575387;-0.025799547656153655;1393;575;False
F36;beta;3;bas;0.6484936457285009;-0.05952377266873773;0.004491816400438689;-0.000602018222117114;1392;575;False
F36;beta;3;rap;0.6702258735766298;-0.08200957381392962;0.00882222626363364;-0.0016677078091624216;1392;575;False
F36;beta;9;bas;0.1614360258472984;2.049635294836996;0.0014924309740629881;0.0279593326979117;1384;572;False
F36;beta;9;rap;0.8659100721282346;-0.7945980935431182;0.0110204040194002;-0.015811245399276426;1384;572;False
F36;beta;27;bas;0.943239105528835;0.8221595091676498;0.01059793601240705;0.014164334191748413;1361;563;False
F36;beta;27;rap;-0.16866769113888394;-2.336913397754631;-0.0020018356337236465;-0.04136284653373864;1361;563;False
F36;delta;1;bas;-1.6344450626564533;0.04636023549617305;-0.0057412726908679795;0.0002518942475751655;1393;575;False
F36;delta;1;rap;0.6609219717835942;0.4835277675324601;0.008780697881462783;0.010062597761437468;1393;575;False
F36;delta;3;bas;-1.7045272103546945;0.7019405153625866;-0.008723382322534157;0.005837310754306236;1392;575;False
F36;delta;3;rap;0.733563896482098;0.09882614475122292;0.009718999216628912;0.0020423372866223873;1392;575;False
F36;delta;9;bas;-1.7018271046731301;-0.37971715196142575;-0.01206830868828174;-0.003902721179880991;1384;572;False
F36;delta;9;rap;0.18736085094605184;0.7682134025825028;0.0024227110128178277;0.015692207930835613;1384;572;False
F36;delta;27;bas;-0.420359896733493;1.3041151989248843;-0.003851400391995927;0.018757758051796893;1361;563;False
F36;delta;27;rap;0.9365203478458319;-0.360603253693342;0.011624678360416018;-0.007054414619693828;1361;563;False
F36;epsilon;1;bas;0.17763724762203642;-0.7728154230247747;0.0011664818823709391;-0.007845822629540507;1393;575;False
F36;epsilon;1;rap;-1.824837661619401;-1.9696043010123412;-0.023893227804246214;-0.04053928515700135;1393;575;False
F36;epsilon;3;bas;0.44523380067634005;-0.9496716388298991;0.003995735339085614;-0.013085429139489246;1392;575;False
F36;epsilon;3;rap;-0.7034447844297587;-0.45359533488034065;-0.00885275725047103;-0.008708232162233636;1392;575;False
F36;epsilon;9;bas;-0.03298604000167061;-0.6387927916355941;-0.0003801063189525187;-0.011223272861848444;1384;572;False
F36;epsilon;9;rap;-0.34039417879026485;0.024871282519489626;-0.003993899367650149;0.0004466520092133527;1384;572;False
F36;epsilon;27;bas;0.3032308216780804;0.7497893564747045;0.0036121076088902354;0.014051336189931738;1361;563;False
F36;epsilon;27;rap;-0.0014000773575704143;-1.0434011399937428;-1.557352970497081e-05;-0.01718991880625971;1361;563;False
F36;gamma;1;bas;-0.41051540372613965;-1.1052027686352819;-0.002292596019298217;-0.008323421920263028;1393;575;False
F36;gamma;1;rap;-1.1315903957796418;-1.7607194522672982;-0.014972100511455538;-0.03636190075130904;1393;575;False
F36;gamma;3;bas;-2.101595326795518;-0.6748815503592076;-0.01538353796525668;-0.007736241232690354;1392;575;False
F36;gamma;3;rap;-1.0164430283077552;0.5536929639985532;-0.01303008883527766;0.010964637580168059;1392;575;False
F36;gamma;9;bas;-0.5677724593292017;-0.48644683076329365;-0.005794528589219204;-0.007275045268242267;1384;572;False
F36;gamma;9;rap;-0.49468196092531597;0.9177571496550252;-0.0061097422510377475;0.017419473160169695;1384;572;False
F36;gamma;27;bas;-0.8673596748850358;1.2618302130286827;-0.01062703331381003;0.02372879000052461;1361;563;False
F36;gamma;27;rap;-1.806942548270436;-0.5564707662231684;-0.019978868965261305;-0.009562713668191442;1361;563;False
