segment;pas;type;valeur;symbole;famille;capteur_appele;chaine_rang;chaine_somme;chaine_repli;capteur_appele_par_repli
S001;4;MAX;159.3947;53;F14;;1;53;53;
S001;5;MAX;159.3993;37;F19;;2;90;90;
S001;9;MAX;159.6654;10;F28;;3;100;100;gamma
S001;10;MAX;160.6468;5;F35;;4;105;105;
S001;12;MAX;160.7693;33;F30;;5;138;11;
S001;13;MAX;161.3400;16;F03;;6;154;27;gamma
S001;14;MAX;161.3474;55;F31;;7;209;82;
S001;15;MAX;161.4143;36;F33;epsilon;8;245;118;
S001;16;MAX;162.2697;18;F33;epsilon;9;263;9;
S001;17;MAX;162.2938;54;F12;;10;317;63;
S001;19;MAX;162.6295;50;F22;;11;367;113;
S001;20;MAX;162.7217;38;F22;;12;405;24;
S001;23;MAX;162.8061;27;F11;gamma;13;432;51;
S001;24;MAX;163.9984;13;F09;;14;445;64;
S001;27;MAX;164.1477;30;F36;;15;475;94;
S001;52;MIN;157.9830;4;F03;;1;4;4;
S001;55;MIN;157.8889;48;F17;;2;52;52;
S001;59;MIN;157.6458;27;F11;gamma;3;79;79;
S001;60;MIN;155.2266;13;F09;;4;92;92;
S001;92;MAX;165.0864;16;F03;;16;491;110;alpha
S001;93;MAX;165.7788;8;F16;;17;499;118;
S001;94;MAX;166.9912;4;F03;;18;503;122;
S001;98;MAX;167.4487;47;F35;;19;550;42;
S001;100;MAX;168.0816;20;F20;beta;20;570;62;
S001;101;MAX;168.3815;53;F14;;21;623;115;
S001;103;MAX;168.5783;45;F19;;22;668;33;
S001;120;MAX;168.8475;21;F26;delta;23;689;54;
S001;121;MAX;169.3547;10;F28;;24;699;64;
S001;122;MAX;169.3952;5;F35;;25;704;69;
S001;123;MAX;170.4175;2;F02;;26;706;71;
S001;125;MAX;170.6291;32;F02;;27;738;103;
S001;133;MAX;171.1908;14;F21;;28;752;117;
S001;134;MAX;171.3472;7;F27;;29;759;124;
S001;135;MAX;171.6253;3;F18;;30;762;0;
S001;136;MAX;172.1543;1;F01;;31;763;1;
S001;141;MAX;172.7487;8;F16;;32;771;9;
S001;144;MAX;173.0610;17;F06;alpha;33;788;26;
S001;150;MAX;173.2571;10;F28;;34;798;36;epsilon
S001;151;MAX;173.4384;5;F35;;35;803;41;
S001;158;MAX;174.2922;6;F17;;36;809;47;
S001;167;MAX;174.3533;11;F05;;37;820;58;
S001;168;MAX;174.5369;58;F13;;38;878;116;
S001;170;MAX;174.7528;46;F13;;39;924;35;
S001;512;MAX;175.7221;12;F15;;40;936;47;
S001;513;MAX;176.5705;6;F17;;41;942;53;
S001;514;MAX;177.9156;3;F18;;42;945;56;
S001;515;MAX;178.0487;62;F25;;43;1007;118;
S001;516;MAX;178.3898;32;F02;;44;1039;23;
S001;517;MAX;178.4384;16;F03;;45;1055;39;
S001;518;MAX;178.6551;55;F31;;46;1110;94;
S001;690;MAX;179.2188;10;F28;;47;1120;104;
S001;702;MAX;179.4502;43;F26;delta;48;1163;20;beta
S001;770;MAX;180.1605;36;F33;epsilon;49;1199;56;
S001;771;MAX;180.1644;45;F19;;50;1244;101;
S001;793;MAX;180.3881;6;F17;;51;1250;107;beta
S001;794;MAX;180.5744;3;F18;;52;1253;110;alpha
S001;795;MAX;181.8868;1;F01;;53;1254;111;
S001;800;MAX;182.1619;59;F06;alpha;54;1313;43;delta
S001;801;MAX;182.2358;34;F10;;55;1347;77;
S001;802;MAX;182.5792;17;F06;alpha;56;1364;94;
S001;805;MAX;182.6162;18;F33;epsilon;57;1382;112;
S001;810;MAX;183.9158;44;F23;;58;1426;29;
S001;811;MAX;184.6432;22;F08;;59;1448;51;
S001;812;MAX;186.2529;11;F05;;60;1459;62;
S001;819;MAX;186.9698;21;F26;delta;61;1480;83;
S001;821;MAX;187.6443;5;F35;;62;1485;88;
S001;846;MAX;187.9053;2;F02;;63;1487;90;
S002;1;MAX;168.1497;32;F02;;1;32;32;
S002;4;MIN;166.2634;59;F06;alpha;1;59;59;alpha
S002;11;MIN;166.0227;59;F06;alpha;2;118;118;
S002;15;MIN;165.5683;44;F23;;3;162;35;
S002;17;MIN;165.1813;20;F20;beta;4;182;55;
S002;18;MIN;165.0218;10;F28;;5;192;65;
S002;19;MIN;164.7810;58;F13;;6;250;123;
S002;22;MIN;164.1205;8;F16;;7;258;4;
S002;25;MIN;164.0621;17;F06;alpha;8;275;21;delta
S002;26;MIN;163.5825;8;F16;;9;283;29;
S002;27;MIN;163.5238;59;F06;alpha;10;342;88;
S002;56;MAX;168.4581;17;F06;alpha;2;49;49;
S002;58;MAX;168.9420;36;F33;epsilon;3;85;85;
S002;59;MAX;168.9945;45;F19;;4;130;3;
S002;60;MAX;170.7971;41;F14;;5;171;44;
S002;62;MAX;170.9737;21;F26;delta;6;192;65;
S002;215;MAX;171.4269;5;F35;;7;197;70;
S002;216;MAX;171.4868;61;F30;;8;258;4;
S002;217;MAX;171.5665;33;F30;;9;291;37;
S002;218;MAX;171.8384;47;F35;;10;338;84;delta
S002;221;MAX;171.9524;10;F28;;11;348;94;
S002;222;MAX;173.7363;5;F35;;12;353;99;
S002;227;MAX;173.7639;20;F20;beta;13;373;119;
S002;235;MAX;173.8312;30;F36;;14;403;22;
S002;472;MAX;173.8635;8;F16;;15;411;30;
S002;477;MAX;174.3824;40;F28;;16;451;70;
S002;478;MAX;174.6886;20;F20;beta;17;471;90;
S002;479;MAX;174.7590;10;F28;;18;481;100;gamma
S002;482;MAX;174.7901;46;F13;;19;527;19;gamma
S002;486;MAX;174.9329;37;F19;;20;564;56;
S002;487;MAX;174.9589;45;F19;;21;609;101;
S002;489;MAX;176.0967;20;F20;beta;22;629;121;
S002;490;MAX;176.5059;10;F28;;23;639;4;
S002;496;MAX;176.9657;18;F33;epsilon;24;657;22;
S002;497;MAX;177.2691;54;F12;;25;711;76;
S002;506;MAX;177.8853;26;F23;;26;737;102;
S002;522;MAX;178.1751;54;F12;;27;791;29;
S002;524;MAX;178.5139;50;F22;;28;841;79;
S002;536;MAX;178.7640;17;F06;alpha;29;858;96;
S002;537;MAX;178.7885;55;F31;;30;913;24;
S002;539;MAX;179.6256;50;F22;;31;963;74;
S002;549;MAX;179.7365;23;F05;;32;986;97;
S002;594;MAX;179.7746;0;F32;;33;986;97;
S002;650;MAX;179.9808;40;F28;;34;1026;10;
S002;659;MAX;180.0030;25;F24;;35;1051;35;
S002;660;MAX;180.1889;12;F15;;36;1063;47;
S002;764;MAX;180.3130;8;F16;;37;1071;55;
S002;765;MAX;180.5351;4;F03;;38;1075;59;alpha
S002;766;MAX;180.6545;2;F02;;39;1077;61;
S002;767;MAX;180.6767;62;F25;;40;1139;123;
S002;770;MAX;181.1147;56;F21;;41;1195;52;
S002;771;MAX;181.5255;28;F07;;42;1223;80;
S002;772;MAX;182.2564;49;F34;;43;1272;2;
S002;779;MAX;182.3381;19;F11;gamma;44;1291;21;delta
S003;2;MAX;173.9421;41;F14;;1;41;41;
S003;3;MAX;174.7621;43;F26;delta;2;84;84;delta
S003;5;MAX;175.0177;21;F26;delta;3;105;105;
S003;6;MAX;175.3872;53;F14;;4;158;31;
S003;7;MAX;175.7431;26;F23;;5;184;57;
S003;8;MAX;175.8170;50;F22;;6;234;107;beta
S003;9;MAX;176.2453;38;F22;;7;272;18;epsilon
S003;10;MAX;176.3476;19;F11;gamma;8;291;37;
S003;11;MAX;176.5324;9;F31;;9;300;46;
S003;16;MAX;177.0665;20;F20;beta;10;320;66;
S003;18;MAX;177.1015;37;F19;;11;357;103;
S003;62;MAX;177.4788;34;F10;;12;391;10;
S003;63;MAX;177.8526;17;F06;alpha;13;408;27;gamma
S003;64;MAX;177.8600;55;F31;;14;463;82;
S003;65;MAX;178.6500;36;F33;epsilon;15;499;118;
S003;66;MAX;179.5039;18;F33;epsilon;16;517;9;
S003;67;MAX;180.3231;9;F31;;17;526;18;epsilon
S003;198;MIN;172.0088;51;F24;;1;51;51;
S003;263;MIN;171.6891;3;F18;;2;54;54;
S003;267;MIN;171.3351;40;F28;;3;94;94;
S003;268;MIN;171.1122;20;F20;beta;4;114;114;
S003;269;MIN;170.3078;10;F28;;5;124;124;
S003;270;MIN;170.0923;5;F35;;6;129;2;
S003;274;MIN;167.7066;24;F15;;7;153;26;
S003;525;MIN;167.5833;26;F23;;8;179;52;
S003;863;MAX;181.9607;5;F35;;18;531;23;
S003;864;MAX;185.1905;2;F02;;19;533;25;
S003;870;MAX;185.8331;2;F02;;20;535;27;gamma
S003;959;MAX;186.1972;17;F06;alpha;21;552;44;
S003;960;MAX;186.4442;8;F16;;22;560;52;
S003;962;MAX;186.5454;34;F10;;23;594;86;
S003;980;MAX;186.5532;59;F06;alpha;24;653;18;epsilon
S003;982;MAX;186.8247;49;F34;;25;702;67;
S003;1053;MAX;192.9466;23;F05;;26;725;90;
S003;1073;MAX;192.9832;9;F31;;27;734;99;
S003;1084;MIN;167.2106;3;F18;;9;182;55;
S003;1085;MIN;161.3139;1;F01;;10;183;56;
S003;1087;MIN;161.1346;0;F32;;11;183;56;
S003;1088;MIN;156.0513;0;F32;;12;183;56;
S003;1089;MIN;155.4289;63;F01;;13;246;119;
S003;1090;MIN;155.4168;32;F02;;14;278;24;
S003;1092;MIN;154.7011;55;F31;;15;333;79;
S003;1093;MIN;151.9622;36;F33;epsilon;16;369;115;
S003;1113;MIN;150.2518;22;F08;;17;391;10;
S003;1114;MIN;149.1296;11;F05;;18;402;21;delta
S003;1146;MIN;148.4037;41;F14;;19;443;62;
S003;1147;MIN;146.8101;20;F20;beta;20;463;82;
S003;1150;MIN;146.3619;18;F33;epsilon;21;481;100;gamma
S003;1151;MIN;145.4299;9;F31;;22;490;109;epsilon
S003;1155;MIN;142.5568;24;F15;;23;514;6;
S003;1157;MIN;138.3946;38;F22;;24;552;44;
S003;1158;MIN;137.9547;44;F23;;25;596;88;
S003;1160;MIN;137.5050;20;F20;beta;26;616;108;gamma
S003;1161;MIN;137.3249;53;F14;;27;669;34;
S003;1163;MIN;136.5458;45;F19;;28;714;79;
S003;1164;MIN;136.0677;41;F14;;29;755;120;
S003;1165;MIN;135.8117;43;F26;delta;30;798;36;epsilon
S003;1167;MIN;135.4095;53;F14;;31;851;89;
S003;1168;MIN;133.4864;26;F23;;32;877;115;
S003;1169;MIN;132.2373;13;F09;;33;890;1;
S003;1170;MIN;130.0197;6;F17;;34;896;7;
S003;1178;MIN;129.3736;43;F26;delta;35;939;50;
S004;1;MAX;154.8065;1;F01;;1;1;1;
S004;2;MAX;156.5305;0;F32;;2;1;1;
S004;3;MAX;157.9157;0;F32;;3;1;1;
S004;4;MAX;157.9787;0;F32;;4;1;1;
S004;5;MAX;158.5412;0;F32;;5;1;1;
S004;6;MAX;160.4107;0;F32;;6;1;1;
S004;13;MAX;160.6717;7;F27;;7;8;8;
S004;16;MAX;160.9957;16;F03;;8;24;24;
S004;18;MAX;161.0856;59;F06;alpha;9;83;83;
S004;21;MAX;161.5100;24;F15;;10;107;107;beta
S004;30;MAX;163.1045;19;F11;gamma;11;126;126;
S004;31;MAX;163.9941;9;F31;;12;135;8;
S004;32;MAX;164.2621;4;F03;;13;139;12;
S004;33;MAX;164.4706;61;F30;;14;200;73;
S004;35;MAX;164.7806;48;F17;;15;248;121;
S004;44;MAX;165.4563;9;F31;;16;257;3;
S004;49;MAX;166.4996;12;F15;;17;269;15;
S004;51;MAX;166.6225;35;F04;;18;304;50;
S004;53;MAX;166.8325;40;F28;;19;344;90;
S004;54;MAX;166.9341;20;F20;beta;20;364;110;alpha
S004;60;MAX;170.4708;58;F13;;21;422;41;
S004;62;MAX;170.8695;46;F13;;22;468;87;
S004;63;MAX;171.8174;23;F05;;23;491;110;alpha
S004;64;MAX;171.8886;52;F08;;24;543;35;
S004;71;MAX;172.0909;22;F08;;25;565;57;
S004;133;MAX;172.5993;0;F32;;26;565;57;
S004;531;MIN;151.7319;4;F03;;1;4;4;
S004;532;MIN;151.1450;2;F02;;2;6;6;
S004;533;MIN;150.7182;1;F01;;3;7;7;
S004;536;MIN;149.0553;16;F03;;4;23;23;
S004;537;MIN;148.0591;8;F16;;5;31;31;
S004;538;MIN;147.4943;4;F03;;6;35;35;
S004;540;MIN;145.9566;33;F30;;7;68;68;alpha
S004;550;MIN;145.8041;19;F11;gamma;8;87;87;
S004;551;MIN;145.6882;9;F31;;9;96;96;
S004;552;MIN;145.1463;59;F06;alpha;10;155;28;
S004;652;MIN;144.9094;16;F03;;11;171;44;
S004;655;MIN;144.6982;50;F22;;12;221;94;
S004;656;MIN;143.8144;25;F24;;13;246;119;
S004;657;MIN;143.2862;12;F15;;14;258;4;
S004;660;MIN;142.5210;49;F34;;15;307;53;
S004;661;MIN;141.3731;24;F15;;16;331;77;
S004;667;MIN;140.5990;59;F06;alpha;17;390;9;
S004;669;MIN;140.1778;49;F34;;18;439;58;
S004;670;MIN;138.7825;24;F15;;19;463;82;
S004;671;MIN;138.1111;12;F15;;20;475;94;
S004;672;MIN;137.7921;6;F17;;21;481;100;gamma
S004;710;MIN;137.5393;60;F36;;22;541;33;
S004;711;MIN;137.4887;33;F30;;23;574;66;
S004;844;MIN;137.0149;28;F07;;24;602;94;
S004;855;MIN;136.3917;41;F14;;25;643;8;
S004;929;MIN;135.3255;17;F06;alpha;26;660;25;
S004;930;MIN;134.1636;8;F16;;27;668;33;
S004;931;MIN;134.0201;4;F03;;28;672;37;
S004;932;MIN;133.1635;2;F02;;29;674;39;
S004;933;MIN;132.4435;62;F25;;30;736;101;
S004;938;MIN;131.3251;14;F21;;31;750;115;
S004;954;MIN;130.9774;16;F03;;32;766;4;
S004;979;MIN;130.6238;0;F32;;33;766;4;
S004;984;MIN;130.5149;44;F23;;34;810;48;
S004;994;MIN;130.4238;7;F27;;35;817;55;
S004;995;MIN;130.1943;3;F18;;36;820;58;
S004;996;MIN;127.7725;1;F01;;37;821;59;alpha
S004;1012;MIN;127.6488;59;F06;alpha;38;880;118;
S004;1015;MIN;127.5916;40;F28;;39;920;31;
S004;1017;MIN;127.4348;10;F28;;40;930;41;
S004;1142;MIN;126.5604;6;F17;;41;936;47;
S004;1144;MIN;126.5522;62;F25;;42;998;109;epsilon
S004;1145;MIN;126.2900;32;F02;;43;1030;14;
S004;1146;MIN;125.2114;16;F03;;44;1046;30;
S004;1148;MIN;124.9111;59;F06;alpha;45;1105;89;
S004;1150;MIN;124.6808;17;F06;alpha;46;1122;106;delta
S004;1151;MIN;124.1347;8;F16;;47;1130;114;
S004;1152;MIN;123.5127;4;F03;;48;1134;118;
S004;1158;MIN;122.7417;34;F10;;49;1168;25;
S004;1172;MIN;122.5379;39;F09;;50;1207;64;
S004;1382;MIN;121.6739;4;F03;;51;1211;68;alpha
S004;1385;MIN;121.6447;15;F27;;52;1226;83;
S004;1393;MIN;121.1818;42;F29;;53;1268;125;
S004;1394;MIN;119.7741;21;F26;delta;54;1289;19;gamma
S004;1405;MIN;119.6185;22;F08;;55;1311;41;
S004;1425;MIN;117.4615;8;F16;;56;1319;49;
S004;1428;MIN;117.3857;17;F06;alpha;57;1336;66;
S004;1429;MIN;117.3133;55;F31;;58;1391;121;
S004;1436;MIN;117.0352;57;F34;;59;1448;51;
S004;1437;MIN;116.8804;35;F04;;60;1483;86;
S005;1;MAX;121.2472;10;F28;;1;10;10;
S005;6;MIN;116.2393;3;F18;;1;3;3;
S005;7;MIN;115.9371;1;F01;;2;4;4;
S005;14;MIN;115.9340;56;F21;;3;60;60;
S005;18;MIN;115.9083;51;F24;;4;111;111;
S005;78;MIN;115.8675;51;F24;;5;162;35;
S005;80;MIN;115.7270;51;F24;;6;213;86;
S005;126;MIN;115.1249;38;F22;;7;251;124;
S005;127;MIN;114.2403;44;F23;;8;295;41;
S005;128;MIN;113.8595;22;F08;;9;317;63;
S005;134;MIN;113.6428;26;F23;;10;343;89;
S005;135;MIN;112.6054;13;F09;;11;356;102;
S005;136;MIN;112.5004;57;F34;;12;413;32;
S005;137;MIN;112.2973;35;F04;;13;448;67;
S005;170;MIN;112.0266;8;F16;;14;456;75;
S005;171;MIN;111.0798;4;F03;;15;460;79;
S005;182;MIN;111.0661;2;F02;;16;462;81;
S005;183;MIN;110.9106;1;F01;;17;463;82;
S005;184;MIN;110.0668;0;F32;;18;463;82;
S005;185;MIN;109.0675;0;F32;;19;463;82;
S005;186;MIN;108.9419;63;F01;;20;526;18;epsilon
S005;189;MIN;108.9143;39;F09;;21;565;57;
S005;194;MIN;108.7699;50;F22;;22;615;107;beta
S005;196;MIN;108.4646;19;F11;gamma;23;634;126;
S005;211;MIN;107.1152;20;F20;beta;24;654;19;gamma
S005;221;MIN;106.9043;18;F33;epsilon;25;672;37;
S005;222;MIN;105.8436;9;F31;;26;681;46;
S005;223;MIN;105.6510;59;F06;alpha;27;740;105;
S005;230;MIN;105.5510;58;F13;;28;798;36;epsilon
S005;234;MIN;105.5507;28;F07;;29;826;64;
S005;237;MIN;105.4149;51;F24;;30;877;115;
S005;238;MIN;100.9030;25;F24;;31;902;13;
S005;241;MIN;100.1659;19;F11;gamma;32;921;32;
S005;244;MIN;99.8508;18;F33;epsilon;33;939;50;
S005;255;MIN;99.2051;42;F29;;34;981;92;
S005;275;MIN;98.6231;8;F16;;35;989;100;gamma
S005;276;MIN;97.7499;4;F03;;36;993;104;
S005;280;MIN;97.5651;56;F21;;37;1049;33;
S005;281;MIN;96.4277;28;F07;;38;1077;61;
S005;284;MIN;96.0784;44;F23;;39;1121;105;
S005;290;MIN;96.0651;51;F24;;40;1172;29;
S005;291;MIN;95.7123;25;F24;;41;1197;54;
S005;293;MIN;95.6337;38;F22;;42;1235;92;
S005;294;MIN;92.9509;19;F11;gamma;43;1254;111;
S005;296;MIN;92.8941;59;F06;alpha;44;1313;43;delta
S005;297;MIN;92.8673;34;F10;;45;1347;77;
S005;300;MIN;92.0068;20;F20;beta;46;1367;97;
S005;305;MIN;91.7049;36;F33;epsilon;47;1403;6;
S005;307;MIN;91.5758;9;F31;;48;1412;15;
S006;1;MAX;102.8021;28;F07;;1;28;28;
S006;10;MAX;102.9102;26;F23;;2;54;54;
S006;11;MAX;104.1904;13;F09;;3;67;67;
S006;12;MAX;106.4566;6;F17;;4;73;73;
S006;13;MAX;106.6492;3;F18;;5;76;76;
S006;14;MAX;107.5256;1;F01;;6;77;77;
S006;15;MAX;108.4393;0;F32;;7;77;77;
S006;16;MAX;109.9750;0;F32;;8;77;77;
S006;17;MAX;110.6149;63;F01;;9;140;13;
S006;30;MAX;110.8242;26;F23;;10;166;39;
S006;36;MAX;111.4450;33;F30;;11;199;72;
S006;41;MAX;111.7753;57;F34;;12;256;2;
S006;43;MAX;112.8115;17;F06;alpha;13;273;19;gamma
S006;44;MAX;112.8201;8;F16;;14;281;27;gamma
S006;45;MAX;114.1073;4;F03;;15;285;31;
S006;46;MAX;114.3049;61;F30;;16;346;92;
S006;48;MAX;114.5457;48;F17;;17;394;13;
S006;49;MAX;115.9172;24;F15;;18;418;37;
S006;50;MAX;116.2253;12;F15;;19;430;49;
S006;51;MAX;117.7000;6;F17;;20;436;55;
S006;52;MAX;117.9878;60;F36;;21;496;115;
S006;55;MAX;121.3767;24;F15;;22;520;12;
S006;59;MAX;122.4134;9;F31;;23;529;21;delta
S006;60;MAX;130.3071;4;F03;;24;533;25;
S007;1;MAX;118.9782;22;F08;;1;22;22;
S007;6;MIN;116.6797;23;F05;;1;23;23;
S007;7;MIN;116.3358;11;F05;;2;34;34;
S007;8;MIN;115.6356;5;F35;;3;39;39;
S007;10;MIN;114.7826;1;F01;;4;40;40;
S007;11;MIN;114.3095;0;F32;;5;40;40;
S007;12;MIN;113.6977;0;F32;;6;40;40;
S007;14;MIN;113.6199;32;F02;;7;72;72;
S007;44;MAX;119.5360;12;F15;;2;34;34;
S007;45;MAX;120.0184;6;F17;;3;40;40;
S007;60;MAX;121.5311;29;F04;;4;69;69;
S007;77;MIN;112.5077;0;F32;;8;72;72;
S007;78;MIN;112.1635;0;F32;;9;72;72;
S007;79;MIN;111.2039;0;F32;;10;72;72;
S007;80;MIN;110.6982;0;F32;;11;72;72;
S007;93;MIN;109.6957;1;F01;;12;73;73;
S007;96;MIN;109.0870;0;F32;;13;73;73;
S007;97;MIN;106.8017;0;F32;;14;73;73;
S007;102;MIN;104.9753;20;F20;beta;15;93;93;
S007;103;MIN;104.7419;10;F28;;16;103;103;
S007;104;MIN;104.0029;5;F35;;17;108;108;gamma
S007;105;MIN;103.5236;2;F02;;18;110;110;alpha
S007;106;MIN;102.8869;62;F25;;19;172;45;
S007;109;MIN;102.6146;24;F15;;20;196;69;
S007;130;MIN;102.1684;33;F30;;21;229;102;
S007;131;MIN;102.1517;16;F03;;22;245;118;
S007;132;MIN;102.1380;55;F31;;23;300;46;
S007;179;MIN;101.2368;4;F03;;24;304;50;
S007;180;MIN;101.0559;2;F02;;25;306;52;
S007;181;MIN;100.1985;1;F01;;26;307;53;
S007;182;MIN;98.9701;0;F32;;27;307;53;
S007;183;MIN;98.7060;0;F32;;28;307;53;
S007;184;MIN;98.6978;63;F01;;29;370;116;
S007;186;MIN;98.4936;47;F35;;30;417;36;epsilon
S007;188;MIN;98.4279;11;F05;;31;428;47;
S007;191;MIN;98.3967;46;F13;;32;474;93;
S007;192;MIN;98.1914;40;F28;;33;514;6;
S007;197;MIN;97.9463;6;F17;;34;520;12;
S007;198;MIN;96.3709;3;F18;;35;523;15;
S007;199;MIN;95.6991;1;F01;;36;524;16;
S007;201;MIN;95.2494;32;F02;;37;556;48;
S007;202;MIN;95.1331;47;F35;;38;603;95;
S007;296;MIN;94.1233;0;F32;;39;603;95;
S007;298;MIN;93.1730;32;F02;;40;635;0;
S007;299;MIN;88.9089;16;F03;;41;651;16;
S007;369;MIN;88.1978;2;F02;;42;653;18;epsilon
S007;370;MIN;87.4261;1;F01;;43;654;19;gamma
S007;403;MIN;87.3658;41;F14;;44;695;60;
S007;408;MIN;87.1075;37;F19;;45;732;97;
S007;460;MIN;86.4894;5;F35;;46;737;102;
S007;461;MIN;86.4240;2;F02;;47;739;104;
S007;462;MIN;85.2567;1;F01;;48;740;105;
S007;463;MIN;85.2096;0;F32;;49;740;105;
S007;464;MIN;84.5977;0;F32;;50;740;105;
S007;470;MIN;83.9403;36;F33;epsilon;51;776;14;
S007;471;MIN;83.1079;18;F33;epsilon;52;794;32;
S007;472;MIN;82.6275;9;F31;;53;803;41;
S007;474;MIN;82.4902;29;F04;;54;832;70;
S007;476;MIN;81.7713;39;F09;;55;871;109;epsilon
S007;481;MIN;81.3990;18;F33;epsilon;56;889;0;
S007;482;MIN;80.0018;9;F31;;57;898;9;
S007;484;MIN;79.7536;34;F10;;58;932;43;delta
S007;487;MIN;79.5012;52;F08;;59;984;95;
S007;1418;MIN;76.9163;16;F03;;60;1000;111;
S007;1419;MIN;75.6587;8;F16;;61;1008;119;
S008;1;MAX;84.9669;20;F20;beta;1;20;20;beta
S008;2;MAX;85.2045;53;F14;;2;73;73;
S008;6;MAX;85.3201;52;F08;;3;125;125;
S008;7;MAX;87.2094;26;F23;;4;151;24;
S008;8;MAX;87.8061;50;F22;;5;201;74;
S008;25;MIN;80.6779;0;F32;;1;0;0;
S008;26;MIN;80.6681;63;F01;;2;63;63;
S008;60;MIN;79.3627;42;F29;;3;105;105;
S008;61;MIN;77.6714;21;F26;delta;4;126;126;
S008;62;MIN;76.1714;10;F28;;5;136;9;
S008;63;MIN;72.1843;5;F35;;6;141;14;
S008;64;MIN;71.1554;61;F30;;7;202;75;
S008;66;MIN;70.7711;16;F03;;8;218;91;epsilon
S008;150;MIN;70.3315;41;F14;;9;259;5;
S008;151;MIN;68.8845;43;F26;delta;10;302;48;
S008;157;MIN;68.6826;13;F09;;11;315;61;
S008;158;MIN;68.1096;6;F17;;12;321;67;
S008;159;MIN;67.4339;3;F18;;13;324;70;
S008;161;MIN;66.7213;0;F32;;14;324;70;
S008;162;MIN;65.6889;0;F32;;15;324;70;
S008;163;MIN;64.4597;0;F32;;16;324;70;
S008;197;MIN;64.2738;21;F26;delta;17;345;91;epsilon
S008;198;MIN;63.7751;53;F14;;18;398;17;alpha
S008;666;MIN;62.9119;3;F18;;19;401;20;beta
S008;673;MIN;62.7614;27;F11;gamma;20;428;47;
S008;674;MIN;61.6220;13;F09;;21;441;60;
S008;675;MIN;60.0151;6;F17;;22;447;66;
S008;676;MIN;58.8936;3;F18;;23;450;69;
S008;677;MIN;58.8435;62;F25;;24;512;4;
S008;727;MIN;58.3798;1;F01;;25;513;5;
S008;728;MIN;57.9029;63;F01;;26;576;68;alpha
S008;742;MIN;57.8457;46;F13;;27;622;114;
S008;743;MIN;57.7313;23;F05;;28;645;10;
S008;744;MIN;56.8285;11;F05;;29;656;21;delta
S008;745;MIN;47.4005;5;F35;;30;661;26;
S008;746;MIN;46.7264;61;F30;;31;722;87;
S008;769;MIN;45.4081;39;F09;;32;761;126;
S008;770;MIN;45.0491;19;F11;gamma;33;780;18;epsilon
S008;771;MIN;44.2252;9;F31;;34;789;27;gamma
S008;772;MIN;44.1346;59;F06;alpha;35;848;86;
S008;776;MIN;42.7902;12;F15;;36;860;98;
S008;778;MIN;41.3323;35;F04;;37;895;6;
S008;779;MIN;39.3442;17;F06;alpha;38;912;23;
S008;780;MIN;35.9977;8;F16;;39;920;31;
S008;781;MIN;33.2285;4;F03;;40;924;35;
S008;791;MIN;31.3897;17;F06;alpha;41;941;52;
S008;793;MIN;31.3076;27;F11;gamma;42;968;79;
S008;796;MIN;30.5962;51;F24;;43;1019;3;
S008;801;MIN;30.3947;22;F08;;44;1041;25;
S008;1083;MIN;28.7372;16;F03;;45;1057;41;
S008;1084;MIN;28.2261;55;F31;;46;1112;96;
S009;2;MIN;47.7942;36;F33;epsilon;1;36;36;epsilon
S009;4;MAX;49.9344;9;F31;;1;9;9;
S009;5;MAX;50.0636;4;F03;;2;13;13;
S009;6;MAX;50.2161;2;F02;;3;15;15;
S009;8;MAX;50.2686;32;F02;;4;47;47;
S009;9;MAX;50.4265;47;F35;;5;94;94;
S009;11;MAX;50.6537;43;F26;delta;6;137;10;
S009;13;MIN;46.7361;10;F28;;2;46;46;
S009;14;MIN;45.7147;5;F35;;3;51;51;
S009;15;MIN;45.0639;2;F02;;4;53;53;
S009;18;MIN;44.3894;0;F32;;5;53;53;
S009;21;MIN;44.3322;32;F02;;6;85;85;
S009;25;MIN;43.8323;10;F28;;7;95;95;
S009;26;MIN;43.6503;5;F35;;8;100;100;gamma
S009;27;MIN;42.3542;2;F02;;9;102;102;
S009;30;MIN;41.7174;32;F02;;10;134;7;
S009;31;MIN;41.5163;16;F03;;11;150;23;
S009;32;MIN;39.8837;8;F16;;12;158;31;
S009;33;MIN;39.6682;4;F03;;13;162;35;
S009;34;MIN;39.5079;2;F02;;14;164;37;
S009;35;MIN;38.0041;1;F01;;15;165;38;
S009;36;MIN;37.9613;63;F01;;16;228;101;
S009;38;MIN;37.7408;16;F03;;17;244;117;
S009;39;MIN;37.0242;8;F16;;18;252;125;
S009;40;MIN;37.0052;4;F03;;19;256;2;
S009;47;MIN;35.8324;3;F18;;20;259;5;
S009;97;MIN;35.2676;62;F25;;21;321;67;
S009;117;MIN;34.9933;57;F34;;22;378;124;
S009;118;MIN;33.4595;28;F07;;23;406;25;
S009;126;MIN;33.0721;15;F27;;24;421;40;
S009;127;MIN;32.7675;7;F27;;25;428;47;
S009;128;MIN;30.1457;3;F18;;26;431;50;
S009;133;MIN;29.6105;40;F28;;27;471;90;
S009;768;MAX;51.3274;0;F32;;7;137;10;
S009;773;MAX;51.8066;28;F07;;8;165;38;
S009;780;MAX;54.0145;30;F36;;9;195;68;alpha
S009;781;MAX;55.5938;15;F27;;10;210;83;
S009;782;MAX;57.4618;7;F27;;11;217;90;
S009;784;MAX;57.4773;30;F36;;12;247;120;
S009;922;MAX;60.0069;16;F03;;13;263;9;
S009;953;MAX;60.1835;2;F02;;14;265;11;
S009;954;MAX;60.4212;62;F25;;15;327;73;
S009;956;MAX;60.5729;16;F03;;16;343;89;
S009;957;MAX;60.8401;8;F16;;17;351;97;
S009;959;MAX;60.8522;61;F30;;18;412;31;
S009;961;MAX;60.9362;15;F27;;19;427;46;
S009;977;MAX;61.4003;8;F16;;20;435;54;
S009;1109;MAX;61.4656;18;F33;epsilon;21;453;72;
S010;1;MIN;49.5622;48;F17;;1;48;48;
S010;2;MIN;49.3109;39;F09;;2;87;87;
S010;4;MIN;48.9690;22;F08;;3;109;109;epsilon
S010;5;MIN;48.6714;52;F08;;4;161;34;
S010;14;MAX;51.8903;12;F15;;1;12;12;
S010;15;MAX;52.5138;6;F17;;2;18;18;epsilon
S010;16;MAX;52.5691;60;F36;;3;78;78;
S010;17;MAX;53.0432;33;F30;;4;111;111;
S010;18;MAX;53.4171;47;F35;;5;158;31;
S010;46;MAX;53.5501;2;F02;;6;160;33;
S010;58;MAX;53.7745;7;F27;;7;167;40;
S010;59;MAX;53.7843;60;F36;;8;227;100;gamma
S010;60;MAX;54.3207;33;F30;;9;260;6;
S010;61;MAX;55.7930;16;F03;;10;276;22;
S010;139;MIN;47.7993;26;F23;;5;187;60;
S010;140;MIN;47.6499;50;F22;;6;237;110;alpha
S010;142;MIN;47.2780;19;F11;gamma;7;256;2;
S010;143;MIN;46.8455;9;F31;;8;265;11;
S010;144;MIN;46.2826;4;F03;;9;269;15;
S010;145;MIN;45.8037;2;F02;;10;271;17;alpha
S010;153;MIN;44.7064;22;F08;;11;293;39;
S010;156;MIN;44.2575;2;F02;;12;295;41;
S010;157;MIN;42.3600;1;F01;;13;296;42;
S010;158;MIN;41.0067;0;F32;;14;296;42;
S010;161;MIN;40.8200;16;F03;;15;312;58;
S010;165;MIN;40.7352;54;F12;;16;366;112;
S010;166;MIN;40.6271;36;F33;epsilon;17;402;21;delta
S010;172;MIN;40.5773;49;F34;;18;451;70;
S010;173;MIN;38.7171;39;F09;;19;490;109;epsilon
S010;174;MIN;38.3013;19;F11;gamma;20;509;1;
S010;175;MIN;37.5863;9;F31;;21;518;10;
S010;417;MAX;56.6083;41;F14;;11;317;63;
S010;418;MAX;57.1342;43;F26;delta;12;360;106;delta
S010;421;MAX;57.4882;42;F29;;13;402;21;delta
S010;446;MAX;57.4906;13;F09;;14;415;34;
S010;447;MAX;58.9831;6;F17;;15;421;40;
S010;448;MAX;59.6899;60;F36;;16;481;100;gamma
S010;549;MAX;59.7521;63;F01;;17;544;36;epsilon
S010;550;MAX;60.4757;32;F02;;18;576;68;alpha
S010;559;MAX;62.5253;36;F33;epsilon;19;612;104;
S010;560;MAX;63.1484;45;F19;;20;657;22;
S010;561;MAX;63.2671;41;F14;;21;698;63;
S010;564;MAX;63.2939;21;F26;delta;22;719;84;delta
S010;565;MAX;63.7902;10;F28;;23;729;94;
S010;566;MAX;64.0096;5;F35;;24;734;99;
S010;575;MAX;65.0311;23;F05;;25;757;122;
S010;577;MAX;65.3306;37;F19;;26;794;32;
S010;634;MAX;65.3555;0;F32;;27;794;32;
S010;654;MAX;65.4789;54;F12;;28;848;86;
S010;659;MAX;65.6695;38;F22;;29;886;124;
S010;660;MAX;65.9032;19;F11;gamma;30;905;16;
S010;693;MAX;65.9635;35;F04;;31;940;51;
S010;777;MAX;66.4599;42;F29;;32;982;93;
S010;778;MAX;67.8233;21;F26;delta;33;1003;114;
S010;779;MAX;68.2072;53;F14;;34;1056;40;
S010;780;MAX;69.9795;26;F23;;35;1082;66;
S010;830;MAX;70.7450;26;F23;;36;1108;92;
S010;831;MAX;71.4071;50;F22;;37;1158;15;
S010;836;MAX;71.5210;22;F08;;38;1180;37;
S010;837;MAX;74.3190;11;F05;;39;1191;48;
S010;838;MAX;74.5839;58;F13;;40;1249;106;delta
S010;844;MAX;75.0815;21;F26;delta;41;1270;0;
S010;849;MAX;75.1188;20;F20;beta;42;1290;20;beta
S010;850;MAX;75.5906;53;F14;;43;1343;73;
S010;851;MAX;75.7599;37;F19;;44;1380;110;alpha
S010;852;MAX;77.2232;18;F33;epsilon;45;1398;1;
S010;854;MAX;77.3952;59;F06;alpha;46;1457;60;
S010;855;MAX;78.2237;34;F10;;47;1491;94;
S010;856;MAX;80.4624;17;F06;alpha;48;1508;111;
S010;939;MAX;80.8502;3;F18;;49;1511;114;
S010;941;MAX;81.3952;0;F32;;50;1511;114;
S010;944;MAX;81.4535;16;F03;;51;1527;3;
S010;949;MAX;81.6309;44;F23;;52;1571;47;
S011;1;MIN;66.4482;57;F34;;1;57;57;
S011;2;MAX;68.8296;28;F07;;1;28;28;
S011;3;MAX;69.4057;14;F21;;2;42;42;
S011;4;MAX;69.4115;56;F21;;3;98;98;
S011;5;MIN;65.5069;28;F07;;2;85;85;
S011;6;MIN;65.0778;14;F21;;3;99;99;
S011;23;MIN;63.9497;35;F04;;4;134;7;
S011;26;MIN;63.6405;20;F20;beta;5;154;27;gamma
S011;27;MIN;63.5277;10;F28;;6;164;37;
S011;29;MIN;63.0169;34;F10;;7;198;71;
S011;40;MAX;69.4606;32;F02;;4;130;3;
S011;41;MAX;69.9087;47;F35;;5;177;50;
S011;42;MAX;70.2844;40;F28;;6;217;90;
S011;43;MAX;70.8703;43;F26;delta;7;260;6;
S011;44;MAX;71.4751;42;F29;;8;302;48;
S011;55;MAX;71.5887;14;F21;;9;316;62;
S011;56;MAX;72.8218;7;F27;;10;323;69;
S011;57;MAX;72.9097;60;F36;;11;383;2;
S011;59;MAX;73.1618;47;F35;;12;430;49;
S011;67;MAX;73.2513;60;F36;;13;490;109;epsilon
S011;202;MAX;73.6967;14;F21;;14;504;123;
S011;301;MIN;62.5708;45;F19;;8;243;116;
S011;330;MIN;60.0637;11;F05;;9;254;0;
S011;331;MIN;59.8949;58;F13;;10;312;58;
S011;337;MIN;59.4981;54;F12;;11;366;112;
S011;588;MIN;58.7956;22;F08;;12;388;7;
S011;590;MIN;57.5944;37;F19;;13;425;44;
S011;591;MIN;56.9308;18;F33;epsilon;14;443;62;
S011;594;MIN;56.9164;18;F33;epsilon;15;461;80;
S011;596;MIN;56.4597;4;F03;;16;465;84;delta
S011;597;MIN;53.6967;2;F02;;17;467;86;
S011;843;MIN;53.0775;14;F21;;18;481;100;gamma
S011;845;MIN;52.9219;35;F04;;19;516;8;
S011;846;MIN;49.9531;17;F06;alpha;20;533;25;
S011;851;MIN;48.2649;44;F23;;21;577;69;
S011;852;MIN;48.1260;22;F08;;22;599;91;epsilon
S011;853;MIN;47.3527;52;F08;;23;651;16;
S011;855;MIN;44.3057;18;F33;epsilon;24;669;34;
S012;1;MAX;50.1985;12;F15;;1;12;12;
S012;1;MIN;48.8484;12;F15;;1;12;12;
S012;2;MIN;47.5834;6;F17;;2;18;18;epsilon
S012;3;MIN;47.1302;3;F18;;3;21;21;delta
S012;5;MIN;46.7653;0;F32;;4;21;21;delta
S012;6;MIN;46.1955;0;F32;;5;21;21;delta
S012;8;MIN;45.9115;32;F02;;6;53;53;
S012;9;MIN;45.4855;16;F03;;7;69;69;
S012;31;MIN;45.1992;16;F03;;8;85;85;
S012;32;MIN;44.5788;8;F16;;9;93;93;
S012;36;MIN;44.3349;56;F21;;10;149;22;
S012;37;MIN;42.4343;28;F07;;11;177;50;
S012;42;MIN;40.6916;16;F03;;12;193;66;
S012;45;MIN;40.6107;29;F04;;13;222;95;
S012;52;MIN;40.5524;45;F19;;14;267;13;
S012;55;MIN;39.4270;5;F35;;15;272;18;epsilon
S012;56;MIN;36.2731;2;F02;;16;274;20;beta
S012;62;MIN;34.8615;14;F21;;17;288;34;
S012;65;MIN;34.6428;17;F06;alpha;18;305;51;
S012;66;MIN;30.3464;8;F16;;19;313;59;alpha
S012;67;MIN;21.7253;4;F03;;20;317;63;
S012;391;MAX;51.6989;1;F01;;2;13;13;
S012;392;MAX;55.2920;0;F32;;3;13;13;
S012;394;MAX;56.4628;0;F32;;4;13;13;
S012;395;MAX;57.5808;0;F32;;5;13;13;
S012;445;MAX;57.8138;12;F15;;6;25;25;
S012;480;MAX;58.4230;37;F19;;7;62;62;
S012;485;MAX;58.9123;50;F22;;8;112;112;
S012;849;MAX;61.8173;3;F18;;9;115;115;
S012;850;MAX;63.2161;1;F01;;10;116;116;
S012;855;MAX;63.4421;12;F15;;11;128;1;
S012;859;MAX;63.4880;24;F15;;12;152;25;
S012;860;MAX;64.2135;12;F15;;13;164;37;
S012;861;MAX;65.6998;6;F17;;14;170;43;delta
S012;863;MAX;67.7327;1;F01;;15;171;44;
S012;864;MAX;68.9024;0;F32;;16;171;44;
S013;2;MIN;46.3460;20;F20;beta;1;20;20;beta
S013;3;MAX;47.3803;53;F14;;1;53;53;
S013;10;MAX;47.4636;11;F05;;2;64;64;
S013;11;MAX;47.9864;5;F35;;3;69;69;
S013;13;MAX;48.0809;1;F01;;4;70;70;
S013;19;MIN;44.8729;9;F31;;2;29;29;
S013;20;MIN;44.8231;59;F06;alpha;3;88;88;
S013;29;MIN;44.6963;50;F22;;4;138;11;
S013;30;MIN;44.5317;25;F24;;5;163;36;epsilon
S013;40;MIN;44.3738;2;F02;;6;165;38;
S013;41;MIN;42.9186;1;F01;;7;166;39;
S013;42;MIN;42.7214;0;F32;;8;166;39;
S013;45;MIN;42.5693;63;F01;;9;229;102;
S013;49;MIN;42.2717;20;F20;beta;10;249;122;
S013;54;MIN;41.5027;12;F15;;11;261;7;
S013;62;MIN;40.4248;10;F28;;12;271;17;alpha
S013;65;MIN;38.2204;1;F01;;13;272;18;epsilon
S013;68;MIN;37.6003;48;F17;;14;320;66;
S013;70;MIN;35.9860;12;F15;;15;332;78;
S013;77;MIN;34.7829;13;F09;;16;345;91;epsilon
S013;78;MIN;34.7315;57;F34;;17;402;21;delta
S013;100;MIN;34.5370;40;F28;;18;442;61;
S013;108;MIN;34.2426;27;F11;gamma;19;469;88;
S013;113;MIN;34.0539;51;F24;;20;520;12;
S013;125;MIN;32.6640;27;F11;gamma;21;547;39;
S013;312;MIN;32.4423;5;F35;;22;552;44;
S013;367;MIN;30.4176;34;F10;;23;586;78;
S013;368;MIN;30.3651;17;F06;alpha;24;603;95;
S013;370;MIN;30.2632;36;F33;epsilon;25;639;4;
S013;373;MIN;30.0185;20;F20;beta;26;659;24;
S013;377;MIN;29.8987;9;F31;;27;668;33;
S013;427;MIN;29.2872;40;F28;;28;708;73;
S013;428;MIN;28.7516;43;F26;delta;29;751;116;
S013;435;MIN;28.6820;18;F33;epsilon;30;769;7;
S013;667;MAX;48.2699;8;F16;;5;78;78;
S013;669;MAX;48.4586;2;F02;;6;80;80;
S013;670;MAX;49.6209;1;F01;;7;81;81;
S013;671;MAX;51.8533;0;F32;;8;81;81;
S013;678;MAX;52.8853;17;F06;alpha;9;98;98;
S013;679;MAX;53.9644;8;F16;;10;106;106;delta
S013;681;MAX;54.4315;34;F10;;11;140;13;
S013;689;MAX;55.2990;25;F24;;12;165;38;
S013;703;MAX;56.6647;44;F23;;13;209;82;
S013;704;MAX;56.6822;41;F14;;14;250;123;
S013;706;MAX;57.0082;21;F26;delta;15;271;17;alpha
S013;707;MAX;57.2019;53;F14;;16;324;70;
S013;708;MAX;57.6419;26;F23;;17;350;96;
S013;709;MAX;57.8228;50;F22;;18;400;19;gamma
S013;710;MAX;58.0958;38;F22;;19;438;57;
S013;802;MAX;59.3694;45;F19;;20;483;102;
S013;803;MAX;61.1179;22;F08;;21;505;124;
S013;804;MAX;62.4362;11;F05;;22;516;8;
S013;809;MAX;62.6824;4;F03;;23;520;12;
S013;810;MAX;65.1058;61;F30;;24;581;73;
S013;816;MAX;65.4007;13;F09;;25;594;86;
S013;817;MAX;66.9772;6;F17;;26;600;92;
S013;818;MAX;70.3307;3;F18;;27;603;95;
S013;819;MAX;72.2737;1;F01;;28;604;96;
S013;820;MAX;76.3667;0;F32;;29;604;96;
S013;823;MAX;78.3229;16;F03;;30;620;112;
S013;824;MAX;83.2631;8;F16;;31;628;120;
S013;825;MAX;86.2673;4;F03;;32;632;124;
S013;874;MAX;87.5424;17;F06;alpha;33;649;14;
S013;875;MAX;89.0089;8;F16;;34;657;22;
S013;876;MAX;89.2683;59;F06;alpha;35;716;81;
S014;1;MIN;56.7013;58;F13;;1;58;58;
S014;3;MIN;56.1622;49;F34;;2;107;107;beta
S014;6;MAX;59.9813;9;F31;;1;9;9;
S014;10;MAX;60.8281;32;F02;;2;41;41;
S014;11;MAX;60.8752;47;F35;;3;88;88;
S014;12;MAX;62.1997;40;F28;;4;128;1;
S014;24;MAX;62.4257;35;F04;;5;163;36;epsilon
S014;25;MAX;63.1718;17;F06;alpha;6;180;53;
S014;49;MAX;64.7728;2;F02;;7;182;55;
S014;60;MAX;68.2107;22;F08;;8;204;77;
S014;61;MAX;68.9374;11;F05;;9;215;88;
S014;62;MAX;70.9376;5;F35;;10;220;93;
S014;229;MAX;71.1776;11;F05;;11;231;104;
S014;232;MAX;72.1201;17;F06;alpha;12;248;121;
S014;233;MAX;72.5526;8;F16;;13;256;2;
S014;235;MAX;72.8568;34;F10;;14;290;36;epsilon
S014;236;MAX;73.1171;46;F13;;15;336;82;
S014;362;MAX;73.7892;44;F23;;16;380;126;
S014;381;MAX;74.0965;0;F32;;17;380;126;
S014;382;MAX;75.2522;0;F32;;18;380;126;
S014;536;MAX;75.4483;35;F04;;19;415;34;
S014;750;MAX;91.8528;28;F07;;20;443;62;
S014;751;MAX;92.2791;49;F34;;21;492;111;
S014;754;MAX;93.9082;9;F31;;22;501;120;
S014;755;MAX;95.1580;4;F03;;23;505;124;
S014;756;MAX;97.1909;61;F30;;24;566;58;
S014;759;MAX;98.2676;40;F28;;25;606;98;
S014;760;MAX;98.9479;20;F20;beta;26;626;118;
S014;827;MAX;99.0689;9;F31;;27;635;0;
S014;829;MAX;99.8815;2;F02;;28;637;2;
S014;830;MAX;100.2791;1;F01;;29;638;3;
S015;1;MIN;92.0803;49;F34;;1;49;49;
S015;2;MAX;94.3629;39;F09;;1;39;39;
S015;3;MAX;95.3899;19;F11;gamma;2;58;58;
S015;4;MAX;95.9313;9;F31;;3;67;67;
S015;13;MAX;96.8466;43;F26;delta;4;110;110;alpha
S015;14;MAX;97.5235;21;F26;delta;5;131;4;
S015;21;MAX;97.9105;3;F18;;6;134;7;
S015;22;MAX;98.1054;1;F01;;7;135;8;
S015;23;MAX;99.0569;0;F32;;8;135;8;
S015;26;MAX;99.0856;16;F03;;9;151;24;
S015;49;MAX;99.2564;16;F03;;10;167;40;
S015;51;MAX;101.8712;4;F03;;11;171;44;
S015;52;MAX;102.0719;61;F30;;12;232;105;
S015;55;MAX;102.1649;24;F15;;13;256;2;
S015;56;MAX;102.8643;12;F15;;14;268;14;
S015;57;MAX;102.9600;57;F34;;15;325;71;
S015;59;MAX;103.0370;46;F13;;16;371;117;
S015;60;MAX;103.6656;40;F28;;17;411;30;
S015;62;MAX;103.8251;42;F29;;18;453;72;
S015;63;MAX;106.7009;21;F26;delta;19;474;93;
S015;64;MAX;107.1529;10;F28;;20;484;103;
S015;66;MAX;107.7827;34;F10;;21;518;10;
S015;67;MAX;109.1967;17;F06;alpha;22;535;27;gamma
S015;68;MAX;110.8783;8;F16;;23;543;35;
S015;69;MAX;112.7583;4;F03;;24;547;39;
S015;72;MAX;114.0166;16;F03;;25;563;55;
S015;75;MAX;114.8969;18;F33;epsilon;26;581;73;
S015;80;MAX;117.0169;4;F03;;27;585;77;
S015;81;MAX;117.0881;2;F02;;28;587;79;
S015;82;MAX;117.0943;62;F25;;29;649;14;
S015;83;MAX;117.1282;31;F18;;30;680;45;
S015;84;MAX;119.8888;48;F17;;31;728;93;
S015;95;MAX;120.2961;46;F13;;32;774;12;
S016;1;MIN;110.4418;2;F02;;1;2;2;
S016;41;MAX;116.6077;43;F26;delta;1;43;43;delta
S016;42;MAX;116.6205;42;F29;;2;85;85;
S016;43;MAX;117.2453;42;F29;;3;127;127;
S016;45;MAX;117.4588;42;F29;;4;169;42;
S016;46;MAX;117.7922;21;F26;delta;5;190;63;
S016;63;MAX;118.6009;11;F05;;6;201;74;
S016;64;MAX;119.2629;58;F13;;7;259;5;
S016;92;MAX;119.8367;20;F20;beta;8;279;25;
S016;94;MAX;121.2273;5;F35;;9;284;30;
S016;95;MAX;121.4067;61;F30;;10;345;91;epsilon
S016;97;MAX;122.3017;16;F03;;11;361;107;beta
S016;107;MAX;122.4947;44;F23;;12;405;24;
S016;108;MAX;123.2851;41;F14;;13;446;65;
S016;156;MIN;109.7560;37;F19;;2;39;39;
S016;182;MIN;109.2523;26;F23;;3;65;65;
S016;183;MIN;108.9053;50;F22;;4;115;115;
S016;188;MIN;108.8419;57;F34;;5;172;45;
S016;194;MIN;108.6035;50;F22;;6;222;95;
S016;195;MIN;108.5805;38;F22;;7;260;6;
S016;196;MIN;108.3981;44;F23;;8;304;50;
S016;199;MIN;108.3074;26;F23;;9;330;76;
S016;200;MIN;107.8706;50;F22;;10;380;126;
S016;202;MIN;107.6528;19;F11;gamma;11;399;18;epsilon
S016;204;MIN;107.5645;36;F33;epsilon;12;435;54;
S016;207;MIN;107.4587;43;F26;delta;13;478;97;
S016;222;MIN;107.3182;17;F06;alpha;14;495;114;
S016;223;MIN;107.1105;8;F16;;15;503;122;
S016;232;MIN;107.0140;55;F31;;16;558;50;
S016;233;MIN;106.9755;36;F33;epsilon;17;594;86;
S016;234;MIN;106.8507;18;F33;epsilon;18;612;104;
S016;262;MIN;106.5021;5;F35;;19;617;109;epsilon
S016;271;MIN;106.3897;38;F22;;20;655;20;beta
S016;272;MIN;106.1551;19;F11;gamma;21;674;39;
S016;273;MIN;105.4515;9;F31;;22;683;48;
S016;302;MIN;105.3149;9;F31;;23;692;57;
S016;303;MIN;104.0869;4;F03;;24;696;61;
S016;305;MIN;103.3459;62;F25;;25;758;123;
S016;313;MIN;103.0514;25;F24;;26;783;21;delta
S016;314;MIN;103.0370;51;F24;;27;834;72;
S016;316;MIN;102.9798;51;F24;;28;885;123;
S016;321;MIN;102.7651;13;F09;;29;898;9;
S016;330;MIN;102.3571;44;F23;;30;942;53;
S016;358;MIN;102.2088;2;F02;;31;944;55;
S016;359;MIN;100.5039;1;F01;;32;945;56;
S016;566;MIN;99.9947;7;F27;;33;952;63;
S016;567;MIN;99.9558;3;F18;;34;955;66;
S016;568;MIN;99.3109;1;F01;;35;956;67;
S016;570;MIN;97.9852;32;F02;;36;988;99;
S016;572;MIN;97.2309;55;F31;;37;1043;27;gamma
S016;761;MIN;96.4343;36;F33;epsilon;38;1079;63;
S016;762;MIN;95.6369;18;F33;epsilon;39;1097;81;
S016;763;MIN;95.3401;54;F12;;40;1151;8;
S016;884;MIN;94.2466;4;F03;;41;1155;12;
S017;1;MIN;104.3794;8;F16;;1;8;8;
S017;5;MAX;105.8743;7;F27;;1;7;7;
S017;12;MIN;103.6007;16;F03;;2;24;24;
S017;17;MIN;103.3758;12;F15;;3;36;36;epsilon
S017;18;MIN;103.3428;57;F34;;4;93;93;
S017;21;MAX;106.7643;7;F27;;2;14;14;
S017;30;MAX;107.5835;12;F15;;3;26;26;
S017;37;MIN;102.9378;0;F32;;5;93;93;
S017;38;MIN;102.8075;63;F01;;6;156;29;
S017;40;MIN;102.2536;16;F03;;7;172;45;
S017;43;MIN;101.8980;61;F30;;8;233;106;delta
S017;46;MIN;101.7883;8;F16;;9;241;114;
S017;47;MIN;101.6907;4;F03;;10;245;118;
S017;48;MIN;101.6172;61;F30;;11;306;52;
S017;59;MIN;100.6860;18;F33;epsilon;12;324;70;
S017;60;MIN;98.9324;9;F31;;13;333;79;
S017;67;MIN;98.4213;14;F21;;14;347;93;
S017;68;MIN;98.3248;56;F21;;15;403;22;
S017;70;MIN;98.0291;49;F34;;16;452;71;
S017;72;MIN;97.7666;19;F11;gamma;17;471;90;
S017;76;MIN;96.6926;30;F36;;18;501;120;
S017;77;MIN;96.6653;15;F27;;19;516;8;
S017;78;MIN;96.5144;56;F21;;20;572;64;
S017;80;MIN;96.2978;49;F34;;21;621;113;
S017;81;MIN;96.2865;24;F15;;22;645;10;
S017;82;MIN;95.5878;12;F15;;23;657;22;
S017;85;MIN;95.1642;46;F13;;24;703;68;alpha
S017;87;MIN;93.2294;20;F20;beta;25;723;88;
S017;88;MIN;93.1438;53;F14;;26;776;14;
S017;227;MIN;93.0505;8;F16;;27;784;22;
S017;228;MIN;92.6175;4;F03;;28;788;26;
S017;301;MIN;92.0932;17;F06;alpha;29;805;43;delta
S017;302;MIN;91.9776;55;F31;;30;860;98;
S017;314;MIN;91.6851;20;F20;beta;31;880;118;
S017;315;MIN;91.4544;10;F28;;32;890;1;
S017;320;MIN;91.2374;12;F15;;33;902;13;
S017;333;MIN;90.9379;38;F22;;34;940;51;
S017;339;MIN;90.6831;14;F21;;35;954;65;
S017;340;MIN;89.5869;7;F27;;36;961;72;
S017;727;MAX;108.0919;17;F06;alpha;4;43;43;delta
S017;728;MAX;108.2292;8;F16;;5;51;51;
S017;729;MAX;110.8825;4;F03;;6;55;55;
S017;733;MAX;111.1961;39;F09;;7;94;94;
S017;734;MAX;112.2106;44;F23;;8;138;11;
S017;735;MAX;112.3790;22;F08;;9;160;33;
S017;780;MAX;113.6090;12;F15;;10;172;45;
S017;816;MAX;114.1971;24;F15;;11;196;69;
S017;822;MAX;114.3617;6;F17;;12;202;75;
S017;823;MAX;114.4932;60;F36;;13;262;8;
S017;1147;MIN;86.2498;10;F28;;37;971;82;
S017;1150;MIN;85.9635;33;F30;;38;1004;115;
S017;1151;MIN;84.7549;16;F03;;39;1020;4;
S017;1152;MIN;84.2978;8;F16;;40;1028;12;
S017;1155;MIN;82.1692;17;F06;alpha;41;1045;29;
S017;1156;MIN;82.0708;55;F31;;42;1100;84;delta
S017;1158;MIN;80.0893;50;F22;;43;1150;7;
S018;1;MIN;81.9137;43;F26;delta;1;43;43;delta
S018;4;MAX;84.1718;37;F19;;1;37;37;
S018;5;MAX;84.3900;45;F19;;2;82;82;
S018;12;MAX;84.5191;7;F27;;3;89;89;
S018;13;MAX;84.7412;60;F36;;4;149;22;
S018;23;MAX;85.2781;43;F26;delta;5;192;65;
S018;24;MAX;85.5807;21;F26;delta;6;213;86;
S018;26;MAX;85.7172;37;F19;;7;250;123;
S018;27;MAX;86.3011;18;F33;epsilon;8;268;14;
S018;34;MAX;86.9970;38;F22;;9;306;52;
S018;35;MAX;87.6311;44;F23;;10;350;96;
S018;37;MAX;88.5479;20;F20;beta;11;370;116;
S018;38;MAX;90.8698;10;F28;;12;380;126;
S018;39;MAX;92.0640;5;F35;;13;385;4;
S018;40;MAX;93.3278;2;F02;;14;387;6;
S018;44;MAX;93.6285;47;F35;;15;434;53;
S018;97;MIN;81.7056;47;F35;;2;90;90;
S018;181;MAX;94.5706;23;F05;;16;457;76;
S018;189;MAX;94.7896;50;F22;;17;507;126;
S018;192;MAX;94.9059;9;F31;;18;516;8;
S018;193;MAX;95.1821;59;F06;alpha;19;575;67;
S018;210;MAX;95.2634;18;F33;epsilon;20;593;85;
S018;306;MAX;96.2133;6;F17;;21;599;91;epsilon
S018;307;MAX;96.4020;60;F36;;22;659;24;
S018;497;MIN;78.0102;20;F20;beta;3;110;110;alpha
S018;498;MIN;75.5992;10;F28;;4;120;120;
S018;512;MIN;74.7220;7;F27;;5;127;127;
S018;515;MIN;73.9511;48;F17;;6;175;48;
S018;516;MIN;72.6230;24;F15;;7;199;72;
S018;517;MIN;71.3794;51;F24;;8;250;123;
S018;518;MIN;71.3472;38;F22;;9;288;34;
S018;519;MIN;70.2241;19;F11;gamma;10;307;53;
S018;520;MIN;68.6588;9;F31;;11;316;62;
S018;521;MIN;67.9451;4;F03;;12;320;66;
S018;522;MIN;67.7813;61;F30;;13;381;0;
S018;534;MIN;67.7572;48;F17;;14;429;48;
S018;536;MIN;65.7301;44;F23;;15;473;92;
S018;537;MIN;65.4691;41;F14;;16;514;6;
S018;538;MIN;64.5293;43;F26;delta;17;557;49;
S018;540;MIN;64.4605;42;F29;;18;599;91;epsilon
S018;541;MIN;64.3418;42;F29;;19;641;6;
S018;543;MIN;64.1792;53;F14;;20;694;59;alpha
S018;544;MIN;63.8688;37;F19;;21;731;96;
S018;549;MIN;63.7782;34;F10;;22;765;3;
S018;582;MIN;63.6996;24;F15;;23;789;27;gamma
S018;583;MIN;61.5314;12;F15;;24;801;39;
S018;598;MIN;60.3325;34;F10;;25;835;73;
S018;609;MIN;59.8883;35;F04;;26;870;108;gamma
S018;883;MIN;59.2321;8;F16;;27;878;116;
S018;884;MIN;57.9410;4;F03;;28;882;120;
S018;885;MIN;57.8998;61;F30;;29;943;54;
S018;887;MIN;57.3630;47;F35;;30;990;101;
S018;914;MIN;57.2505;21;F26;delta;31;1011;122;
S018;915;MIN;55.9459;10;F28;;32;1021;5;
S018;916;MIN;54.9555;5;F35;;33;1026;10;
S018;924;MIN;54.4724;6;F17;;34;1032;16;
S018;925;MIN;54.3709;60;F36;;35;1092;76;
S018;930;MIN;53.1965;46;F13;;36;1138;122;
S018;931;MIN;53.1292;40;F28;;37;1178;35;
S018;932;MIN;52.6465;43;F26;delta;38;1221;78;
S019;1;MAX;75.6502;55;F31;;1;55;55;
S019;2;MAX;75.8194;36;F33;epsilon;2;91;91;epsilon
S019;5;MAX;76.3126;20;F20;beta;3;111;111;
S019;11;MAX;76.6273;18;F33;epsilon;4;129;2;
S019;12;MAX;77.7686;9;F31;;5;138;11;
S019;14;MAX;78.3077;2;F02;;6;140;13;
S019;15;MAX;79.2526;1;F01;;7;141;14;
S019;23;MIN;73.6601;2;F02;;1;2;2;
S019;25;MIN;73.2804;0;F32;;2;2;2;
S019;26;MIN;73.2058;63;F01;;3;65;65;
S019;28;MIN;72.9128;48;F17;;4;113;113;
S019;51;MIN;72.8712;7;F27;;5;120;120;
S019;52;MIN;72.4892;3;F18;;6;123;123;
S019;54;MIN;71.5066;0;F32;;7;123;123;
S019;63;MIN;70.0503;14;F21;;8;137;10;
S019;64;MIN;69.6395;7;F27;;9;144;17;alpha
S019;90;MIN;69.4123;0;F32;;10;144;17;alpha
S019;91;MIN;68.5036;63;F01;;11;207;80;
S019;187;MIN;68.4873;27;F11;gamma;12;234;107;beta
S019;189;MIN;67.3324;6;F17;;13;240;113;
S019;190;MIN;66.7174;3;F18;;14;243;116;
S019;192;MIN;66.5233;32;F02;;15;275;21;delta
S019;193;MIN;65.7006;16;F03;;16;291;37;
S019;198;MIN;65.3268;12;F15;;17;303;49;
S019;360;MAX;83.1386;48;F17;;8;189;62;
S019;382;MAX;83.4486;4;F03;;9;193;66;
S019;385;MAX;84.0006;48;F17;;10;241;114;
S019;387;MAX;84.3632;44;F23;;11;285;31;
S019;388;MAX;84.4324;22;F08;;12;307;53;
S019;391;MAX;84.4456;34;F10;;13;341;87;
S019;392;MAX;84.9202;17;F06;alpha;14;358;104;
S019;393;MAX;85.9261;8;F16;;15;366;112;
S019;419;MAX;86.3369;2;F02;;16;368;114;
S019;420;MAX;86.6539;62;F25;;17;430;49;
S019;422;MAX;87.1545;47;F35;;18;477;96;
S019;462;MAX;87.4342;18;F33;epsilon;19;495;114;
S019;469;MAX;87.4525;29;F04;;20;524;16;
S019;472;MAX;87.5260;51;F24;;21;575;67;
S019;497;MAX;88.2352;39;F09;;22;614;106;delta
S019;501;MAX;89.3002;26;F23;;23;640;5;
S019;502;MAX;89.4286;13;F09;;24;653;18;epsilon
S019;503;MAX;90.0716;6;F17;;25;659;24;
S019;728;MAX;90.5882;10;F28;;26;669;34;
S019;729;MAX;91.0417;58;F13;;27;727;92;
S019;758;MAX;91.6050;47;F35;;28;774;12;
S019;760;MAX;91.9885;43;F26;delta;29;817;55;
S019;795;MAX;92.4468;9;F31;;30;826;64;
S019;796;MAX;93.1360;4;F03;;31;830;68;alpha
S019;797;MAX;93.6266;2;F02;;32;832;70;
S019;805;MAX;93.6464;60;F36;;33;892;3;
S019;808;MAX;93.8238;56;F21;;34;948;59;alpha
S019;814;MAX;94.5543;38;F22;;35;986;97;
S019;824;MAX;94.6799;46;F13;;36;1032;16;
S019;841;MAX;95.5956;10;F28;;37;1042;26;
S019;843;MAX;95.9574;2;F02;;38;1044;28;
S019;844;MAX;96.7813;62;F25;;39;1106;90;
S019;845;MAX;97.2737;32;F02;;40;1138;122;
S019;992;MAX;97.9568;0;F32;;41;1138;122;
S020;1;MIN;90.9445;45;F19;;1;45;45;
S020;2;MIN;90.8464;41;F14;;2;86;86;
S020;4;MAX;93.1726;21;F26;delta;1;21;21;delta
S020;20;MIN;90.8157;11;F05;;3;97;97;
S020;24;MIN;90.5306;8;F16;;4;105;105;
S020;25;MIN;90.3785;4;F03;;5;109;109;epsilon
S020;27;MIN;90.1467;33;F30;;6;142;15;
S020;28;MIN;89.6849;16;F03;;7;158;31;
S020;31;MIN;89.4869;18;F33;epsilon;8;176;49;
S020;32;MIN;89.4301;9;F31;;9;185;58;
S020;33;MIN;88.9991;4;F03;;10;189;62;
S020;34;MIN;88.6417;61;F30;;11;250;123;
S020;45;MAX;93.2469;3;F18;;2;24;24;
S020;50;MAX;93.7767;20;F20;beta;3;44;44;
S020;57;MAX;94.1190;7;F27;;4;51;51;
S020;59;MAX;94.1260;62;F25;;5;113;113;
S020;60;MAX;95.2782;32;F02;;6;145;18;epsilon
S020;99;MIN;86.6691;22;F08;;12;272;18;epsilon
S020;105;MIN;86.4450;16;F03;;13;288;34;
S020;180;MAX;95.6073;23;F05;;7;168;41;
S020;186;MAX;95.9208;62;F25;;8;230;103;
S020;187;MAX;96.2697;31;F18;;9;261;7;
S020;188;MAX;96.6840;15;F27;;10;276;22;
S020;347;MIN;86.3069;10;F28;;14;298;44;
S020;463;MIN;85.7452;5;F35;;15;303;49;
S020;464;MIN;85.2329;2;F02;;16;305;51;
S020;467;MIN;84.8276;0;F32;;17;305;51;
S020;468;MIN;84.8047;63;F01;;18;368;114;
S020;483;MIN;84.6813;57;F34;;19;425;44;
S020;506;MIN;84.5965;62;F25;;20;487;106;delta
S020;507;MIN;84.3752;32;F02;;21;519;11;
S020;513;MIN;84.1885;10;F28;;22;529;21;delta
S020;514;MIN;83.8571;5;F35;;23;534;26;
S020;515;MIN;83.6420;61;F30;;24;595;87;
S020;516;MIN;83.4735;33;F30;;25;628;120;
S020;517;MIN;82.8788;16;F03;;26;644;9;
S020;525;MIN;82.8753;17;F06;alpha;27;661;26;
S020;526;MIN;82.7590;8;F16;;28;669;34;
S020;527;MIN;82.5310;4;F03;;29;673;38;
S020;528;MIN;82.0125;2;F02;;30;675;40;
S020;529;MIN;81.1174;1;F01;;31;676;41;
S020;541;MIN;80.8988;51;F24;;32;727;92;
S020;807;MIN;78.7699;16;F03;;33;743;108;gamma
S020;808;MIN;78.4727;55;F31;;34;798;36;epsilon
S020;809;MIN;77.5095;36;F33;epsilon;35;834;72;
S020;873;MIN;72.5943;18;F33;epsilon;36;852;90;
S021;4;MAX;77.8977;18;F33;epsilon;1;18;18;epsilon
S021;5;MAX;79.0904;54;F12;;2;72;72;
S021;9;MAX;79.4805;51;F24;;3;123;123;
S021;10;MAX;79.7128;25;F24;;4;148;21;delta
S021;18;MIN;75.3868;0;F32;;1;0;0;
S021;25;MIN;74.6785;29;F04;;2;29;29;
S021;26;MIN;73.8386;14;F21;;3;43;43;delta
S021;27;MIN;73.5010;56;F21;;4;99;99;
S021;28;MIN;73.3594;35;F04;;5;134;7;
S021;29;MIN;73.0653;17;F06;alpha;6;151;24;
S021;30;MIN;72.7125;55;F31;;7;206;79;
S021;31;MIN;72.0703;36;F33;epsilon;8;242;115;
S021;32;MIN;71.7902;18;F33;epsilon;9;260;6;
S021;33;MIN;71.1799;9;F31;;10;269;15;
S021;34;MIN;67.9781;4;F03;;11;273;19;gamma
S021;186;MIN;67.5899;0;F32;;12;273;19;gamma
S021;187;MIN;67.1873;63;F01;;13;336;82;
S021;191;MIN;65.3120;20;F20;beta;14;356;102;
S021;192;MIN;64.8110;10;F28;;15;366;112;
S021;254;MIN;64.5188;47;F35;;16;413;32;
S021;255;MIN;63.7634;40;F28;;17;453;72;
S021;364;MIN;63.0967;20;F20;beta;18;473;92;
S021;365;MIN;62.5579;10;F28;;19;483;102;
S021;366;MIN;61.2478;5;F35;;20;488;107;beta
S021;831;MIN;60.7398;2;F02;;21;490;109;epsilon
S021;839;MIN;60.5344;10;F28;;22;500;119;
S021;840;MIN;59.5479;5;F35;;23;505;124;
S021;843;MIN;59.0356;32;F02;;24;537;29;
S021;844;MIN;58.8855;16;F03;;25;553;45;
S021;845;MIN;58.6011;8;F16;;26;561;53;
S021;846;MIN;57.1136;4;F03;;27;565;57;
S021;847;MIN;55.7681;2;F02;;28;567;59;alpha
S021;856;MIN;48.0677;10;F28;;29;577;69;
S021;857;MIN;47.0364;58;F13;;30;635;0;
S021;861;MIN;45.2455;28;F07;;31;663;28;
S021;880;MIN;44.3376;21;F26;delta;32;684;49;
S021;993;MIN;41.4751;0;F32;;33;684;49;
S021;994;MIN;41.0876;0;F32;;34;684;49;
S021;995;MIN;40.6527;0;F32;;35;684;49;
S021;997;MIN;40.6197;32;F02;;36;716;81;
S021;1015;MIN;38.9602;16;F03;;37;732;97;
S022;1;MAX;46.1398;61;F30;;1;61;61;
S022;2;MIN;42.8431;30;F36;;1;30;30;
S022;3;MIN;42.7961;48;F17;;2;78;78;
S022;4;MIN;41.5260;39;F09;;3;117;117;
S022;5;MIN;41.0802;19;F11;gamma;4;136;9;
S022;6;MIN;40.3513;9;F31;;5;145;18;epsilon
S022;7;MIN;37.7548;4;F03;;6;149;22;
S022;34;MAX;46.7972;6;F17;;2;67;67;
S022;35;MAX;47.0687;3;F18;;3;70;70;
S022;45;MAX;47.0750;21;F26;delta;4;91;91;epsilon
S022;117;MAX;47.1718;52;F08;;5;143;16;
S022;118;MAX;48.8779;26;F23;;6;169;42;
S022;119;MAX;48.9487;50;F22;;7;219;92;
S022;129;MAX;49.4373;8;F16;;8;227;100;gamma
S022;130;MAX;49.6174;4;F03;;9;231;104;
S022;131;MAX;50.4763;61;F30;;10;292;38;
S022;134;MAX;51.2029;8;F16;;11;300;46;
S022;135;MAX;51.6763;4;F03;;12;304;50;
S022;136;MAX;51.6969;61;F30;;13;365;111;
S022;271;MAX;51.7389;28;F07;;14;393;12;
S022;272;MAX;53.1498;14;F21;;15;407;26;
S022;276;MAX;53.3984;24;F15;;16;431;50;
S022;310;MAX;53.4801;21;F26;delta;17;452;71;
S022;311;MAX;53.6057;53;F14;;18;505;124;
S022;330;MAX;54.8707;41;F14;;19;546;38;
S022;332;MAX;55.3885;10;F28;;20;556;48;
S022;333;MAX;55.9817;5;F35;;21;561;53;
S022;334;MAX;56.0171;61;F30;;22;622;114;
S022;335;MAX;56.1602;33;F30;;23;655;20;beta
S022;338;MAX;56.3310;36;F33;epsilon;24;691;56;
S022;341;MAX;56.4348;20;F20;beta;25;711;76;
S022;342;MAX;56.9098;10;F28;;26;721;86;
S022;343;MAX;57.2264;5;F35;;27;726;91;epsilon
S022;344;MAX;57.5481;61;F30;;28;787;25;
S022;723;MAX;58.2806;13;F09;;29;800;38;
S022;750;MAX;79.2779;38;F22;;30;838;76;
S022;751;MAX;81.7631;19;F11;gamma;31;857;95;
S022;752;MAX;83.4693;9;F31;;32;866;104;
S022;753;MAX;84.4114;4;F03;;33;870;108;gamma
S023;2;MAX;65.4929;55;F31;;1;55;55;
S023;3;MAX;65.6710;27;F11;gamma;2;82;82;
S023;4;MAX;66.1234;13;F09;;3;95;95;
S023;23;MAX;66.3257;21;F26;delta;4;116;116;
S023;25;MAX;66.3809;5;F35;;5;121;121;
S023;26;MAX;66.4474;2;F02;;6;123;123;
S023;27;MAX;66.6042;1;F01;;7;124;124;
S023;29;MAX;66.8913;0;F32;;8;124;124;
S023;30;MAX;67.0325;63;F01;;9;187;60;
S023;55;MAX;67.2931;4;F03;;10;191;64;
S023;57;MAX;67.3308;33;F30;;11;224;97;
S023;58;MAX;67.5417;47;F35;;12;271;17;alpha
S023;59;MAX;67.7914;40;F28;;13;311;57;
S023;60;MAX;68.3753;20;F20;beta;14;331;77;
S023;91;MIN;63.5082;15;F27;;1;15;15;
S023;93;MIN;62.4871;3;F18;;2;18;18;epsilon
S023;95;MIN;61.9196;32;F02;;3;50;50;
S023;100;MIN;59.6701;37;F19;;4;87;87;
S023;101;MIN;59.1403;18;F33;epsilon;5;105;105;
S023;102;MIN;58.5684;9;F31;;6;114;114;
S023;103;MIN;58.4922;59;F06;alpha;7;173;46;
S023;104;MIN;58.4362;29;F04;;8;202;75;
S023;118;MIN;58.0488;6;F17;;9;208;81;
S023;120;MIN;57.8745;33;F30;;10;241;114;
S023;121;MIN;57.4081;16;F03;;11;257;3;
S023;136;MIN;56.8993;8;F16;;12;265;11;
S023;137;MIN;56.5900;4;F03;;13;269;15;
S023;138;MIN;55.6899;2;F02;;14;271;17;alpha
S023;140;MIN;55.5942;63;F01;;15;334;80;
S023;210;MIN;55.0691;26;F23;;16;360;106;delta
S023;311;MIN;53.9655;4;F03;;17;364;110;alpha
S023;329;MIN;53.7878;17;F06;alpha;18;381;0;
S023;330;MIN;52.8180;8;F16;;19;389;8;
S023;382;MIN;52.4407;55;F31;;20;444;63;
S023;447;MIN;52.0245;0;F32;;21;444;63;
S023;458;MIN;51.9241;60;F36;;22;504;123;
S023;464;MIN;51.8677;42;F29;;23;546;38;
S023;493;MIN;51.2881;34;F10;;24;580;72;
S023;494;MIN;50.9540;17;F06;alpha;25;597;89;
S023;756;MAX;68.3757;10;F28;;15;341;87;
S023;757;MAX;69.1828;5;F35;;16;346;92;
S023;759;MAX;70.0261;1;F01;;17;347;93;
S023;770;MAX;70.1989;25;F24;;18;372;118;
S023;778;MAX;72.0979;8;F16;;19;380;126;
S023;784;MAX;72.5464;46;F13;;20;426;45;
S023;785;MAX;73.0910;40;F28;;21;466;85;
S023;788;MAX;73.1334;26;F23;;22;492;111;
S023;1109;MAX;73.6651;9;F31;;23;501;120;
S023;1110;MAX;75.1278;4;F03;;24;505;124;
S023;1111;MAX;75.9497;2;F02;;25;507;126;
S024;1;MAX;67.1597;56;F21;;1;56;56;
S024;2;MAX;67.3919;28;F07;;2;84;84;delta
S024;6;MIN;66.1106;41;F14;;1;41;41;
S024;7;MIN;65.7671;43;F26;delta;2;84;84;delta
S024;8;MIN;65.6173;21;F26;delta;3;105;105;
S024;9;MIN;65.5228;53;F14;;4;158;31;
S024;22;MAX;67.5397;39;F09;;3;123;123;
S024;23;MAX;67.7657;19;F11;gamma;4;142;15;
S024;31;MAX;67.9100;22;F08;;5;164;37;
S024;35;MAX;68.0077;9;F31;;6;173;46;
S024;37;MAX;68.1053;34;F10;;7;207;80;
S024;44;MIN;65.2739;0;F32;;5;158;31;
S024;54;MIN;64.9611;10;F28;;6;168;41;
S024;55;MIN;64.2283;5;F35;;7;173;46;
S024;56;MIN;63.7630;2;F02;;8;175;48;
S024;57;MIN;63.7066;1;F01;;9;176;49;
S024;58;MIN;63.5285;0;F32;;10;176;49;
S024;59;MIN;61.2420;0;F32;;11;176;49;
S024;60;MIN;61.2035;63;F01;;12;239;112;
S024;61;MIN;61.0864;32;F02;;13;271;17;alpha
S024;62;MIN;60.1547;16;F03;;14;287;33;
S024;77;MIN;59.8245;9;F31;;15;296;42;
S024;78;MIN;59.4308;59;F06;alpha;16;355;101;
S024;83;MIN;58.8905;58;F13;;17;413;32;
S024;84;MIN;58.0822;29;F04;;18;442;61;
S024;88;MIN;57.3657;9;F31;;19;451;70;
S024;125;MIN;57.3381;2;F02;;20;453;72;
S024;129;MIN;56.9078;40;F28;;21;493;112;
S024;131;MIN;56.6869;42;F29;;22;535;27;gamma
S024;133;MIN;56.6192;10;F28;;23;545;37;
S024;134;MIN;56.3664;58;F13;;24;603;95;
S024;135;MIN;56.3185;34;F10;;25;637;2;
S024;136;MIN;55.4211;17;F06;alpha;26;654;19;gamma
S024;158;MIN;55.1372;14;F21;;27;668;33;
S024;159;MIN;54.3063;7;F27;;28;675;40;
S024;161;MIN;53.6100;1;F01;;29;676;41;
S024;395;MIN;53.3887;12;F15;;30;688;53;
S024;397;MIN;53.2047;3;F18;;31;691;56;
S024;398;MIN;53.1160;62;F25;;32;753;118;
S024;685;MIN;52.4477;19;F11;gamma;33;772;10;
S024;736;MIN;49.2144;24;F15;;34;796;34;
S024;760;MIN;47.6281;16;F03;;35;812;50;
S024;761;MIN;47.0489;8;F16;;36;820;58;
S024;762;MIN;46.7875;4;F03;;37;824;62;
S024;763;MIN;45.3945;2;F02;;38;826;64;
S024;764;MIN;44.4252;1;F01;;39;827;65;
S024;765;MIN;43.8541;63;F01;;40;890;1;
S024;770;MIN;42.7054;41;F14;;41;931;42;
S024;774;MIN;42.0640;53;F14;;42;984;95;
S024;775;MIN;41.0826;37;F19;;43;1021;5;
S024;778;MIN;40.4699;52;F08;;44;1073;57;
S024;781;MIN;39.8934;9;F31;;45;1082;66;
S024;782;MIN;35.2185;4;F03;;46;1086;70;
S024;784;MIN;34.5872;33;F30;;47;1119;103;
S024;785;MIN;33.9932;47;F35;;48;1166;23;
S024;1175;MIN;32.5450;8;F16;;49;1174;31;
S024;1178;MIN;32.2307;46;F13;;50;1220;77;
S025;8;MAX;39.3309;20;F20;beta;1;20;20;beta
S025;14;MIN;37.6867;17;F06;alpha;1;17;17;alpha
S025;17;MAX;40.3377;13;F09;;2;33;33;
S025;18;MAX;40.7173;57;F34;;3;90;90;
S025;30;MIN;37.2666;4;F03;;2;21;21;delta
S025;31;MIN;36.8223;61;F30;;3;82;82;
S025;34;MIN;36.7932;8;F16;;4;90;90;
S025;41;MIN;36.6710;16;F03;;5;106;106;delta
S025;59;MAX;41.1868;11;F05;;4;101;101;
S025;60;MAX;41.2642;58;F13;;5;159;32;
S025;66;MAX;42.3888;40;F28;;6;199;72;
S025;77;MAX;42.7163;21;F26;delta;7;220;93;
S025;78;MAX;42.7673;53;F14;;8;273;19;gamma
S025;111;MIN;36.5049;32;F02;;6;138;11;
S025;112;MIN;36.3964;47;F35;;7;185;58;
S025;114;MIN;36.2295;20;F20;beta;8;205;78;
S025;115;MIN;36.1303;10;F28;;9;215;88;
S025;152;MIN;35.7857;9;F31;;10;224;97;
S025;153;MIN;35.3142;4;F03;;11;228;101;
S025;154;MIN;34.8949;61;F30;;12;289;35;
S025;156;MIN;34.4779;48;F17;;13;337;83;
S025;157;MIN;33.2716;24;F15;;14;361;107;beta
S025;158;MIN;32.7360;12;F15;;15;373;119;
S025;198;MAX;43.4169;5;F35;;9;278;24;
S025;199;MAX;45.3148;2;F02;;10;280;26;
S025;200;MAX;47.6767;1;F01;;11;281;27;gamma
S025;763;MIN;30.7759;18;F33;epsilon;16;391;10;
S025;765;MIN;30.7020;36;F33;epsilon;17;427;46;
S025;770;MIN;30.1924;5;F35;;18;432;51;
S025;780;MIN;29.2514;6;F17;;19;438;57;
S025;781;MIN;28.4377;3;F18;;20;441;60;
S025;904;MAX;49.5972;21;F26;delta;12;302;48;
S025;905;MAX;49.7458;53;F14;;13;355;101;
S025;930;MAX;50.5494;19;F11;gamma;14;374;120;
S025;939;MAX;50.6171;61;F30;;15;435;54;
S025;946;MAX;50.6735;39;F09;;16;474;93;
S025;947;MAX;51.4052;19;F11;gamma;17;493;112;
S025;950;MAX;51.4087;18;F33;epsilon;18;511;3;
S025;951;MAX;51.6394;9;F31;;19;520;12;
S025;952;MAX;52.3648;4;F03;;20;524;16;
S025;953;MAX;52.5064;61;F30;;21;585;77;
S025;978;MAX;52.7219;43;F26;delta;22;628;120;
S025;984;MAX;53.5341;29;F04;;23;657;22;
S026;1;MIN;37.8944;23;F05;;1;23;23;
S026;2;MIN;37.5050;52;F08;;2;75;75;
S026;13;MAX;43.8288;5;F35;;1;5;5;
S026;17;MAX;43.9650;40;F28;;2;45;45;
S026;19;MAX;44.4290;42;F29;;3;87;87;
S026;20;MAX;45.4031;21;F26;delta;4;108;108;gamma
S026;21;MAX;46.4849;10;F28;;5;118;118;
S026;35;MAX;47.1742;11;F05;;6;129;2;
S026;59;MAX;48.2555;40;F28;;7;169;42;
S026;60;MAX;49.0670;20;F20;beta;8;189;62;
S026;61;MAX;49.8134;10;F28;;9;199;72;
S026;62;MAX;50.4775;5;F35;;10;204;77;
S026;63;MAX;50.5113;61;F30;;11;265;11;
S026;65;MAX;50.6295;48;F17;;12;313;59;alpha
S026;69;MAX;50.8482;27;F11;gamma;13;340;86;
S026;70;MAX;51.6744;13;F09;;14;353;99;
S026;71;MAX;52.4500;57;F34;;15;410;29;
S026;168;MAX;55.4744;4;F03;;16;414;33;
S026;504;MAX;56.2131;22;F08;;17;436;55;
S026;690;MAX;58.3856;54;F12;;18;490;109;epsilon
S026;692;MAX;58.5120;13;F09;;19;503;122;
S026;694;MAX;60.0937;3;F18;;20;506;125;
S027;2;MIN;45.6867;43;F26;delta;1;43;43;delta
S027;12;MAX;48.3221;19;F11;gamma;1;19;19;gamma
S027;13;MAX;49.2315;9;F31;;2;28;28;
S027;18;MAX;49.2591;35;F04;;3;63;63;
S027;19;MAX;50.5599;46;F13;;4;109;109;epsilon
S027;20;MAX;50.6836;40;F28;;5;149;22;
S027;24;MAX;51.0963;21;F26;delta;6;170;43;delta
S027;25;MAX;51.5305;10;F28;;7;180;53;
S027;36;MAX;52.8639;3;F18;;8;183;56;
S027;41;MAX;52.9366;12;F15;;9;195;68;alpha
S027;42;MAX;53.5400;6;F17;;10;201;74;
S027;45;MAX;53.5501;16;F03;;11;217;90;
S027;47;MAX;53.8247;36;F33;epsilon;12;253;126;
S027;49;MAX;53.9445;9;F31;;13;262;8;
S027;51;MAX;54.2518;34;F10;;14;296;42;
S027;53;MAX;54.5654;40;F28;;15;336;82;
S027;54;MAX;54.8466;43;F26;delta;16;379;125;
S027;65;MAX;55.2259;26;F23;;17;405;24;
S027;66;MAX;55.5806;13;F09;;18;418;37;
S027;74;MAX;55.9113;18;F33;epsilon;19;436;55;
S027;76;MAX;56.5107;36;F33;epsilon;20;472;91;epsilon
S027;78;MAX;56.6286;41;F14;;21;513;5;
S027;79;MAX;58.2316;20;F20;beta;22;533;25;
S027;156;MAX;61.9367;26;F23;;23;559;51;
S027;206;MAX;63.3690;2;F02;;24;561;53;
S027;207;MAX;64.2827;62;F25;;25;623;115;
S027;246;MAX;64.4932;49;F34;;26;672;37;
S027;315;MAX;65.1587;57;F34;;27;729;94;
S027;325;MAX;65.7080;18;F33;epsilon;28;747;112;
S027;326;MAX;66.2817;9;F31;;29;756;121;
S027;330;MAX;66.7252;24;F15;;30;780;18;epsilon
S027;332;MAX;66.7820;38;F22;;31;818;56;
S027;333;MAX;67.8377;19;F11;gamma;32;837;75;
S027;335;MAX;68.0563;4;F03;;33;841;79;
S027;336;MAX;68.2753;2;F02;;34;843;81;
S027;340;MAX;69.1762;8;F16;;35;851;89;
S027;341;MAX;69.5955;4;F03;;36;855;93;
S027;342;MAX;69.9709;61;F30;;37;916;27;gamma
S027;343;MAX;70.1471;33;F30;;38;949;60;
S027;346;MAX;70.5949;36;F33;epsilon;39;985;96;
S027;347;MAX;70.7045;45;F19;;40;1030;14;
S027;370;MAX;70.8539;48;F17;;41;1078;62;
S027;371;MAX;71.7890;39;F09;;42;1117;101;
S027;372;MAX;71.8614;44;F23;;43;1161;18;epsilon
S027;373;MAX;72.4472;41;F14;;44;1202;59;alpha
S027;376;MAX;72.4881;37;F19;;45;1239;96;
S027;380;MAX;72.5666;37;F19;;46;1276;6;
S027;382;MAX;72.8175;22;F08;;47;1298;28;
S027;383;MAX;72.8685;11;F05;;48;1309;39;
S027;384;MAX;73.2482;5;F35;;49;1314;44;
S027;392;MAX;73.2867;37;F19;;50;1351;81;
S027;395;MAX;73.3789;52;F08;;51;1403;6;
S027;396;MAX;73.8542;26;F23;;52;1429;32;
S027;401;MAX;75.1748;40;F28;;53;1469;72;
S027;402;MAX;75.7560;43;F26;delta;54;1512;115;
S027;408;MAX;76.5721;5;F35;;55;1517;120;
S027;409;MAX;77.0264;2;F02;;56;1519;122;
S027;1105;MAX;77.7258;5;F35;;57;1524;0;
S027;1106;MAX;77.8639;61;F30;;58;1585;61;
S027;1107;MAX;78.2797;30;F36;;59;1615;91;epsilon
S028;1;MIN;74.1269;38;F22;;1;38;38;
S028;4;MAX;76.4740;4;F03;;1;4;4;
S028;5;MAX;76.7705;61;F30;;2;65;65;
S028;6;MAX;77.8515;33;F30;;3;98;98;
S028;7;MAX;79.3362;16;F03;;4;114;114;
S028;10;MAX;79.5327;18;F33;epsilon;5;132;5;
S028;11;MAX;79.6241;9;F31;;6;141;14;
S028;12;MAX;80.2138;4;F03;;7;145;18;epsilon
S028;13;MAX;80.2290;2;F02;;8;147;20;beta
S028;14;MAX;80.3519;1;F01;;9;148;21;delta
S028;15;MAX;80.6934;0;F32;;10;148;21;delta
S028;16;MAX;80.9898;0;F32;;11;148;21;delta
S028;17;MAX;82.3599;0;F32;;12;148;21;delta
S028;25;MAX;82.3789;12;F15;;13;160;33;
S028;26;MAX;82.6905;6;F17;;14;166;39;
S028;30;MAX;84.2068;55;F31;;15;221;94;
S028;60;MAX;86.6566;5;F35;;16;226;99;
S028;64;MAX;88.5265;8;F16;;17;234;107;beta
S028;66;MAX;89.3057;2;F02;;18;236;109;epsilon
S028;67;MAX;89.3523;62;F25;;19;298;44;
S028;68;MAX;89.9557;32;F02;;20;330;76;
S028;70;MAX;90.1463;55;F31;;21;385;4;
S028;72;MAX;90.2073;50;F22;;22;435;54;
S028;73;MAX;90.3291;38;F22;;23;473;92;
S028;74;MAX;91.5412;44;F23;;24;517;9;
S028;75;MAX;91.6711;41;F14;;25;558;50;
S028;102;MAX;91.7610;17;F06;alpha;26;575;67;
S028;103;MAX;92.0158;8;F16;;27;583;75;
S028;105;MAX;92.2600;34;F10;;28;617;109;epsilon
S028;106;MAX;92.3627;17;F06;alpha;29;634;126;
S028;137;MAX;92.9295;61;F30;;30;695;60;
S028;142;MAX;92.9575;14;F21;;31;709;74;
S028;143;MAX;93.0509;56;F21;;32;765;3;
S028;147;MAX;93.1621;4;F03;;33;769;7;
S028;148;MAX;93.2776;2;F02;;34;771;9;
S028;151;MAX;93.3515;16;F03;;35;787;25;
S028;152;MAX;94.5508;8;F16;;36;795;33;
S028;153;MAX;94.9919;59;F06;alpha;37;854;92;
S028;154;MAX;94.9974;34;F10;;38;888;126;
S028;166;MAX;95.0584;12;F15;;39;900;11;
S028;179;MAX;95.2043;14;F21;;40;914;25;
S028;180;MAX;95.3443;7;F27;;41;921;32;
S028;182;MAX;95.6151;1;F01;;42;922;33;
S028;183;MAX;95.9609;0;F32;;43;922;33;
S028;184;MAX;96.1888;0;F32;;44;922;33;
S028;185;MAX;96.5926;0;F32;;45;922;33;
S028;186;MAX;97.7440;0;F32;;46;922;33;
S028;187;MAX;98.9203;0;F32;;47;922;33;
S028;188;MAX;98.9833;63;F01;;48;985;96;
S028;202;MAX;99.0576;26;F23;;49;1011;122;
S028;203;MAX;99.3587;50;F22;;50;1061;45;
S028;811;MAX;100.5249;9;F31;;51;1070;54;
S028;813;MAX;101.4787;2;F02;;52;1072;56;
S028;826;MAX;102.0501;21;F26;delta;53;1093;77;
S028;828;MAX;102.6025;5;F35;;54;1098;82;
S028;838;MAX;103.9955;14;F21;;55;1112;96;
S028;839;MAX;104.8847;7;F27;;56;1119;103;
S028;840;MAX;105.2286;3;F18;;57;1122;106;delta
S028;841;MAX;107.0471;1;F01;;58;1123;107;beta
S028;842;MAX;107.4419;63;F01;;59;1186;43;delta
S028;844;MAX;107.8963;47;F35;;60;1233;90;
S028;949;MAX;108.5548;9;F31;;61;1242;99;
S028;951;MAX;108.6190;34;F10;;62;1276;6;
S028;952;MAX;108.8357;17;F06;alpha;63;1293;23;
S029;1;MIN;94.5936;23;F05;;1;23;23;
S029;2;MIN;94.2085;11;F05;;2;34;34;
S029;3;MIN;94.1700;5;F35;;3;39;39;
S029;7;MIN;94.1050;8;F16;;4;47;47;
S029;8;MIN;93.7985;4;F03;;5;51;51;
S029;10;MIN;93.6958;33;F30;;6;84;84;delta
S029;11;MIN;93.3846;47;F35;;7;131;4;
S029;12;MIN;93.3597;40;F28;;8;171;44;
S029;27;MAX;96.6774;16;F03;;1;16;16;
S029;50;MIN;93.0804;18;F33;epsilon;9;189;62;
S029;51;MIN;92.8793;9;F31;;10;198;71;
S029;60;MAX;98.3792;6;F17;;2;22;22;
S029;83;MAX;98.7523;58;F13;;3;80;80;
S029;87;MAX;99.0779;51;F24;;4;131;4;
S029;97;MIN;92.1282;7;F27;;11;205;78;
S029;99;MIN;92.0220;1;F01;;12;206;79;
S029;104;MIN;91.4653;44;F23;;13;250;123;
S029;105;MIN;91.3798;41;F14;;14;291;37;
S029;106;MIN;91.1802;43;F26;delta;15;334;80;
S029;107;MIN;91.0351;21;F26;delta;16;355;101;
S029;108;MIN;90.1253;10;F28;;17;365;111;
S029;115;MIN;89.8522;43;F26;delta;18;408;27;gamma
S029;116;MIN;88.7136;21;F26;delta;19;429;48;
S029;117;MIN;88.7051;53;F14;;20;482;101;
S029;123;MIN;88.4398;19;F11;gamma;21;501;120;
S029;124;MIN;88.1480;54;F12;;22;555;47;
S029;125;MIN;87.8750;36;F33;epsilon;23;591;83;
S029;427;MIN;87.6225;22;F08;;24;613;105;
S029;429;MIN;86.8733;5;F35;;25;618;110;alpha
S029;430;MIN;85.6709;2;F02;;26;620;112;
S029;431;MIN;85.1602;1;F01;;27;621;113;
S029;432;MIN;83.8816;0;F32;;28;621;113;
S029;458;MIN;83.2444;19;F11;gamma;29;640;5;
S029;459;MIN;82.8632;9;F31;;30;649;14;
S029;462;MIN;80.7082;17;F06;alpha;31;666;31;
S029;463;MIN;79.7606;55;F31;;32;721;86;
S029;467;MIN;79.7042;4;F03;;33;725;90;
S029;473;MIN;79.2312;10;F28;;34;735;100;gamma
S029;499;MIN;78.9756;28;F07;;35;763;1;
S029;501;MIN;78.6209;39;F09;;36;802;40;
S029;528;MIN;78.0759;23;F05;;37;825;63;
S029;621;MIN;77.6741;15;F27;;38;840;78;
S029;675;MIN;77.6457;36;F33;epsilon;39;876;114;
S029;676;MIN;77.2746;45;F19;;40;921;32;
S029;677;MIN;77.0241;41;F14;;41;962;73;
S029;680;MIN;76.8039;21;F26;delta;42;983;94;
S029;683;MIN;75.8334;18;F33;epsilon;43;1001;112;
S029;684;MIN;75.6809;54;F12;;44;1055;39;
S029;692;MIN;75.1484;8;F16;;45;1063;47;
S029;695;MIN;75.0527;49;F34;;46;1112;96;
S029;699;MIN;75.0223;27;F11;gamma;47;1139;123;
S029;700;MIN;73.6387;13;F09;;48;1152;9;
S029;701;MIN;72.5301;6;F17;;49;1158;15;
S029;744;MIN;71.5487;11;F05;;50;1169;26;
S029;750;MIN;71.3588;10;F28;;51;1179;36;epsilon
S029;751;MIN;70.5186;5;F35;;52;1184;41;
S029;756;MIN;70.2234;28;F07;;53;1212;69;
S029;757;MIN;69.1023;14;F21;;54;1226;83;
S029;766;MIN;68.8813;55;F31;;55;1281;11;
S029;768;MIN;68.7250;18;F33;epsilon;56;1299;29;
S029;774;MIN;68.3313;42;F29;;57;1341;71;
S029;779;MIN;67.8848;25;F24;;58;1366;96;
S029;780;MIN;67.7770;51;F24;;59;1417;20;beta
S029;781;MIN;65.4687;38;F22;;60;1455;58;
S029;783;MIN;65.3847;41;F14;;61;1496;99;
S029;785;MIN;64.4597;10;F28;;62;1506;109;epsilon
S029;786;MIN;62.2810;5;F35;;63;1511;114;
S029;787;MIN;62.0655;61;F30;;64;1572;48;
S029;788;MIN;61.6399;33;F30;;65;1605;81;
S029;790;MIN;59.9179;40;F28;;66;1645;121;
S029;848;MIN;59.8521;8;F16;;67;1653;2;
S029;849;MIN;59.8393;59;F06;alpha;68;1712;61;
S030;1;MAX;63.4542;24;F15;;1;24;24;
S030;2;MAX;63.6736;12;F15;;2;36;36;epsilon
S030;5;MIN;62.0589;14;F21;;1;14;14;
S030;6;MIN;61.9686;7;F27;;2;21;21;delta
S030;7;MIN;61.6601;3;F18;;3;24;24;
S030;9;MIN;61.6578;63;F01;;4;87;87;
S030;10;MIN;61.2743;32;F02;;5;119;119;
S030;11;MIN;61.1187;16;F03;;6;135;8;
S030;12;MIN;61.0027;55;F31;;7;190;63;
S030;14;MIN;60.2893;18;F33;epsilon;8;208;81;
S030;15;MIN;60.2147;9;F31;;9;217;90;
S030;39;MAX;63.6981;57;F34;;3;93;93;
S030;43;MAX;63.7926;28;F07;;4;121;121;
S030;47;MAX;63.8805;9;F31;;5;130;3;
S030;58;MAX;63.9925;45;F19;;6;175;48;
S030;59;MAX;64.0178;41;F14;;7;216;89;
S030;64;MIN;59.7716;61;F30;;10;278;24;
S030;167;MIN;57.9126;36;F33;epsilon;11;314;60;
S030;168;MIN;55.2196;18;F33;epsilon;12;332;78;
S030;169;MIN;54.4712;9;F31;;13;341;87;
S030;170;MIN;54.2876;59;F06;alpha;14;400;19;gamma
S030;174;MIN;54.1126;44;F23;;15;444;63;
S030;175;MIN;53.6602;22;F08;;16;466;85;
S030;176;MIN;53.6158;52;F08;;17;518;10;
S030;178;MIN;53.2354;18;F33;epsilon;18;536;28;
S030;180;MIN;53.2338;59;F06;alpha;19;595;87;
S030;183;MIN;53.1872;23;F05;;20;618;110;alpha
S030;318;MIN;52.9063;32;F02;;21;650;15;
S030;355;MIN;52.7433;0;F32;;22;650;15;
S030;447;MAX;64.0341;38;F22;;8;254;0;
S030;451;MAX;64.2936;45;F19;;9;299;45;
S030;454;MAX;65.0976;26;F23;;10;325;71;
S030;455;MAX;65.1338;50;F22;;11;375;121;
S030;520;MAX;65.2412;3;F18;;12;378;124;
S030;521;MAX;65.2925;62;F25;;13;440;59;alpha
S030;522;MAX;65.6014;32;F02;;14;472;91;epsilon
S030;523;MAX;65.8426;16;F03;;15;488;107;beta
S030;530;MAX;65.9032;48;F17;;16;536;28;
S030;531;MAX;66.1654;39;F09;;17;575;67;
S030;532;MAX;66.2666;19;F11;gamma;18;594;86;
S030;533;MAX;66.4840;54;F12;;19;648;13;
S030;536;MAX;66.6917;25;F24;;20;673;38;
S030;539;MAX;67.1612;35;F04;;21;708;73;
S030;541;MAX;67.3674;55;F31;;22;763;1;
S030;542;MAX;67.9431;36;F33;epsilon;23;799;37;
S030;604;MAX;68.1773;51;F24;;24;850;88;
S030;618;MAX;68.3819;56;F21;;25;906;17;alpha
S030;627;MAX;69.0319;25;F24;;26;931;42;
S030;628;MAX;69.0416;51;F24;;27;982;93;
S030;631;MAX;69.1221;38;F22;;28;1020;4;
S030;838;MAX;70.1864;10;F28;;29;1030;14;
S030;839;MAX;70.9305;5;F35;;30;1035;19;gamma
S030;840;MAX;71.4763;2;F02;;31;1037;21;delta
S030;910;MAX;72.4033;5;F35;;32;1042;26;
S030;911;MAX;73.3559;61;F30;;33;1103;87;
S030;914;MAX;74.0569;24;F15;;34;1127;111;
S030;915;MAX;75.2476;12;F15;;35;1139;123;
S030;916;MAX;75.2604;57;F34;;36;1196;53;
S030;917;MAX;75.3744;35;F04;;37;1231;88;
S030;918;MAX;75.4950;17;F06;alpha;38;1248;105;
S030;919;MAX;75.9357;55;F31;;39;1303;33;
S030;920;MAX;76.1512;36;F33;epsilon;40;1339;69;
S031;1;MAX;84.5911;18;F33;epsilon;1;18;18;epsilon
S031;2;MAX;84.7214;54;F12;;2;72;72;
S031;3;MAX;85.1264;27;F11;gamma;3;99;99;
S031;9;MAX;86.4439;29;F04;;4;128;1;
S031;10;MAX;87.1277;14;F21;;5;142;15;
S031;11;MAX;88.5534;7;F27;;6;149;22;
S031;12;MAX;89.2843;3;F18;;7;152;25;
S031;13;MAX;89.3671;62;F25;;8;214;87;
S031;14;MAX;89.4554;32;F02;;9;246;119;
S031;26;MIN;80.7471;18;F33;epsilon;1;18;18;epsilon
S031;27;MIN;79.4833;9;F31;;2;27;27;gamma
S031;190;MIN;78.8313;21;F26;delta;3;48;48;
S031;206;MIN;77.6998;12;F15;;4;60;60;
S031;209;MIN;77.3816;17;F06;alpha;5;77;77;
S031;210;MIN;77.3796;55;F31;;6;132;5;
S031;345;MIN;77.1272;33;F30;;7;165;38;
S031;346;MIN;77.0396;47;F35;;8;212;85;
S031;739;MIN;76.2196;10;F28;;9;222;95;
S031;740;MIN;76.0520;5;F35;;10;227;100;gamma
S031;743;MIN;75.9991;63;F01;;11;290;36;epsilon
S031;775;MIN;75.9427;14;F21;;12;304;50;
S031;790;MIN;75.6891;26;F23;;13;330;76;
S031;808;MIN;73.7651;27;F11;gamma;14;357;103;
S031;810;MIN;73.7636;57;F34;;15;414;33;
S031;812;MIN;73.5683;17;F06;alpha;16;431;50;
S031;836;MIN;72.8288;10;F28;;17;441;60;
S031;837;MIN;72.8183;5;F35;;18;446;65;
S031;838;MIN;71.6945;2;F02;;19;448;67;
S031;868;MIN;70.3136;12;F15;;20;460;79;
S031;870;MIN;70.0981;60;F36;;21;520;12;
S031;873;MIN;70.0156;56;F21;;22;576;68;alpha
S031;877;MIN;69.9542;36;F33;epsilon;23;612;104;
S031;881;MIN;69.5959;45;F19;;24;657;22;
S032;1;MIN;71.7782;29;F04;;1;29;29;
S032;2;MIN;71.6759;14;F21;;2;43;43;delta
S032;3;MIN;70.9340;7;F27;;3;50;50;
S032;4;MIN;69.5683;3;F18;;4;53;53;
S032;5;MIN;68.5402;1;F01;;5;54;54;
S032;6;MIN;68.4433;0;F32;;6;54;54;
S032;7;MIN;68.2741;63;F01;;7;117;117;
S032;23;MIN;67.8342;29;F04;;8;146;19;gamma
S032;24;MIN;67.6424;14;F21;;9;160;33;
S032;26;MIN;67.1892;35;F04;;10;195;68;alpha
S032;49;MIN;67.1134;61;F30;;11;256;2;
S032;50;MIN;66.9574;33;F30;;12;289;35;
S032;53;MIN;66.6785;36;F33;epsilon;13;325;71;
S032;59;MIN;66.6155;22;F08;;14;347;93;
S032;60;MIN;65.2287;11;F05;;15;358;104;
S032;61;MIN;65.1677;5;F35;;16;363;109;epsilon
S032;79;MIN;64.9755;7;F27;;17;370;116;
S032;80;MIN;64.4811;3;F18;;18;373;119;
S032;81;MIN;63.6004;1;F01;;19;374;120;
S032;84;MIN;63.2250;32;F02;;20;406;25;
S032;85;MIN;62.8594;16;F03;;21;422;41;
S032;86;MIN;62.2218;8;F16;;22;430;49;
S032;93;MIN;61.9445;11;F05;;23;441;60;
S032;94;MIN;61.0852;58;F13;;24;499;118;
S032;112;MIN;60.7865;59;F06;alpha;25;558;50;
S032;123;MIN;60.7826;21;F26;delta;26;579;71;
S032;126;MIN;60.7203;45;F19;;27;624;116;
S032;162;MIN;60.4099;1;F01;;28;625;117;
S032;163;MIN;60.3442;63;F01;;29;688;53;
S032;176;MIN;60.0217;9;F31;;30;697;62;
S032;183;MIN;59.8809;28;F07;;31;725;90;
S032;300;MIN;59.7272;10;F28;;32;735;100;gamma
S032;332;MIN;59.0706;15;F27;;33;750;115;
S032;333;MIN;58.6770;56;F21;;34;806;44;
S032;335;MIN;58.1810;46;F13;;35;852;90;
S032;336;MIN;57.7687;40;F28;;36;892;3;
S032;575;MIN;55.6697;40;F28;;37;932;43;delta
S032;590;MIN;55.6502;37;F19;;38;969;80;
S032;591;MIN;55.1990;18;F33;epsilon;39;987;98;
S032;597;MIN;52.0412;6;F17;;40;993;104;
S032;598;MIN;51.6604;60;F36;;41;1053;37;
S032;621;MIN;51.5647;7;F27;;42;1060;44;
S032;623;MIN;51.0594;1;F01;;43;1061;45;
S032;626;MIN;50.7723;16;F03;;44;1077;61;
S032;861;MIN;49.3257;0;F32;;45;1077;61;
S032;862;MIN;49.1067;0;F32;;46;1077;61;
S032;863;MIN;48.6387;63;F01;;47;1140;124;
S033;1;MIN;51.0878;49;F34;;1;49;49;
S033;19;MAX;54.4938;2;F02;;1;2;2;
S033;21;MAX;55.9385;0;F32;;2;2;2;
S033;60;MIN;51.0668;25;F24;;2;74;74;
S033;61;MIN;50.6233;12;F15;;3;86;86;
S033;62;MIN;50.0247;6;F17;;4;92;92;
S033;63;MIN;49.8804;3;F18;;5;95;95;
S033;64;MIN;48.1373;1;F01;;6;96;96;
S033;99;MAX;56.1614;37;F19;;3;39;39;
S033;142;MAX;57.1549;6;F17;;4;45;45;
S033;143;MAX;57.4330;3;F18;;5;48;48;
S033;144;MAX;57.9826;62;F25;;6;110;110;alpha
S033;145;MAX;58.0344;32;F02;;7;142;15;
S033;150;MAX;58.4739;13;F09;;8;155;28;
S033;160;MAX;58.4945;2;F02;;9;157;30;
S033;161;MAX;59.0317;62;F25;;10;219;92;
S033;344;MAX;59.6339;4;F03;;11;223;96;
S033;345;MAX;59.7938;61;F30;;12;284;30;
S033;384;MAX;60.9985;31;F18;;13;315;61;
S033;393;MAX;61.2264;2;F02;;14;317;63;
S033;394;MAX;61.2393;1;F01;;15;318;64;
S033;395;MAX;61.7084;63;F01;;16;381;0;
S033;426;MAX;61.7481;24;F15;;17;405;24;
S033;430;MAX;61.8177;25;F24;;18;430;49;
S033;431;MAX;62.2705;12;F15;;19;442;61;
S033;432;MAX;62.2895;6;F17;;20;448;67;
S033;434;MAX;62.3214;30;F36;;21;478;97;
S033;441;MAX;62.4976;11;F05;;22;489;108;gamma
S033;442;MAX;62.8302;5;F35;;23;494;113;
S033;750;MIN;47.7996;43;F26;delta;7;139;12;
S033;832;MIN;47.0069;14;F21;;8;153;26;
S033;833;MIN;46.9937;56;F21;;9;209;82;
S033;834;MIN;46.7793;35;F04;;10;244;117;
S033;836;MIN;45.9535;8;F16;;11;252;125;
S033;837;MIN;45.6454;59;F06;alpha;12;311;57;
S033;838;MIN;45.1965;29;F04;;13;340;86;
S033;840;MIN;45.1876;24;F15;;14;364;110;alpha
S033;842;MIN;45.1868;38;F22;;15;402;21;delta
S033;843;MIN;44.6340;44;F23;;16;446;65;
S033;847;MIN;44.5469;45;F19;;17;491;110;alpha
S033;848;MIN;43.7549;22;F08;;18;513;5;
S033;850;MIN;43.4854;26;F23;;19;539;31;
S033;852;MIN;43.2625;25;F24;;20;564;56;
S033;853;MIN;42.6265;51;F24;;21;615;107;beta
S033;1033;MAX;63.9661;5;F35;;24;499;118;
S033;1080;MAX;77.7418;15;F27;;25;514;6;
S033;1092;MAX;77.7507;30;F36;;26;544;36;epsilon
S033;1124;MAX;78.1024;63;F01;;27;607;99;
S033;1126;MAX;79.8672;47;F35;;28;654;19;gamma
S033;1127;MAX;80.9712;40;F28;;29;694;59;alpha
S033;1129;MAX;83.5930;42;F29;;30;736;101;
S033;1132;MAX;83.8933;21;F26;delta;31;757;122;
S033;1133;MAX;85.3710;10;F28;;32;767;5;
S033;1134;MAX;87.0507;58;F13;;33;825;63;
S033;1140;MAX;87.1495;11;F05;;34;836;74;
S033;1141;MAX;89.4286;5;F35;;35;841;79;
S033;1142;MAX;89.5492;61;F30;;36;902;13;
S034;1;MIN;76.7432;33;F30;;1;33;33;
S034;2;MIN;76.3223;16;F03;;2;49;49;
S034;3;MIN;75.4953;8;F16;;3;57;57;
S034;4;MIN;75.2861;4;F03;;4;61;61;
S034;10;MIN;74.9718;44;F23;;5;105;105;
S034;19;MIN;74.3404;5;F35;;6;110;110;alpha
S034;20;MIN;73.6574;2;F02;;7;112;112;
S034;26;MIN;73.0719;26;F23;;8;138;11;
S034;27;MIN;72.5939;13;F09;;9;151;24;
S034;28;MIN;72.5211;57;F34;;10;208;81;
S034;32;MIN;72.5133;28;F07;;11;236;109;epsilon
S034;34;MIN;72.1232;39;F09;;12;275;21;delta
S034;35;MIN;71.9855;44;F23;;13;319;65;
S034;37;MIN;71.8342;20;F20;beta;14;339;85;
S034;38;MIN;71.3880;10;F28;;15;349;95;
S034;39;MIN;70.8446;5;F35;;16;354;100;gamma
S034;42;MIN;70.5886;32;F02;;17;386;5;
S034;43;MIN;69.8161;16;F03;;18;402;21;delta
S034;44;MIN;69.4827;55;F31;;19;457;76;
S034;46;MIN;69.4372;50;F22;;20;507;126;
S034;64;MAX;79.1242;0;F32;;1;0;0;
S034;65;MAX;79.3751;63;F01;;2;63;63;
S034;66;MAX;80.3970;32;F02;;3;95;95;
S034;179;MIN;68.8697;0;F32;;21;507;126;
S034;180;MIN;68.5425;63;F01;;22;570;62;
S034;192;MIN;67.9540;0;F32;;23;570;62;
S034;193;MIN;67.7085;63;F01;;24;633;125;
S034;197;MIN;67.7058;28;F07;;25;661;26;
S034;198;MIN;67.6907;14;F21;;26;675;40;
S034;199;MIN;66.1565;7;F27;;27;682;47;
S034;201;MIN;65.7823;1;F01;;28;683;48;
S034;202;MIN;65.7216;0;F32;;29;683;48;
S034;207;MIN;64.8965;20;F20;beta;30;703;68;alpha
S034;208;MIN;64.6666;53;F14;;31;756;121;
S034;210;MIN;64.2843;45;F19;;32;801;39;
S034;216;MIN;64.0279;41;F14;;33;842;80;
S034;217;MIN;63.9933;43;F26;delta;34;885;123;
S034;219;MIN;63.9571;21;F26;delta;35;906;17;alpha
S034;278;MIN;63.5028;42;F29;;36;948;59;alpha
S034;279;MIN;63.3437;21;F26;delta;37;969;80;
S034;280;MIN;62.9784;10;F28;;38;979;90;
S034;281;MIN;62.8477;5;F35;;39;984;95;
S034;282;MIN;62.7159;2;F02;;40;986;97;
S034;288;MIN;62.3557;30;F36;;41;1016;0;
S034;289;MIN;62.1732;48;F17;;42;1064;48;
S034;290;MIN;62.0573;39;F09;;43;1103;87;
S034;297;MIN;61.9737;9;F31;;44;1112;96;
S034;298;MIN;61.4505;59;F06;alpha;45;1171;28;
S034;300;MIN;61.0580;17;F06;alpha;46;1188;45;
S034;301;MIN;60.5130;8;F16;;47;1196;53;
S034;302;MIN;60.4539;59;F06;alpha;48;1255;112;
S034;307;MIN;60.4465;46;F13;;49;1301;31;
S034;318;MIN;58.7913;23;F05;;50;1324;54;
S034;337;MIN;57.2428;5;F35;;51;1329;59;alpha
S034;338;MIN;55.2865;2;F02;;52;1331;61;
S034;817;MAX;80.7630;11;F05;;4;106;106;delta
S034;818;MAX;82.6617;5;F35;;5;111;111;
S034;828;MAX;83.7972;12;F15;;6;123;123;
S034;833;MAX;84.3099;36;F33;epsilon;7;159;32;
S034;834;MAX;84.3663;18;F33;epsilon;8;177;50;
S034;835;MAX;84.9182;9;F31;;9;186;59;alpha
S034;838;MAX;86.4948;33;F30;;10;219;92;
S034;839;MAX;88.0488;16;F03;;11;235;108;gamma
S034;840;MAX;90.7383;8;F16;;12;243;116;
S034;841;MAX;91.0853;59;F06;alpha;13;302;48;
S035;12;MIN;83.5891;26;F23;;1;26;26;
S035;13;MIN;83.3697;13;F09;;2;39;39;
S035;16;MIN;83.3012;49;F34;;3;88;88;
S035;17;MIN;83.1639;39;F09;;4;127;127;
S035;18;MIN;83.1386;19;F11;gamma;5;146;19;gamma
S035;21;MIN;82.5621;29;F04;;6;175;48;
S035;28;MIN;81.8347;7;F27;;7;182;55;
S035;29;MIN;81.5663;3;F18;;8;185;58;
S035;30;MIN;81.3512;62;F25;;9;247;120;
S035;31;MIN;81.0439;32;F02;;10;279;25;
S035;32;MIN;80.9256;47;F35;;11;326;72;
S035;33;MIN;80.6639;40;F28;;12;366;112;
S035;34;MIN;80.5643;20;F20;beta;13;386;5;
S035;35;MIN;80.2138;10;F28;;14;396;15;
S035;36;MIN;79.9858;5;F35;;15;401;20;beta
S035;37;MIN;79.9734;61;F30;;16;462;81;
S035;39;MIN;79.8081;47;F35;;17;509;1;
S035;40;MIN;79.7595;40;F28;;18;549;41;
S035;41;MIN;79.3965;43;F26;delta;19;592;84;delta
S035;74;MIN;78.7714;17;F06;alpha;20;609;101;
S035;75;MIN;77.8522;8;F16;;21;617;109;epsilon
S035;97;MIN;77.3547;0;F32;;22;617;109;epsilon
S035;98;MIN;77.2516;0;F32;;23;617;109;epsilon
S035;99;MIN;76.8825;0;F32;;24;617;109;epsilon
S035;109;MIN;76.6226;51;F24;;25;668;33;
S035;110;MIN;76.1236;38;F22;;26;706;71;
S035;122;MIN;75.9656;17;F06;alpha;27;723;88;
S035;145;MIN;75.9252;18;F33;epsilon;28;741;106;delta
S035;150;MIN;75.7459;51;F24;;29;792;30;
S035;157;MIN;75.7361;3;F18;;30;795;33;
S035;161;MIN;75.1694;40;F28;;31;835;73;
S035;162;MIN;74.1817;20;F20;beta;32;855;93;
S035;163;MIN;73.7449;10;F28;;33;865;103;
S035;164;MIN;73.5955;5;F35;;34;870;108;gamma
S035;165;MIN;73.2209;61;F30;;35;931;42;
S035;171;MIN;73.0253;29;F04;;36;960;71;
S035;183;MIN;72.7751;21;F26;delta;37;981;92;
S035;184;MIN;72.7078;10;F28;;38;991;102;
S035;191;MIN;72.5079;47;F35;;39;1038;22;
S035;192;MIN;72.2064;23;F05;;40;1061;45;
S035;450;MIN;71.8396;10;F28;;41;1071;55;
S035;452;MIN;71.7708;34;F10;;42;1105;89;
S035;454;MIN;71.0834;40;F28;;43;1145;2;
S035;456;MIN;70.7520;42;F29;;44;1187;44;
S035;479;MIN;70.4039;37;F19;;45;1224;81;
S035;480;MIN;70.0448;18;F33;epsilon;46;1242;99;
S035;481;MIN;69.8025;9;F31;;47;1251;108;gamma
S035;482;MIN;69.6107;4;F03;;48;1255;112;
S035;483;MIN;69.2237;2;F02;;49;1257;114;
S035;484;MIN;68.5916;1;F01;;50;1258;115;
S035;492;MIN;67.9513;14;F21;;51;1272;2;
S035;496;MIN;67.9186;8;F16;;52;1280;10;
S035;503;MIN;67.8844;6;F17;;53;1286;16;
S035;504;MIN;67.3044;3;F18;;54;1289;19;gamma
S035;506;MIN;67.0873;32;F02;;55;1321;51;
S035;507;MIN;66.9173;16;F03;;56;1337;67;
S035;508;MIN;66.6816;8;F16;;57;1345;75;
S035;511;MIN;65.9869;33;F30;;58;1378;108;gamma
S035;513;MIN;65.8733;40;F28;;59;1418;21;delta
S035;514;MIN;65.2602;43;F26;delta;60;1461;64;
S035;562;MIN;65.2342;21;F26;delta;61;1482;85;
S035;563;MIN;64.7036;10;F28;;62;1492;95;
S035;564;MIN;64.3835;5;F35;;63;1497;100;gamma
S035;565;MIN;64.2812;2;F02;;64;1499;102;
S035;568;MIN;64.2769;32;F02;;65;1531;7;
S035;569;MIN;64.2520;47;F35;;66;1578;54;
S035;573;MIN;64.1691;13;F09;;67;1591;67;
S035;574;MIN;64.1018;6;F17;;68;1597;73;
S035;575;MIN;63.7490;3;F18;;69;1600;76;
S035;578;MIN;63.6988;48;F17;;70;1648;124;
S035;743;MIN;63.6409;2;F02;;71;1650;126;
S035;748;MIN;63.5888;39;F09;;72;1689;38;
S035;749;MIN;62.4899;44;F23;;73;1733;82;
S035;750;MIN;61.5392;41;F14;;74;1774;123;
S035;759;MIN;61.3135;5;F35;;75;1779;1;
S035;760;MIN;61.2354;2;F02;;76;1781;3;
S035;761;MIN;61.1513;62;F25;;77;1843;65;
S035;762;MIN;60.7588;32;F02;;78;1875;97;
S035;769;MIN;60.3100;31;F18;;79;1906;1;
S035;770;MIN;60.1715;48;F17;;80;1954;49;
S035;771;MIN;60.1528;24;F15;;81;1978;73;
S035;778;MIN;60.0847;3;F18;;82;1981;76;
S035;779;MIN;59.9548;1;F01;;83;1982;77;
S035;780;MIN;58.2763;0;F32;;84;1982;77;
S035;785;MIN;57.9916;12;F15;;85;1994;89;
S035;791;MIN;57.7457;38;F22;;86;2032;0;
S035;794;MIN;57.6652;43;F26;delta;87;2075;43;delta
S035;815;MIN;56.9969;9;F31;;88;2084;52;
S035;816;MIN;56.5192;59;F06;alpha;89;2143;111;
S035;818;MIN;56.2652;49;F34;;90;2192;33;
S035;819;MIN;54.6727;24;F15;;91;2216;57;
S035;820;MIN;54.5148;51;F24;;92;2267;108;gamma
S035;821;MIN;54.4984;38;F22;;93;2305;19;gamma
S035;822;MIN;53.7473;19;F11;gamma;94;2324;38;
S035;823;MIN;52.9020;54;F12;;95;2378;92;
S035;829;MIN;52.7768;29;F04;;96;2407;121;
S035;848;MIN;52.3664;3;F18;;97;2410;124;
S036;1;MAX;74.9698;4;F03;;1;4;4;
S036;6;MIN;73.0377;59;F06;alpha;1;59;59;alpha
S036;8;MIN;72.9272;46;F13;;2;105;105;
S036;9;MIN;72.5596;23;F05;;3;128;1;
S036;10;MIN;72.2609;11;F05;;4;139;12;
S036;12;MIN;71.7330;34;F10;;5;173;46;
S036;13;MIN;71.4238;46;F13;;6;219;92;
S036;17;MIN;71.4067;29;F04;;7;248;121;
S036;18;MIN;71.3666;14;F21;;8;262;8;
S036;20;MIN;70.8380;3;F18;;9;265;11;
S036;21;MIN;70.4992;1;F01;;10;266;12;
S036;22;MIN;70.3591;63;F01;;11;329;75;
S036;23;MIN;70.1421;32;F02;;12;361;107;beta
S036;24;MIN;70.0643;16;F03;;13;377;123;
S036;25;MIN;69.1338;8;F16;;14;385;4;
S036;26;MIN;68.6410;4;F03;;15;389;8;
S036;27;MIN;68.0536;2;F02;;16;391;10;
S036;37;MIN;67.7626;55;F31;;17;446;65;
S036;39;MIN;67.3573;18;F33;epsilon;18;464;83;
S036;40;MIN;66.7431;54;F12;;19;518;10;
S036;43;MIN;66.5163;9;F31;;20;527;19;gamma
S036;44;MIN;66.3603;59;F06;alpha;21;586;78;
S036;47;MIN;66.0079;39;F09;;22;625;117;
S036;59;MIN;65.8433;1;F01;;23;626;118;
S036;60;MIN;64.4150;0;F32;;24;626;118;
S036;74;MIN;64.2656;1;F01;;25;627;119;
S036;75;MIN;64.1610;0;F32;;26;627;119;
S036;76;MIN;62.6322;0;F32;;27;627;119;
S036;572;MIN;62.5852;59;F06;alpha;28;686;51;
S036;573;MIN;62.3436;34;F10;;29;720;85;
S036;652;MIN;62.0106;58;F13;;30;778;16;
S036;683;MIN;61.8519;5;F35;;31;783;21;delta
S036;760;MIN;61.1867;33;F30;;32;816;54;
S036;761;MIN;60.8993;47;F35;;33;863;101;
S036;763;MIN;60.5998;20;F20;beta;34;883;121;
S036;782;MIN;60.1007;23;F05;;35;906;17;alpha
S036;793;MIN;59.3262;19;F11;gamma;36;925;36;epsilon
S036;795;MIN;58.9026;4;F03;;37;929;40;
S036;796;MIN;58.7610;61;F30;;38;990;101;
S036;797;MIN;58.5747;33;F30;;39;1023;7;
S036;798;MIN;58.4716;16;F03;;40;1039;23;
S036;799;MIN;57.8558;8;F16;;41;1047;31;
S036;800;MIN;57.5812;4;F03;;42;1051;35;
S036;801;MIN;57.2303;2;F02;;43;1053;37;
S036;803;MIN;56.9895;0;F32;;44;1053;37;
S036;805;MIN;56.4181;32;F02;;45;1085;69;
S036;811;MIN;56.2431;54;F12;;46;1139;123;
S036;812;MIN;55.7798;27;F11;gamma;47;1166;23;
S036;813;MIN;55.7490;13;F09;;48;1179;36;epsilon
S036;815;MIN;54.8182;35;F04;;49;1214;71;
S036;816;MIN;54.0888;17;F06;alpha;50;1231;88;
S036;818;MIN;51.6051;4;F03;;51;1235;92;
S037;1;MAX;68.0944;0;F32;;1;0;0;
S037;2;MAX;68.9514;63;F01;;2;63;63;
S037;9;MAX;70.5929;13;F09;;3;76;76;
S037;10;MAX;71.2406;6;F17;;4;82;82;
S037;57;MIN;64.2734;4;F03;;1;4;4;
S037;58;MIN;64.0633;2;F02;;2;6;6;
S037;59;MIN;63.1406;1;F01;;3;7;7;
S037;60;MIN;62.2409;0;F32;;4;7;7;
S037;63;MIN;61.8780;47;F35;;5;54;54;
S037;65;MIN;61.6465;20;F20;beta;6;74;74;
S037;66;MIN;60.7406;10;F28;;7;84;84;delta
S037;483;MAX;72.5993;1;F01;;5;83;83;
S037;707;MAX;73.1704;51;F24;;6;134;7;
S037;708;MAX;75.3468;25;F24;;7;159;32;
S037;711;MAX;76.0026;51;F24;;8;210;83;
S037;712;MAX;77.0408;38;F22;;9;248;121;
S037;760;MAX;77.1120;43;F26;delta;10;291;37;
S037;803;MAX;79.8007;5;F35;;11;296;42;
S037;821;MAX;79.9322;38;F22;;12;334;80;
S037;828;MAX;80.3391;23;F05;;13;357;103;
S037;829;MAX;80.6934;11;F05;;14;368;114;
S037;830;MAX;80.7218;58;F13;;15;426;45;
S037;1020;MAX;81.8324;1;F01;;16;427;46;
S037;1021;MAX;82.3081;0;F32;;17;427;46;
S037;1023;MAX;83.3137;0;F32;;18;427;46;
S037;1024;MAX;84.1080;0;F32;;19;427;46;
S037;1025;MAX;85.2901;0;F32;;20;427;46;
S037;1026;MAX;85.5908;63;F01;;21;490;109;epsilon
S038;1;MAX;72.8841;58;F13;;1;58;58;
S038;2;MAX;73.0805;34;F10;;2;92;92;
S038;6;MAX;73.1241;21;F26;delta;3;113;113;
S038;18;MAX;73.6893;20;F20;beta;4;133;6;
S038;20;MAX;73.7597;26;F23;;5;159;32;
S038;22;MAX;74.2210;25;F24;;6;184;57;
S038;23;MAX;74.4132;12;F15;;7;196;69;
S038;25;MAX;74.4719;35;F04;;8;231;104;
S038;26;MAX;74.7415;17;F06;alpha;9;248;121;
S038;28;MAX;74.9091;4;F03;;10;252;125;
S038;30;MAX;75.2861;33;F30;;11;285;31;
S038;31;MAX;75.8139;16;F03;;12;301;47;
S038;35;MAX;76.0520;9;F31;;13;310;56;
S038;36;MAX;76.2994;4;F03;;14;314;60;
S038;37;MAX;76.3177;61;F30;;15;375;121;
S038;38;MAX;76.5557;30;F36;;16;405;24;
S038;54;MAX;76.7047;34;F10;;17;439;58;
S038;55;MAX;76.7316;46;F13;;18;485;104;
S038;60;MAX;77.5694;37;F19;;19;522;14;
S038;71;MAX;78.0603;55;F31;;20;577;69;
S038;75;MAX;78.1681;20;F20;beta;21;597;89;
S038;76;MAX;78.7706;10;F28;;22;607;99;
S038;96;MAX;79.0005;10;F28;;23;617;109;epsilon
S038;98;MAX;79.1452;34;F10;;24;651;16;
S038;99;MAX;79.3569;17;F06;alpha;25;668;33;
S038;100;MAX;79.7486;8;F16;;26;676;41;
S038;101;MAX;80.1885;4;F03;;27;680;45;
S038;103;MAX;80.3830;33;F30;;28;713;78;
S038;104;MAX;80.4180;16;F03;;29;729;94;
S038;105;MAX;81.1108;8;F16;;30;737;102;
S038;109;MAX;81.2092;56;F21;;31;793;31;
S038;113;MAX;81.4582;36;F33;epsilon;32;829;67;
S038;114;MAX;81.5792;45;F19;;33;874;112;
S038;115;MAX;82.7846;22;F08;;34;896;7;
S038;116;MAX;83.2623;11;F05;;35;907;18;epsilon
S038;117;MAX;83.4327;5;F35;;36;912;23;
S038;118;MAX;84.2060;2;F02;;37;914;25;
S038;121;MAX;84.2842;32;F02;;38;946;57;
S038;140;MAX;84.5538;28;F07;;39;974;85;
S038;144;MAX;84.6121;46;F13;;40;1020;4;
S038;145;MAX;86.5267;40;F28;;41;1060;44;
S038;155;MAX;88.1613;0;F32;;42;1060;44;
S038;156;MAX;88.5226;0;F32;;43;1060;44;
S038;157;MAX;91.2860;0;F32;;44;1060;44;
S038;158;MAX;91.7660;63;F01;;45;1123;107;beta
S038;160;MAX;92.7583;16;F03;;46;1139;123;
S038;161;MAX;94.0303;8;F16;;47;1147;4;
S038;162;MAX;94.2423;4;F03;;48;1151;8;
S038;164;MAX;94.4430;33;F30;;49;1184;41;
S038;165;MAX;94.6410;47;F35;;50;1231;88;
S038;166;MAX;95.2420;23;F05;;51;1254;111;
S038;168;MAX;95.2673;26;F23;;52;1280;10;
S038;169;MAX;95.2735;13;F09;;53;1293;23;
S038;170;MAX;95.4424;57;F34;;54;1350;80;
S038;174;MAX;95.8776;28;F07;;55;1378;108;gamma
S038;175;MAX;96.9812;14;F21;;56;1392;122;
S038;191;MAX;97.1555;16;F03;;57;1408;11;
S038;193;MAX;97.2286;36;F33;epsilon;58;1444;47;
S038;194;MAX;97.2457;18;F33;epsilon;59;1462;65;
S038;195;MAX;97.3562;54;F12;;60;1516;119;
S038;246;MAX;98.0260;0;F32;;61;1516;119;
S038;247;MAX;98.7040;0;F32;;62;1516;119;
S038;248;MAX;98.7741;63;F01;;63;1579;55;
S038;249;MAX;98.7904;31;F18;;64;1610;86;
S038;251;MAX;98.9265;56;F21;;65;1666;15;
S038;252;MAX;99.2906;28;F07;;66;1694;43;delta
S038;324;MAX;99.5843;24;F15;;67;1718;67;
S038;330;MAX;100.3915;10;F28;;68;1728;77;
S038;334;MAX;101.2589;16;F03;;69;1744;93;
S038;335;MAX;101.8658;8;F16;;70;1752;101;
S038;337;MAX;103.4972;2;F02;;71;1754;103;
S038;338;MAX;104.2872;1;F01;;72;1755;104;
S038;341;MAX;104.3510;48;F17;;73;1803;25;
S038;344;MAX;106.3675;54;F12;;74;1857;79;
S038;345;MAX;107.1786;27;F11;gamma;75;1884;106;delta
S038;346;MAX;109.4122;13;F09;;76;1897;119;
S038;347;MAX;111.0191;57;F34;;77;1954;49;
S038;352;MAX;111.6045;53;F14;;78;2007;102;
S038;372;MAX;111.8920;32;F02;;79;2039;7;
S038;373;MAX;111.8986;16;F03;;80;2055;23;
S038;374;MAX;112.1051;55;F31;;81;2110;78;
S038;395;MAX;112.9967;2;F02;;82;2112;80;
S038;396;MAX;113.6553;1;F01;;83;2113;81;
S038;419;MAX;113.6689;38;F22;;84;2151;119;
S038;420;MAX;114.1131;44;F23;;85;2195;36;epsilon
S038;688;MAX;114.5639;13;F09;;86;2208;49;
S038;693;MAX;114.8650;4;F03;;87;2212;53;
S038;695;MAX;115.3310;1;F01;;88;2213;54;
S038;696;MAX;116.6380;0;F32;;89;2213;54;
S038;697;MAX;117.2725;0;F32;;90;2213;54;
S038;703;MAX;117.4491;49;F34;;91;2262;103;
S038;704;MAX;117.6529;24;F15;;92;2286;0;
S038;712;MAX;117.8101;10;F28;;93;2296;10;
S038;713;MAX;117.8602;5;F35;;94;2301;15;
S038;714;MAX;117.9116;2;F02;;95;2303;17;alpha
S038;715;MAX;118.2776;62;F25;;96;2365;79;
S038;717;MAX;118.7121;16;F03;;97;2381;95;
S038;718;MAX;119.1988;8;F16;;98;2389;103;
S038;722;MAX;119.5477;55;F31;;99;2444;31;
S038;724;MAX;120.2366;18;F33;epsilon;100;2462;49;
S038;725;MAX;121.0737;9;F31;;101;2471;58;
S038;726;MAX;121.6377;4;F03;;102;2475;62;
S038;727;MAX;121.8381;2;F02;;103;2477;64;
S038;730;MAX;122.0750;0;F32;;104;2477;64;
S038;735;MAX;122.4461;36;F33;epsilon;105;2513;100;gamma
S038;736;MAX;123.6461;18;F33;epsilon;106;2531;118;
S038;737;MAX;124.9679;9;F31;;107;2540;0;
S038;738;MAX;125.4755;4;F03;;108;2544;4;
S038;740;MAX;125.9738;33;F30;;109;2577;37;
S038;741;MAX;126.4180;16;F03;;110;2593;53;
S038;742;MAX;126.9867;8;F16;;111;2601;61;
S038;743;MAX;127.2964;59;F06;alpha;112;2660;120;
S038;845;MAX;129.6140;0;F32;;113;2660;120;
S038;846;MAX;129.9489;0;F32;;114;2660;120;
S038;847;MAX;131.2462;0;F32;;115;2660;120;
S038;848;MAX;132.6240;0;F32;;116;2660;120;
S038;849;MAX;133.1417;0;F32;;117;2660;120;
S038;850;MAX;134.7576;0;F32;;118;2660;120;
S038;851;MAX;135.6219;0;F32;;119;2660;120;
S038;858;MAX;136.1782;41;F14;;120;2701;34;
S038;859;MAX;137.1993;20;F20;beta;121;2721;54;
S038;867;MAX;137.2036;7;F27;;122;2728;61;
S038;869;MAX;137.8555;62;F25;;123;2790;123;
S038;870;MAX;138.0185;32;F02;;124;2822;28;
S038;871;MAX;138.5059;47;F35;;125;2869;75;
S038;884;MAX;138.9575;10;F28;;126;2879;85;
S038;885;MAX;139.1648;58;F13;;127;2937;16;
S038;888;MAX;139.4519;24;F15;;128;2961;40;
S038;889;MAX;140.5944;12;F15;;129;2973;52;
S038;900;MAX;141.3424;0;F32;;130;2973;52;
S038;901;MAX;141.7652;0;F32;;131;2973;52;
S038;902;MAX;144.4372;0;F32;;132;2973;52;
S038;903;MAX;144.8371;0;F32;;133;2973;52;
S038;904;MAX;145.3043;63;F01;;134;3036;115;
S038;910;MAX;145.5112;13;F09;;135;3049;1;
S038;911;MAX;145.8232;6;F17;;136;3055;7;
S038;922;MAX;146.2009;6;F17;;137;3061;13;
S038;923;MAX;146.2161;60;F36;;138;3121;73;
S038;926;MAX;147.4515;24;F15;;139;3145;97;
S038;1103;MAX;148.4423;0;F32;;140;3145;97;
S038;1415;MAX;151.1916;26;F23;;141;3171;123;
S038;1416;MAX;152.0785;13;F09;;142;3184;9;
S038;1417;MAX;152.6165;6;F17;;143;3190;15;
S038;1418;MAX;153.0996;60;F36;;144;3250;75;
S038;1419;MAX;153.1105;33;F30;;145;3283;108;gamma
S038;1420;MAX;153.3237;16;F03;;146;3299;124;
S038;1422;MAX;153.7656;36;F33;epsilon;147;3335;33;
S038;1423;MAX;153.9309;45;F19;;148;3380;78;
S038;1424;MAX;153.9387;41;F14;;149;3421;119;
S039;1;MIN;147.3737;10;F28;;1;10;10;
S039;2;MIN;147.2951;58;F13;;2;68;68;alpha
S039;3;MIN;147.2189;34;F10;;3;102;102;
S039;12;MIN;147.1520;6;F17;;4;108;108;gamma
S039;13;MIN;147.1461;3;F18;;5;111;111;
S039;20;MAX;153.9118;16;F03;;1;16;16;
S039;23;MAX;154.6661;2;F02;;2;18;18;epsilon
S039;24;MAX;154.7528;62;F25;;3;80;80;
S039;26;MAX;155.0205;47;F35;;4;127;127;
S039;33;MAX;155.0808;3;F18;;5;130;3;
S039;34;MAX;155.9004;1;F01;;6;131;4;
S039;35;MAX;157.5403;63;F01;;7;194;67;
S039;45;MAX;157.8352;13;F09;;8;207;80;
S039;46;MAX;159.1881;6;F17;;9;213;86;
S039;54;MAX;159.7829;11;F05;;10;224;97;
S039;55;MAX;161.0852;5;F35;;11;229;102;
S039;61;MAX;162.0981;10;F28;;12;239;112;
S039;125;MAX;162.6112;1;F01;;13;240;113;
S039;197;MIN;147.1380;0;F32;;6;111;111;
S039;198;MIN;147.0100;63;F01;;7;174;47;
S039;204;MIN;146.8295;11;F05;;8;185;58;
S039;205;MIN;145.8831;5;F35;;9;190;63;
S039;206;MIN;145.8251;2;F02;;10;192;65;
S039;207;MIN;145.6719;1;F01;;11;193;66;
S039;225;MIN;145.6684;20;F20;beta;12;213;86;
S039;226;MIN;145.5003;53;F14;;13;266;12;
S039;265;MIN;145.3618;51;F24;;14;317;63;
S039;267;MIN;145.1253;51;F24;;15;368;114;
S039;268;MIN;143.3418;25;F24;;16;393;12;
S039;269;MIN;142.5397;51;F24;;17;444;63;
S039;330;MIN;140.4411;29;F04;;18;473;92;
S039;333;MIN;140.3357;44;F23;;19;517;9;
S039;785;MIN;139.7526;22;F08;;20;539;31;
S039;786;MIN;138.6397;11;F05;;21;550;42;
S039;788;MIN;137.1036;34;F10;;22;584;76;
S039;789;MIN;133.8913;17;F06;alpha;23;601;93;
S039;790;MIN;133.8505;55;F31;;24;656;21;delta
S039;955;MIN;133.4055;2;F02;;25;658;23;
S039;975;MIN;133.3448;32;F02;;26;690;55;
S039;976;MIN;131.5718;16;F03;;27;706;71;
S039;982;MIN;131.5290;36;F33;epsilon;28;742;107;beta
S039;984;MIN;131.0824;9;F31;;29;751;116;
S039;985;MIN;131.0482;59;F06;alpha;30;810;48;
S040;1;MIN;140.4707;56;F21;;1;56;56;
S040;11;MIN;139.8499;9;F31;;2;65;65;
S040;12;MIN;139.5912;4;F03;;3;69;69;
S040;13;MIN;138.8747;2;F02;;4;71;71;
S040;15;MIN;138.8556;32;F02;;5;103;103;
S040;16;MIN;138.2317;16;F03;;6;119;119;
S040;18;MIN;138.1916;36;F33;epsilon;7;155;28;
S040;19;MIN;138.0648;45;F19;;8;200;73;
S040;23;MIN;138.0103;13;F09;;9;213;86;
S040;24;MIN;137.3630;6;F17;;10;219;92;
S040;25;MIN;137.2047;60;F36;;11;279;25;
S040;35;MIN;137.0091;13;F09;;12;292;38;
S040;36;MIN;136.5298;57;F34;;13;349;95;
S040;38;MIN;135.8071;17;F06;alpha;14;366;112;
S040;39;MIN;135.7410;8;F16;;15;374;120;
S040;40;MIN;134.3954;4;F03;;16;378;124;
S040;41;MIN;133.8427;61;F30;;17;439;58;
S040;59;MIN;133.5229;45;F19;;18;484;103;
S040;103;MAX;143.8269;2;F02;;1;2;2;
S040;104;MAX;144.9573;1;F01;;2;3;3;
S040;118;MAX;145.1736;0;F32;;3;3;3;
S040;121;MAX;145.7135;47;F35;;4;50;50;
S040;122;MAX;145.9679;40;F28;;5;90;90;
S040;124;MAX;146.0391;42;F29;;6;132;5;
S040;150;MAX;146.0698;49;F34;;7;181;54;
S040;237;MAX;146.2534;39;F09;;8;220;93;
S040;238;MAX;147.5950;19;F11;gamma;9;239;112;
S040;239;MAX;147.8642;9;F31;;10;248;121;
S040;240;MAX;147.9401;59;F06;alpha;11;307;53;
S040;241;MAX;148.9946;34;F10;;12;341;87;
S040;310;MAX;149.3050;15;F27;;13;356;102;
S040;311;MAX;149.5983;56;F21;;14;412;31;
S040;312;MAX;149.7461;28;F07;;15;440;59;alpha
S040;332;MAX;149.9161;7;F27;;16;447;66;
S040;333;MAX;150.6346;3;F18;;17;450;69;
S040;334;MAX;151.8720;1;F01;;18;451;70;
S040;335;MAX;152.1435;0;F32;;19;451;70;
S040;350;MAX;152.9670;1;F01;;20;452;71;
S040;351;MAX;153.0086;0;F32;;21;452;71;
S040;356;MAX;153.2902;51;F24;;22;503;122;
S040;358;MAX;153.4046;44;F23;;23;547;39;
S040;364;MAX;154.2728;11;F05;;24;558;50;
S040;365;MAX;154.7700;58;F13;;25;616;108;gamma
S040;370;MAX;155.3842;22;F08;;26;638;3;
S040;371;MAX;156.4617;11;F05;;27;649;14;
S040;372;MAX;157.7271;58;F13;;28;707;72;
S040;397;MAX;158.1670;25;F24;;29;732;97;
S040;398;MAX;158.5000;51;F24;;30;783;21;delta
S040;401;MAX;158.7664;9;F31;;31;792;30;
S040;402;MAX;159.1029;59;F06;alpha;32;851;89;
S040;416;MAX;159.4717;16;F03;;33;867;105;
S040;417;MAX;160.0322;8;F16;;34;875;113;
S040;418;MAX;160.4850;4;F03;;35;879;117;
S040;493;MAX;161.1136;22;F08;;36;901;12;
S040;494;MAX;161.1875;11;F05;;37;912;23;
S040;496;MAX;161.2389;29;F04;;38;941;52;
S040;511;MAX;161.2634;11;F05;;39;952;63;
S040;513;MAX;166.2926;2;F02;;40;954;65;
S040;514;MAX;166.7862;1;F01;;41;955;66;
S040;515;MAX;167.4798;63;F01;;42;1018;2;
S040;583;MAX;167.7813;0;F32;;43;1018;2;
S040;584;MAX;168.0909;0;F32;;44;1018;2;
S040;585;MAX;168.7394;0;F32;;45;1018;2;
S040;587;MAX;169.0260;63;F01;;46;1081;65;
S040;663;MAX;170.4377;35;F04;;47;1116;100;gamma
S040;668;MAX;170.9687;29;F04;;48;1145;2;
S040;669;MAX;171.1184;49;F34;;49;1194;51;
S040;686;MAX;171.3483;22;F08;;50;1216;73;
S040;687;MAX;171.6541;52;F08;;51;1268;125;
S040;691;MAX;171.7778;12;F15;;52;1280;10;
S040;750;MAX;182.3447;37;F19;;53;1317;47;
S040;751;MAX;184.7778;18;F33;epsilon;54;1335;65;
S040;752;MAX;185.0871;54;F12;;55;1389;119;
S040;754;MAX;186.1043;18;F33;epsilon;56;1407;10;
S040;759;MAX;186.8468;20;F20;beta;57;1427;30;
S040;761;MAX;187.1794;5;F35;;58;1432;35;
S040;762;MAX;187.8185;2;F02;;59;1434;37;
S040;763;MAX;188.5288;62;F25;;60;1496;99;
S040;765;MAX;188.5646;48;F17;;61;1544;20;beta
S040;767;MAX;188.8715;12;F15;;62;1556;32;
S040;770;MAX;188.9019;46;F13;;63;1602;78;
S041;1;MAX;175.6233;31;F18;;1;31;31;
S041;2;MAX;176.1364;15;F27;;2;46;46;
S041;3;MAX;176.6199;7;F27;;3;53;53;
S041;4;MAX;176.8840;3;F18;;4;56;56;
S041;5;MAX;177.4765;1;F01;;5;57;57;
S041;8;MAX;177.8826;16;F03;;6;73;73;
S041;10;MAX;177.9456;36;F33;epsilon;7;109;109;epsilon
S041;13;MAX;178.9177;20;F20;beta;8;129;2;
S041;14;MAX;179.2997;53;F14;;9;182;55;
S041;55;MIN;173.4633;23;F05;;1;23;23;
S041;56;MIN;172.8529;11;F05;;2;34;34;
S041;60;MIN;171.4355;40;F28;;3;74;74;
S041;65;MIN;169.7083;5;F35;;4;79;79;
S041;66;MIN;169.6803;61;F30;;5;140;13;
S041;70;MIN;169.6321;4;F03;;6;144;17;alpha
S041;71;MIN;169.5726;2;F02;;7;146;19;gamma
S041;73;MIN;169.5364;32;F02;;8;178;51;
S041;74;MIN;169.5084;47;F35;;9;225;98;
S041;77;MIN;169.3991;58;F13;;10;283;29;
S041;81;MIN;169.3166;36;F33;epsilon;11;319;65;
S041;82;MIN;169.2556;45;F19;;12;364;110;alpha
S041;87;MIN;169.2182;13;F09;;13;377;123;
S041;89;MIN;167.2573;35;F04;;14;412;31;
S041;90;MIN;167.0745;46;F13;;15;458;77;
S041;91;MIN;166.8940;40;F28;;16;498;117;
S041;92;MIN;166.3397;20;F20;beta;17;518;10;
S041;100;MIN;166.2413;5;F35;;18;523;15;
S041;101;MIN;166.0717;61;F30;;19;584;76;
S041;350;MAX;179.6459;34;F10;;10;216;89;
S041;351;MAX;181.2516;17;F06;alpha;11;233;106;delta
S041;352;MAX;181.2979;8;F16;;12;241;114;
S041;403;MAX;182.7115;10;F28;;13;251;124;
S041;405;MAX;182.8581;2;F02;;14;253;126;
S041;406;MAX;183.2860;1;F01;;15;254;0;
S041;407;MAX;183.6700;63;F01;;16;317;63;
S041;417;MAX;184.0239;22;F08;;17;339;85;
S041;418;MAX;184.2375;11;F05;;18;350;96;
S041;459;MAX;184.3534;2;F02;;19;352;98;
S041;465;MAX;185.1263;6;F17;;20;358;104;
S041;962;MAX;185.5383;32;F02;;21;390;9;
S041;963;MAX;185.9109;47;F35;;22;437;56;
S041;970;MAX;186.1875;5;F35;;23;442;61;
S041;1059;MAX;186.4761;47;F35;;24;489;108;gamma
S041;1105;MAX;187.0693;9;F31;;25;498;117;
S041;1111;MAX;192.0663;10;F28;;26;508;0;
S041;1114;MAX;192.4635;17;F06;alpha;27;525;17;alpha
S041;1118;MAX;192.5988;9;F31;;28;534;26;
S041;1119;MAX;192.8416;4;F03;;29;538;30;
S041;1120;MAX;193.1279;2;F02;;30;540;32;
S041;1121;MAX;193.2566;1;F01;;31;541;33;
S041;1156;MAX;193.2698;21;F26;delta;32;562;54;
S041;1159;MAX;193.2722;18;F33;epsilon;33;580;72;
S041;1160;MAX;193.4924;9;F31;;34;589;81;
S041;1161;MAX;194.2353;4;F03;;35;593;85;
S041;1162;MAX;194.2886;61;F30;;36;654;19;gamma
S041;1164;MAX;195.1868;16;F03;;37;670;35;
S041;1165;MAX;195.8547;8;F16;;38;678;43;delta
S041;1166;MAX;196.0492;59;F06;alpha;39;737;102;
S041;1168;MAX;196.2904;17;F06;alpha;40;754;119;
S041;1169;MAX;196.6299;8;F16;;41;762;0;
S041;1170;MAX;197.6223;4;F03;;42;766;4;
S041;1189;MAX;197.9156;7;F27;;43;773;11;
S041;1191;MAX;198.0225;33;F30;;44;806;44;
S041;1362;MAX;198.2948;58;F13;;45;864;102;
S041;1364;MAX;198.4290;49;F34;;46;913;24;
S041;1365;MAX;198.5648;39;F09;;47;952;63;
S041;1366;MAX;199.1549;19;F11;gamma;48;971;82;
S041;1367;MAX;199.3023;9;F31;;49;980;91;epsilon
S041;1370;MAX;199.3183;49;F34;;50;1029;13;
S041;1371;MAX;199.6855;24;F15;;51;1053;37;
S041;1374;MAX;199.7563;19;F11;gamma;52;1072;56;
S041;1375;MAX;200.1021;54;F12;;53;1126;110;alpha
S041;1377;MAX;200.1538;18;F33;epsilon;54;1144;1;
S041;1380;MAX;200.5996;45;F19;;55;1189;46;
S041;1387;MAX;200.6937;48;F17;;56;1237;94;
S041;1438;MAX;200.8190;33;F30;;57;1270;0;
S041;1439;MAX;200.8513;16;F03;;58;1286;16;
S042;1;MIN;199.4739;59;F06;alpha;1;59;59;alpha
S042;2;MIN;198.4664;29;F04;;2;88;88;
S042;4;MAX;201.7156;24;F15;;1;24;24;
S042;5;MAX;201.7195;51;F24;;2;75;75;
S042;9;MAX;202.3940;4;F03;;3;79;79;
S042;10;MAX;202.8328;2;F02;;4;81;81;
S042;11;MAX;203.3556;1;F01;;5;82;82;
S042;22;MAX;203.6427;10;F28;;6;92;92;
S042;23;MAX;204.2919;5;F35;;7;97;97;
S042;24;MAX;204.5828;2;F02;;8;99;99;
S042;25;MAX;205.5833;1;F01;;9;100;100;gamma
S042;29;MAX;206.1890;47;F35;;10;147;20;beta
S042;46;MAX;206.8499;1;F01;;11;148;21;delta
S042;47;MAX;207.3840;63;F01;;12;211;84;delta
S042;62;MIN;197.4060;3;F18;;3;91;91;epsilon
S042;63;MIN;197.3153;62;F25;;4;153;26;
S042;77;MAX;207.5042;61;F30;;13;272;18;epsilon
S042;81;MAX;207.8146;12;F15;;14;284;30;
S042;91;MAX;208.0565;38;F22;;15;322;68;alpha
S042;93;MAX;208.2394;22;F08;;16;344;90;
S042;100;MAX;208.6497;21;F26;delta;17;365;111;
S042;107;MAX;208.7890;13;F09;;18;378;124;
S042;108;MAX;209.4701;6;F17;;19;384;3;
S042;109;MAX;210.4648;3;F18;;20;387;6;
S042;110;MAX;210.6332;1;F01;;21;388;7;
S042;112;MAX;210.6849;32;F02;;22;420;39;
S042;113;MAX;211.8927;16;F03;;23;436;55;
S042;114;MAX;212.1701;8;F16;;24;444;63;
S042;115;MAX;213.1371;59;F06;alpha;25;503;122;
S042;134;MAX;213.3223;2;F02;;26;505;124;
S042;135;MAX;213.3888;1;F01;;27;506;125;
S042;136;MAX;213.5615;63;F01;;28;569;61;
S042;326;MIN;196.2456;12;F15;;5;165;38;
S042;330;MIN;192.1566;40;F28;;6;205;78;
S042;331;MIN;190.6430;20;F20;beta;7;225;98;
S042;332;MIN;189.0730;10;F28;;8;235;108;gamma
S042;346;MIN;188.9665;24;F15;;9;259;5;
S042;349;MIN;188.9591;19;F11;gamma;10;278;24;
S042;350;MIN;187.7598;9;F31;;11;287;33;
S042;351;MIN;187.4556;4;F03;;12;291;37;
S042;355;MIN;187.3428;8;F16;;13;299;45;
S042;356;MIN;187.1211;59;F06;alpha;14;358;104;
S042;380;MIN;187.1176;53;F14;;15;411;30;
S042;388;MIN;186.7294;23;F05;;16;434;53;
S042;389;MIN;184.9809;11;F05;;17;445;64;
S042;392;MIN;184.8194;17;F06;alpha;18;462;81;
S042;393;MIN;184.1970;8;F16;;19;470;89;
S042;415;MIN;184.0905;60;F36;;20;530;22;
S042;439;MIN;183.3973;54;F12;;21;584;76;
S042;443;MIN;183.2623;12;F15;;22;596;88;
S042;460;MIN;182.9706;3;F18;;23;599;91;epsilon
S043;1;MIN;186.9173;10;F28;;1;10;10;
S043;2;MIN;186.8356;58;F13;;2;68;68;alpha
S043;12;MAX;190.0338;33;F30;;1;33;33;
S043;13;MAX;190.8978;16;F03;;2;49;49;
S043;14;MAX;191.8197;8;F16;;3;57;57;
S043;19;MAX;192.0010;12;F15;;4;69;69;
S043;20;MAX;192.3230;57;F34;;5;126;126;
S043;29;MAX;192.4273;10;F28;;6;136;9;
S043;30;MAX;192.8836;58;F13;;7;194;67;
S043;32;MAX;193.3434;49;F34;;8;243;116;
S043;36;MAX;193.4846;27;F11;gamma;9;270;16;
S043;60;MAX;193.7028;60;F36;;10;330;76;
S043;63;MAX;194.0941;8;F16;;11;338;84;delta
S043;65;MAX;194.5874;34;F10;;12;372;118;
S043;66;MAX;195.0339;17;F06;alpha;13;389;8;
S043;70;MAX;195.7220;9;F31;;14;398;17;alpha
S043;71;MAX;195.8951;4;F03;;15;402;21;delta
S043;72;MAX;196.1480;2;F02;;16;404;23;
S043;73;MAX;196.2071;62;F25;;17;466;85;
S043;75;MAX;196.2091;47;F35;;18;513;5;
S043;77;MAX;196.6338;20;F20;beta;19;533;25;
S043;80;MAX;197.4686;18;F33;epsilon;20;551;43;delta
S043;107;MAX;197.6946;16;F03;;21;567;59;alpha
S043;108;MAX;198.3820;8;F16;;22;575;67;
S043;110;MAX;198.6153;34;F10;;23;609;101;
S043;111;MAX;198.8324;46;F13;;24;655;20;beta
S043;129;MAX;199.1171;42;F29;;25;697;62;
S043;130;MAX;199.8088;42;F29;;26;739;104;
S043;132;MAX;200.0869;42;F29;;27;781;19;gamma
S043;133;MAX;200.4510;21;F26;delta;28;802;40;
S043;134;MAX;201.7491;53;F14;;29;855;93;
S043;162;MAX;202.6344;3;F18;;30;858;96;
S043;163;MAX;203.1304;62;F25;;31;920;31;
S043;165;MAX;203.1634;48;F17;;32;968;79;
S043;166;MAX;203.5011;24;F15;;33;992;103;
S043;167;MAX;204.2382;12;F15;;34;1004;115;
S043;170;MAX;204.7875;17;F06;alpha;35;1021;5;
S043;171;MAX;204.9322;55;F31;;36;1076;60;
S043;172;MAX;204.9578;36;F33;epsilon;37;1112;96;
S043;173;MAX;205.4324;18;F33;epsilon;38;1130;114;
S043;174;MAX;205.4767;54;F12;;39;1184;41;
S043;188;MAX;206.1983;48;F17;;40;1232;89;
S043;555;MAX;206.7577;0;F32;;41;1232;89;
S043;556;MAX;206.8643;63;F01;;42;1295;25;
S043;563;MAX;208.3277;27;F11;gamma;43;1322;52;
S043;564;MAX;209.2803;13;F09;;44;1335;65;
S043;749;MAX;210.4111;6;F17;;45;1341;71;
S043;750;MAX;212.6050;60;F36;;46;1401;4;
S043;763;MAX;214.7880;26;F23;;47;1427;30;
S043;780;MAX;215.9118;63;F01;;48;1490;93;
S044;1;MAX;206.7725;3;F18;;1;3;3;
S044;3;MAX;207.4081;0;F32;;2;3;3;
S044;7;MAX;207.8842;8;F16;;3;11;11;
S044;8;MAX;208.1880;4;F03;;4;15;15;
S044;9;MAX;208.5389;61;F30;;5;76;76;
S044;15;MAX;209.0158;55;F31;;6;131;4;
S044;16;MAX;210.3897;27;F11;gamma;7;158;31;
S044;17;MAX;210.5223;13;F09;;8;171;44;
S044;18;MAX;210.8744;6;F17;;9;177;50;
S044;19;MAX;211.2828;3;F18;;10;180;53;
S044;20;MAX;212.4692;1;F01;;11;181;54;
S044;23;MAX;214.4776;16;F03;;12;197;70;
S044;34;MAX;219.1984;9;F31;;13;206;79;
S044;106;MIN;204.0593;0;F32;;1;0;0;
S044;107;MIN;203.8372;0;F32;;2;0;0;
S044;112;MIN;203.4808;43;F26;delta;3;43;43;delta
S044;118;MIN;202.2081;39;F09;;4;82;82;
S044;121;MIN;202.1855;36;F33;epsilon;5;118;118;
S044;122;MIN;202.0322;45;F19;;6;163;36;epsilon
S044;126;MIN;201.8840;61;F30;;7;224;97;
S044;150;MIN;200.8135;10;F28;;8;234;107;beta
S044;151;MIN;200.5934;5;F35;;9;239;112;
S044;152;MIN;200.5638;2;F02;;10;241;114;
S044;153;MIN;200.2748;1;F01;;11;242;115;
S044;154;MIN;199.9585;63;F01;;12;305;51;
S044;156;MIN;199.3844;48;F17;;13;353;99;
S044;239;MIN;199.2607;55;F31;;14;408;27;gamma
S044;240;MIN;198.9643;36;F33;epsilon;15;444;63;
S044;241;MIN;197.6763;18;F33;epsilon;16;462;81;
S044;250;MIN;197.4931;5;F35;;17;467;86;
S044;251;MIN;196.5070;2;F02;;18;469;88;
S044;342;MIN;196.1888;29;F04;;19;498;117;
S044;343;MIN;195.0806;14;F21;;20;512;4;
S044;344;MIN;194.5695;7;F27;;21;519;11;
S044;345;MIN;194.5224;60;F36;;22;579;71;
S044;346;MIN;193.2450;33;F30;;23;612;104;
S044;355;MIN;193.1839;56;F21;;24;668;33;
S044;359;MIN;192.2900;4;F03;;25;672;37;
S044;364;MIN;190.5780;4;F03;;26;676;41;
S044;365;MIN;190.2816;2;F02;;27;678;43;delta
S044;373;MIN;190.1163;22;F08;;28;700;65;
S044;375;MIN;190.0918;37;F19;;29;737;102;
S044;380;MIN;189.7647;42;F29;;30;779;17;alpha
S044;390;MIN;189.7219;17;F06;alpha;31;796;34;
S044;391;MIN;189.7141;55;F31;;32;851;89;
S044;393;MIN;188.2690;50;F22;;33;901;12;
S044;394;MIN;188.0570;38;F22;;34;939;50;
S044;396;MIN;187.7205;54;F12;;35;993;104;
S044;480;MIN;186.9274;16;F03;;36;1009;120;
S044;483;MIN;186.5314;18;F33;epsilon;37;1027;11;
S044;488;MIN;186.5259;35;F04;;38;1062;46;
S044;490;MIN;185.8277;40;F28;;39;1102;86;
S044;870;MIN;183.2351;21;F26;delta;40;1123;107;beta
S044;970;MIN;182.5971;0;F32;;41;1123;107;beta
S044;973;MIN;182.5263;16;F03;;42;1139;123;
S044;974;MIN;181.9273;8;F16;;43;1147;4;
S044;975;MIN;181.6639;4;F03;;44;1151;8;
S044;976;MIN;181.6515;61;F30;;45;1212;69;
S044;977;MIN;180.9039;33;F30;;46;1245;102;
S044;980;MIN;180.8556;59;F06;alpha;47;1304;34;
S044;1153;MIN;179.4175;32;F02;;48;1336;66;
S044;1154;MIN;178.9239;16;F03;;49;1352;82;
S044;1155;MIN;177.8958;55;F31;;50;1407;10;
S045;1;MAX;183.6283;28;F07;;1;28;28;
S045;2;MAX;185.1396;14;F21;;2;42;42;
S045;6;MIN;182.3299;23;F05;;1;23;23;
S045;7;MIN;181.9176;11;F05;;2;34;34;
S045;8;MIN;181.8981;58;F13;;3;92;92;
S045;11;MIN;181.7297;24;F15;;4;116;116;
S045;12;MIN;180.5720;12;F15;;5;128;1;
S045;15;MIN;180.0286;49;F34;;6;177;50;
S045;17;MIN;179.5545;12;F15;;7;189;62;
S045;22;MIN;178.6535;4;F03;;8;193;66;
S045;26;MIN;176.3799;24;F15;;9;217;90;
S045;29;MIN;176.2301;19;F11;gamma;10;236;109;epsilon
S045;30;MIN;175.3611;54;F12;;11;290;36;epsilon
S045;38;MIN;174.9862;7;F27;;12;297;43;delta
S045;39;MIN;174.3373;3;F18;;13;300;46;
S045;48;MIN;172.2080;14;F21;;14;314;60;
S045;69;MIN;171.8248;12;F15;;15;326;72;
S045;70;MIN;170.4035;6;F17;;16;332;78;
S045;71;MIN;169.5625;60;F36;;17;392;11;
S045;76;MIN;169.2874;42;F29;;18;434;53;
S045;78;MIN;168.6927;10;F28;;19;444;63;
S045;79;MIN;167.7801;58;F13;;20;502;121;
S045;84;MIN;167.0702;14;F21;;21;516;8;
S045;85;MIN;166.7516;56;F21;;22;572;64;
S045;90;MIN;166.5552;22;F08;;23;594;86;
S045;92;MIN;166.0429;5;F35;;24;599;91;epsilon
S045;96;MIN;166.0308;23;F05;;25;622;114;
S045;112;MIN;165.6679;48;F17;;26;670;35;
S045;134;MIN;165.1350;16;F03;;27;686;51;
S045;698;MAX;185.3699;19;F11;gamma;3;61;61;
S045;699;MAX;185.6795;54;F12;;4;115;115;
S045;710;MAX;186.5236;31;F18;;5;146;19;gamma
S045;711;MAX;186.6208;15;F27;;6;161;34;
S045;712;MAX;187.1639;7;F27;;7;168;41;
S045;713;MAX;187.4898;3;F18;;8;171;44;
S045;719;MAX;187.9135;14;F21;;9;185;58;
S045;720;MAX;189.3099;7;F27;;10;192;65;
S045;722;MAX;189.8895;1;F01;;11;193;66;
S045;723;MAX;190.2836;0;F32;;12;193;66;
S045;728;MAX;190.8834;48;F17;;13;241;114;
S045;740;MAX;190.9849;14;F21;;14;255;1;
S045;741;MAX;191.1156;7;F27;;15;262;8;
S045;742;MAX;191.7652;3;F18;;16;265;11;
S045;743;MAX;191.9418;1;F01;;17;266;12;
S045;744;MAX;192.2274;0;F32;;18;266;12;
S045;746;MAX;192.3090;63;F01;;19;329;75;
S045;749;MAX;192.4386;24;F15;;20;353;99;
S045;750;MAX;193.5600;12;F15;;21;365;111;
S045;751;MAX;194.8013;6;F17;;22;371;117;
S045;810;MAX;195.1705;48;F17;;23;419;38;
S045;811;MAX;195.7563;24;F15;;24;443;62;
S045;812;MAX;196.1846;12;F15;;25;455;74;
S045;814;MAX;196.6222;35;F04;;26;490;109;epsilon
S045;815;MAX;197.3690;17;F06;alpha;27;507;126;
S045;816;MAX;197.5238;8;F16;;28;515;7;
S045;817;MAX;198.0789;4;F03;;29;519;11;
S045;818;MAX;198.6803;2;F02;;30;521;13;
S046;1;MIN;187.4311;57;F34;;1;57;57;
S046;2;MAX;189.8028;28;F07;;1;28;28;
S046;4;MAX;190.5613;7;F27;;2;35;35;
S046;11;MAX;191.6338;19;F11;gamma;3;54;54;
S046;12;MAX;191.9232;9;F31;;4;63;63;
S046;15;MAX;191.9683;17;F06;alpha;5;80;80;
S046;16;MAX;192.9159;8;F16;;6;88;88;
S046;17;MAX;194.4248;4;F03;;7;92;92;
S046;18;MAX;195.0366;61;F30;;8;153;26;
S046;20;MAX;195.3879;48;F17;;9;201;74;
S046;26;MAX;195.7411;14;F21;;10;215;88;
S046;28;MAX;196.3215;3;F18;;11;218;91;epsilon
S046;30;MAX;196.5654;32;F02;;12;250;123;
S046;31;MAX;197.2445;16;F03;;13;266;12;
S046;32;MAX;197.6106;8;F16;;14;274;20;beta
S046;44;MAX;199.0417;7;F27;;15;281;27;gamma
S046;52;MAX;199.3299;40;F28;;16;321;67;
S046;57;MAX;200.1865;33;F30;;17;354;100;gamma
S046;58;MAX;200.7334;16;F03;;18;370;116;
S046;60;MAX;202.7923;36;F33;epsilon;19;406;25;
S046;64;MAX;203.4260;18;F33;epsilon;20;424;43;delta
S046;66;MAX;203.9457;36;F33;epsilon;21;460;79;
S046;67;MAX;204.2748;18;F33;epsilon;22;478;97;
S046;68;MAX;204.3312;54;F12;;23;532;24;
S046;74;MAX;204.4700;40;F28;;24;572;64;
S046;82;MAX;204.8302;5;F35;;25;577;69;
S046;83;MAX;205.8023;2;F02;;26;579;71;
S046;84;MAX;206.2952;62;F25;;27;641;6;
S046;856;MAX;206.4761;60;F36;;28;701;66;
S046;857;MAX;206.7869;33;F30;;29;734;99;
S046;858;MAX;207.1486;16;F03;;30;750;115;
S046;859;MAX;208.0044;8;F16;;31;758;123;
S046;861;MAX;208.2786;34;F10;;32;792;30;
S046;862;MAX;208.6859;17;F06;alpha;33;809;47;
S046;863;MAX;210.1820;8;F16;;34;817;55;
S046;864;MAX;210.5997;59;F06;alpha;35;876;114;
S046;955;MAX;210.6845;5;F35;;36;881;119;
S046;961;MAX;210.8413;27;F11;gamma;37;908;19;gamma
S046;969;MAX;210.9273;12;F15;;38;920;31;
S046;970;MAX;211.0735;6;F17;;39;926;37;
S047;1;MIN;207.9990;21;F26;delta;1;21;21;delta
S047;2;MIN;207.7333;10;F28;;2;31;31;
S047;3;MIN;207.2673;58;F13;;3;89;89;
S047;13;MIN;207.1829;48;F17;;4;137;10;
S047;23;MAX;211.8465;10;F28;;1;10;10;
S047;24;MAX;212.1028;58;F13;;2;68;68;alpha
S047;29;MAX;212.1273;38;F22;;3;106;106;delta
S047;30;MAX;212.2366;44;F23;;4;150;23;
S047;34;MAX;212.3599;13;F09;;5;163;36;epsilon
S047;37;MAX;212.9310;17;F06;alpha;6;180;53;
S047;59;MAX;213.4888;17;F06;alpha;7;197;70;
S047;60;MAX;213.9194;55;F31;;8;252;125;
S047;61;MAX;213.9556;36;F33;epsilon;9;288;34;
S047;66;MAX;213.9836;46;F13;;10;334;80;
S047;101;MIN;206.9055;35;F04;;5;172;45;
S047;102;MIN;206.7040;17;F06;alpha;6;189;62;
S047;103;MIN;205.8918;8;F16;;7;197;70;
S047;104;MIN;204.4070;4;F03;;8;201;74;
S047;105;MIN;203.4976;2;F02;;9;203;76;
S047;107;MIN;201.7195;32;F02;;10;235;108;gamma
S047;108;MIN;201.4970;16;F03;;11;251;124;
S047;113;MIN;201.4577;36;F33;epsilon;12;287;33;
S047;121;MIN;200.9396;23;F05;;13;310;56;
S047;122;MIN;200.1865;11;F05;;14;321;67;
S047;124;MIN;200.1480;34;F10;;15;355;101;
S047;125;MIN;200.1464;17;F06;alpha;16;372;118;
S047;126;MIN;199.8527;8;F16;;17;380;126;
S047;128;MIN;199.7321;34;F10;;18;414;33;
S047;129;MIN;199.6882;17;F06;alpha;19;431;50;
S047;130;MIN;199.2175;55;F31;;20;486;105;
S047;153;MIN;198.7527;16;F03;;21;502;121;
S047;154;MIN;198.2061;8;F16;;22;510;2;
S047;155;MIN;197.9510;59;F06;alpha;23;569;61;
S047;160;MIN;197.5705;30;F36;;24;599;91;epsilon
S047;163;MIN;197.5417;35;F04;;25;634;126;
S047;164;MIN;197.5336;46;F13;;26;680;45;
S047;229;MIN;197.3270;16;F03;;27;696;61;
S047;230;MIN;196.7805;8;F16;;28;704;69;
S047;231;MIN;196.5451;4;F03;;29;708;73;
S047;235;MIN;196.4436;24;F15;;30;732;97;
S047;236;MIN;196.2005;12;F15;;31;744;109;epsilon
S047;240;MIN;195.9543;16;F03;;32;760;125;
S047;248;MIN;195.8687;38;F22;;33;798;36;epsilon
S047;278;MIN;195.7897;55;F31;;34;853;91;epsilon
S047;279;MIN;195.4003;27;F11;gamma;35;880;118;
S047;330;MIN;194.9923;3;F18;;36;883;121;
S047;331;MIN;194.3730;1;F01;;37;884;122;
S047;810;MIN;190.4275;27;F11;gamma;38;911;22;
S047;893;MIN;189.0489;11;F05;;39;922;33;
S047;898;MIN;187.9656;12;F15;;40;934;45;
S047;899;MIN;185.6608;6;F17;;41;940;51;
S047;913;MIN;185.4333;40;F28;;42;980;91;epsilon
S047;914;MIN;183.8042;20;F20;beta;43;1000;111;
S047;919;MIN;182.4248;12;F15;;44;1012;123;
S047;920;MIN;181.3994;6;F17;;45;1018;2;
S047;921;MIN;181.1077;60;F36;;46;1078;62;
S047;924;MIN;180.9474;24;F15;;47;1102;86;
S047;1184;MIN;180.2041;13;F09;;48;1115;99;
S047;1185;MIN;179.8353;57;F34;;49;1172;29;
S047;1188;MIN;178.8477;8;F16;;50;1180;37;
S047;1189;MIN;177.9899;4;F03;;51;1184;41;
S047;1191;MIN;177.2956;1;F01;;52;1185;42;
S047;1197;MIN;175.8236;10;F28;;53;1195;52;
S047;1221;MIN;173.8841;22;F08;;54;1217;74;
S047;1243;MIN;173.6749;10;F28;;55;1227;84;delta
S047;1244;MIN;173.2804;5;F35;;56;1232;89;
S047;1246;MIN;173.1490;33;F30;;57;1265;122;
S047;1247;MIN;172.1769;16;F03;;58;1281;11;
S047;1413;MIN;171.5560;21;F26;delta;59;1302;32;
S047;1419;MIN;171.5362;53;F14;;60;1355;85;
S048;1;MAX;175.1445;1;F01;;1;1;1;
S048;2;MAX;176.0893;0;F32;;2;1;1;
S048;3;MAX;176.8043;0;F32;;3;1;1;
S048;9;MAX;176.9638;41;F14;;4;42;42;
S048;11;MAX;177.0470;53;F14;;5;95;95;
S048;12;MAX;177.2454;26;F23;;6;121;121;
S048;13;MAX;178.3217;13;F09;;7;134;7;
S048;14;MAX;178.4345;57;F34;;8;191;64;
S048;16;MAX;178.7963;17;F06;alpha;9;208;81;
S048;17;MAX;178.8796;55;F31;;10;263;9;
S048;19;MAX;179.0227;45;F19;;11;308;54;
S048;38;MAX;179.1386;3;F18;;12;311;57;
S048;42;MAX;179.3269;55;F31;;13;366;112;
S048;61;MIN;172.2500;21;F26;delta;1;21;21;delta
S048;62;MIN;170.4692;10;F28;;2;31;31;
S048;93;MAX;179.7816;32;F02;;14;398;17;alpha
S048;94;MAX;180.8226;16;F03;;15;414;33;
S048;95;MAX;181.1131;8;F16;;16;422;41;
S048;97;MAX;181.7285;2;F02;;17;424;43;delta
S048;98;MAX;182.8282;1;F01;;18;425;44;
S048;99;MAX;182.8963;0;F32;;19;425;44;
S048;100;MAX;183.3887;63;F01;;20;488;107;beta
S048;136;MAX;184.0496;55;F31;;21;543;35;
S048;138;MAX;184.5576;45;F19;;22;588;80;
S048;141;MAX;184.8552;5;F35;;23;593;85;
S048;143;MAX;184.9661;33;F30;;24;626;118;
S048;144;MAX;185.0489;47;F35;;25;673;38;
S048;456;MAX;185.4807;16;F03;;26;689;54;
S048;524;MAX;185.5223;44;F23;;27;733;98;
S048;600;MAX;185.5678;59;F06;alpha;28;792;30;
S048;613;MAX;185.9393;6;F17;;29;798;36;epsilon
S048;615;MAX;186.0035;30;F36;;30;828;66;
S048;616;MAX;186.6224;48;F17;;31;876;114;
S048;617;MAX;187.3451;24;F15;;32;900;11;
S048;618;MAX;187.3770;51;F24;;33;951;62;
S048;619;MAX;187.5778;38;F22;;34;989;100;gamma
S048;620;MAX;187.7162;44;F23;;35;1033;17;alpha
S048;623;MAX;187.8232;37;F19;;36;1070;54;
S048;629;MAX;187.8559;42;F29;;37;1112;96;
S048;630;MAX;187.9804;21;F26;delta;38;1133;117;
S048;648;MAX;188.0348;13;F09;;39;1146;3;
S048;661;MAX;188.4518;13;F09;;40;1159;16;
S048;663;MAX;188.6288;60;F36;;41;1219;76;
S048;665;MAX;189.3383;16;F03;;42;1235;92;
S048;666;MAX;189.6149;8;F16;;43;1243;100;gamma
S048;672;MAX;189.7759;10;F28;;44;1253;110;alpha
S048;675;MAX;189.7845;14;F21;;45;1267;124;
S048;752;MAX;189.8561;25;F24;;46;1292;22;
S048;753;MAX;191.8874;12;F15;;47;1304;34;
S048;754;MAX;193.9910;6;F17;;48;1310;40;
S048;755;MAX;195.4361;3;F18;;49;1313;43;delta
S048;756;MAX;198.5558;1;F01;;50;1314;44;
S048;757;MAX;203.1693;0;F32;;51;1314;44;
S048;758;MAX;205.9980;0;F32;;52;1314;44;
S048;759;MAX;206.3333;63;F01;;53;1377;107;beta
S048;760;MAX;206.6748;32;F02;;54;1409;12;
S048;761;MAX;207.9791;47;F35;;55;1456;59;alpha
S048;766;MAX;208.0534;53;F14;;56;1509;112;
S048;771;MAX;208.4265;54;F12;;57;1563;39;
S048;772;MAX;208.9637;36;F33;epsilon;58;1599;75;
S048;773;MAX;209.7471;45;F19;;59;1644;120;
S048;774;MAX;211.0564;22;F08;;60;1666;15;
S048;775;MAX;212.2549;52;F08;;61;1718;67;
S048;776;MAX;215.5259;37;F19;;62;1755;104;
S048;777;MAX;216.3685;18;F33;epsilon;63;1773;122;
S048;790;MAX;217.5802;3;F18;;64;1776;125;
S048;792;MAX;222.7444;32;F02;;65;1808;30;
S048;793;MAX;223.3820;16;F03;;66;1824;46;
S048;794;MAX;223.5780;55;F31;;67;1879;101;
S048;795;MAX;223.7212;36;F33;epsilon;68;1915;10;
S048;796;MAX;223.8359;18;F33;epsilon;69;1933;28;
S048;797;MAX;224.8998;9;F31;;70;1942;37;
S048;811;MAX;225.4319;54;F12;;71;1996;91;epsilon
S048;813;MAX;225.6381;13;F09;;72;2009;104;
S048;846;MAX;225.7882;21;F26;delta;73;2030;125;
S048;847;MAX;227.6247;10;F28;;74;2040;8;
S048;849;MAX;227.8728;2;F02;;75;2042;10;
S048;850;MAX;228.5886;1;F01;;76;2043;11;
S048;852;MAX;228.8644;32;F02;;77;2075;43;delta
S048;853;MAX;229.2588;16;F03;;78;2091;59;alpha
S048;856;MAX;230.3974;18;F33;epsilon;79;2109;77;
S048;864;MAX;231.1902;19;F11;gamma;80;2128;96;
S048;865;MAX;232.0020;9;F31;;81;2137;105;
S048;866;MAX;232.8659;4;F03;;82;2141;109;epsilon
S048;867;MAX;234.0449;2;F02;;83;2143;111;
S048;870;MAX;234.6794;32;F02;;84;2175;16;
S048;871;MAX;235.2590;16;F03;;85;2191;32;
S048;872;MAX;235.4321;55;F31;;86;2246;87;
S048;876;MAX;235.5270;51;F24;;87;2297;11;
S048;881;MAX;236.6819;22;F08;;88;2319;33;
S048;882;MAX;236.9756;11;F05;;89;2330;44;
S048;883;MAX;238.2916;58;F13;;90;2388;102;
S048;974;MAX;238.4016;48;F17;;91;2436;23;
S048;976;MAX;238.4814;51;F24;;92;2487;74;
S048;1148;MAX;240.1498;21;F26;delta;93;2508;95;
S048;1149;MAX;241.0452;10;F28;;94;2518;105;
S048;1157;MAX;241.1024;44;F23;;95;2562;22;
S048;1158;MAX;241.1460;22;F08;;96;2584;44;
S048;1166;MAX;241.2767;28;F07;;97;2612;72;
S048;1168;MAX;241.7680;24;F15;;98;2636;96;
S048;1170;MAX;241.9150;57;F34;;99;2693;26;
S048;1172;MAX;242.3028;17;F06;alpha;100;2710;43;delta
S048;1173;MAX;242.4152;8;F16;;101;2718;51;
S048;1174;MAX;242.9411;59;F06;alpha;102;2777;110;alpha
S048;1189;MAX;243.1555;4;F03;;103;2781;114;
S048;1190;MAX;243.4585;61;F30;;104;2842;48;
S048;1195;MAX;243.5083;41;F14;;105;2883;89;
S048;1220;MAX;243.5281;3;F18;;106;2886;92;
S048;1221;MAX;243.5289;62;F25;;107;2948;27;gamma
S048;1222;MAX;243.6472;32;F02;;108;2980;59;alpha
S048;1223;MAX;243.7055;16;F03;;109;2996;75;
S048;1224;MAX;245.7450;8;F16;;110;3004;83;
S048;1225;MAX;247.0415;4;F03;;111;3008;87;
S048;1226;MAX;247.3465;2;F02;;112;3010;89;
S048;1233;MAX;247.4379;39;F09;;113;3049;1;
S048;1234;MAX;247.9720;44;F23;;114;3093;45;
S048;1254;MAX;248.0509;19;F11;gamma;115;3112;64;
S048;1255;MAX;248.2236;54;F12;;116;3166;118;
S048;1320;MAX;248.6472;57;F34;;117;3223;48;
S048;1321;MAX;249.4808;28;F07;;118;3251;76;
S049;1;MAX;245.2230;27;F11;gamma;1;27;27;gamma
S049;3;MAX;246.1036;38;F22;;2;65;65;
S049;17;MAX;246.8217;22;F08;;3;87;87;
S049;18;MAX;246.9446;11;F05;;4;98;98;
S049;24;MIN;242.6163;30;F36;;1;30;30;
S049;27;MIN;242.0084;12;F15;;2;42;42;
S049;40;MIN;241.7672;5;F35;;3;47;47;
S049;41;MIN;240.9550;2;F02;;4;49;49;
S049;42;MIN;240.3330;1;F01;;5;50;50;
S049;43;MIN;240.2575;0;F32;;6;50;50;
S049;59;MIN;240.2427;57;F34;;7;107;107;beta
S049;61;MIN;238.6199;46;F13;;8;153;26;
S049;62;MIN;237.0421;23;F05;;9;176;49;
S049;63;MIN;236.2774;11;F05;;10;187;60;
S049;64;MIN;235.8856;5;F35;;11;192;65;
S049;66;MIN;235.5009;33;F30;;12;225;98;
S049;109;MIN;234.4332;41;F14;;13;266;12;
S049;111;MIN;234.2702;42;F29;;14;308;54;
S049;113;MIN;233.0783;42;F29;;15;350;96;
S049;114;MIN;232.6796;21;F26;delta;16;371;117;
S049;314;MIN;232.5151;5;F35;;17;376;122;
S049;328;MIN;232.0129;45;F19;;18;421;40;
S049;330;MIN;231.4430;43;F26;delta;19;464;83;
S049;334;MIN;230.7864;5;F35;;20;469;88;
S049;337;MIN;230.6479;48;F17;;21;517;9;
S049;338;MIN;230.2091;39;F09;;22;556;48;
S049;355;MIN;230.0745;54;F12;;23;610;102;
S049;701;MIN;229.6533;25;F24;;24;635;0;
S049;703;MIN;229.5817;6;F17;;25;641;6;
S049;704;MIN;228.6664;3;F18;;26;644;9;
S049;705;MIN;226.8879;1;F01;;27;645;10;
S049;706;MIN;226.3612;0;F32;;28;645;10;
S049;707;MIN;226.0512;63;F01;;29;708;73;
S049;708;MIN;225.3502;32;F02;;30;740;105;
S049;717;MIN;225.2390;20;F20;beta;31;760;125;
S049;720;MIN;223.8748;34;F10;;32;794;32;
S049;721;MIN;222.7576;17;F06;alpha;33;811;49;
S049;722;MIN;222.3212;55;F31;;34;866;104;
S049;724;MIN;222.0014;50;F22;;35;916;27;gamma
S049;725;MIN;220.7971;25;F24;;36;941;52;
S049;726;MIN;219.5784;12;F15;;37;953;64;
S049;727;MIN;219.4454;57;F34;;38;1010;121;
S049;901;MAX;249.9340;8;F16;;5;106;106;delta
S049;902;MAX;252.8760;4;F03;;6;110;110;alpha
S049;903;MAX;252.8989;2;F02;;7;112;112;
S049;904;MAX;253.0456;1;F01;;8;113;113;
S049;914;MAX;253.2906;56;F21;;9;169;42;
S049;917;MAX;254.2837;40;F28;;10;209;82;
S049;918;MAX;254.3533;43;F26;delta;11;252;125;
S049;919;MAX;254.6147;42;F29;;12;294;40;
S049;920;MAX;254.6404;42;F29;;13;336;82;
S050;1;MIN;248.4496;10;F28;;1;10;10;
S050;2;MIN;248.2450;58;F13;;2;68;68;alpha
S050;3;MIN;247.8961;34;F10;;3;102;102;
S050;4;MIN;247.3332;17;F06;alpha;4;119;119;
S050;5;MIN;246.7482;8;F16;;5;127;127;
S050;6;MIN;246.4747;4;F03;;6;131;4;
S050;9;MIN;246.4195;16;F03;;7;147;20;beta
S050;12;MIN;246.3728;18;F33;epsilon;8;165;38;
S050;13;MIN;245.7458;9;F31;;9;174;47;
S050;14;MIN;245.4731;4;F03;;10;178;51;
S050;15;MIN;245.2327;2;F02;;11;180;53;
S050;16;MIN;244.3512;1;F01;;12;181;54;
S050;29;MIN;244.1186;45;F19;;13;226;99;
S050;30;MIN;243.9751;22;F08;;14;248;121;
S050;31;MIN;243.8129;52;F08;;15;300;46;
S050;36;MIN;243.6530;42;F29;;16;342;88;
S050;37;MIN;243.6118;42;F29;;17;384;3;
S050;38;MIN;243.1629;42;F29;;18;426;45;
S050;41;MIN;242.9470;5;F35;;19;431;50;
S050;47;MIN;242.5732;14;F21;;20;445;64;
S050;59;MIN;242.5269;26;F23;;21;471;90;
S050;60;MIN;242.0939;50;F22;;22;521;13;
S050;83;MAX;249.6007;19;F11;gamma;1;19;19;gamma
S050;84;MAX;250.4440;54;F12;;2;73;73;
S050;87;MAX;250.7023;25;F24;;3;98;98;
S050;91;MAX;252.0739;17;F06;alpha;4;115;115;
S050;92;MAX;252.4959;8;F16;;5;123;123;
S050;93;MAX;252.9806;4;F03;;6;127;127;
S050;94;MAX;253.9955;2;F02;;7;129;2;
S050;95;MAX;255.8416;1;F01;;8;130;3;
S050;261;MAX;256.6989;3;F18;;9;133;6;
S050;267;MAX;256.9907;10;F28;;10;143;16;
S050;268;MAX;257.1564;5;F35;;11;148;21;delta
S050;270;MAX;257.2855;1;F01;;12;149;22;
S050;272;MAX;257.4567;31;F18;;13;180;53;
S050;351;MAX;257.5816;33;F30;;14;213;86;
S050;352;MAX;257.8795;16;F03;;15;229;102;
S050;353;MAX;257.9048;55;F31;;16;284;30;
S050;355;MAX;259.1080;50;F22;;17;334;80;
S050;356;MAX;259.5930;25;F24;;18;359;105;
S050;358;MAX;260.3675;6;F17;;19;365;111;
S050;359;MAX;260.6324;60;F36;;20;425;44;
S050;377;MAX;260.8382;62;F25;;21;487;106;delta
S050;387;MAX;261.1229;15;F27;;22;502;121;
S050;388;MAX;261.3886;56;F21;;23;558;50;
S050;392;MAX;261.8219;12;F15;;24;570;62;
S050;393;MAX;262.8843;6;F17;;25;576;68;alpha
S050;394;MAX;263.4818;60;F36;;26;636;1;
S050;395;MAX;264.1438;33;F30;;27;669;34;
S050;397;MAX;264.2446;40;F28;;28;709;74;
S050;398;MAX;264.3815;43;F26;delta;29;752;117;
S050;408;MAX;264.5363;6;F17;;30;758;123;
S050;409;MAX;265.0720;3;F18;;31;761;126;
S050;442;MAX;265.2019;56;F21;;32;817;55;
S050;468;MAX;265.2836;41;F14;;33;858;96;
S050;497;MAX;266.1775;24;F15;;34;882;120;
S050;499;MAX;267.3639;38;F22;;35;920;31;
S050;500;MAX;267.5187;19;F11;gamma;36;939;50;
S050;501;MAX;268.4095;9;F31;;37;948;59;alpha
S050;502;MAX;268.5277;59;F06;alpha;38;1007;118;
S050;503;MAX;268.9836;34;F10;;39;1041;25;
S050;504;MAX;269.5348;17;F06;alpha;40;1058;42;
S050;505;MAX;270.0942;8;F16;;41;1066;50;
S050;507;MAX;270.3050;34;F10;;42;1100;84;delta
S050;508;MAX;270.6143;46;F13;;43;1146;3;
S050;516;MAX;270.9126;52;F08;;44;1198;55;
S050;518;MAX;270.9655;45;F19;;45;1243;100;gamma
S050;521;MAX;270.9745;10;F28;;46;1253;110;alpha
S050;522;MAX;271.4724;5;F35;;47;1258;115;
S050;524;MAX;271.5257;30;F36;;48;1288;18;epsilon
S050;539;MAX;271.8478;36;F33;epsilon;49;1324;54;
S050;541;MAX;272.1057;9;F31;;50;1333;63;
S050;544;MAX;272.2119;49;F34;;51;1382;112;
S050;545;MAX;272.2648;39;F09;;52;1421;24;
S050;546;MAX;273.1486;44;F23;;53;1465;68;alpha
S050;547;MAX;273.8857;22;F08;;54;1487;90;
S050;548;MAX;275.3448;11;F05;;55;1498;101;
S050;549;MAX;276.2791;5;F35;;56;1503;106;delta
S050;550;MAX;276.6051;2;F02;;57;1505;108;gamma
S050;551;MAX;276.7479;1;F01;;58;1506;109;epsilon
S050;552;MAX;276.8836;63;F01;;59;1569;45;
S050;553;MAX;277.8756;32;F02;;60;1601;77;
S050;556;MAX;278.0701;20;F20;beta;61;1621;97;
S050;557;MAX;278.1152;10;F28;;62;1631;107;beta
S050;558;MAX;278.4003;58;F13;;63;1689;38;
S050;696;MAX;278.8391;21;F26;delta;64;1710;59;alpha
S050;697;MAX;279.4062;10;F28;;65;1720;69;
S050;925;MAX;280.6763;57;F34;;66;1777;126;
S050;935;MAX;280.7518;7;F27;;67;1784;6;
S050;936;MAX;280.9478;60;F36;;68;1844;66;
S050;941;MAX;281.0287;22;F08;;69;1866;88;
S050;942;MAX;281.7301;11;F05;;70;1877;99;
S050;944;MAX;281.7802;61;F30;;71;1938;33;
S050;945;MAX;281.9475;33;F30;;72;1971;66;
S050;951;MAX;282.0984;30;F36;;73;2001;96;
S050;952;MAX;282.5917;15;F27;;74;2016;111;
S050;953;MAX;283.5179;7;F27;;75;2023;118;
S050;957;MAX;283.6295;55;F31;;76;2078;46;
S050;960;MAX;283.7937;54;F12;;77;2132;100;gamma
S050;961;MAX;283.9893;36;F33;epsilon;78;2168;9;
S050;963;MAX;284.5635;9;F31;;79;2177;18;epsilon
S050;981;MAX;285.8005;60;F36;;80;2237;78;
S050;999;MAX;285.8183;50;F22;;81;2287;1;
S050;1003;MAX;286.2264;12;F15;;82;2299;13;
S050;1005;MAX;286.2976;3;F18;;83;2302;16;
S050;1006;MAX;286.4785;1;F01;;84;2303;17;alpha
S050;1007;MAX;287.1246;0;F32;;85;2303;17;alpha
S050;1008;MAX;287.3498;63;F01;;86;2366;80;
S050;1010;MAX;287.4268;16;F03;;87;2382;96;
S050;1011;MAX;288.0687;8;F16;;88;2390;104;
S050;1013;MAX;288.1107;34;F10;;89;2424;11;
S050;1014;MAX;288.3472;17;F06;alpha;90;2441;28;
S050;1015;MAX;288.3826;55;F31;;91;2496;83;
S050;1017;MAX;288.5308;50;F22;;92;2546;6;
S050;1018;MAX;288.8357;25;F24;;93;2571;31;
S050;1019;MAX;288.9976;12;F15;;94;2583;43;delta
S050;1020;MAX;289.0050;57;F34;;95;2640;100;gamma
S050;1022;MAX;289.3072;17;F06;alpha;96;2657;117;
S050;1023;MAX;289.7082;55;F31;;97;2712;45;
S050;1028;MAX;290.0747;14;F21;;98;2726;59;alpha
S050;1029;MAX;290.1252;56;F21;;99;2782;115;
