segment;pas;capteur;longueur;cote;rang_segment;collage_replie;capteur_appele_par_collage;capteur_appele_par_longueur
S001;31;alpha;31;+;1;31;;
S001;33;alpha;2;-;2;58;;
S001;38;alpha;5;+;3;77;;
S001;41;epsilon;41;+;1;41;;
S001;45;epsilon;4;-;2;33;;
S001;46;epsilon;1;+;3;77;;
S001;55;gamma;55;+;1;55;;
S001;56;gamma;1;-;2;43;delta;
S001;58;gamma;2;+;3;51;;
S001;60;beta;60;+;1;60;;
S001;61;beta;1;-;2;93;;
S001;62;alpha;24;-;4;104;;
S001;62;gamma;4;-;4;6;;
S001;63;alpha;1;+;5;25;;
S001;63;gamma;1;+;5;61;;
S001;63;beta;2;+;3;43;delta;
S001;64;beta;1;-;4;50;;
S001;65;beta;1;+;5;120;;
S001;67;beta;2;-;6;59;alpha;
S001;69;beta;2;+;7;84;delta;
S001;70;beta;1;-;8;79;;
S001;73;alpha;10;-;6;97;;
S001;74;gamma;11;-;6;15;;
S001;75;alpha;2;+;7;83;;
S001;75;gamma;1;+;7;24;;
S001;75;beta;5;+;9;33;;
S001;76;alpha;1;-;8;69;;
S001;76;beta;1;-;10;77;;
S001;77;alpha;1;+;9;56;;
S001;78;alpha;1;-;10;53;;
S001;80;epsilon;34;-;4;114;;
S001;80;gamma;5;-;8;118;;
S001;173;alpha;95;+;11;61;;
S001;182;epsilon;102;+;5;56;;
S001;197;alpha;24;-;12;28;;
S001;200;alpha;3;+;13;29;;
S001;201;gamma;121;+;9;11;;
S001;202;gamma;1;-;10;111;;
S001;203;gamma;1;+;11;95;;
S001;210;alpha;10;-;14;116;;
S001;210;gamma;7;-;12;68;alpha;
S001;212;gamma;2;+;13;47;;
S001;213;gamma;1;-;14;90;;
S001;216;gamma;3;+;15;14;;
S001;217;alpha;7;+;15;24;;
S001;218;alpha;1;-;16;114;;
S001;219;alpha;1;+;17;125;;
S001;225;alpha;6;-;18;113;;
S001;227;epsilon;45;-;6;57;;
S001;237;alpha;12;+;19;9;;
S001;237;epsilon;10;+;7;122;;
S001;240;alpha;3;-;20;93;;
S001;240;epsilon;3;-;8;80;;
S001;242;alpha;2;+;21;43;delta;
S001;242;epsilon;2;+;9;40;;
S001;244;beta;168;+;11;79;;
S001;245;beta;1;-;12;29;;
S001;246;alpha;4;-;22;53;;
S001;246;epsilon;4;-;10;23;;
S001;248;alpha;2;+;23;24;;
S001;248;epsilon;2;+;11;105;;
S001;250;alpha;2;-;24;115;;
S001;250;epsilon;2;-;12;36;epsilon;
S001;257;alpha;7;+;25;14;;
S001;257;epsilon;7;+;13;113;;
S001;257;beta;12;+;13;118;;
S001;258;alpha;1;-;26;14;;
S001;258;epsilon;1;-;14;115;;
S001;258;beta;1;-;14;38;;
S001;259;alpha;1;+;27;14;;
S001;259;epsilon;1;+;15;8;;
S001;259;beta;1;+;15;0;;
S001;266;alpha;7;-;28;20;beta;
S001;266;epsilon;7;-;16;87;;
S001;267;gamma;51;-;16;54;;
S001;267;beta;8;-;16;8;;
S001;271;gamma;4;+;17;36;epsilon;
S001;273;gamma;2;-;18;108;gamma;
S001;293;alpha;27;+;29;122;;gamma
S001;297;alpha;4;-;30;81;;
S001;303;alpha;6;+;31;54;;
S001;305;epsilon;39;+;17;103;;
S001;305;beta;38;+;17;76;;
S001;306;gamma;33;+;19;38;;
S001;308;gamma;2;-;20;1;;
S001;309;alpha;6;-;32;38;;
S001;309;epsilon;4;-;18;18;epsilon;
S001;309;beta;4;-;18;2;;
S001;316;alpha;7;+;33;6;;
S001;316;epsilon;7;+;19;60;;
S001;316;beta;7;+;19;27;gamma;
S001;317;beta;1;-;20;17;alpha;
S001;318;alpha;2;-;34;62;;
S001;318;epsilon;2;-;20;94;;
S001;332;alpha;14;+;35;118;;
S001;332;epsilon;14;+;21;16;;
S001;333;gamma;25;+;21;125;;
S001;333;beta;16;+;21;65;;
S001;334;gamma;1;-;22;108;gamma;
S001;334;beta;1;-;22;16;;
S001;335;gamma;1;+;23;65;;
S001;335;beta;1;+;23;34;;
S001;351;delta;351;+;1;97;;
S001;385;alpha;53;-;36;42;;
S001;387;alpha;2;+;37;41;;
S001;394;alpha;7;-;38;36;epsilon;
S001;395;alpha;1;+;39;107;beta;
S001;403;alpha;8;-;40;62;;
S001;407;alpha;4;+;41;116;;
S001;408;alpha;1;-;42;18;epsilon;
S001;409;epsilon;77;-;22;26;;
S001;410;epsilon;1;+;23;7;;
S001;411;epsilon;1;-;24;71;;
S001;422;alpha;14;+;43;36;epsilon;
S001;422;epsilon;11;+;25;126;;
S001;423;alpha;1;-;44;107;beta;
S001;423;epsilon;1;-;26;118;;
S001;428;gamma;93;-;24;116;;
S001;431;gamma;3;+;25;20;beta;
S001;432;gamma;1;-;26;74;;
S001;441;beta;106;-;24;70;;delta
S001;441;delta;90;-;2;11;;
S001;444;delta;3;+;3;113;;
S001;447;delta;3;-;4;117;;
S001;448;delta;1;+;5;28;;
S001;452;alpha;29;+;45;61;;
S001;452;beta;11;+;25;26;;
S001;459;alpha;7;-;46;109;epsilon;
S001;459;beta;7;-;26;13;;
S001;460;alpha;1;+;47;75;;
S001;462;alpha;2;-;48;117;;
S001;465;alpha;3;+;49;30;;
S001;467;beta;8;+;27;11;;
S001;468;epsilon;45;+;27;34;;
S001;469;epsilon;1;-;28;87;;
S001;470;beta;3;-;28;113;;
S001;471;alpha;6;-;50;52;;
S001;471;delta;23;-;6;29;;
S001;509;alpha;38;+;51;31;;
S001;510;alpha;1;-;52;57;;
S001;530;alpha;20;+;53;5;;beta
S001;534;alpha;4;-;54;54;;
S001;535;alpha;1;+;55;33;;
S001;539;epsilon;70;+;29;7;;
S001;540;epsilon;1;-;30;71;;
S001;544;alpha;9;-;56;85;;
S001;551;alpha;7;+;57;95;;
S001;554;alpha;3;-;58;64;;
S001;555;alpha;1;+;59;6;;
S001;556;alpha;1;-;60;61;;
S001;565;alpha;9;+;61;111;;
S001;565;epsilon;25;+;31;13;;
S001;567;alpha;2;-;62;96;;
S001;567;epsilon;2;-;32;5;;
S001;568;alpha;1;+;63;72;;
S001;568;epsilon;1;+;33;51;;
S001;576;alpha;8;-;64;93;;
S001;576;epsilon;8;-;34;10;;
S001;580;alpha;4;+;65;45;;
S001;580;epsilon;4;+;35;104;;
S001;581;alpha;1;-;66;70;;
S001;581;epsilon;1;-;36;25;;
S001;582;alpha;1;+;67;66;;
S001;582;epsilon;1;+;37;124;;
S001;585;gamma;153;+;27;112;;
S001;586;gamma;1;-;28;105;;
S001;587;alpha;5;-;68;30;;
S001;587;epsilon;5;-;38;102;;
S001;595;epsilon;8;+;39;12;;
S001;597;epsilon;2;-;40;122;;
S001;598;alpha;11;+;69;90;;
S001;598;epsilon;1;+;41;78;;
S001;599;gamma;13;+;29;99;;
S001;605;gamma;6;-;30;107;beta;
S001;606;alpha;8;-;70;19;gamma;
S001;606;epsilon;8;-;42;26;;
S001;607;epsilon;1;+;43;7;;
S001;608;alpha;2;+;71;65;;
S001;608;gamma;3;+;31;57;;
S001;616;alpha;8;-;72;23;;
S001;616;epsilon;9;-;44;79;;
S001;617;epsilon;1;+;45;29;;
S001;618;alpha;2;+;73;105;;
S001;619;alpha;1;-;74;35;;
S001;619;epsilon;2;-;46;38;;
S001;620;alpha;1;+;75;97;;
S001;620;epsilon;1;+;47;0;;
S001;621;alpha;1;-;76;82;;
S001;622;alpha;1;+;77;59;alpha;
S001;624;alpha;2;-;78;84;delta;
S001;624;epsilon;4;-;48;4;;
S001;625;epsilon;1;+;49;41;;
S001;626;epsilon;1;-;50;30;;
S001;627;gamma;19;-;32;4;;gamma
S001;628;epsilon;2;+;51;48;;
S001;628;gamma;1;+;33;41;;
S001;629;epsilon;1;-;52;100;gamma;
S001;630;alpha;6;+;79;84;delta;
S001;630;epsilon;1;+;53;112;;
S001;631;alpha;1;-;80;79;;
S001;631;epsilon;1;-;54;105;;
S001;631;gamma;3;-;34;32;;
S001;639;alpha;8;+;81;36;epsilon;
S001;639;epsilon;8;+;55;42;;
S001;639;gamma;8;+;35;74;;
S001;645;alpha;6;-;82;112;;
S001;645;epsilon;6;-;56;45;;
S001;645;gamma;6;-;36;111;;
S001;654;alpha;9;+;83;113;;
S001;654;epsilon;9;+;57;78;;
S001;654;gamma;9;+;37;103;;
S001;654;beta;184;+;29;27;gamma;
S001;656;beta;2;-;30;18;epsilon;
S001;658;beta;2;+;31;55;;
S001;666;alpha;12;-;84;9;;
S001;666;epsilon;12;-;58;65;;
S001;666;gamma;12;-;38;25;;
S001;666;beta;8;-;32;50;;
S001;667;alpha;1;+;85;91;epsilon;
S001;667;epsilon;1;+;59;16;;
S001;667;gamma;1;+;39;124;;
S001;667;beta;1;+;33;120;;
S001;668;alpha;1;-;86;22;;
S001;668;epsilon;1;-;60;34;;
S001;668;gamma;1;-;40;98;;
S001;669;alpha;1;+;87;94;;
S001;670;epsilon;2;+;61;88;;
S001;670;gamma;2;+;41;93;;
S001;673;alpha;4;-;88;55;;
S001;673;epsilon;3;-;62;121;;
S001;673;gamma;3;-;42;44;;
S001;674;alpha;1;+;89;43;delta;
S001;674;epsilon;1;+;63;68;alpha;
S001;674;gamma;1;+;43;60;;
S001;676;alpha;2;-;90;51;;
S001;676;gamma;2;-;44;94;;
S001;677;alpha;1;+;91;3;;
S001;677;gamma;1;+;45;52;;
S001;679;alpha;2;-;92;32;;
S001;679;epsilon;5;-;64;50;;
S001;679;gamma;2;-;46;14;;
S001;679;beta;12;-;34;74;;
S001;680;alpha;1;+;93;67;;
S001;680;epsilon;1;+;65;120;;
S001;680;gamma;1;+;47;14;;
S001;680;beta;1;+;35;106;delta;
S001;686;alpha;6;-;94;41;;
S001;687;alpha;1;+;95;30;;
S001;688;alpha;1;-;96;47;;
S001;688;epsilon;8;-;66;65;;
S001;688;gamma;8;-;48;21;delta;
S001;688;beta;8;-;36;52;;
S001;704;alpha;16;+;97;17;alpha;
S001;704;epsilon;16;+;67;39;;
S001;704;gamma;16;+;49;84;delta;
S001;704;beta;16;+;37;9;;
S001;725;alpha;21;-;98;70;;delta
S001;727;alpha;2;+;99;67;;
S001;730;alpha;3;-;100;38;;
S001;733;alpha;3;+;101;2;;
S001;737;delta;266;+;7;56;;
S001;741;delta;4;-;8;56;;
S001;745;alpha;12;-;102;85;;
S001;745;epsilon;41;-;68;4;;
S001;748;epsilon;3;+;69;43;delta;
S001;749;epsilon;1;-;70;50;;
S001;750;gamma;46;-;50;64;;
S001;750;beta;46;-;38;57;;
S001;780;alpha;35;+;103;26;;
S001;787;alpha;7;-;104;13;;
S001;788;alpha;1;+;105;4;;
S001;790;alpha;2;-;106;42;;
S001;830;alpha;40;+;107;49;;
S001;831;alpha;1;-;108;110;alpha;
S001;832;alpha;1;+;109;85;;
S001;839;epsilon;90;+;71;10;;
S001;843;epsilon;4;-;72;104;;
S001;845;alpha;13;-;110;4;;
S001;852;alpha;7;+;111;47;;
S001;852;epsilon;9;+;73;33;;
S001;855;alpha;3;-;112;92;;
S001;855;epsilon;3;-;74;79;;
S001;857;alpha;2;+;113;33;;
S001;857;epsilon;2;+;75;30;;
S001;859;alpha;2;-;114;78;;
S001;859;epsilon;2;-;76;48;;
S001;860;alpha;1;+;115;19;gamma;
S001;860;epsilon;1;+;77;100;gamma;
S001;866;alpha;6;-;116;69;;
S001;866;epsilon;6;-;78;117;;
S001;873;alpha;7;+;117;62;;
S001;873;epsilon;7;+;79;34;;
S001;877;gamma;127;+;51;119;;
S001;878;gamma;1;-;52;48;;
S001;880;gamma;2;+;53;101;;
S001;883;gamma;3;-;54;124;;
S001;885;alpha;12;-;118;116;;
S001;885;epsilon;12;-;80;110;alpha;
S001;886;alpha;1;+;119;18;epsilon;
S001;886;epsilon;1;+;81;85;;
S001;886;gamma;3;+;55;100;gamma;
S001;887;gamma;1;-;56;112;;
S001;888;alpha;2;-;120;55;;
S001;888;epsilon;2;-;82;90;;
S001;897;epsilon;9;+;83;20;beta;
S001;898;alpha;10;+;121;49;;
S001;898;gamma;11;+;57;35;;
S001;901;beta;151;+;39;1;;
S001;903;beta;2;-;40;12;;
S001;909;beta;6;+;41;126;;
S001;915;beta;6;-;42;123;;
S001;916;beta;1;+;43;88;;
S001;922;alpha;24;-;122;98;;
S001;923;beta;7;-;44;125;;
S001;925;epsilon;28;-;84;123;;
S001;926;epsilon;1;+;85;88;;
S001;926;beta;3;+;45;110;alpha;
S001;929;alpha;7;+;123;98;;
S001;937;alpha;8;-;124;99;;
S001;941;epsilon;15;-;86;52;;
S001;942;gamma;44;-;58;115;;
S001;942;beta;16;-;46;94;;
S001;946;gamma;4;+;59;11;;
S001;947;gamma;1;-;60;111;;
S001;949;gamma;2;+;61;96;;
S001;949;beta;7;+;47;58;;
S001;952;alpha;15;+;125;9;;
S001;954;alpha;2;-;126;92;;
S001;957;gamma;8;-;62;79;;
S001;957;beta;8;-;48;80;;
S001;959;gamma;2;+;63;30;;
S001;959;beta;2;+;49;40;;
S001;960;alpha;6;+;127;37;;
S001;964;alpha;4;-;128;120;;
S001;964;gamma;5;-;64;51;;
S001;966;alpha;2;+;129;59;alpha;
S001;966;epsilon;25;+;87;18;epsilon;
S001;966;gamma;2;+;65;4;;
S001;978;delta;237;+;9;103;;
S001;1016;alpha;50;-;130;108;gamma;
S001;1020;alpha;4;+;131;68;alpha;
S001;1078;alpha;58;-;132;0;;
S001;1080;alpha;2;+;133;2;;
S001;1092;alpha;12;-;134;85;;
S001;1097;epsilon;131;-;88;97;;
S001;1110;alpha;18;+;135;9;;epsilon
S001;1111;epsilon;14;+;89;62;;
S001;1114;epsilon;3;-;90;115;;
S001;1115;epsilon;1;+;91;8;;
S001;1117;epsilon;2;-;92;82;;
S001;1118;alpha;8;-;136;98;;
S001;1120;alpha;2;+;137;93;;
S001;1121;alpha;1;-;138;42;;
S001;1123;alpha;2;+;139;41;;
S001;1125;alpha;2;-;140;31;;
S001;1126;alpha;1;+;141;57;;
S001;1128;alpha;2;-;142;64;;
S001;1130;gamma;164;-;66;100;gamma;
S001;1133;gamma;3;+;67;114;;
S001;1134;gamma;1;-;68;125;;
S001;1137;gamma;3;+;69;110;alpha;
S001;1138;gamma;1;-;70;85;;
S001;1141;alpha;13;+;143;63;;
S001;1141;epsilon;24;+;93;96;;
S001;1141;gamma;3;+;71;91;epsilon;
S001;1156;alpha;15;-;144;92;;
S001;1156;gamma;15;-;72;98;;
S001;1157;alpha;1;+;145;32;;
S001;1157;gamma;1;+;73;92;;
S001;1159;alpha;2;-;146;68;alpha;
S001;1159;gamma;2;-;74;33;;
S001;1160;alpha;1;+;147;46;;
S001;1160;gamma;1;+;75;77;;
S001;1164;alpha;4;-;148;83;;
S001;1165;alpha;1;+;149;69;;
S001;1170;alpha;5;-;150;60;;
S001;1171;alpha;1;+;151;93;;
S001;1173;alpha;2;-;152;43;delta;
S001;1174;alpha;1;+;153;50;;
S001;1198;alpha;24;-;154;71;;
S001;1200;epsilon;59;-;94;7;;alpha
S001;1202;epsilon;2;+;95;72;;
S001;1204;alpha;6;+;155;81;;
S001;1205;alpha;1;-;156;49;;
S001;1206;alpha;1;+;157;110;alpha;
S001;1208;alpha;2;-;158;86;;
S001;1209;alpha;1;+;159;99;;
S001;1320;alpha;49;-;160;43;delta;
S001;1321;alpha;1;+;161;50;;
S001;1322;alpha;1;-;162;120;;
S001;1323;epsilon;59;-;96;20;beta;alpha
S001;1332;alpha;10;+;163;72;;
S001;1332;epsilon;9;+;97;82;;
S001;1337;alpha;5;-;164;90;;
S001;1337;epsilon;5;-;98;63;;
S001;1339;epsilon;2;+;99;124;;
S001;1340;alpha;3;+;165;14;;
S001;1341;alpha;1;-;166;14;;
S001;1341;epsilon;2;-;100;99;;
S001;1343;alpha;2;+;167;15;;
S001;1343;epsilon;2;+;101;103;;
S001;1355;alpha;12;-;168;115;;
S001;1356;epsilon;13;-;102;26;;
S001;1363;gamma;141;-;76;52;;
S001;1365;gamma;2;+;77;14;;
S001;1370;gamma;5;-;78;18;epsilon;
S001;1379;alpha;24;+;169;94;;
S001;1380;alpha;1;-;170;52;;
S001;1382;beta;361;-;50;102;;
S001;1394;alpha;14;+;171;7;;
S001;1394;beta;12;+;51;52;;
S001;1397;alpha;3;-;172;73;;
S001;1397;beta;3;-;52;15;;
S001;1398;alpha;1;+;173;96;;
S001;1398;beta;1;+;53;24;;
S001;1401;alpha;3;-;174;74;;
S001;1401;beta;3;-;54;116;;
S001;1402;alpha;1;+;175;106;delta;
S001;1402;beta;1;+;55;18;epsilon;
S001;1403;beta;1;-;56;54;;
S001;1404;alpha;2;-;176;46;;
S001;1420;alpha;16;+;177;44;;
S001;1420;epsilon;64;+;103;124;;
S001;1422;alpha;2;-;178;61;;
S001;1422;epsilon;2;-;104;99;;
S001;1426;alpha;4;+;179;106;delta;
S001;1427;epsilon;5;+;105;106;delta;
S001;1428;alpha;2;-;180;46;;
S001;1428;epsilon;1;-;106;45;;
S001;1438;alpha;10;+;181;38;;
S002;1;alpha;1;+;1;1;;
S002;3;epsilon;3;+;1;3;;
S002;4;epsilon;1;-;2;31;;
S002;6;alpha;5;-;2;15;;
S002;7;alpha;1;+;3;24;;
S002;9;alpha;2;-;4;115;;
S002;11;alpha;2;+;5;9;;
S002;11;epsilon;7;+;3;63;;
S002;14;gamma;14;+;1;14;;
S002;15;gamma;1;-;2;14;;
S002;16;gamma;1;+;3;14;;
S002;17;beta;17;+;1;17;alpha;alpha
S002;36;alpha;25;-;6;36;epsilon;
S002;52;epsilon;41;-;4;118;;
S002;52;beta;35;-;2;84;delta;
S002;55;gamma;39;-;4;42;;
S002;58;delta;58;-;1;58;;
S002;66;delta;8;+;2;80;;
S002;68;delta;2;-;3;40;;
S002;79;alpha;43;+;7;87;;delta
S002;80;alpha;1;-;8;109;epsilon;
S002;81;alpha;1;+;9;75;;
S002;81;delta;13;+;4;76;;
S002;82;delta;1;-;5;126;;
S002;85;alpha;4;-;10;119;;
S002;89;alpha;4;+;11;51;;
S002;92;epsilon;40;+;5;29;;
S002;92;delta;10;+;6;37;;
S002;93;gamma;38;+;5;47;;
S002;94;gamma;1;-;6;90;;
S002;95;gamma;1;+;7;12;;
S002;95;beta;43;+;3;61;;delta
S002;97;gamma;2;-;8;122;;
S002;97;beta;2;-;4;104;;
S002;97;delta;5;-;7;121;;
S002;101;gamma;4;+;9;81;;
S002;101;beta;4;+;5;28;;
S002;101;delta;4;+;8;71;;
S002;106;gamma;5;-;10;53;;
S002;106;beta;5;-;6;31;;
S002;107;alpha;18;-;12;38;;epsilon
S002;107;delta;6;-;9;81;;
S002;108;alpha;1;+;13;0;;
S002;108;delta;1;+;10;49;;
S002;109;alpha;1;-;14;1;;
S002;109;delta;1;-;11;110;alpha;
S002;110;alpha;1;+;15;11;;
S002;110;delta;1;+;12;85;;
S002;111;gamma;5;+;11;27;gamma;
S002;111;beta;5;+;7;61;;
S002;142;alpha;32;-;16;116;;
S002;144;alpha;2;+;17;19;gamma;
S002;146;alpha;2;-;18;65;;
S002;150;epsilon;58;-;6;37;;
S002;150;beta;39;-;8;43;delta;
S002;151;gamma;40;-;12;73;;
S002;151;delta;41;-;13;32;;
S002;158;gamma;7;+;13;102;;
S002;158;beta;8;+;9;57;;
S002;158;delta;7;+;14;73;;
S002;160;alpha;14;+;19;37;;
S002;160;epsilon;10;+;7;27;gamma;
S002;166;epsilon;6;-;8;22;;
S002;169;epsilon;3;+;9;96;;
S002;170;epsilon;1;-;10;72;;
S002;171;alpha;11;-;20;28;;
S002;172;beta;14;-;10;126;;
S002;173;gamma;15;-;14;55;;
S002;173;delta;15;-;15;76;;
S002;197;alpha;26;+;21;32;;
S002;204;alpha;7;-;22;73;;
S002;243;alpha;39;+;23;100;gamma;
S002;251;epsilon;81;+;11;42;;
S002;255;epsilon;4;-;12;43;delta;
S002;256;epsilon;1;+;13;50;;
S002;267;gamma;94;+;15;6;;
S002;271;gamma;4;-;16;64;;
S002;274;gamma;3;+;17;8;;
S002;275;gamma;1;-;18;81;;
S002;276;gamma;1;+;19;49;;
S002;280;alpha;37;-;24;4;;
S002;280;gamma;4;-;20;113;;
S002;281;alpha;1;+;25;41;;
S002;281;gamma;1;+;21;115;;
S002;295;alpha;14;-;26;50;;
S002;296;alpha;1;+;27;120;;
S002;301;alpha;5;-;28;62;;
S002;303;epsilon;47;-;14;94;;
S002;303;gamma;22;-;22;92;;
S002;304;gamma;1;+;23;32;;
S002;305;gamma;1;-;24;67;;
S002;317;gamma;12;+;25;108;gamma;
S002;318;gamma;1;-;26;65;;
S002;320;gamma;2;+;27;17;alpha;
S002;323;gamma;3;-;28;46;;
S002;324;alpha;23;+;29;0;;
S002;324;gamma;1;+;29;80;;
S002;328;alpha;4;-;30;4;;
S002;328;gamma;4;-;30;42;;
S002;332;alpha;4;+;31;44;;
S002;332;epsilon;29;+;15;31;;
S002;332;gamma;4;+;31;43;delta;
S002;332;beta;160;+;11;49;;
S002;339;delta;166;+;16;93;;
S002;347;delta;8;-;17;49;;
S002;349;delta;2;+;18;111;;
S002;351;delta;2;-;19;96;;
S002;357;delta;6;+;20;77;;
S002;371;alpha;39;-;32;121;;
S002;372;delta;15;-;21;95;;
S002;374;delta;2;+;22;63;;
S002;375;alpha;4;+;33;71;;
S002;380;alpha;5;-;34;80;;
S002;382;alpha;2;+;35;40;;
S002;388;alpha;6;-;36;25;;
S002;389;alpha;1;+;37;124;;
S002;391;alpha;2;-;38;99;;
S002;394;epsilon;62;-;16;114;;
S002;396;delta;22;-;23;99;;
S002;398;delta;2;+;24;103;;
S002;400;alpha;9;+;39;110;alpha;
S002;400;epsilon;6;+;17;3;;
S002;405;alpha;5;-;40;89;;
S002;406;epsilon;6;-;18;36;epsilon;
S002;407;epsilon;1;+;19;107;beta;
S002;408;epsilon;1;-;20;55;;
S002;411;delta;13;-;25;26;;
S002;415;gamma;83;-;32;65;;
S002;416;beta;84;-;12;31;;delta
S002;442;alpha;37;+;41;47;;
S002;446;alpha;4;-;42;93;;
S002;455;alpha;9;+;43;50;;
S002;456;alpha;1;-;44;120;;
S002;457;alpha;1;+;45;58;;
S002;458;alpha;1;-;46;73;;
S002;464;alpha;6;+;47;101;;
S002;466;alpha;2;-;48;123;;
S002;469;alpha;3;+;49;90;;
S002;470;alpha;1;-;50;12;;
S002;518;alpha;48;+;51;105;;
S002;519;alpha;1;-;52;35;;
S002;521;alpha;2;+;53;98;;
S002;522;alpha;1;-;54;92;;
S002;530;alpha;8;+;55;39;;
S002;531;alpha;1;-;56;10;;
S002;556;alpha;25;+;57;9;;
S002;559;epsilon;151;+;21;33;;
S002;569;gamma;154;+;33;3;;
S002;570;gamma;1;-;34;31;;
S002;573;alpha;17;-;58;28;;alpha
S002;573;epsilon;14;-;22;12;;
S002;583;epsilon;10;+;23;67;;
S002;584;alpha;11;+;59;17;alpha;
S002;585;gamma;15;+;35;67;;
S002;587;gamma;2;-;36;37;;
S002;589;alpha;5;-;60;48;;
S002;590;epsilon;7;-;24;42;;
S002;601;alpha;12;+;61;113;;
S002;603;epsilon;13;+;25;22;;
S002;604;epsilon;1;-;26;94;;
S002;605;alpha;4;-;62;118;;
S002;611;alpha;6;+;63;43;delta;
S002;612;alpha;1;-;64;50;;
S002;615;alpha;3;+;65;122;;
S002;620;epsilon;16;+;27;18;epsilon;
S002;621;alpha;6;-;66;83;;
S002;621;epsilon;1;-;28;54;;
S002;622;alpha;1;+;67;69;;
S002;623;alpha;1;-;68;56;;
S002;627;alpha;4;+;69;56;;
S002;627;epsilon;6;+;29;38;;
S002;628;epsilon;1;-;30;0;;
S002;629;epsilon;1;+;31;1;;
S002;629;gamma;42;+;37;59;alpha;
S002;630;gamma;1;-;38;83;;
S002;631;gamma;1;+;39;69;;
S002;632;gamma;1;-;40;56;;
S002;633;gamma;1;+;41;53;;
S002;637;alpha;10;-;70;22;;
S002;637;epsilon;8;-;32;18;epsilon;
S002;637;gamma;4;-;42;26;;
S002;638;alpha;1;+;71;94;;
S002;638;epsilon;1;+;33;54;;
S002;639;alpha;1;-;72;52;;
S002;639;epsilon;1;-;34;33;;
S002;640;alpha;1;+;73;13;;
S002;640;epsilon;1;+;35;77;;
S002;641;alpha;1;-;74;4;;
S002;642;epsilon;2;-;36;10;;
S002;664;alpha;23;+;75;42;;
S002;664;epsilon;22;+;37;6;;
S002;664;gamma;27;+;43;87;;gamma
S002;664;beta;248;+;13;6;;
S002;665;beta;1;-;14;61;;
S002;666;beta;1;+;15;103;;
S002;688;alpha;24;-;76;33;;
S002;690;alpha;2;+;77;78;;
S002;705;alpha;15;-;78;68;alpha;
S002;708;alpha;3;+;79;48;;
S002;710;alpha;2;-;80;101;;
S002;711;alpha;1;+;81;122;;
S002;714;alpha;3;-;82;80;;
S002;716;alpha;2;+;83;40;;
S002;717;alpha;1;-;84;20;beta;
S002;717;epsilon;53;-;38;18;epsilon;
S002;718;alpha;1;+;85;74;;
S002;718;epsilon;1;+;39;54;;
S002;719;alpha;1;-;86;106;delta;
S002;719;epsilon;1;-;40;33;;
S002;720;epsilon;1;+;41;77;;
S002;721;epsilon;1;-;42;9;;
S002;724;alpha;5;+;87;49;;
S002;724;epsilon;3;+;43;93;;
S002;726;alpha;2;-;88;111;;
S002;726;epsilon;2;-;44;43;delta;
S002;728;gamma;64;-;44;1;;
S002;728;beta;62;-;16;75;;
S002;729;beta;1;+;17;116;;
S002;730;beta;1;-;18;18;epsilon;
S002;732;beta;2;+;19;55;;
S002;734;beta;2;-;20;44;;
S002;736;beta;2;+;21;61;;
S002;738;alpha;12;+;89;63;;
S002;738;gamma;10;+;45;110;alpha;
S002;739;alpha;1;-;90;123;;
S002;740;alpha;1;+;91;88;;
S002;740;epsilon;14;+;45;123;;
S002;742;epsilon;2;-;46;89;;
S002;743;alpha;3;-;92;121;;
S002;744;gamma;6;-;46;90;;
S002;745;alpha;2;+;93;69;;
S002;745;gamma;1;+;47;12;;
S002;747;epsilon;5;+;47;6;;
S002;748;epsilon;1;-;48;61;;
S002;749;alpha;4;-;94;59;alpha;
S002;749;gamma;4;-;48;124;;
S002;749;beta;13;-;22;17;alpha;
S002;756;beta;7;+;23;50;;
S002;757;beta;1;-;24;120;;
S002;784;alpha;35;+;95;93;;
S002;787;epsilon;39;+;49;43;delta;
S002;789;gamma;40;+;49;121;;
S002;789;beta;32;+;25;94;;
S002;791;gamma;2;-;50;69;;
S002;791;beta;2;-;26;53;;
S002;795;gamma;4;+;51;59;alpha;
S002;795;beta;4;+;27;26;;
S002;801;delta;390;+;26;101;;
S002;811;delta;10;-;27;77;;
S002;812;delta;1;+;28;9;;
S002;817;alpha;33;-;96;62;;
S002;818;alpha;1;+;97;113;;
S002;822;alpha;4;-;98;118;;
S002;825;alpha;3;+;99;40;;
S002;828;alpha;3;-;100;22;;
S002;831;alpha;3;+;101;96;;
S002;832;alpha;1;-;102;72;;
S002;833;alpha;1;+;103;86;;
S002;840;alpha;7;-;104;105;;
S002;841;alpha;1;+;105;35;;
S002;844;alpha;3;-;106;99;;
S002;844;epsilon;57;-;50;39;;
S002;845;alpha;1;+;107;102;;
S002;845;epsilon;1;+;51;10;;
S002;848;alpha;3;-;108;7;;
S002;848;epsilon;3;-;52;103;;
S002;849;alpha;1;+;109;71;;
S002;849;epsilon;1;+;53;15;;
S002;879;alpha;30;-;110;18;epsilon;
S002;895;alpha;16;+;111;38;;
S002;896;alpha;1;-;112;0;;
S002;898;alpha;2;+;113;2;;
S002;899;alpha;1;-;114;21;delta;
S002;900;alpha;1;+;115;84;delta;
S002;902;alpha;2;-;116;80;;
S002;902;epsilon;53;-;54;29;;
S002;903;alpha;1;+;117;39;;
S002;903;epsilon;1;+;55;37;;
S002;905;alpha;2;-;118;11;;
S002;905;epsilon;2;-;56;118;;
S002;907;alpha;2;+;119;112;;
S002;907;epsilon;2;+;57;39;;
S002;908;epsilon;1;-;58;10;;
S002;909;alpha;2;-;120;106;delta;
S002;911;alpha;2;+;121;46;;
S002;912;alpha;1;-;122;80;;
S002;922;alpha;10;+;123;9;;
S002;922;epsilon;14;+;59;125;;
S002;923;alpha;1;-;124;91;epsilon;
S002;923;epsilon;1;-;60;108;gamma;
S002;924;alpha;1;+;125;22;;
S002;924;epsilon;1;+;61;65;;
S002;928;epsilon;4;-;62;19;gamma;
S002;929;alpha;5;-;126;98;;
S002;935;gamma;140;-;52;85;;
S002;937;gamma;2;+;53;90;;
S002;938;alpha;9;+;127;100;gamma;
S002;938;epsilon;10;+;63;5;;
S002;939;alpha;1;-;128;112;;
S002;939;epsilon;1;-;64;51;;
S002;940;alpha;1;+;129;105;;
S002;940;epsilon;1;+;65;3;;
S002;941;alpha;1;-;130;35;;
S002;941;epsilon;1;-;66;31;;
S002;944;gamma;7;-;54;18;epsilon;
S002;945;alpha;4;+;131;100;gamma;
S002;945;epsilon;4;+;67;60;;
S002;945;gamma;1;+;55;54;;
S002;949;alpha;4;-;132;115;;
S002;949;epsilon;4;-;68;96;;
S002;950;gamma;5;-;56;37;;
S002;952;beta;157;-;28;122;;
S002;956;delta;144;-;29;0;;
S002;958;delta;2;+;30;2;;
S002;960;delta;2;-;31;22;;
S002;961;delta;1;+;32;94;;
S002;965;delta;4;-;33;55;;
S002;992;alpha;43;+;133;113;;delta
S002;999;alpha;7;-;134;121;;
S002;1012;alpha;13;+;135;48;;
S002;1013;epsilon;64;+;69;12;;
S002;1030;delta;65;+;34;104;;
S002;1031;gamma;81;+;57;98;;
S002;1037;beta;85;+;29;93;;
S002;1049;alpha;37;-;136;11;;
S002;1049;beta;12;-;30;41;;
S002;1055;epsilon;42;-;70;99;;
S002;1055;delta;25;-;35;11;;
S002;1056;gamma;25;-;58;46;;
S002;1057;gamma;1;+;59;80;;
S002;1059;epsilon;4;+;71;105;;
S002;1059;delta;4;+;36;114;;
S002;1060;epsilon;1;-;72;35;;
S002;1060;delta;1;-;37;125;;
S002;1066;epsilon;6;+;73;102;;
S002;1066;delta;6;+;38;113;;
S002;1067;epsilon;1;-;74;5;;
S002;1069;delta;3;-;39;117;;
S002;1073;gamma;16;-;60;15;;
S002;1074;gamma;1;+;61;24;;
S002;1075;gamma;1;-;62;114;;
S002;1097;alpha;48;+;137;5;;
S002;1109;alpha;12;-;138;4;;
S002;1114;alpha;5;+;139;45;;
S002;1116;alpha;2;-;140;71;;
S002;1117;alpha;1;+;141;76;;
S002;1117;epsilon;50;+;75;42;;
S002;1118;beta;69;+;31;105;;
S002;1127;beta;9;-;32;43;delta;
S002;1128;beta;1;+;33;50;;
S002;1129;gamma;54;+;63;24;;
S002;1129;delta;60;+;40;76;;
S002;1130;delta;1;-;41;126;;
S002;1131;gamma;2;-;64;115;;
S002;1132;gamma;1;+;65;8;;
S002;1135;gamma;3;-;66;83;;
S002;1136;alpha;19;-;142;126;;gamma
S002;1137;alpha;1;+;143;118;;
S002;1140;alpha;3;-;144;40;;
S002;1142;alpha;2;+;145;21;delta;
S002;1143;alpha;1;-;146;84;delta;
S002;1143;epsilon;26;-;76;35;;
S002;1143;beta;15;-;34;62;;
S002;1154;alpha;11;+;147;29;;
S002;1154;epsilon;11;+;77;82;;
S002;1155;gamma;20;+;67;65;;beta
S002;1155;beta;12;+;35;116;;
S002;1160;alpha;6;-;148;42;;
S002;1160;epsilon;6;-;78;64;;
S002;1160;gamma;5;-;68;20;beta;
S002;1160;beta;5;-;36;22;;
S002;1162;alpha;2;+;149;41;;
S002;1162;gamma;2;+;69;75;;
S002;1163;alpha;1;-;150;30;;
S002;1163;gamma;1;-;70;116;;
S002;1164;alpha;1;+;151;47;;
S002;1165;alpha;1;-;152;90;;
S002;1166;alpha;1;+;153;12;;
S002;1169;gamma;6;+;71;23;;
S002;1170;epsilon;10;+;79;60;;
S002;1173;epsilon;3;-;80;95;;
S002;1174;epsilon;1;+;81;62;;
S002;1175;beta;15;+;37;56;;
S002;1177;beta;2;-;38;54;;
S002;1178;beta;1;+;39;33;;
S002;1180;beta;2;-;40;78;;
S002;1182;beta;2;+;41;20;beta;
S002;1183;beta;1;-;42;74;;
S002;1184;beta;1;+;43;106;delta;
S002;1185;beta;1;-;44;45;;
S002;1187;beta;2;+;45;71;;
S002;1192;delta;62;+;42;89;;
S002;1219;alpha;53;-;154;110;alpha;
S002;1232;alpha;13;+;155;91;epsilon;
S002;1235;alpha;3;-;156;24;;
S002;1239;epsilon;65;-;82;42;;
S002;1240;delta;48;-;43;58;;
S002;1241;delta;1;+;44;73;;
S002;1244;alpha;9;+;157;122;;
S002;1245;epsilon;6;+;83;45;;
S002;1320;alpha;14;-;158;22;;
S002;1320;epsilon;13;-;84;68;alpha;
S002;1322;alpha;2;+;159;95;;
S002;1322;epsilon;2;+;85;47;;
S002;1325;alpha;3;-;160;64;;
S002;1325;epsilon;3;-;86;92;;
S002;1326;epsilon;1;+;87;32;;
S002;1329;epsilon;3;-;88;69;;
S002;1330;epsilon;1;+;89;56;;
S002;1331;epsilon;1;-;90;53;;
S002;1334;epsilon;3;+;91;25;;
S002;1336;alpha;11;+;161;61;;
S002;1350;alpha;14;-;162;18;epsilon;
S002;1352;epsilon;18;-;92;105;;epsilon
S002;1357;gamma;126;-;72;12;;
S002;1374;beta;125;-;46;5;;
S002;1375;beta;1;+;47;51;;
S002;1376;beta;1;-;48;3;;
S002;1377;delta;74;-;45;8;;
S002;1378;delta;1;+;46;81;;
S002;1379;delta;1;-;47;49;;
S002;1380;delta;1;+;48;110;alpha;
S002;1386;delta;6;-;49;90;;
S002;1398;delta;12;+;50;122;;
S002;1399;delta;1;-;51;78;;
S002;1400;delta;1;+;52;19;gamma;
S002;1406;delta;6;-;53;69;;
S002;1410;delta;4;+;54;59;alpha;
S002;1412;alpha;62;+;163;84;delta;
S002;1412;epsilon;60;+;93;19;gamma;
S002;1415;epsilon;3;-;94;66;;
S002;1416;epsilon;1;+;95;26;;
S002;1421;gamma;64;+;73;121;;
S002;1423;gamma;2;-;74;69;;
S002;1425;gamma;2;+;75;57;;
S002;1425;beta;49;+;49;95;;
S002;1426;gamma;1;-;76;63;;
S002;1426;beta;1;-;50;62;;
S002;1429;gamma;3;+;77;125;;
S002;1430;beta;4;+;51;116;;
S003;3;alpha;3;-;1;3;;
S003;3;epsilon;3;-;1;3;;
S003;3;gamma;3;-;1;3;;
S003;3;beta;3;-;1;3;;
S003;5;epsilon;2;+;2;32;;
S003;6;epsilon;1;-;3;67;;
S003;7;delta;7;-;1;7;;
S003;28;alpha;25;+;2;71;;
S003;35;alpha;7;-;3;82;;
S003;36;alpha;1;+;4;59;alpha;
S003;39;epsilon;33;+;4;2;;
S003;39;gamma;36;+;2;82;;epsilon
S003;39;delta;32;+;2;97;;
S003;40;gamma;1;-;3;59;alpha;
S003;41;gamma;1;+;4;83;;
S003;42;gamma;1;-;5;69;;
S003;43;epsilon;4;-;5;24;;
S003;44;epsilon;1;+;6;114;;
S003;44;gamma;2;+;6;57;;
S003;45;beta;42;+;2;88;;
S003;47;beta;2;-;3;120;;
S003;48;beta;1;+;4;58;;
S003;51;beta;3;-;5;75;;
S003;52;alpha;16;-;5;74;;
S003;52;epsilon;8;-;7;5;;
S003;52;gamma;8;-;7;70;;
S003;52;delta;13;-;3;61;;
S003;54;alpha;2;+;6;107;beta;
S003;54;epsilon;2;+;8;52;;
S003;54;gamma;2;+;8;67;;
S003;54;delta;2;+;4;104;;
S003;56;alpha;2;-;7;56;;
S003;56;gamma;2;-;9;37;;
S003;56;delta;2;-;5;26;;
S003;60;epsilon;6;-;9;18;epsilon;
S003;79;alpha;23;+;8;35;;
S003;92;epsilon;32;+;10;54;;
S003;102;alpha;23;-;9;94;;
S003;102;epsilon;10;-;11;76;;
S003;103;alpha;1;+;10;52;;
S003;103;epsilon;1;+;12;126;;
S003;106;gamma;50;+;10;67;;
S003;107;gamma;1;-;11;36;epsilon;
S003;108;gamma;1;+;12;107;beta;
S003;109;beta;58;+;6;65;;
S003;110;gamma;2;-;13;56;;
S003;110;beta;1;-;7;16;;
S003;112;gamma;2;+;14;54;;
S003;114;alpha;11;-;11;4;;
S003;114;gamma;2;-;15;34;;
S003;115;epsilon;12;-;13;39;;
S003;117;epsilon;2;+;14;11;;
S003;121;epsilon;4;-;15;114;;
S003;123;epsilon;2;+;16;126;;
S003;125;epsilon;2;-;17;119;;
S003;142;alpha;28;+;12;47;;
S003;145;epsilon;20;+;18;109;epsilon;beta
S003;145;gamma;31;+;16;2;;
S003;148;epsilon;3;-;19;77;;
S003;148;gamma;3;-;17;23;;
S003;149;epsilon;1;+;20;9;;
S003;149;gamma;1;+;18;104;;
S003;151;alpha;9;-;13;98;;
S003;151;epsilon;2;-;21;92;;
S003;151;gamma;2;-;19;26;;
S003;154;alpha;3;+;14;94;;
S003;154;epsilon;3;+;22;34;;
S003;154;gamma;3;+;20;9;;
S003;158;beta;48;+;8;124;;
S003;160;beta;2;-;9;99;;
S003;163;beta;3;+;10;104;;
S003;165;delta;109;+;6;74;;epsilon
S003;205;alpha;51;-;15;53;;
S003;206;alpha;1;+;16;23;;
S003;207;alpha;1;-;17;104;;
S003;208;alpha;1;+;18;25;;
S003;209;alpha;1;-;19;124;;
S003;218;alpha;9;+;20;106;delta;
S003;221;alpha;3;-;21;47;;
S003;222;epsilon;68;-;23;39;;alpha
S003;230;alpha;9;+;22;98;;
S003;231;alpha;1;-;23;92;;
S003;235;alpha;4;+;24;35;;
S003;235;epsilon;13;+;24;103;;
S003;239;alpha;4;-;25;100;gamma;
S003;239;epsilon;4;-;25;18;epsilon;
S003;240;alpha;1;+;26;112;;
S003;241;epsilon;2;+;26;55;;
S003;251;alpha;11;-;27;35;;
S003;251;epsilon;10;-;27;49;;
S003;253;alpha;2;+;28;98;;
S003;253;epsilon;2;+;28;111;;
S003;257;alpha;4;-;29;95;;
S003;257;epsilon;4;-;29;98;;
S003;258;gamma;104;-;21;87;;
S003;259;gamma;1;+;22;109;epsilon;
S003;261;alpha;4;+;30;65;;
S003;261;epsilon;4;+;30;95;;
S003;291;alpha;30;-;31;53;;
S003;301;epsilon;40;-;31;15;;
S003;304;epsilon;3;+;32;26;;
S003;308;epsilon;4;-;33;10;;
S003;309;alpha;18;+;32;111;;epsilon
S003;309;epsilon;1;+;34;101;;
S003;318;alpha;9;-;33;103;;
S003;318;epsilon;9;-;35;3;;
S003;324;alpha;6;+;34;20;beta;
S003;325;epsilon;7;+;36;37;;
S003;326;alpha;2;-;35;75;;
S003;326;epsilon;1;-;37;117;;
S003;330;gamma;71;-;23;49;;
S003;330;beta;167;-;11;27;gamma;
S003;332;beta;2;+;12;18;epsilon;
S003;333;beta;1;-;13;54;;
S003;335;beta;2;+;14;34;;
S003;338;beta;3;-;15;89;;
S003;339;beta;1;+;16;2;;
S003;341;beta;2;-;17;22;;
S003;342;beta;1;+;18;94;;
S003;343;beta;1;-;19;52;;
S003;355;alpha;29;+;36;36;epsilon;
S003;355;epsilon;29;+;38;45;;
S003;355;beta;12;+;20;5;;
S003;356;gamma;26;+;24;100;gamma;
S003;360;gamma;4;-;25;115;;
S003;362;gamma;2;+;26;9;;
S003;364;epsilon;9;-;39;78;;
S003;364;gamma;2;-;27;92;;
S003;365;beta;10;-;21;2;;
S003;366;alpha;11;-;37;55;;
S003;367;alpha;1;+;38;43;delta;
S003;369;epsilon;5;+;40;23;;
S003;369;beta;4;+;22;24;;
S003;371;beta;2;-;23;115;;
S003;372;epsilon;3;-;41;106;delta;
S003;373;epsilon;1;+;42;45;;
S003;374;alpha;7;-;39;56;;
S003;374;epsilon;1;-;43;70;;
S003;375;alpha;1;+;40;53;;
S003;375;epsilon;1;+;44;66;;
S003;376;beta;5;+;24;12;;
S003;377;gamma;13;+;28;69;;
S003;387;alpha;12;-;41;105;;
S003;387;gamma;10;-;29;52;;
S003;388;alpha;1;+;42;35;;
S003;388;gamma;1;+;30;13;;
S003;394;alpha;6;-;43;102;;
S003;395;alpha;1;+;44;5;;
S003;396;alpha;1;-;45;51;;
S003;397;alpha;1;+;46;3;;
S003;398;alpha;1;-;47;31;;
S003;400;gamma;12;-;31;42;;
S003;401;gamma;1;+;32;40;;
S003;402;epsilon;27;-;45;23;;gamma
S003;402;gamma;1;-;33;20;beta;
S003;402;beta;26;-;25;83;;
S003;432;alpha;34;+;48;86;;
S003;434;epsilon;32;+;46;46;;
S003;434;gamma;32;+;34;0;;
S003;435;alpha;3;-;49;101;;
S003;435;epsilon;1;-;47;80;;
S003;435;gamma;1;-;35;1;;
S003;438;alpha;3;+;50;124;;
S003;439;epsilon;4;+;48;42;;
S003;439;gamma;4;+;36;14;;
S003;441;gamma;2;-;37;15;;
S003;442;epsilon;3;-;49;42;;
S003;445;epsilon;3;+;50;42;;
S003;445;gamma;4;+;38;27;gamma;
S003;449;gamma;4;-;39;20;beta;
S003;450;alpha;12;-;51;93;;
S003;450;epsilon;5;-;51;44;;
S003;451;alpha;1;+;52;42;;
S003;451;epsilon;1;+;52;60;;
S003;451;gamma;2;+;40;75;;
S003;452;gamma;1;-;41;116;;
S003;453;gamma;1;+;42;18;epsilon;
S003;453;beta;51;+;26;96;;
S003;458;alpha;7;-;53;46;;
S003;458;gamma;5;-;43;58;;
S003;458;beta;5;-;27;76;;
S003;459;epsilon;8;-;53;100;gamma;
S003;461;epsilon;2;+;54;113;;
S003;463;epsilon;2;-;55;116;;
S003;464;epsilon;1;+;56;18;epsilon;
S003;468;alpha;10;+;54;38;;
S003;469;gamma;11;+;44;96;;
S003;469;beta;11;+;28;118;;
S003;488;alpha;20;-;55;10;;beta
S003;489;alpha;1;+;56;101;;
S003;507;alpha;18;-;57;85;;epsilon
S003;509;alpha;2;+;58;90;;
S003;514;alpha;5;-;59;16;;
S003;515;alpha;1;+;60;34;;
S003;531;alpha;16;-;61;114;;
S003;534;epsilon;70;-;57;92;;
S003;549;alpha;18;+;62;115;;epsilon
S003;549;epsilon;15;+;58;71;;
S003;551;alpha;2;-;63;9;;
S003;551;epsilon;2;-;59;77;;
S003;553;gamma;84;-;45;32;;delta
S003;555;beta;86;-;29;75;;
S003;565;delta;400;-;7;105;;
S003;584;alpha;33;+;64;44;;
S003;587;delta;22;+;8;108;gamma;
S003;588;delta;1;-;9;65;;
S003;589;delta;1;+;10;16;;
S003;591;epsilon;40;+;60;120;;
S003;592;epsilon;1;-;61;58;;
S003;592;delta;3;-;11;36;epsilon;
S003;593;epsilon;1;+;62;73;;
S003;593;delta;1;+;12;107;beta;
S003;596;epsilon;3;-;63;98;;
S003;596;delta;3;-;13;57;;
S003;597;alpha;13;-;65;95;;
S003;602;alpha;5;+;66;66;;
S003;603;alpha;1;-;67;26;;
S003;605;alpha;2;+;68;8;;
S003;605;epsilon;9;+;64;100;gamma;
S003;606;alpha;1;-;69;81;;
S003;606;epsilon;1;-;65;112;;
S003;611;epsilon;5;+;66;109;epsilon;
S003;612;epsilon;1;-;67;75;;
S003;617;epsilon;5;+;68;120;;
S003;619;alpha;13;+;70;112;;
S003;627;epsilon;10;-;69;72;;
S003;628;epsilon;1;+;70;86;;
S003;629;alpha;10;-;71;34;;
S003;629;epsilon;1;-;71;99;;
S003;633;alpha;4;+;72;90;;
S003;634;epsilon;5;+;72;106;delta;
S003;636;alpha;3;-;73;14;;
S003;636;epsilon;2;-;73;46;;
S003;662;alpha;26;+;74;29;;
S003;664;epsilon;28;+;74;56;;
S003;664;gamma;111;+;46;107;beta;
S003;666;gamma;2;-;47;56;;
S003;669;gamma;3;+;48;55;;
S003;675;gamma;6;-;49;48;;
S003;676;alpha;14;-;75;120;;
S003;676;epsilon;12;-;75;24;;
S003;678;alpha;2;+;76;59;alpha;
S003;679;epsilon;3;+;76;116;;
S003;682;alpha;4;-;77;86;;
S003;683;alpha;1;+;78;99;;
S003;684;gamma;9;+;50;108;gamma;
S003;686;gamma;2;-;51;66;;
S003;688;gamma;2;+;52;27;gamma;
S003;690;beta;135;+;30;78;;
S003;690;delta;94;+;14;79;;
S003;691;delta;1;-;15;29;;
S003;692;delta;1;+;16;37;;
S003;693;delta;1;-;17;117;;
S003;694;delta;1;+;18;28;;
S003;714;alpha;31;-;79;25;;
S003;715;alpha;1;+;80;124;;
S003;730;alpha;15;-;81;96;;
S003;731;alpha;1;+;82;72;;
S003;738;alpha;7;-;83;92;;
S003;742;epsilon;63;-;77;106;delta;
S003;750;gamma;62;-;53;95;;
S003;750;delta;56;-;19;62;;
S003;751;beta;61;-;31;114;;
S003;752;beta;1;+;32;125;;
S003;753;beta;1;-;33;108;gamma;
S003;781;alpha;43;+;84;99;;delta
S003;785;epsilon;43;+;78;102;;delta
S003;785;gamma;35;+;54;10;;
S003;785;beta;32;+;34;37;;
S003;785;delta;35;+;20;12;;
S003;789;gamma;4;-;55;104;;
S003;789;delta;4;-;21;124;;
S003;790;beta;5;-;35;121;;
S003;791;alpha;10;-;85;4;;
S003;791;epsilon;6;-;79;10;;
S003;792;alpha;1;+;86;41;;
S003;793;alpha;1;-;87;30;;
S003;839;alpha;46;+;88;125;;
S003;842;epsilon;51;+;80;35;;
S003;843;epsilon;1;-;81;97;;
S003;844;alpha;5;-;89;112;;
S003;845;alpha;1;+;90;105;;
S003;846;alpha;1;-;91;35;;
S003;853;alpha;7;+;92;103;;
S003;854;alpha;1;-;93;15;;
S003;880;alpha;26;+;94;2;;
S003;887;epsilon;44;+;82;92;;
S003;887;gamma;98;+;56;84;delta;
S003;887;beta;97;+;36;5;;
S003;888;gamma;1;-;57;79;;
S003;888;beta;1;-;37;51;;
S003;892;epsilon;5;-;83;36;epsilon;
S003;893;epsilon;1;+;84;107;beta;
S003;903;alpha;23;-;95;96;;
S003;904;alpha;1;+;96;72;;
S003;906;alpha;2;-;97;87;;
S003;908;alpha;2;+;98;110;alpha;
S003;912;alpha;4;-;99;88;;
S003;915;epsilon;22;-;85;54;;
S003;971;alpha;59;+;100;96;;alpha
S003;972;alpha;1;-;101;72;;
S003;973;alpha;1;+;102;86;;
S003;974;alpha;1;-;103;99;;
S003;976;alpha;2;+;104;103;;
S003;978;alpha;2;-;105;16;;
S003;992;alpha;14;+;106;90;;
S003;994;epsilon;79;+;86;18;epsilon;
S003;1001;gamma;113;+;58;119;;
S003;1019;alpha;27;-;107;10;;gamma
S003;1019;gamma;18;-;59;107;beta;epsilon
S003;1020;gamma;1;+;60;55;;
S003;1021;alpha;2;+;108;102;;
S003;1023;beta;135;+;38;81;;
S003;1025;alpha;4;-;109;8;;
S003;1025;beta;2;-;39;50;;
S003;1027;alpha;2;+;110;82;;
S003;1028;alpha;1;-;111;59;alpha;
S003;1030;epsilon;36;-;87;58;;epsilon
S003;1030;gamma;10;-;61;49;;
S003;1031;epsilon;1;+;88;73;;
S003;1031;gamma;1;+;62;110;alpha;
S003;1038;epsilon;7;-;89;102;;
S003;1038;gamma;7;-;63;91;epsilon;
S003;1080;alpha;52;+;112;110;alpha;
S003;1080;epsilon;42;+;90;82;;
S003;1080;gamma;42;+;64;125;;
S003;1080;beta;55;+;40;102;;
S003;1081;delta;292;+;22;86;;
S003;1111;alpha;31;-;113;109;epsilon;
S003;1113;alpha;2;+;114;76;;
S003;1116;alpha;3;-;115;1;;
S003;1117;alpha;1;+;116;11;;
S003;1118;alpha;1;-;117;111;;
S003;1123;epsilon;43;-;91;115;;delta
S003;1135;alpha;17;+;118;68;alpha;alpha
S003;1135;epsilon;12;+;92;82;;
S003;1185;alpha;50;-;119;119;;
S003;1200;epsilon;65;-;93;10;;
S003;1218;gamma;138;-;65;43;delta;
S003;1223;gamma;5;+;66;54;;
S003;1225;gamma;2;-;67;34;;
S003;1229;gamma;4;+;68;90;;
S003;1230;gamma;1;-;69;12;;
S003;1235;alpha;50;+;120;12;;
S003;1236;alpha;1;-;121;121;;
S003;1243;alpha;7;+;122;74;;
S003;1250;epsilon;50;+;94;34;;
S003;1252;epsilon;2;-;95;88;;
S003;1254;epsilon;2;+;96;120;;
S003;1325;alpha;20;-;123;54;;beta
S003;1325;epsilon;9;-;97;66;;
S003;1326;beta;184;-;41;76;;
S003;1352;alpha;27;+;124;93;;gamma
S003;1353;alpha;1;-;125;42;;
S003;1354;alpha;1;+;126;40;;
S003;1364;epsilon;39;+;98;35;;
S003;1365;epsilon;1;-;99;97;;
S003;1366;epsilon;1;+;100;82;;
S003;1370;alpha;16;-;127;79;;
S003;1370;epsilon;4;-;101;62;;
S003;1380;alpha;10;+;128;36;epsilon;
S003;1380;epsilon;10;+;102;114;;
S003;1385;alpha;5;-;129;111;;
S003;1386;epsilon;6;-;103;3;;
S003;1415;alpha;30;+;130;81;;
S003;1420;epsilon;34;+;104;80;;
S003;1422;gamma;130;+;70;65;;
S003;1423;gamma;1;-;71;16;;
S003;1424;epsilon;4;-;105;42;;
S003;1428;epsilon;4;+;106;43;delta;
S003;1432;epsilon;4;-;107;53;;
S003;1433;epsilon;1;+;108;23;;
S003;1438;alpha;23;-;131;122;;
S003;1439;epsilon;6;-;109;109;epsilon;
S004;6;delta;6;-;1;6;;
S004;7;delta;1;+;2;61;;
S004;12;delta;5;-;3;107;beta;
S004;59;alpha;59;+;1;59;alpha;alpha
S004;60;alpha;1;-;2;83;;
S004;77;alpha;17;+;3;62;;alpha
S004;81;alpha;4;-;4;116;;
S004;82;alpha;1;+;5;18;epsilon;
S004;91;alpha;9;-;6;62;;
S004;92;alpha;1;+;7;113;;
S004;97;alpha;5;-;8;119;;
S004;110;alpha;13;+;9;102;;
S004;110;epsilon;110;+;1;110;alpha;alpha
S004;124;alpha;14;-;10;54;;
S004;124;epsilon;14;-;2;92;;
S004;126;alpha;2;+;11;34;;
S004;126;epsilon;2;+;3;33;;
S004;127;alpha;1;-;12;87;;
S004;127;epsilon;1;-;4;77;;
S004;147;alpha;20;+;13;84;delta;beta
S004;151;epsilon;24;+;5;104;;
S004;152;epsilon;1;-;6;25;;
S004;155;epsilon;3;+;7;126;;
S004;155;gamma;155;+;1;28;;
S004;159;gamma;4;-;2;30;;
S004;160;gamma;1;+;3;47;;
S004;166;beta;166;+;1;39;;
S004;186;alpha;39;-;14;57;;
S004;187;alpha;1;+;15;63;;
S004;195;alpha;8;-;16;3;;
S004;196;alpha;1;+;17;31;;
S004;197;alpha;1;-;18;57;;
S004;200;epsilon;45;-;8;72;;
S004;208;epsilon;8;+;9;93;;
S004;209;epsilon;1;-;10;42;;
S004;211;gamma;51;-;4;52;;
S004;211;beta;45;-;2;8;;
S004;223;gamma;12;+;5;5;;
S004;223;beta;12;+;3;50;;
S004;224;gamma;1;-;6;51;;
S004;225;beta;2;-;4;121;;
S004;227;beta;2;+;5;69;;
S004;228;beta;1;-;6;56;;
S004;229;alpha;32;+;19;17;alpha;
S004;229;gamma;5;+;7;7;;
S004;229;beta;1;+;7;53;;
S004;232;alpha;3;-;20;46;;
S004;232;gamma;3;-;8;73;;
S004;232;beta;3;-;8;25;;
S004;233;alpha;1;+;21;80;;
S004;233;gamma;1;+;9;96;;
S004;233;beta;1;+;9;124;;
S004;236;alpha;3;-;22;41;;
S004;236;gamma;3;-;10;74;;
S004;236;beta;3;-;10;100;gamma;
S004;238;alpha;2;+;23;31;;
S004;239;alpha;1;-;24;57;;
S004;247;alpha;8;+;25;70;;
S004;247;beta;11;+;11;105;;
S004;249;epsilon;40;+;11;49;;
S004;249;gamma;13;+;11;47;;
S004;253;gamma;4;-;12;93;;
S004;255;alpha;8;-;26;73;;
S004;255;epsilon;6;-;12;115;;
S004;255;beta;8;-;12;42;;
S004;256;alpha;1;+;27;96;;
S004;256;epsilon;1;+;13;8;;
S004;256;beta;1;+;13;40;;
S004;258;gamma;5;+;13;46;;
S004;273;alpha;17;-;28;92;;alpha
S004;273;gamma;15;-;14;43;delta;
S004;275;epsilon;19;-;14;57;;gamma
S004;276;epsilon;1;+;15;63;;
S004;277;alpha;4;+;29;35;;
S004;277;gamma;4;+;15;53;;
S004;289;alpha;12;-;30;83;;
S004;293;epsilon;17;-;16;94;;alpha
S004;294;epsilon;1;+;17;52;;
S004;295;epsilon;1;-;18;13;;
S004;296;gamma;19;-;16;112;;gamma
S004;298;gamma;2;+;17;106;delta;
S004;300;alpha;11;+;31;56;;
S004;300;epsilon;5;+;19;8;;
S004;301;alpha;1;-;32;53;;
S004;301;epsilon;1;-;20;81;;
S004;305;epsilon;4;+;21;52;;
S004;306;epsilon;1;-;22;13;;
S004;307;gamma;9;-;18;53;;
S004;307;beta;51;-;14;114;;
S004;313;gamma;6;+;19;28;;
S004;313;beta;6;+;15;3;;
S004;314;beta;1;-;16;31;;
S004;315;gamma;2;-;20;28;;
S004;316;gamma;1;+;21;27;gamma;
S004;318;gamma;2;-;22;18;epsilon;
S004;338;alpha;37;+;33;3;;
S004;339;epsilon;33;+;23;63;;
S004;339;gamma;21;+;23;43;delta;delta
S004;340;gamma;1;-;24;50;;
S004;342;gamma;2;+;25;121;;
S004;342;beta;28;+;17;80;;
S004;346;delta;334;+;4;19;gamma;
S004;355;delta;9;-;5;72;;
S004;356;delta;1;+;6;86;;
S004;381;alpha;43;-;34;89;;delta
S004;386;alpha;5;+;35;6;;
S004;389;alpha;3;-;36;63;;
S004;397;alpha;8;+;37;3;;
S004;405;alpha;8;-;38;38;;
S004;406;epsilon;67;-;24;17;alpha;
S004;425;alpha;20;+;39;10;;beta
S004;425;epsilon;19;+;25;68;alpha;gamma
S004;427;alpha;2;-;40;102;;
S004;427;epsilon;2;-;26;47;;
S004;428;alpha;1;+;41;5;;
S004;429;alpha;1;-;42;51;;
S004;431;gamma;89;-;26;124;;
S004;436;gamma;5;+;27;102;;
S004;437;gamma;1;-;28;5;;
S004;444;alpha;15;+;43;35;;
S004;444;gamma;7;+;29;57;;
S004;445;gamma;1;-;30;63;;
S004;446;alpha;2;-;44;98;;
S004;450;alpha;4;+;45;95;;
S004;450;epsilon;23;+;27;24;;
S004;451;gamma;6;+;31;1;;
S004;512;alpha;62;-;46;37;;
S004;514;alpha;2;+;47;118;;
S004;518;alpha;4;-;48;41;;
S004;519;alpha;1;+;49;30;;
S004;557;alpha;38;-;50;117;;
S004;568;alpha;11;+;51;27;gamma;
S004;578;alpha;10;-;52;43;delta;
S004;579;alpha;1;+;53;50;;
S004;580;alpha;1;-;54;120;;
S004;581;alpha;1;+;55;58;;
S004;584;alpha;3;-;56;75;;
S004;584;epsilon;134;-;28;4;;
S004;600;alpha;16;+;57;23;;
S004;600;epsilon;16;+;29;35;;
S004;614;alpha;14;-;58;28;;
S004;614;epsilon;14;-;30;85;;
S004;622;alpha;8;+;59;34;;
S004;622;epsilon;8;+;31;96;;
S004;628;alpha;6;-;60;92;;
S004;629;epsilon;7;-;32;78;;
S004;629;gamma;178;-;32;35;;
S004;630;gamma;1;+;33;97;;
S004;633;alpha;5;+;61;36;epsilon;
S004;633;epsilon;4;+;33;22;;
S004;686;alpha;53;-;62;97;;
S004;687;alpha;1;+;63;82;;
S004;688;alpha;1;-;64;59;alpha;
S004;697;alpha;9;+;65;91;epsilon;
S004;720;alpha;23;-;66;106;delta;
S004;721;alpha;1;+;67;45;;
S004;723;alpha;2;-;68;71;;
S004;725;alpha;2;+;69;77;;
S004;727;alpha;2;-;70;10;;
S004;728;alpha;1;+;71;101;;
S004;729;alpha;1;-;72;122;;
S004;730;epsilon;97;-;34;11;;
S004;732;gamma;102;-;34;74;;
S004;733;beta;391;-;18;0;;
S004;734;beta;1;+;19;1;;
S004;735;beta;1;-;20;11;;
S004;736;beta;1;+;21;111;;
S004;737;beta;1;-;22;95;;
S004;747;beta;10;+;23;112;;
S004;751;beta;4;-;24;108;gamma;
S004;753;alpha;24;+;73;32;;
S004;753;beta;2;+;25;66;;
S004;758;epsilon;28;+;35;112;;
S004;758;gamma;26;+;35;60;;
S004;762;gamma;4;-;36;96;;
S004;763;gamma;1;+;37;72;;
S004;779;alpha;26;-;74;51;;
S004;785;gamma;22;-;38;110;alpha;
S004;788;epsilon;30;-;36;54;;
S004;788;beta;35;-;26;31;;
S004;811;delta;455;-;7;95;;
S004;813;delta;2;+;8;63;;
S004;814;delta;1;-;9;123;;
S004;815;delta;1;+;10;88;;
S004;818;delta;3;-;11;121;;
S004;820;delta;2;+;12;69;;
S004;823;alpha;44;+;75;64;;
S004;827;epsilon;39;+;37;105;;
S004;829;epsilon;2;-;38;36;epsilon;
S004;832;epsilon;3;+;39;109;epsilon;
S004;833;epsilon;1;-;40;75;;
S004;835;epsilon;2;+;41;117;;
S004;835;gamma;50;+;39;1;;
S004;839;gamma;4;-;40;14;;
S004;840;gamma;1;+;41;14;;
S004;840;beta;52;+;27;104;;
S004;859;alpha;36;-;76;86;;epsilon
S004;863;gamma;23;-;42;26;;
S004;863;beta;23;-;28;9;;
S004;864;gamma;1;+;43;7;;
S004;865;gamma;1;-;44;71;;
S004;866;gamma;1;+;45;76;;
S004;866;beta;3;+;29;93;;
S004;869;alpha;10;+;77;101;;
S004;873;alpha;4;-;78;125;;
S004;876;epsilon;41;-;42;57;;
S004;880;alpha;7;+;79;114;;
S004;880;epsilon;4;+;43;66;;
S004;894;alpha;14;-;80;111;;
S004;894;epsilon;14;-;44;10;;
S004;898;gamma;32;-;46;12;;
S004;898;beta;32;-;30;61;;
S004;899;gamma;1;+;47;121;;
S004;900;gamma;1;-;48;68;alpha;
S004;901;gamma;1;+;49;46;;
S004;903;beta;5;+;31;107;beta;
S004;906;beta;3;-;32;57;;
S004;907;gamma;6;-;50;85;;
S004;910;gamma;3;+;51;91;epsilon;
S004;913;beta;7;+;33;69;;
S004;914;alpha;20;+;81;71;;beta
S004;914;epsilon;20;+;45;4;;beta
S004;915;epsilon;1;-;46;41;;
S004;916;epsilon;1;+;47;30;;
S004;960;alpha;46;-;82;34;;
S004;962;alpha;2;+;83;88;;
S004;967;alpha;5;-;84;123;;
S004;974;alpha;7;+;85;94;;
S004;990;alpha;16;-;86;18;epsilon;
S004;990;epsilon;74;-;48;26;;
S004;991;epsilon;1;+;49;7;;
S004;992;alpha;2;+;87;55;;
S004;1000;alpha;8;-;88;50;;
S004;1001;alpha;1;+;89;120;;
S004;1003;alpha;2;-;90;59;alpha;
S004;1004;alpha;1;+;91;83;;
S004;1020;alpha;16;-;92;61;;
S004;1022;epsilon;31;-;50;96;;
S004;1023;epsilon;1;+;51;72;;
S004;1024;epsilon;1;-;52;86;;
S004;1032;gamma;122;-;52;63;;
S004;1048;alpha;28;+;93;32;;
S004;1054;epsilon;30;+;53;121;;
S004;1054;gamma;22;+;53;99;;
S004;1056;epsilon;2;-;54;69;;
S004;1058;gamma;4;-;54;105;;
S004;1059;gamma;1;+;55;35;;
S004;1060;gamma;1;-;56;97;;
S004;1061;alpha;13;-;94;38;;
S004;1062;alpha;1;+;95;0;;
S004;1063;alpha;1;-;96;1;;
S004;1064;beta;151;-;34;63;;
S004;1065;beta;1;+;35;123;;
S004;1066;beta;1;-;36;88;;
S004;1067;beta;1;+;37;119;;
S004;1068;beta;1;-;38;48;;
S004;1081;alpha;18;+;97;118;;epsilon
S004;1082;alpha;1;-;98;38;;
S004;1083;alpha;1;+;99;0;;
S004;1083;epsilon;27;+;55;69;;gamma
S004;1084;epsilon;1;-;56;56;;
S004;1085;alpha;2;-;100;2;;
S004;1086;alpha;1;+;101;21;delta;
S004;1087;alpha;1;-;102;84;delta;
S004;1093;alpha;6;+;103;84;delta;
S004;1094;epsilon;10;+;57;22;;
S004;1098;epsilon;4;-;58;97;;
S004;1099;epsilon;1;+;59;82;;
S004;1105;alpha;12;-;104;30;;
S004;1105;epsilon;6;-;60;64;;
S004;1106;alpha;1;+;105;47;;
S004;1106;epsilon;1;+;61;6;;
S004;1107;alpha;1;-;106;90;;
S004;1107;epsilon;1;-;62;61;;
S004;1108;alpha;1;+;107;12;;
S004;1108;epsilon;1;+;63;103;;
S004;1110;gamma;50;+;57;98;;
S004;1110;beta;42;+;39;16;;
S004;1176;alpha;68;-;108;125;;alpha
S004;1180;epsilon;72;-;64;85;;
S004;1198;gamma;88;-;58;109;epsilon;
S004;1200;gamma;2;+;59;76;;
S004;1202;gamma;2;-;60;0;;
S004;1215;alpha;39;+;109;93;;
S004;1218;alpha;3;-;110;44;;
S004;1220;alpha;2;+;111;61;;
S004;1226;alpha;6;-;112;108;gamma;
S004;1228;beta;118;-;40;116;;
S004;1230;beta;2;+;41;19;gamma;
S004;1232;alpha;6;+;113;70;;
S004;1233;epsilon;53;+;65;44;;
S004;1237;alpha;5;-;114;70;;
S004;1237;epsilon;4;-;66;63;;
S004;1237;beta;7;-;42;70;;
S004;1238;alpha;1;+;115;66;;
S004;1238;epsilon;1;+;67;123;;
S004;1238;beta;1;+;43;66;;
S004;1245;gamma;43;+;61;43;delta;delta
S004;1335;alpha;35;-;116;31;;
S004;1336;alpha;1;+;117;57;;
S004;1362;alpha;26;-;118;11;;
S004;1363;alpha;1;+;119;111;;
S004;1364;alpha;1;-;120;95;;
S004;1369;epsilon;69;-;68;50;;
S004;1371;beta;71;-;44;67;;
S004;1372;beta;1;+;45;36;epsilon;
S004;1382;alpha;18;+;121;120;;epsilon
S004;1382;epsilon;13;+;69;60;;
S004;1410;alpha;28;-;122;90;;
S004;1411;alpha;1;+;123;12;;
S004;1412;alpha;1;-;124;121;;
S004;1414;alpha;2;+;125;69;;
S004;1418;alpha;4;-;126;59;alpha;
S004;1420;alpha;2;+;127;84;delta;
S005;1;epsilon;1;-;1;1;;
S005;2;epsilon;1;+;2;11;;
S005;3;alpha;3;+;1;3;;
S005;24;alpha;21;-;2;67;;delta
S005;25;alpha;1;+;3;36;epsilon;
S005;30;alpha;5;-;4;111;;
S005;34;epsilon;32;-;3;116;;
S005;39;epsilon;5;+;4;22;;
S005;41;epsilon;2;-;5;95;;
S005;42;epsilon;1;+;6;62;;
S005;43;epsilon;1;-;7;113;;
S005;60;gamma;60;-;1;60;;
S005;65;alpha;35;+;5;86;;
S005;65;epsilon;22;+;8;19;gamma;
S005;65;gamma;5;+;2;97;;
S005;85;alpha;20;-;6;111;;beta
S005;85;epsilon;20;-;9;15;;beta
S005;86;gamma;21;-;3;69;;delta
S005;90;epsilon;5;+;10;28;;
S005;90;gamma;4;+;4;59;alpha;
S005;95;epsilon;5;-;11;31;;
S005;95;gamma;5;-;5;87;;
S005;96;alpha;11;+;7;62;;
S005;96;epsilon;1;+;12;57;;
S005;96;gamma;1;+;6;109;epsilon;
S005;106;alpha;10;-;8;114;;
S005;107;alpha;1;+;9;125;;
S005;123;alpha;16;-;10;70;;
S005;125;alpha;2;+;11;67;;
S005;154;alpha;29;-;12;125;;
S005;155;epsilon;59;-;13;44;;alpha
S005;156;epsilon;1;+;14;60;;
S005;161;epsilon;5;-;15;97;;
S005;162;epsilon;1;+;16;82;;
S005;165;alpha;11;+;13;65;;
S005;261;alpha;96;-;14;119;;
S005;267;alpha;6;+;15;53;;
S005;268;alpha;1;-;16;23;;
S005;270;alpha;2;+;17;105;;
S005;311;alpha;41;-;18;0;;
S005;312;alpha;1;+;19;1;;
S005;313;alpha;1;-;20;11;;
S005;325;epsilon;163;-;17;121;;
S005;337;alpha;24;+;21;108;gamma;
S005;338;alpha;1;-;22;65;;
S005;342;alpha;4;+;23;19;gamma;
S005;343;alpha;1;-;24;64;;
S005;347;gamma;251;-;7;31;;
S005;350;gamma;3;+;8;59;alpha;
S005;351;gamma;1;-;9;83;;
S005;352;gamma;1;+;10;69;;
S005;354;gamma;2;-;11;57;;
S005;362;alpha;19;+;25;69;;gamma
S005;362;gamma;8;+;12;70;;
S005;363;alpha;1;-;26;56;;
S005;363;gamma;1;-;13;66;;
S005;369;beta;369;-;1;115;;
S005;370;beta;1;+;2;8;;
S005;371;beta;1;-;3;81;;
S005;391;alpha;28;+;27;40;;
S005;392;epsilon;67;+;18;102;;
S005;393;beta;22;+;4;121;;
S005;394;beta;1;-;5;68;alpha;
S005;395;beta;1;+;6;46;;
S005;397;gamma;34;+;14;30;;
S005;398;gamma;1;-;15;47;;
S005;399;gamma;1;+;16;90;;
S005;400;gamma;1;-;17;12;;
S005;407;alpha;16;-;28;79;;
S005;407;beta;12;-;7;40;;
S005;408;epsilon;16;-;19;56;;
S005;445;alpha;38;+;29;64;;
S005;457;alpha;12;-;30;62;;
S005;464;alpha;7;+;31;119;;
S005;467;epsilon;59;+;20;71;;alpha
S005;471;alpha;7;-;32;54;;
S005;471;epsilon;4;-;21;79;;
S005;473;epsilon;2;+;22;30;;
S005;474;epsilon;1;-;23;47;;
S005;477;delta;477;-;1;96;;
S005;482;delta;5;+;2;76;;
S005;484;delta;2;-;3;0;;
S005;517;alpha;46;+;33;112;;
S005;530;epsilon;56;+;24;57;;
S005;539;alpha;22;-;34;46;;
S005;540;epsilon;10;-;25;122;;
S005;541;alpha;2;+;35;81;;
S005;541;epsilon;1;+;26;78;;
S005;555;gamma;155;+;18;90;;
S005;556;gamma;1;-;19;12;;
S005;561;gamma;5;+;20;125;;
S005;563;alpha;22;-;36;121;;
S005;563;gamma;2;-;21;109;epsilon;
S005;567;alpha;4;+;37;71;;
S005;568;gamma;5;+;22;79;;
S005;572;alpha;5;-;38;80;;
S005;573;alpha;1;+;39;39;;
S005;574;alpha;1;-;40;10;;
S005;575;alpha;1;+;41;101;;
S005;580;alpha;5;-;42;126;;
S005;581;alpha;1;+;43;118;;
S005;584;beta;177;+;8;45;;
S005;585;beta;1;-;9;70;;
S005;586;alpha;5;-;44;42;;
S005;587;epsilon;46;-;27;99;;
S005;587;gamma;19;-;23;45;;gamma
S005;588;epsilon;1;+;28;102;;
S005;588;gamma;1;+;24;70;;
S005;589;alpha;3;+;45;42;;
S005;593;alpha;4;-;46;43;delta;
S005;594;alpha;1;+;47;50;;
S005;598;beta;13;+;10;28;;
S005;637;delta;153;+;4;26;;
S005;638;delta;1;-;5;7;;
S005;639;delta;1;+;6;71;;
S005;641;delta;2;-;7;77;;
S005;642;delta;1;+;8;9;;
S005;643;delta;1;-;9;91;epsilon;
S005;644;delta;1;+;10;22;;
S005;645;alpha;51;-;48;98;;
S005;645;delta;1;-;11;94;;
S005;646;alpha;1;+;49;92;;
S005;650;alpha;4;-;50;35;;
S005;651;alpha;1;+;51;97;;
S005;652;alpha;1;-;52;82;;
S005;654;alpha;2;+;53;60;;
S005;654;delta;9;+;12;60;;
S005;656;delta;2;-;13;94;;
S005;657;delta;1;+;14;52;;
S005;681;alpha;27;-;54;58;;gamma
S005;685;alpha;4;+;55;76;;
S005;698;alpha;13;-;56;120;;
S005;700;epsilon;112;-;29;4;;
S005;706;gamma;118;-;25;14;;
S005;707;delta;50;-;15;43;delta;
S005;711;delta;4;+;16;53;;
S005;712;delta;1;-;17;23;;
S005;713;delta;1;+;18;104;;
S005;714;gamma;8;+;26;21;delta;
S005;715;gamma;1;-;27;84;delta;
S005;716;delta;3;-;19;27;gamma;
S005;720;beta;122;-;11;55;;
S005;725;beta;5;+;12;47;;
S005;727;beta;2;-;13;91;epsilon;
S005;738;alpha;40;+;57;102;;
S005;739;alpha;1;-;58;5;;
S005;740;alpha;1;+;59;51;;
S005;741;alpha;1;-;60;3;;
S005;742;alpha;1;+;61;31;;
S005;747;epsilon;47;+;30;66;;
S005;747;beta;20;+;14;103;;beta
S005;747;delta;31;+;20;64;;
S005;750;gamma;35;+;28;53;;
S005;751;gamma;1;-;29;23;;
S005;753;beta;6;-;15;20;beta;
S005;755;beta;2;+;16;75;;
S005;757;gamma;6;+;30;109;epsilon;
S005;758;gamma;1;-;31;75;;
S005;760;gamma;2;+;32;117;;
S005;761;gamma;1;-;33;28;;
S005;761;beta;6;-;17;121;;
S005;765;beta;4;+;18;71;;
S005;766;beta;1;-;19;76;;
S005;767;gamma;6;+;34;32;;
S005;767;beta;1;+;20;126;;
S005;770;alpha;28;-;62;80;;
S005;770;epsilon;23;-;31;19;gamma;
S005;770;gamma;3;-;35;69;;
S005;770;beta;3;-;21;120;;
S005;770;delta;23;-;21;73;;
S005;794;alpha;24;+;63;23;;
S005;805;epsilon;35;+;32;30;;
S005;806;epsilon;1;-;33;47;;
S005;808;epsilon;2;+;34;91;epsilon;
S005;810;epsilon;2;-;35;23;;
S005;811;epsilon;1;+;36;104;;
S005;817;gamma;47;+;36;89;;
S005;818;gamma;1;-;37;2;;
S005;823;gamma;5;+;38;25;;
S005;825;delta;55;+;22;116;;
S005;826;delta;1;-;23;18;epsilon;
S005;828;beta;58;+;22;120;;
S005;828;delta;2;+;24;55;;
S005;829;beta;1;-;23;58;;
S005;833;delta;5;-;25;47;;
S005;834;delta;1;+;26;90;;
S005;836;beta;7;+;24;79;;
S005;867;alpha;73;-;64;87;;
S005;872;alpha;5;+;65;113;;
S005;876;alpha;4;-;66;118;;
S005;881;alpha;5;+;67;42;;
S005;887;alpha;6;-;68;45;;
S005;888;alpha;1;+;69;70;;
S005;892;alpha;4;-;70;69;;
S005;893;alpha;1;+;71;56;;
S005;894;alpha;1;-;72;53;;
S005;894;epsilon;83;-;37;69;;
S005;920;gamma;97;-;39;57;;
S005;929;alpha;35;+;73;1;;
S005;930;gamma;10;+;40;122;;
S005;931;alpha;2;-;74;12;;
S005;931;gamma;1;-;41;78;;
S005;937;alpha;6;+;75;126;;
S005;938;epsilon;44;+;38;86;;
S005;938;gamma;7;+;42;25;;
S005;940;gamma;2;-;43;125;;
S005;942;gamma;2;+;44;109;epsilon;
S005;945;gamma;3;-;45;77;;
S005;948;alpha;11;-;76;38;;
S005;948;epsilon;10;-;39;101;;
S005;954;alpha;6;+;77;5;;
S005;954;epsilon;6;+;40;0;;
S005;956;alpha;2;-;78;52;;
S005;957;alpha;1;+;79;13;;
S005;959;alpha;2;-;80;5;;
S005;959;epsilon;5;-;41;5;;
S005;960;alpha;1;+;81;51;;
S005;960;epsilon;1;+;42;51;;
S005;961;gamma;16;+;46;96;;
S005;981;alpha;21;-;82;41;;delta
S005;984;alpha;3;+;83;32;;
S005;986;alpha;2;-;84;68;alpha;
S005;994;epsilon;34;-;43;54;;
S005;994;gamma;33;-;47;108;gamma;
S005;994;beta;158;-;25;37;;
S005;996;gamma;2;+;48;66;;
S005;996;beta;2;+;26;118;;
S005;998;gamma;2;-;49;27;gamma;
S005;998;beta;2;-;27;39;;
S005;1007;delta;173;-;27;3;;
S005;1013;delta;6;+;28;36;epsilon;
S005;1016;delta;3;-;29;109;epsilon;
S006;1;epsilon;1;-;1;1;;
S006;2;epsilon;1;+;2;11;;
S006;9;epsilon;7;-;3;117;;
S006;11;gamma;11;-;1;11;;
S006;11;beta;11;-;1;11;;
S006;12;delta;12;-;1;12;;
S006;85;alpha;85;+;1;85;;
S006;86;alpha;1;-;2;89;;
S006;87;alpha;1;+;3;2;;
S006;92;epsilon;83;+;4;99;;
S006;98;epsilon;6;-;5;107;beta;
S006;100;epsilon;2;+;6;56;;
S006;120;gamma;109;+;2;60;;epsilon
S006;127;gamma;7;-;3;99;;
S006;128;gamma;1;+;4;102;;
S006;144;alpha;57;-;4;3;;
S006;146;alpha;2;+;5;32;;
S006;148;alpha;2;-;6;68;alpha;
S006;153;epsilon;53;-;7;65;;
S006;158;gamma;30;-;5;70;;
S006;159;gamma;1;+;6;66;;
S006;165;alpha;17;+;7;86;;alpha
S006;165;epsilon;12;+;8;35;;
S006;167;beta;156;+;2;107;beta;
S006;168;beta;1;-;3;55;;
S006;169;epsilon;4;-;9;100;gamma;
S006;170;epsilon;1;+;10;112;;
S006;170;beta;2;+;4;44;;
S006;171;epsilon;1;-;11;105;;
S006;171;beta;1;-;5;60;;
S006;172;epsilon;1;+;12;35;;
S006;172;beta;1;+;6;93;;
S006;213;alpha;48;-;8;12;;
S006;215;alpha;2;+;9;122;;
S006;227;alpha;12;-;10;20;beta;
S006;228;alpha;1;+;11;74;;
S006;247;alpha;19;-;12;53;;gamma
S006;249;epsilon;77;-;13;21;delta;
S006;255;epsilon;6;+;14;89;;
S006;256;epsilon;1;-;15;2;;
S006;258;epsilon;2;+;16;22;;
S006;260;epsilon;2;-;17;95;;
S006;265;alpha;18;+;13;111;;epsilon
S006;265;epsilon;5;+;18;66;;
S006;266;alpha;1;-;14;95;;
S006;266;epsilon;1;-;19;26;;
S006;267;alpha;1;+;15;62;;
S006;267;epsilon;1;+;20;7;;
S006;268;alpha;1;-;16;113;;
S006;268;epsilon;1;-;21;71;;
S006;269;alpha;1;+;17;115;;
S006;270;alpha;1;-;18;8;;
S006;274;alpha;4;+;19;84;delta;
S006;276;alpha;2;-;20;80;;
S006;281;alpha;5;+;21;43;delta;
S006;281;epsilon;13;+;22;1;;
S006;283;epsilon;2;-;23;12;;
S006;284;alpha;3;-;22;52;;
S006;286;gamma;127;-;7;87;;
S006;288;gamma;2;+;8;110;alpha;
S006;289;gamma;1;-;9;85;;
S006;299;beta;127;-;7;36;epsilon;
S006;301;beta;2;+;8;108;gamma;
S006;302;beta;1;-;9;65;;
S006;305;beta;3;+;10;18;epsilon;
S006;306;beta;1;-;11;54;;
S006;348;alpha;64;+;23;57;;
S006;349;alpha;1;-;24;63;;
S006;359;alpha;10;+;25;87;;
S006;360;alpha;1;-;26;109;epsilon;
S006;363;alpha;3;+;27;77;;
S006;364;epsilon;81;+;24;11;;
S006;365;epsilon;1;-;25;111;;
S006;367;alpha;4;-;28;12;;
S006;391;alpha;24;+;29;81;;
S006;393;alpha;2;-;30;50;;
S006;417;alpha;24;+;31;71;;
S006;418;epsilon;53;+;26;104;;
S006;422;epsilon;4;-;27;28;;
S006;423;epsilon;1;+;28;27;gamma;
S006;426;epsilon;3;-;29;19;gamma;
S006;429;epsilon;3;+;30;66;;
S006;432;epsilon;3;-;31;28;;
S006;433;epsilon;1;+;32;27;gamma;
S006;435;epsilon;2;-;33;18;epsilon;
S006;436;epsilon;1;+;34;54;;
S006;438;alpha;21;-;32;9;;delta
S006;438;epsilon;2;-;35;34;;
S006;440;alpha;2;+;33;92;;
S006;440;epsilon;2;+;36;88;;
S006;443;gamma;154;+;10;64;;
S006;445;gamma;2;-;11;7;;
S006;446;gamma;1;+;12;71;;
S006;453;gamma;7;-;13;82;;
S006;455;gamma;2;+;14;60;;
S006;459;beta;153;+;12;51;;
S006;476;delta;464;+;2;18;epsilon;
S006;482;delta;6;-;3;59;alpha;
S006;485;alpha;45;-;34;101;;
S006;487;alpha;2;+;35;123;;
S006;491;delta;9;+;4;91;epsilon;
S006;492;delta;1;-;5;22;;
S006;495;alpha;8;-;36;95;;
S006;496;alpha;1;+;37;62;;
S006;499;alpha;3;-;38;115;;
S006;501;epsilon;61;-;37;98;;
S006;502;epsilon;1;+;38;92;;
S006;503;epsilon;1;-;39;32;;
S006;504;epsilon;1;+;40;67;;
S006;506;alpha;7;+;39;14;;
S006;508;alpha;2;-;40;15;;
S006;510;alpha;2;+;41;25;;
S006;515;alpha;5;-;42;1;;
S006;515;epsilon;11;-;41;107;beta;
S006;518;alpha;3;+;43;13;;
S006;518;epsilon;3;+;42;57;;
S006;521;alpha;3;-;44;6;;
S006;521;epsilon;3;-;43;65;;
S006;530;gamma;75;-;15;106;delta;
S006;531;gamma;1;+;16;45;;
S006;533;gamma;2;-;17;71;;
S006;533;beta;74;-;13;94;;
S006;534;beta;1;+;14;52;;
S006;536;beta;2;-;15;14;;
S006;537;beta;1;+;16;14;;
S006;539;beta;2;-;17;15;;
S006;567;alpha;46;+;45;11;;
S006;572;alpha;5;-;46;115;;
S006;585;alpha;13;+;47;83;;
S006;587;alpha;2;-;48;70;;
S006;620;alpha;33;+;49;48;;
S006;623;alpha;3;-;50;102;;
S006;629;alpha;6;+;51;10;;
S006;639;epsilon;118;+;44;94;;
S006;646;gamma;113;+;18;120;;
S006;664;alpha;35;-;52;19;gamma;
S006;664;epsilon;25;-;45;27;gamma;
S006;664;gamma;18;-;19;80;;epsilon
S006;671;epsilon;7;+;46;23;;
S006;671;gamma;7;+;20;45;;
S006;672;alpha;8;+;53;71;;
S006;674;alpha;2;-;54;77;;
S006;675;alpha;1;+;55;9;;
S006;676;alpha;1;-;56;91;epsilon;
S006;679;alpha;3;+;57;24;;
S006;680;alpha;1;-;58;114;;
S006;680;epsilon;9;-;47;112;;
S006;680;gamma;9;-;21;78;;
S006;681;gamma;1;+;22;19;gamma;
S006;682;alpha;2;+;59;126;;
S006;682;epsilon;2;+;48;106;delta;
S006;683;alpha;1;-;60;118;;
S006;683;epsilon;1;-;49;45;;
S006;684;alpha;1;+;61;38;;
S006;684;epsilon;1;+;50;70;;
S006;685;beta;146;+;18;33;;
S006;700;alpha;16;-;62;6;;
S006;701;alpha;1;+;63;61;;
S006;704;alpha;3;-;64;105;;
S006;705;alpha;1;+;65;35;;
S006;714;alpha;9;-;66;105;;
S006;719;epsilon;35;-;51;50;;
S006;722;gamma;41;-;23;36;epsilon;
S006;722;beta;37;-;19;35;;
S006;728;gamma;6;+;24;112;;
S006;728;beta;6;+;20;102;;
S006;729;gamma;1;-;25;105;;
S006;729;beta;1;-;21;5;;
S006;730;alpha;16;+;67;102;;
S006;730;epsilon;11;+;52;58;;
S006;730;gamma;1;+;26;35;;
S006;730;beta;1;+;22;51;;
S006;731;alpha;1;-;68;5;;
S006;731;epsilon;1;-;53;73;;
S006;731;gamma;1;-;27;97;;
S006;732;beta;2;-;23;4;;
S006;734;beta;2;+;24;42;;
S006;735;alpha;4;+;69;54;;
S006;735;gamma;4;+;28;85;;
S006;736;alpha;1;-;70;33;;
S006;736;gamma;1;-;29;89;;
S006;737;beta;3;-;25;42;;
S006;738;beta;1;+;26;40;;
S006;741;beta;3;-;27;22;;
S006;746;alpha;10;+;71;8;;
S006;746;beta;5;+;28;98;;
S006;748;beta;2;-;29;93;;
S006;750;epsilon;19;+;54;80;;gamma
S006;750;gamma;14;+;30;24;;
S006;750;beta;2;+;30;43;delta;
S006;763;delta;271;+;6;46;;
S006;764;delta;1;-;7;80;;
S006;766;delta;2;+;8;40;;
S006;769;delta;3;-;9;22;;
S006;770;delta;1;+;10;94;;
S006;795;alpha;49;-;72;87;;
S006;800;alpha;5;+;73;113;;
S006;817;alpha;17;-;74;14;;alpha
S006;818;alpha;1;+;75;14;;
S006;819;alpha;1;-;76;14;;
S006;821;alpha;2;+;77;15;;
S006;822;alpha;1;-;78;24;;
S006;825;epsilon;75;-;55;74;;
S006;828;gamma;78;-;31;65;;
S006;830;beta;80;-;31;62;;
S006;830;delta;60;-;11;62;;
S006;831;beta;1;+;32;113;;
S006;831;delta;1;+;12;113;;
S006;833;beta;2;-;33;116;;
S006;833;delta;2;-;13;116;;
S006;838;beta;5;+;34;22;;
S006;838;delta;5;+;14;22;;
S006;840;alpha;18;+;79;5;;epsilon
S006;840;gamma;12;+;32;35;;
S006;841;alpha;1;-;80;51;;
S006;841;gamma;1;-;33;97;;
S006;842;alpha;1;+;81;3;;
S006;842;gamma;1;+;34;82;;
S006;844;alpha;2;-;82;32;;
S006;844;gamma;2;-;35;60;;
S006;847;beta;9;-;35;102;;
S006;847;delta;9;-;15;102;;
S006;857;alpha;13;+;83;38;;
S006;857;beta;10;+;36;50;;
S006;857;delta;10;+;16;50;;
S006;859;epsilon;34;+;56;68;alpha;
S006;859;gamma;15;+;36;46;;
S006;881;alpha;24;-;84;14;;
S006;882;gamma;23;-;37;51;;
S006;884;gamma;2;+;38;4;;
S006;885;gamma;1;-;39;41;;
S006;886;epsilon;27;-;57;96;;gamma
S006;886;beta;29;-;37;76;;
S006;886;delta;29;-;17;76;;
S006;888;delta;2;+;18;0;;
S006;889;delta;1;-;19;1;;
S006;891;delta;2;+;20;12;;
S006;894;beta;8;+;38;6;;
S006;896;beta;2;-;39;62;;
S006;903;alpha;22;+;85;25;;
S006;904;alpha;1;-;86;124;;
S006;905;alpha;1;+;87;98;;
S006;905;epsilon;19;+;58;94;;gamma
S006;905;beta;9;+;40;121;;
S006;906;gamma;21;+;40;57;;delta
S006;907;gamma;1;-;41;63;;
S006;908;epsilon;3;-;59;54;;
S006;908;beta;3;-;41;70;;
S006;909;epsilon;1;+;60;33;;
S006;909;gamma;2;+;42;124;;
S006;909;beta;1;+;42;66;;
S006;910;epsilon;1;-;61;77;;
S006;910;gamma;1;-;43;98;;
S006;910;beta;1;-;43;26;;
S006;916;epsilon;6;+;62;14;;
S006;916;gamma;6;+;44;97;;
S006;916;beta;6;+;44;12;;
S006;956;alpha;51;-;88;72;;
S006;962;alpha;6;+;89;91;epsilon;
S006;977;alpha;15;-;90;98;;
S006;981;epsilon;65;-;63;68;alpha;
S006;982;epsilon;1;+;64;46;;
S006;983;epsilon;1;-;65;80;;
S006;1004;alpha;27;+;91;48;;gamma
S006;1006;alpha;2;-;92;101;;
S006;1009;gamma;93;-;45;14;;
S006;1018;beta;102;-;45;37;;
S006;1026;beta;8;+;46;124;;
S006;1029;beta;3;-;47;100;gamma;
S006;1033;alpha;27;+;93;94;;gamma
S006;1034;beta;5;+;48;116;;
S006;1035;alpha;2;-;94;53;;
S006;1035;beta;1;-;49;18;epsilon;
S006;1045;alpha;10;+;95;103;;
S006;1048;epsilon;65;+;66;64;;
S006;1048;beta;13;+;50;35;;
S006;1051;gamma;42;+;46;45;;
S006;1072;alpha;27;-;96;40;;gamma
S006;1081;epsilon;33;-;67;83;;
S006;1081;gamma;30;-;47;85;;
S006;1081;beta;33;-;51;104;;
S006;1082;epsilon;1;+;68;69;;
S006;1082;gamma;1;+;48;89;;
S006;1086;epsilon;4;-;69;59;alpha;
S006;1087;epsilon;1;+;70;83;;
S006;1088;epsilon;1;-;71;69;;
S006;1090;gamma;8;-;49;9;;
S006;1092;gamma;2;+;50;92;;
S006;1095;gamma;3;-;51;34;;
S006;1113;alpha;41;+;97;104;;
S006;1115;alpha;2;-;98;26;;
S006;1119;alpha;4;+;99;10;;
S006;1120;alpha;1;-;100;101;;
S006;1125;delta;234;-;21;42;;
S006;1126;delta;1;+;22;40;;
S006;1129;delta;3;-;23;22;;
S006;1132;delta;3;+;24;96;;
S006;1136;delta;4;-;25;75;;
S006;1137;delta;1;+;26;116;;
S006;1140;delta;3;-;27;20;beta;
S006;1153;alpha;33;+;101;100;gamma;
S006;1156;delta;16;+;28;111;;
S006;1157;delta;1;-;29;95;;
S006;1160;epsilon;72;+;72;114;;
S006;1160;delta;3;+;30;64;;
S006;1170;gamma;75;+;52;46;;
S006;1171;beta;90;+;52;76;;
S006;1172;beta;1;-;53;126;;
S006;1175;beta;3;+;54;120;;
S006;1176;beta;1;-;55;58;;
S006;1177;alpha;24;-;102;118;;
S006;1177;gamma;7;-;53;86;;
S006;1177;delta;17;-;31;67;;alpha
S006;1178;alpha;1;+;103;38;;
S006;1178;delta;1;+;32;36;epsilon;
S006;1180;gamma;3;+;54;101;;
S006;1181;beta;5;+;56;77;;
S006;1193;alpha;15;-;104;5;;
S006;1193;beta;12;-;57;92;;
S006;1196;alpha;3;+;105;53;;
S006;1196;beta;3;+;58;34;;
S006;1197;alpha;1;-;106;23;;
S006;1197;epsilon;37;-;73;7;;
S006;1197;gamma;17;-;55;84;delta;alpha
S006;1197;beta;1;-;59;87;;
S006;1197;delta;19;-;33;63;;gamma
S006;1216;alpha;19;+;107;33;;gamma
S006;1217;alpha;1;-;108;77;;
S006;1220;alpha;3;+;109;11;;
S006;1221;gamma;24;+;56;42;;
S006;1223;gamma;2;-;57;41;;
S006;1232;alpha;12;-;110;96;;
S006;1247;alpha;15;+;111;90;;
S006;1248;alpha;1;-;112;12;;
S006;1249;alpha;1;+;113;121;;
S006;1249;epsilon;52;+;74;117;;
S006;1250;alpha;1;-;114;68;alpha;
S006;1250;epsilon;1;-;75;28;;
S006;1251;alpha;1;+;115;46;;
S006;1252;epsilon;2;+;76;28;;
S006;1253;epsilon;1;-;77;27;gamma;
S006;1255;alpha;4;-;116;83;;
S006;1328;alpha;11;+;117;56;;
S006;1329;alpha;1;-;118;53;;
S006;1330;alpha;1;+;119;23;;
S006;1331;alpha;1;-;120;104;;
S006;1335;alpha;4;+;121;28;;
S006;1335;epsilon;20;+;78;53;;beta
S006;1338;epsilon;3;-;79;25;;
S006;1340;epsilon;2;+;80;125;;
S006;1341;epsilon;1;-;81;108;gamma;
S006;1343;epsilon;2;+;82;66;;
S006;1347;alpha;12;-;122;18;epsilon;
S006;1347;epsilon;4;-;83;29;;
S006;1354;alpha;7;+;123;60;;
S006;1354;epsilon;7;+;84;43;delta;
S006;1355;gamma;70;+;58;106;delta;
S006;1356;gamma;1;-;59;45;;
S006;1357;gamma;1;+;60;70;;
S006;1357;beta;98;+;60;35;;
S006;1358;gamma;1;-;61;66;;
S006;1358;beta;1;-;61;97;;
S006;1360;gamma;2;+;62;27;gamma;
S006;1360;beta;2;+;62;83;;
S006;1361;beta;1;-;63;69;;
S006;1363;beta;2;+;64;57;;
S006;1380;alpha;26;-;124;57;;
S006;1380;beta;17;-;65;2;;alpha
S006;1381;epsilon;27;-;85;9;;gamma
S006;1381;gamma;21;-;63;54;;delta
S006;1383;epsilon;2;+;86;92;;
S006;1383;gamma;2;+;64;34;;
S006;1386;epsilon;3;-;87;34;;
S006;1387;epsilon;1;+;88;87;;
S006;1388;epsilon;1;-;89;109;epsilon;
S006;1389;gamma;6;-;65;92;;
S006;1390;gamma;1;+;66;32;;
S006;1391;epsilon;3;+;90;77;;
S006;1392;epsilon;1;-;91;9;;
S006;1393;epsilon;1;+;92;91;epsilon;
S006;1397;epsilon;4;-;93;25;;
S006;1398;gamma;8;-;67;74;;
S006;1399;gamma;1;+;68;106;delta;
S006;1400;gamma;1;-;69;45;;
S006;1402;gamma;2;+;70;71;;
S006;1403;alpha;23;+;125;8;;
S006;1403;epsilon;6;+;94;2;;
S006;1403;beta;23;+;66;96;;
S006;1407;epsilon;4;-;95;24;;
S006;1407;beta;4;-;67;75;;
S006;1408;alpha;5;-;126;85;;
S006;1409;alpha;1;+;127;89;;
S006;1409;beta;2;+;68;117;;
S006;1410;alpha;1;-;128;2;;
S006;1410;beta;1;-;69;28;;
S006;1412;gamma;10;-;71;125;;
S006;1429;alpha;19;+;129;92;;gamma
S006;1429;epsilon;22;+;96;9;;
S006;1429;gamma;17;+;72;71;;alpha
S006;1429;beta;19;+;70;25;;gamma
S006;1434;delta;175;+;34;56;;
S006;1435;delta;1;-;35;53;;
S006;1439;delta;4;+;36;26;;
S007;6;delta;6;+;1;6;;
S007;29;alpha;29;-;1;29;;
S007;39;epsilon;39;-;1;39;;
S007;40;epsilon;1;+;2;10;;
S007;42;epsilon;2;-;3;102;;
S007;44;gamma;44;-;1;44;;
S007;44;beta;44;-;1;44;;
S007;44;delta;38;-;2;3;;
S007;64;alpha;35;+;2;14;;
S007;65;beta;21;+;2;103;;delta
S007;66;epsilon;24;+;4;64;;
S007;66;gamma;22;+;2;104;;
S007;66;delta;22;+;3;68;alpha;
S007;67;epsilon;1;-;5;6;;
S007;67;gamma;1;-;3;25;;
S007;67;beta;2;-;3;16;;
S007;67;delta;1;-;4;46;;
S007;69;gamma;2;+;4;125;;
S007;69;beta;2;+;4;35;;
S007;69;delta;2;+;5;81;;
S007;70;epsilon;3;+;6;63;;
S007;117;alpha;53;-;3;56;;
S007;125;alpha;8;+;4;60;;
S007;135;alpha;10;-;5;41;;
S007;141;epsilon;71;-;7;21;delta;
S007;142;epsilon;1;+;8;84;delta;
S007;143;epsilon;1;-;9;79;;
S007;154;alpha;19;+;6;55;;gamma
S007;154;epsilon;11;+;10;37;;
S007;155;alpha;1;-;7;43;delta;
S007;155;epsilon;1;-;11;117;;
S007;157;alpha;2;+;8;51;;
S007;158;alpha;1;-;9;3;;
S007;159;alpha;1;+;10;31;;
S007;160;epsilon;5;+;12;32;;
S007;208;alpha;49;-;11;101;;
S007;216;alpha;8;+;12;2;;
S007;224;alpha;8;-;13;28;;
S007;230;epsilon;70;-;13;95;;
S007;252;alpha;28;+;14;34;;
S007;253;alpha;1;-;15;87;;
S007;255;alpha;2;+;16;110;alpha;
S007;259;epsilon;29;+;14;4;;
S007;284;alpha;29;-;17;107;beta;
S007;291;alpha;7;+;18;61;;
S007;304;alpha;13;-;19;17;alpha;
S007;307;alpha;3;+;20;46;;
S007;320;alpha;13;-;21;41;;
S007;321;alpha;1;+;22;30;;
S007;334;alpha;13;-;23;92;;
S007;334;epsilon;75;-;15;94;;
S007;336;epsilon;2;+;16;53;;
S007;339;alpha;5;+;24;36;epsilon;
S007;344;alpha;5;-;25;111;;
S007;345;alpha;1;+;26;95;;
S007;361;alpha;16;-;27;118;;
S007;361;epsilon;25;-;17;118;;
S007;362;epsilon;1;+;18;38;;
S007;363;alpha;2;+;28;39;;
S007;364;alpha;1;-;29;10;;
S007;366;alpha;2;+;30;102;;
S007;372;alpha;6;-;31;10;;
S007;372;epsilon;10;-;19;0;;
S007;373;epsilon;1;+;20;1;;
S007;375;epsilon;2;-;21;12;;
S007;383;alpha;11;+;32;122;;
S007;383;epsilon;8;+;22;1;;
S007;384;alpha;1;-;33;78;;
S007;384;epsilon;1;-;23;11;;
S007;385;alpha;1;+;34;19;gamma;
S007;385;epsilon;1;+;24;111;;
S007;392;alpha;7;-;35;70;;
S007;393;alpha;1;+;36;66;;
S007;410;alpha;17;-;37;13;;alpha
S007;415;epsilon;30;-;25;81;;
S007;416;epsilon;1;+;26;49;;
S007;417;epsilon;1;-;27;110;alpha;
S007;418;alpha;8;+;38;11;;
S007;418;epsilon;1;+;28;85;;
S007;422;alpha;4;-;39;114;;
S007;422;epsilon;4;-;29;92;;
S007;423;epsilon;1;+;30;32;;
S007;424;epsilon;1;-;31;67;;
S007;425;gamma;356;-;5;7;;
S007;427;gamma;2;+;6;72;;
S007;428;gamma;1;-;7;86;;
S007;430;alpha;8;+;40;5;;
S007;430;epsilon;6;+;32;41;;
S007;430;gamma;2;+;8;100;gamma;
S007;439;alpha;9;-;41;59;alpha;
S007;439;epsilon;9;-;33;38;;
S007;441;gamma;11;-;9;105;;
S007;445;gamma;4;+;10;38;;
S007;446;gamma;1;-;11;0;;
S007;449;alpha;10;+;42;68;alpha;
S007;449;gamma;3;+;12;3;;
S007;450;epsilon;11;+;34;1;;
S007;454;alpha;5;-;43;50;;
S007;454;epsilon;4;-;35;14;;
S007;454;gamma;5;-;13;35;;
S007;455;alpha;1;+;44;120;;
S007;455;epsilon;1;+;36;14;;
S007;455;gamma;1;+;14;97;;
S007;498;alpha;43;-;45;105;;delta
S007;511;epsilon;56;-;37;59;alpha;
S007;521;gamma;66;-;15;114;;
S007;523;gamma;2;+;16;126;;
S007;524;gamma;1;-;17;118;;
S007;525;gamma;1;+;18;38;;
S007;533;gamma;8;-;19;7;;
S007;537;alpha;39;+;46;125;;
S007;537;gamma;4;+;20;74;;
S007;539;alpha;2;-;47;109;epsilon;
S007;539;gamma;2;-;21;107;beta;
S007;544;beta;475;-;5;42;;
S007;593;alpha;54;+;48;32;;
S007;595;alpha;2;-;49;68;alpha;
S007;599;delta;530;-;6;123;;
S007;624;alpha;29;+;50;98;;
S007;626;alpha;2;-;51;93;;
S007;631;alpha;5;+;52;46;;
S007;632;alpha;1;-;53;80;;
S007;635;alpha;3;+;54;41;;
S007;641;epsilon;130;+;38;75;;
S007;656;gamma;117;+;22;56;;
S007;659;delta;60;+;7;41;;
S007;660;delta;1;-;8;30;;
S007;661;delta;1;+;9;47;;
S007;665;delta;4;-;10;93;;
S007;666;alpha;31;-;55;67;;
S007;666;gamma;10;-;23;22;;
S007;671;epsilon;30;-;39;37;;
S007;677;epsilon;6;+;40;122;;
S007;678;epsilon;1;-;41;78;;
S007;690;alpha;24;+;56;120;;
S007;691;alpha;1;-;57;58;;
S007;692;alpha;1;+;58;73;;
S007;694;epsilon;16;+;42;69;;
S007;694;gamma;28;+;24;69;;
S007;697;beta;153;+;6;116;;
S007;698;epsilon;4;-;43;59;alpha;
S007;698;beta;1;-;7;18;epsilon;
S007;700;epsilon;2;+;44;84;delta;
S007;702;beta;4;+;8;57;;
S007;716;alpha;24;-;59;85;;
S007;717;epsilon;17;-;45;35;;alpha
S007;717;beta;15;-;9;0;;
S007;718;epsilon;1;+;46;97;;
S007;718;beta;1;+;10;1;;
S007;720;epsilon;2;-;47;83;;
S007;720;gamma;26;-;25;68;alpha;
S007;720;beta;2;-;11;12;;
S007;722;epsilon;2;+;48;70;;
S007;722;gamma;2;+;26;47;;
S007;723;epsilon;1;-;49;66;;
S007;724;alpha;8;+;60;96;;
S007;724;epsilon;1;+;50;26;;
S007;724;beta;4;+;12;124;;
S007;725;alpha;1;-;61;72;;
S007;728;alpha;3;+;62;88;;
S007;731;delta;66;+;11;95;;
S007;738;delta;7;-;12;68;alpha;
S007;740;delta;2;+;13;47;;
S007;742;delta;2;-;14;91;epsilon;
S007;745;delta;3;+;15;24;;
S007;750;alpha;22;-;63;59;alpha;
S007;750;delta;5;-;16;118;;
S007;751;alpha;1;+;64;83;;
S007;753;alpha;2;-;65;70;;
S007;754;alpha;1;+;66;66;;
S007;754;delta;4;+;17;41;;
S007;755;alpha;1;-;67;26;;
S007;755;delta;1;-;18;30;;
S007;757;epsilon;33;-;51;93;;
S007;764;alpha;9;+;68;15;;
S007;764;epsilon;7;+;52;48;;
S007;765;delta;10;+;19;89;;
S007;769;alpha;5;-;69;28;;
S007;769;delta;4;-;20;5;;
S007;770;alpha;1;+;70;27;gamma;
S007;771;alpha;1;-;71;17;alpha;
S007;771;epsilon;7;-;53;106;delta;
S007;776;alpha;5;+;72;48;;
S007;776;epsilon;5;+;54;49;;
S007;777;delta;8;+;21;58;;
S007;786;alpha;10;-;73;111;;
S007;786;epsilon;10;-;55;84;delta;
S007;786;delta;9;-;22;81;;
S007;787;epsilon;1;+;56;79;;
S007;787;delta;1;+;23;49;;
S007;788;epsilon;1;-;57;29;;
S007;788;delta;1;-;24;110;alpha;
S007;789;epsilon;1;+;58;37;;
S007;790;alpha;4;+;74;98;;
S007;790;delta;2;+;25;86;;
S007;803;alpha;13;-;75;34;;
S007;804;epsilon;15;-;59;32;;
S007;804;delta;14;-;26;105;;
S007;807;epsilon;3;+;60;69;;
S007;807;delta;3;+;27;37;;
S007;808;epsilon;1;-;61;56;;
S007;808;delta;1;-;28;117;;
S007;809;delta;1;+;29;28;;
S007;810;alpha;7;+;76;93;;
S007;810;epsilon;2;+;62;54;;
S007;811;alpha;1;-;77;42;;
S007;811;epsilon;1;-;63;33;;
S007;811;gamma;89;-;27;90;;
S007;811;delta;2;-;30;28;;
S007;812;beta;88;-;13;42;;
S007;813;beta;1;+;14;40;;
S007;814;beta;1;-;15;20;beta;
S007;815;beta;1;+;16;74;;
S007;816;beta;1;-;17;106;delta;
S007;818;beta;2;+;18;46;;
S007;820;beta;2;-;19;81;;
S007;851;alpha;40;+;78;49;;
S007;852;alpha;1;-;79;110;alpha;
S007;855;alpha;3;+;80;87;;
S007;856;alpha;1;-;81;109;epsilon;
S007;857;alpha;1;+;82;75;;
S007;858;alpha;1;-;83;116;;
S007;862;alpha;4;+;84;21;delta;
S007;863;alpha;1;-;85;84;delta;
S007;864;alpha;1;+;86;79;;
S007;866;epsilon;55;+;64;53;;
S007;878;gamma;67;+;28;50;;
S007;882;gamma;4;-;29;123;;
S007;891;alpha;27;-;87;53;;gamma
S007;896;alpha;5;+;88;27;gamma;
S007;896;gamma;14;+;30;122;;
S007;897;alpha;1;-;89;17;alpha;
S007;897;gamma;1;-;31;78;;
S007;901;epsilon;35;-;65;1;;
S007;906;epsilon;5;+;66;15;;
S007;908;alpha;11;+;90;60;;
S007;908;gamma;11;+;32;64;;
S007;909;beta;89;+;20;61;;
S007;910;beta;1;-;21;103;;
S007;915;epsilon;9;-;67;32;;
S007;916;alpha;8;-;91;100;gamma;
S007;918;alpha;2;+;92;113;;
S007;918;epsilon;3;+;68;69;;
S007;920;epsilon;2;-;69;57;;
S007;921;epsilon;1;+;70;63;;
S007;921;beta;11;+;22;24;;
S007;925;beta;4;-;23;117;;
S007;927;epsilon;6;-;71;1;;
S007;928;epsilon;1;+;72;11;;
S007;930;alpha;12;-;93;9;;
S007;930;epsilon;2;-;73;112;;
S007;932;gamma;24;-;33;74;;
S007;962;alpha;32;+;94;43;delta;
S007;976;epsilon;46;+;74;70;;
S007;978;alpha;16;-;95;125;;
S007;978;epsilon;2;-;75;67;;
S007;986;alpha;8;+;96;115;;
S007;986;epsilon;8;+;76;43;delta;
S007;987;alpha;1;-;97;8;;
S007;987;epsilon;1;-;77;50;;
S007;988;epsilon;1;+;78;120;;
S007;990;epsilon;2;-;79;59;alpha;
S007;1014;alpha;27;+;98;65;;gamma
S007;1016;epsilon;26;+;80;84;delta;
S007;1017;gamma;85;+;34;119;;
S007;1017;beta;92;+;24;108;gamma;
S007;1019;beta;2;-;25;66;;
S007;1020;beta;1;+;26;26;;
S007;1021;beta;1;-;27;7;;
S007;1022;beta;1;+;28;71;;
S007;1026;beta;4;-;29;79;;
S007;1028;beta;2;+;30;30;;
S007;1030;beta;2;-;31;48;;
S007;1032;alpha;18;-;99;41;;epsilon
S007;1032;epsilon;16;-;81;34;;
S007;1032;gamma;15;-;35;104;;
S007;1037;epsilon;5;+;82;91;epsilon;
S007;1037;gamma;5;+;36;29;;
S007;1038;gamma;1;-;37;37;;
S007;1039;gamma;1;+;38;117;;
S007;1041;gamma;2;-;39;29;;
S007;1042;gamma;1;+;40;37;;
S007;1044;alpha;12;+;100;48;;
S007;1044;beta;14;+;32;115;;
S007;1065;alpha;21;-;101;122;;delta
S007;1067;alpha;2;+;102;79;;
S007;1069;alpha;2;-;103;30;;
S007;1072;alpha;3;+;104;49;;
S007;1084;delta;273;+;31;79;;
S007;1139;alpha;67;-;105;14;;
S007;1141;epsilon;104;-;83;45;;
S007;1157;alpha;18;+;106;21;delta;epsilon
S007;1157;epsilon;16;+;84;71;;
S007;1161;epsilon;4;-;85;79;;
S007;1162;epsilon;1;+;86;29;;
S007;1163;alpha;6;-;107;89;;
S007;1163;epsilon;1;-;87;37;;
S007;1164;alpha;1;+;108;2;;
S007;1165;alpha;1;-;109;21;delta;
S007;1166;alpha;1;+;110;84;delta;
S007;1168;alpha;2;-;111;80;;
S007;1171;alpha;3;+;112;41;;
S007;1172;alpha;1;-;113;30;;
S007;1172;gamma;130;-;41;46;;
S007;1173;gamma;1;+;42;80;;
S007;1175;gamma;2;-;43;40;;
S007;1181;gamma;6;+;44;25;;
S007;1182;alpha;10;+;114;89;;
S007;1183;alpha;1;-;115;2;;
S007;1184;alpha;1;+;116;21;delta;
S007;1185;epsilon;22;+;88;39;;
S007;1228;alpha;44;-;117;112;;
S007;1231;alpha;3;+;118;107;beta;
S007;1234;alpha;3;-;119;57;;
S007;1236;alpha;2;+;120;64;;
S007;1237;alpha;1;-;121;6;;
S007;1245;epsilon;60;-;89;23;;
S007;1246;epsilon;1;+;90;104;;
S007;1249;alpha;12;+;122;104;;
S007;1250;alpha;1;-;123;25;;
S007;1251;epsilon;5;-;91;29;;
S007;1253;alpha;3;+;124;126;;
S007;1253;epsilon;2;+;92;38;;
S007;1320;alpha;5;-;125;122;;
S007;1320;epsilon;5;-;93;4;;
S007;1334;gamma;91;-;45;51;;epsilon
S007;1337;gamma;3;+;46;5;;
S007;1339;alpha;19;+;126;27;gamma;gamma
S007;1339;epsilon;19;+;94;38;;gamma
S007;1365;alpha;26;-;127;59;alpha;
S007;1370;epsilon;31;-;95;21;delta;
S007;1371;epsilon;1;+;96;84;delta;
S007;1380;alpha;15;+;128;73;;
S007;1405;alpha;25;-;129;86;;
S007;1406;alpha;1;+;130;99;;
S007;1426;alpha;20;-;131;14;;beta
S007;1428;epsilon;57;-;97;75;;
S007;1429;epsilon;1;+;98;116;;
S007;1430;epsilon;1;-;99;18;epsilon;
S008;1;gamma;1;-;1;1;;
S008;1;beta;1;-;1;1;;
S008;2;beta;1;+;2;11;;
S008;6;beta;4;-;3;114;;
S008;19;alpha;19;+;1;19;gamma;gamma
S008;21;beta;15;+;4;112;;
S008;24;epsilon;24;+;1;24;;
S008;24;gamma;23;+;2;123;;
S008;29;epsilon;5;-;2;118;;
S008;30;epsilon;1;+;3;38;;
S008;46;alpha;27;-;2;22;;gamma
S008;46;gamma;22;-;3;3;;
S008;47;gamma;1;+;4;31;;
S008;48;gamma;1;-;5;57;;
S008;50;gamma;2;+;6;64;;
S008;51;gamma;1;-;7;6;;
S008;52;alpha;6;+;3;99;;
S008;52;gamma;1;+;8;61;;
S008;59;alpha;7;-;4;108;gamma;
S008;60;alpha;1;+;5;65;;
S008;72;alpha;12;-;6;35;;
S008;76;alpha;4;+;7;100;gamma;
S008;79;alpha;3;-;8;114;;
S008;82;alpha;3;+;9;0;;
S008;84;alpha;2;-;10;2;;
S008;85;epsilon;55;-;4;45;;
S008;85;gamma;33;-;9;37;;
S008;87;gamma;2;+;10;118;;
S008;88;gamma;1;-;11;38;;
S008;88;beta;67;-;5;91;epsilon;
S008;91;gamma;3;+;12;2;;
S008;91;beta;3;+;6;24;;
S008;92;gamma;1;-;13;21;delta;
S008;92;beta;1;-;7;114;;
S008;96;gamma;4;+;14;87;;
S008;96;beta;4;+;8;1;;
S008;100;alpha;16;+;11;89;;
S008;101;alpha;1;-;12;2;;
S008;101;gamma;5;-;15;113;;
S008;101;beta;5;-;9;15;;
S008;103;alpha;2;+;13;22;;
S008;103;gamma;2;+;16;116;;
S008;103;beta;2;+;10;25;;
S008;106;epsilon;21;+;5;76;;delta
S008;120;alpha;17;-;14;58;;alpha
S008;120;epsilon;14;-;6;121;;
S008;121;gamma;18;-;17;61;;epsilon
S008;121;beta;18;-;11;105;;epsilon
S008;122;alpha;2;+;15;74;;
S008;122;epsilon;2;+;7;69;;
S008;122;gamma;1;+;18;103;;
S008;122;beta;1;+;12;35;;
S008;174;alpha;52;-;16;86;;
S008;179;alpha;5;+;17;103;;
S008;182;alpha;3;-;18;17;alpha;
S008;184;alpha;2;+;19;45;;
S008;205;alpha;21;-;20;76;;delta
S008;206;alpha;1;+;21;126;;
S008;209;alpha;3;-;22;120;;
S008;210;epsilon;88;-;8;3;;
S008;212;epsilon;2;+;9;32;;
S008;214;epsilon;2;-;10;68;alpha;
S008;222;gamma;100;-;19;103;;gamma
S008;233;gamma;11;+;20;24;;
S008;235;alpha;26;+;23;88;;
S008;241;epsilon;27;+;11;96;;gamma
S008;243;epsilon;2;-;12;73;;
S008;244;epsilon;1;+;13;96;;
S008;261;alpha;26;-;24;63;;
S008;262;gamma;29;-;21;16;;
S008;265;epsilon;21;-;14;96;;delta
S008;273;beta;151;-;13;99;;
S008;274;beta;1;+;14;102;;
S008;276;beta;2;-;15;6;;
S008;284;beta;8;+;16;68;alpha;
S008;285;beta;1;-;17;46;;
S008;288;alpha;27;+;25;104;;gamma
S008;288;beta;3;+;18;82;;
S008;289;beta;1;-;19;59;alpha;
S008;290;beta;1;+;20;83;;
S008;294;beta;4;-;21;72;;
S008;296;alpha;8;-;26;32;;
S008;300;alpha;4;+;27;70;;
S008;303;epsilon;38;+;15;113;;
S008;304;beta;10;+;22;98;;
S008;305;beta;1;-;23;92;;
S008;307;epsilon;4;-;16;118;;
S008;308;alpha;8;-;28;73;;
S008;332;delta;332;-;1;78;;
S008;337;delta;5;+;2;23;;
S008;341;alpha;33;+;29;94;;
S008;343;alpha;2;-;30;53;;
S008;348;alpha;5;+;31;27;gamma;
S008;360;alpha;12;-;32;45;;
S008;361;delta;24;-;3;38;;
S008;362;delta;1;+;4;0;;
S008;363;delta;1;-;5;1;;
S008;364;delta;1;+;6;11;;
S008;365;delta;1;-;7;111;;
S008;388;alpha;28;+;33;83;;
S008;395;alpha;7;-;34;75;;
S008;396;alpha;1;+;35;116;;
S008;397;alpha;1;-;36;18;epsilon;
S008;398;alpha;1;+;37;54;;
S008;399;alpha;1;-;38;33;;
S008;409;alpha;10;+;39;8;;
S008;410;epsilon;103;+;17;120;;
S008;411;epsilon;1;-;18;58;;
S008;412;alpha;3;-;40;83;;
S008;416;alpha;4;+;41;72;;
S008;417;epsilon;6;+;19;78;;
S008;426;epsilon;9;-;20;27;gamma;
S008;427;epsilon;1;+;21;17;alpha;
S008;436;gamma;174;+;22;45;;
S008;437;gamma;1;-;23;70;;
S008;443;gamma;6;+;24;71;;
S008;446;gamma;3;-;25;78;;
S008;447;gamma;1;+;26;19;gamma;
S008;454;beta;149;+;24;74;;
S008;464;beta;10;-;25;44;;
S008;465;beta;1;+;26;60;;
S008;466;alpha;50;-;42;11;;
S008;466;beta;1;-;27;93;;
S008;468;epsilon;41;-;22;90;;
S008;470;epsilon;2;+;23;13;;
S008;471;alpha;5;+;43;115;;
S008;471;beta;5;+;28;46;;
S008;477;delta;112;+;8;114;;
S008;478;delta;1;-;9;125;;
S008;479;delta;1;+;10;108;gamma;
S008;480;delta;1;-;11;65;;
S008;492;delta;12;+;12;35;;
S008;495;delta;3;-;13;99;;
S008;496;delta;1;+;14;102;;
S008;497;delta;1;-;15;5;;
S008;499;delta;2;+;16;52;;
S008;500;delta;1;-;17;13;;
S008;502;alpha;31;-;44;101;;
S008;503;alpha;1;+;45;122;;
S008;504;alpha;1;-;46;78;;
S008;505;epsilon;35;-;24;65;;
S008;510;gamma;63;-;27;58;;
S008;510;beta;39;-;29;67;;
S008;515;beta;5;+;30;40;;
S008;516;gamma;6;+;28;78;;
S008;519;gamma;3;-;29;21;delta;
S008;525;gamma;6;+;30;89;;
S008;526;alpha;22;+;47;75;;
S008;527;epsilon;22;+;25;45;;
S008;528;epsilon;1;-;26;70;;
S008;533;epsilon;5;+;27;70;;
S008;547;delta;47;+;18;77;;
S008;552;delta;5;-;19;13;;
S008;553;alpha;27;-;48;34;;gamma
S008;559;gamma;34;-;31;44;;
S008;560;gamma;1;+;32;60;;
S008;561;alpha;8;+;49;94;;
S008;566;delta;14;+;20;44;;
S008;591;alpha;30;-;50;32;;
S008;594;alpha;3;+;51;69;;
S008;629;alpha;35;-;52;77;;
S008;636;alpha;7;+;53;15;;
S008;640;alpha;4;-;54;27;gamma;
S008;641;epsilon;108;-;28;4;;gamma
S008;651;alpha;11;+;55;44;;
S008;651;epsilon;10;+;29;29;;
S008;690;alpha;39;-;56;121;;
S008;694;alpha;4;+;57;71;;
S008;695;alpha;1;-;58;76;;
S008;702;epsilon;51;-;30;30;;
S008;703;epsilon;1;+;31;47;;
S008;705;alpha;10;+;59;117;;
S008;710;alpha;5;-;60;32;;
S008;711;epsilon;8;-;32;97;;
S008;712;gamma;152;-;33;81;;
S008;715;gamma;3;+;34;51;;
S008;719;alpha;9;+;61;75;;
S008;720;epsilon;9;+;33;90;;
S008;721;epsilon;1;-;34;12;;
S008;724;epsilon;3;+;35;123;;
S008;806;alpha;87;-;62;94;;
S008;807;alpha;1;+;63;52;;
S008;809;alpha;2;-;64;14;;
S008;812;epsilon;88;-;36;69;;
S008;821;gamma;106;-;35;52;;delta
S008;829;beta;314;-;31;55;;
S008;851;alpha;42;+;65;45;;
S008;865;alpha;14;-;66;69;;
S008;878;alpha;13;+;67;55;;
S008;878;epsilon;66;+;37;108;gamma;
S008;890;beta;61;+;32;100;gamma;
S008;892;gamma;71;+;36;64;;
S008;916;alpha;38;-;68;77;;
S008;917;alpha;1;+;69;9;;
S008;918;alpha;1;-;70;91;epsilon;
S008;918;beta;28;-;33;122;;
S008;920;epsilon;42;-;38;47;;
S008;924;epsilon;4;+;39;93;;
S008;925;alpha;7;+;71;28;;
S008;925;beta;7;+;34;84;delta;
S008;926;alpha;1;-;72;27;gamma;
S008;926;beta;1;-;35;79;;
S008;927;epsilon;3;-;40;44;;
S008;933;epsilon;6;+;41;65;;
S008;934;epsilon;1;-;42;16;;
S008;939;alpha;13;+;73;46;;
S008;939;epsilon;5;+;43;38;;
S008;940;beta;14;+;36;40;;
S008;945;epsilon;6;-;44;5;;
S008;945;beta;5;-;37;24;;
S008;946;beta;1;+;38;114;;
S008;947;alpha;8;-;74;87;;
S008;947;beta;1;-;39;125;;
S008;948;gamma;56;-;37;106;delta;
S008;949;gamma;1;+;38;45;;
S008;950;gamma;1;-;39;70;;
S008;952;gamma;2;+;40;67;;
S008;953;alpha;6;+;75;114;;
S008;953;beta;6;+;40;113;;
S008;954;epsilon;9;+;45;59;alpha;
S008;975;alpha;22;-;76;119;;
S008;977;alpha;2;+;77;49;;
S008;980;alpha;3;-;78;112;;
S008;981;epsilon;27;-;46;85;;gamma
S008;981;gamma;29;-;41;125;;
S008;986;beta;33;-;41;30;;
S008;1003;alpha;23;+;79;47;;
S008;1003;beta;17;+;42;96;;alpha
S008;1009;epsilon;28;+;47;19;gamma;
S008;1009;gamma;28;+;42;82;;
S008;1010;epsilon;1;-;48;64;;
S008;1010;gamma;1;-;43;59;alpha;
S008;1011;epsilon;1;+;49;6;;
S008;1012;epsilon;1;-;50;61;;
S008;1013;epsilon;1;+;51;103;;
S008;1014;gamma;4;+;44;86;;
S008;1016;gamma;2;-;45;100;gamma;
S008;1017;gamma;1;+;46;112;;
S008;1021;gamma;4;-;47;108;gamma;
S008;1023;epsilon;10;-;52;23;;
S008;1023;beta;20;-;43;95;;beta
S008;1024;epsilon;1;+;53;104;;
S008;1024;beta;1;+;44;62;;
S008;1026;gamma;5;+;48;69;;
S008;1032;alpha;29;-;80;30;;
S008;1033;alpha;1;+;81;47;;
S008;1088;alpha;55;-;82;56;;
S008;1090;epsilon;66;-;54;52;;
S008;1101;epsilon;11;+;55;4;;
S008;1102;epsilon;1;-;56;41;;
S008;1110;gamma;84;-;49;126;;delta
S008;1111;gamma;1;+;50;118;;
S008;1113;alpha;25;+;83;37;;
S008;1114;alpha;1;-;84;117;;
S008;1115;alpha;1;+;85;28;;
S008;1120;epsilon;18;+;57;54;;epsilon
S008;1121;epsilon;1;-;58;33;;
S008;1125;epsilon;4;+;59;80;;
S008;1143;alpha;28;-;86;34;;
S008;1146;alpha;3;+;87;89;;
S008;1164;alpha;18;-;88;28;;epsilon
S008;1166;epsilon;41;-;60;40;;
S008;1167;gamma;56;-;51;45;;
S008;1177;gamma;10;+;52;65;;
S008;1178;gamma;1;-;53;16;;
S008;1181;gamma;3;+;54;36;epsilon;
S008;1182;alpha;18;+;89;24;;epsilon
S008;1183;alpha;1;-;90;114;;
S008;1183;gamma;2;-;55;108;gamma;
S008;1187;alpha;4;+;91;1;;
S008;1189;gamma;6;+;56;70;;
S008;1191;alpha;4;-;92;14;;
S008;1191;gamma;2;-;57;67;;
S008;1191;beta;167;-;45;64;;
S008;1205;delta;639;-;21;62;;
S008;1211;delta;6;+;22;118;;
S008;1219;alpha;28;+;93;31;;
S008;1220;alpha;1;-;94;57;;
S008;1222;alpha;2;+;95;64;;
S008;1224;alpha;2;-;96;7;;
S008;1228;delta;17;-;23;6;;alpha
S008;1230;delta;2;+;24;62;;
S008;1231;delta;1;-;25;113;;
S008;1233;delta;2;+;26;116;;
S008;1235;delta;2;-;27;19;gamma;
S008;1237;delta;2;+;28;65;;
S008;1238;alpha;14;+;97;79;;
S008;1240;alpha;2;-;98;30;;
S008;1245;alpha;5;+;99;51;;
S008;1246;alpha;1;-;100;3;;
S008;1247;delta;10;-;29;33;;
S008;1248;delta;1;+;30;77;;
S008;1249;alpha;3;+;101;33;;
S008;1252;alpha;3;-;102;79;;
S008;1254;delta;6;-;31;14;;
S008;1256;delta;2;+;32;15;;
S008;1257;delta;1;-;33;24;;
S008;1333;alpha;19;+;103;45;;gamma
S008;1350;epsilon;122;+;61;117;;
S008;1351;alpha;18;-;104;73;;epsilon
S008;1351;epsilon;1;-;62;28;;
S008;1364;alpha;13;+;105;74;;
S008;1364;epsilon;13;+;63;19;gamma;
S008;1368;gamma;115;+;58;59;alpha;
S008;1373;delta;54;+;34;41;;
S008;1376;delta;3;-;35;32;;
S008;1379;delta;3;+;36;69;;
S008;1380;delta;1;-;37;56;;
S008;1382;beta;129;+;46;121;;
S008;1382;delta;2;+;38;54;;
S008;1395;alpha;31;-;106;65;;
S008;1395;beta;13;-;47;48;;
S008;1395;delta;13;-;39;79;;
S008;1403;epsilon;39;-;64;34;;
S008;1404;gamma;36;-;59;94;;epsilon
S008;1406;gamma;2;+;60;53;;
S008;1407;epsilon;4;+;65;90;;
S008;1408;epsilon;1;-;66;12;;
S008;1412;gamma;6;-;61;28;;
S008;1438;alpha;43;+;107;66;;delta
S009;1;alpha;1;+;1;1;;
S009;4;alpha;3;-;2;13;;
S009;7;alpha;3;+;3;6;;
S009;8;alpha;1;-;4;61;;
S009;12;alpha;4;+;5;106;delta;
S009;13;epsilon;13;+;1;13;;
S009;15;gamma;15;+;1;15;;
S009;17;beta;17;+;1;17;alpha;alpha
S009;20;gamma;5;-;2;28;;
S009;20;beta;3;-;2;46;;
S009;21;gamma;1;+;3;27;gamma;
S009;21;beta;1;+;3;80;;
S009;22;beta;1;-;4;39;;
S009;24;beta;2;+;5;11;;
S009;28;delta;28;+;1;28;;
S009;29;delta;1;-;2;27;gamma;
S009;30;delta;1;+;3;17;alpha;
S009;51;alpha;39;-;6;98;;
S009;53;epsilon;40;-;2;70;;
S009;53;delta;23;-;4;72;;
S009;55;epsilon;2;+;3;67;;
S009;56;epsilon;1;-;4;36;epsilon;
S009;57;epsilon;1;+;5;107;beta;
S009;58;delta;5;+;5;90;;
S009;60;epsilon;3;-;6;57;;
S009;60;delta;2;-;6;13;;
S009;62;gamma;41;-;4;74;;
S009;62;beta;38;-;6;122;;
S009;63;gamma;1;+;5;106;delta;
S009;63;beta;1;+;7;78;;
S009;66;alpha;15;+;7;36;epsilon;
S009;66;epsilon;6;+;7;68;alpha;
S009;66;delta;6;+;7;9;;
S009;77;epsilon;11;-;8;80;;
S009;78;epsilon;1;+;9;39;;
S009;79;alpha;13;-;8;57;;
S009;79;epsilon;1;-;10;10;;
S009;79;delta;13;-;8;24;;
S009;89;alpha;10;+;9;122;;
S009;89;epsilon;10;+;11;121;;
S009;89;delta;10;+;9;124;;
S009;90;epsilon;1;-;12;68;alpha;
S009;91;alpha;2;-;10;79;;
S009;91;delta;2;-;10;99;;
S009;92;delta;1;+;11;102;;
S009;93;alpha;2;+;11;30;;
S009;93;epsilon;3;+;13;48;;
S009;111;alpha;18;-;12;97;;epsilon
S009;112;alpha;1;+;13;82;;
S009;138;alpha;26;-;14;98;;
S009;139;epsilon;46;-;14;20;beta;
S009;141;gamma;78;-;6;10;;
S009;144;gamma;3;+;7;103;;
S009;145;gamma;1;-;8;15;;
S009;146;gamma;1;+;9;24;;
S009;149;gamma;3;-;10;116;;
S009;150;gamma;1;+;11;18;epsilon;
S009;155;gamma;5;-;12;58;;
S009;158;gamma;3;+;13;75;;
S009;160;alpha;22;+;15;43;delta;
S009;161;epsilon;22;+;15;117;;
S009;165;epsilon;4;-;16;31;;
S009;166;epsilon;1;+;17;57;;
S009;167;epsilon;1;-;18;63;;
S009;169;alpha;9;-;16;58;;
S009;170;alpha;1;+;17;73;;
S009;171;epsilon;4;+;19;126;;
S009;172;epsilon;1;-;20;118;;
S009;173;epsilon;1;+;21;38;;
S009;174;epsilon;1;-;22;0;;
S009;175;epsilon;1;+;23;1;;
S009;176;alpha;6;-;18;101;;
S009;176;epsilon;1;-;24;11;;
S009;177;alpha;1;+;19;122;;
S009;178;alpha;1;-;20;78;;
S009;179;gamma;21;-;14;28;;delta
S009;181;beta;118;-;8;13;;
S009;182;beta;1;+;9;4;;
S009;183;gamma;4;+;15;30;;
S009;185;alpha;7;+;21;25;;
S009;185;epsilon;9;+;25;119;;
S009;198;alpha;13;-;22;100;gamma;
S009;199;epsilon;14;-;26;103;;
S009;199;gamma;16;-;16;95;;
S009;200;epsilon;1;+;27;15;;
S009;200;gamma;1;+;17;62;;
S009;201;alpha;3;+;23;114;;
S009;209;alpha;8;-;24;5;;
S009;210;alpha;1;+;25;51;;
S009;214;alpha;4;-;26;6;;
S009;215;alpha;1;+;27;61;;
S009;224;alpha;9;-;28;111;;
S009;225;epsilon;25;-;28;1;;
S009;225;gamma;25;-;18;2;;
S009;226;beta;44;-;10;63;;
S009;231;delta;139;-;12;31;;
S009;251;alpha;27;+;29;78;;gamma
S009;251;delta;20;+;13;72;;beta
S009;260;delta;9;-;14;94;;
S009;261;alpha;10;-;30;63;;
S009;271;alpha;10;+;31;87;;
S009;272;epsilon;47;+;29;20;beta;
S009;272;delta;12;+;15;14;;
S009;273;epsilon;1;-;30;74;;
S009;274;epsilon;1;+;31;106;delta;
S009;284;alpha;13;-;32;77;;
S009;285;epsilon;11;-;32;70;;
S009;285;delta;13;-;16;16;;
S009;288;epsilon;3;+;33;68;alpha;
S009;290;epsilon;2;-;34;47;;
S009;306;alpha;22;+;33;102;;
S009;308;alpha;2;-;34;6;;
S009;316;alpha;8;+;35;68;alpha;
S009;317;epsilon;27;+;35;28;;gamma
S009;318;delta;33;+;17;109;epsilon;
S009;319;delta;1;-;18;75;;
S009;321;delta;2;+;19;117;;
S009;322;delta;1;-;20;28;;
S009;324;epsilon;7;-;36;33;;
S009;325;epsilon;1;+;37;77;;
S009;325;gamma;100;+;19;68;alpha;gamma
S009;326;gamma;1;-;20;46;;
S009;327;alpha;11;-;36;80;;
S009;327;epsilon;2;-;38;10;;
S009;328;alpha;1;+;37;39;;
S009;328;epsilon;1;+;39;101;;
S009;329;epsilon;1;-;40;122;;
S009;330;epsilon;1;+;41;78;;
S009;330;gamma;4;+;21;83;;
S009;330;delta;8;+;21;34;;
S009;332;gamma;2;-;22;70;;
S009;332;delta;2;-;22;88;;
S009;333;gamma;1;+;23;66;;
S009;334;alpha;6;-;38;15;;
S009;334;epsilon;4;-;42;22;;
S009;334;gamma;1;-;24;26;;
S009;335;alpha;1;+;39;24;;
S009;335;epsilon;1;+;43;94;;
S009;335;gamma;1;+;25;7;;
S009;335;delta;3;+;23;121;;
S009;336;beta;110;+;11;118;;alpha
S009;354;alpha;19;-;40;6;;gamma
S009;355;beta;19;-;12;8;;gamma
S009;355;delta;20;-;24;55;;beta
S009;356;delta;1;+;25;43;delta;
S009;359;alpha;5;+;41;65;;
S009;359;beta;4;+;13;84;delta;
S009;363;alpha;4;-;42;19;gamma;
S009;365;alpha;2;+;43;65;;
S009;367;alpha;2;-;44;17;alpha;
S009;370;alpha;3;+;45;46;;
S009;387;alpha;17;-;46;45;;alpha
S009;387;epsilon;52;-;44;54;;
S009;388;epsilon;1;+;45;33;;
S009;389;epsilon;1;-;46;77;;
S009;390;epsilon;1;+;47;9;;
S009;391;alpha;4;+;47;73;;
S009;392;alpha;1;-;48;96;;
S009;393;alpha;1;+;49;72;;
S009;399;alpha;6;-;50;91;epsilon;
S009;400;alpha;1;+;51;22;;
S009;401;alpha;1;-;52;94;;
S009;402;epsilon;12;-;48;23;;
S009;403;epsilon;1;+;49;104;;
S009;405;epsilon;2;-;50;26;;
S009;407;epsilon;2;+;51;8;;
S009;409;epsilon;2;-;52;82;;
S009;413;alpha;12;+;53;14;;
S009;413;epsilon;4;+;53;62;;
S009;426;alpha;13;-;54;16;;
S009;426;epsilon;13;-;54;117;;
S009;429;gamma;94;-;26;32;;
S009;430;gamma;1;+;27;67;;
S009;431;gamma;1;-;28;36;epsilon;
S009;432;gamma;1;+;29;107;beta;
S009;433;alpha;7;+;55;40;;
S009;433;epsilon;7;+;55;34;;
S009;437;alpha;4;-;56;23;;
S009;437;epsilon;4;-;56;90;;
S009;438;gamma;6;-;30;60;;
S009;442;gamma;4;+;31;96;;
S009;443;gamma;1;-;32;72;;
S009;447;beta;88;-;14;106;delta;
S009;447;delta;91;-;26;73;;epsilon
S009;449;beta;2;+;15;46;;
S009;449;delta;2;+;27;97;;
S009;450;beta;1;-;16;80;;
S009;450;delta;1;-;28;82;;
S009;453;beta;3;+;17;41;;
S009;453;delta;3;+;29;61;;
S009;454;alpha;17;+;57;31;;alpha
S009;455;alpha;1;-;58;57;;
S009;456;alpha;1;+;59;63;;
S009;457;gamma;14;+;33;102;;
S009;458;epsilon;21;+;57;4;;delta
S009;476;alpha;20;-;60;97;;beta
S009;476;epsilon;18;-;58;37;;epsilon
S009;476;gamma;19;-;34;59;alpha;gamma
S009;478;beta;25;-;18;61;;
S009;478;delta;25;-;30;29;;
S009;525;alpha;49;+;61;97;;
S009;528;epsilon;52;+;59;69;;
S009;544;alpha;19;-;62;67;;gamma
S009;544;epsilon;16;-;60;58;;
S009;546;epsilon;2;+;61;74;;
S009;548;alpha;4;+;63;39;;
S009;550;alpha;2;-;64;11;;
S009;553;alpha;3;+;65;113;;
S009;556;alpha;3;-;66;117;;
S009;557;alpha;1;+;67;28;;
S009;558;gamma;82;+;35;13;;
S009;559;gamma;1;-;36;4;;
S009;560;alpha;3;-;68;29;;
S009;562;epsilon;16;-;62;50;;
S009;563;epsilon;1;+;63;120;;
S009;564;epsilon;1;-;64;58;;
S009;566;epsilon;2;+;65;74;;
S009;568;epsilon;2;-;66;107;beta;
S009;575;alpha;15;+;69;121;;
S009;575;epsilon;7;+;67;61;;
S009;575;gamma;16;+;37;35;;
S009;576;beta;98;+;19;102;;
S009;577;beta;1;-;20;5;;
S009;583;beta;6;+;21;56;;
S009;586;beta;3;-;22;55;;
S009;587;beta;1;+;23;43;delta;
S009;588;beta;1;-;24;50;;
S009;589;beta;1;+;25;120;;
S009;590;beta;1;-;26;58;;
S009;595;alpha;20;-;70;55;;beta
S009;596;epsilon;21;-;68;25;;delta
S009;597;alpha;2;+;71;44;;
S009;597;epsilon;1;+;69;124;;
S009;598;beta;8;+;27;80;;
S009;603;delta;125;+;31;42;;
S009;608;delta;5;-;32;44;;
S009;609;delta;1;+;33;60;;
S009;625;alpha;28;-;72;110;alpha;
S009;629;epsilon;32;-;70;113;;
S009;629;delta;20;-;34;51;;beta
S009;630;epsilon;1;+;71;115;;
S009;630;delta;1;+;35;3;;
S009;631;alpha;6;+;73;90;;
S009;633;alpha;2;-;74;13;;
S009;636;epsilon;6;-;72;13;;
S009;636;delta;6;-;36;36;epsilon;
S009;637;epsilon;1;+;73;4;;
S009;637;delta;1;+;37;107;beta;
S009;639;epsilon;2;-;74;42;;
S009;640;epsilon;1;+;75;40;;
S009;641;alpha;8;+;75;11;;
S009;660;alpha;19;-;76;103;;gamma
S009;661;alpha;1;+;77;15;;
S009;664;alpha;3;-;78;26;;
S009;665;alpha;1;+;79;7;;
S009;666;alpha;1;-;80;71;;
S009;666;epsilon;26;-;76;89;;
S009;669;epsilon;3;+;77;4;;
S009;672;alpha;6;+;81;81;;
S009;699;alpha;27;-;82;126;;gamma
S009;699;epsilon;30;-;78;49;;
S009;700;gamma;125;-;38;73;;
S009;705;beta;107;-;28;97;;beta
S009;705;delta;68;-;38;100;gamma;alpha
S009;706;beta;1;+;29;82;;
S009;706;delta;1;+;39;112;;
S009;710;gamma;10;+;39;71;;
S009;711;gamma;1;-;40;76;;
S009;712;gamma;1;+;41;126;;
S009;715;alpha;16;+;83;43;delta;
S009;715;epsilon;16;+;79;90;;
S009;720;alpha;5;-;84;54;;
S009;720;epsilon;5;-;80;16;;
S009;721;gamma;9;-;42;126;;
S009;722;alpha;2;+;85;34;;
S009;722;gamma;1;+;43;118;;
S009;723;epsilon;3;+;81;36;epsilon;
S009;724;epsilon;1;-;82;107;beta;
S009;728;epsilon;4;+;83;58;;
S009;729;epsilon;1;-;84;73;;
S009;730;epsilon;1;+;85;96;;
S009;731;epsilon;1;-;86;72;;
S009;733;epsilon;2;+;87;87;;
S009;734;alpha;12;-;86;110;alpha;
S009;734;epsilon;1;-;88;109;epsilon;
S009;735;alpha;1;+;87;85;;
S009;736;alpha;1;-;88;89;;
S009;737;alpha;1;+;89;2;;
S009;737;epsilon;3;+;89;77;;
S009;738;alpha;1;-;90;21;delta;
S009;738;epsilon;1;-;90;9;;
S009;738;gamma;16;-;44;5;;
S009;738;beta;32;-;30;104;;
S009;739;beta;1;+;31;25;;
S009;740;alpha;2;+;91;85;;
S009;740;epsilon;2;+;91;92;;
S009;740;gamma;2;+;45;52;;
S009;747;alpha;7;-;92;95;;
S009;747;epsilon;7;-;92;38;;
S009;748;gamma;8;-;46;20;beta;
S009;748;beta;9;-;32;5;;
S009;749;beta;1;+;33;51;;
S009;750;beta;1;-;34;3;;
S009;750;delta;44;-;40;68;alpha;
S009;798;alpha;51;+;93;26;;
S009;800;alpha;2;-;94;8;;
S009;803;alpha;3;+;95;83;;
S009;811;epsilon;64;+;93;54;;
S009;816;alpha;13;-;96;58;;
S009;816;epsilon;5;-;94;37;;
S009;818;alpha;2;+;97;74;;
S009;818;epsilon;2;+;95;118;;
S009;819;alpha;1;-;98;106;delta;
S009;819;epsilon;1;-;96;38;;
S009;820;alpha;1;+;99;45;;
S009;820;epsilon;1;+;97;0;;
S009;834;gamma;86;+;47;54;;
S009;843;alpha;23;-;100;78;;
S009;843;gamma;9;-;48;41;;
S009;846;epsilon;26;-;98;26;;
S009;847;epsilon;1;+;99;7;;
S009;849;epsilon;2;-;100;72;;
S009;852;epsilon;3;+;101;88;;
S009;853;epsilon;1;-;102;119;;
S009;862;gamma;19;+;49;55;;gamma
S009;863;gamma;1;-;50;43;delta;
S009;864;alpha;21;+;101;74;;delta
S009;864;epsilon;11;+;103;100;gamma;
S009;864;gamma;1;+;51;50;;
S009;866;alpha;2;-;102;107;beta;
S009;866;epsilon;2;-;104;113;;
S009;866;gamma;2;-;52;121;;
S009;877;alpha;11;+;103;43;delta;
S009;877;gamma;11;+;53;46;;
S009;882;gamma;5;-;54;84;delta;
S009;883;gamma;1;+;55;79;;
S009;884;gamma;1;-;56;29;;
S009;886;epsilon;20;+;105;17;alpha;beta
S009;886;gamma;2;+;57;38;;
S009;888;epsilon;2;-;106;45;;
S009;889;epsilon;1;+;107;70;;
S009;891;epsilon;2;-;108;67;;
S009;891;gamma;5;-;58;4;;
S009;892;gamma;1;+;59;41;;
S009;893;epsilon;2;+;109;37;;
S009;897;beta;147;+;35;99;;
S009;904;beta;7;-;36;108;gamma;
S009;906;alpha;29;-;104;11;;
S009;906;gamma;14;-;60;50;;
S009;907;epsilon;14;-;110;31;;
S009;909;epsilon;2;+;111;58;;
S009;910;alpha;4;+;105;114;;
S009;910;gamma;4;+;61;123;;
S009;910;beta;6;+;37;70;;
S009;918;alpha;8;-;106;5;;
S009;921;epsilon;12;-;112;97;;
S009;921;gamma;11;-;62;119;;
S009;921;beta;11;-;38;26;;
S009;967;alpha;49;+;107;41;;
S009;972;alpha;5;-;108;34;;
S009;974;alpha;2;+;109;88;;
S009;975;alpha;1;-;110;119;;
S009;990;alpha;15;+;111;104;;
S009;991;epsilon;70;+;113;118;;
S009;1005;gamma;84;+;63;46;;delta
S009;1005;beta;84;+;39;17;alpha;delta
S009;1007;beta;2;-;40;45;;
S009;1009;gamma;4;-;64;83;;
S009;1010;gamma;1;+;65;69;;
S009;1012;gamma;2;-;66;57;;
S009;1014;gamma;2;+;67;64;;
S009;1020;beta;13;+;41;68;alpha;
S009;1021;beta;1;-;42;46;;
S009;1024;alpha;34;-;112;20;beta;
S009;1032;alpha;8;+;113;81;;
S009;1033;alpha;1;-;114;49;;
S009;1034;alpha;1;+;115;110;alpha;
S009;1035;alpha;1;-;116;85;;
S009;1035;epsilon;44;-;114;33;;
S009;1036;epsilon;1;+;115;77;;
S009;1038;alpha;3;+;117;91;epsilon;
S009;1039;alpha;1;-;118;22;;
S009;1041;epsilon;5;-;116;13;;
S009;1046;gamma;32;-;68;82;;
S009;1048;gamma;2;+;69;60;;
S009;1060;gamma;12;-;70;43;delta;
S009;1065;alpha;26;+;119;67;;
S009;1065;gamma;5;+;71;54;;
S009;1066;epsilon;25;+;117;55;;
S009;1066;beta;45;+;43;73;;
S009;1069;epsilon;3;-;118;45;;
S009;1070;beta;4;-;44;99;;
S009;1073;alpha;8;-;120;43;delta;
S009;1073;gamma;8;-;72;40;;
S009;1082;alpha;9;+;121;58;;
S009;1082;epsilon;13;+;119;68;alpha;
S009;1082;gamma;9;+;73;28;;
S009;1082;beta;12;+;45;6;;
S009;1089;alpha;7;-;122;79;;
S009;1089;epsilon;7;-;120;52;;
S009;1089;gamma;7;-;74;33;;
S009;1090;alpha;1;+;123;29;;
S009;1090;epsilon;1;+;121;13;;
S009;1090;gamma;1;+;75;77;;
S009;1091;alpha;1;-;124;37;;
S009;1091;epsilon;1;-;122;4;;
S009;1091;gamma;1;-;76;9;;
S009;1091;beta;9;-;46;69;;
S009;1093;beta;2;+;47;57;;
S009;1094;epsilon;3;+;123;43;delta;
S009;1095;epsilon;1;-;124;50;;
S009;1095;beta;2;-;48;64;;
S009;1112;alpha;21;+;125;38;;delta
S009;1114;epsilon;19;+;125;66;;gamma
S009;1114;beta;19;+;49;69;;gamma
S009;1115;epsilon;1;-;126;26;;
S009;1115;beta;1;-;50;56;;
S009;1117;epsilon;2;+;127;8;;
S009;1118;epsilon;1;-;128;81;;
S009;1121;epsilon;3;+;129;51;;
S009;1121;beta;6;+;51;58;;
S009;1122;gamma;31;+;77;42;;
S009;1132;alpha;20;-;126;10;;beta
S009;1132;epsilon;11;-;130;31;;
S009;1132;gamma;10;-;78;19;gamma;
S009;1132;beta;11;-;52;96;;
S009;1133;alpha;1;+;127;101;;
S009;1133;epsilon;1;+;131;57;;
S009;1134;alpha;1;-;128;122;;
S009;1134;epsilon;1;-;132;63;;
S009;1136;epsilon;2;+;133;124;;
S009;1138;alpha;4;+;129;81;;
S009;1139;alpha;1;-;130;49;;
S009;1142;alpha;3;+;131;112;;
S009;1142;gamma;10;+;79;5;;
S009;1143;alpha;1;-;132;105;;
S009;1143;gamma;1;-;80;51;;
S009;1144;gamma;1;+;81;3;;
S009;1145;alpha;2;+;133;36;epsilon;
S009;1146;alpha;1;-;134;107;beta;
S009;1146;gamma;2;-;82;32;;
S009;1149;epsilon;13;-;134;94;;
S009;1168;alpha;22;+;135;54;;
S009;1171;epsilon;22;+;135;24;;
S009;1171;gamma;25;+;83;50;;
S009;1171;beta;39;+;53;114;;
S009;1175;beta;4;-;54;1;;
S009;1176;beta;1;+;55;11;;
S009;1177;beta;1;-;56;111;;
S009;1178;beta;1;+;57;95;;
S009;1179;beta;1;-;58;62;;
S009;1180;gamma;9;-;84;1;;
S009;1181;gamma;1;+;85;11;;
S009;1181;beta;2;+;59;114;;
S009;1182;beta;1;-;60;125;;
S009;1183;gamma;2;-;86;112;;
S009;1184;gamma;1;+;87;105;;
S009;1185;beta;3;+;61;110;alpha;
S009;1188;delta;438;+;41;112;;
S009;1200;delta;12;-;42;36;epsilon;
S009;1201;alpha;33;-;136;99;;
S009;1201;epsilon;30;-;136;17;alpha;
S009;1201;beta;16;-;62;94;;
S009;1202;epsilon;1;+;137;44;;
S009;1202;beta;1;+;63;52;;
S009;1209;alpha;8;+;137;109;epsilon;
S009;1209;delta;9;+;43;115;;
S009;1210;alpha;1;-;138;75;;
S009;1210;delta;1;-;44;8;;
S009;1212;delta;2;+;45;82;;
S009;1215;alpha;5;+;139;120;;
S009;1217;alpha;2;-;140;59;alpha;
S009;1218;delta;6;-;46;64;;
S009;1219;alpha;2;+;141;84;delta;
S009;1219;delta;1;+;47;6;;
S009;1220;alpha;1;-;142;79;;
S009;1220;delta;1;-;48;61;;
S009;1221;epsilon;19;-;138;101;;gamma
S009;1222;epsilon;1;+;139;122;;
S009;1223;epsilon;1;-;140;78;;
S009;1231;alpha;11;+;143;37;;
S009;1231;epsilon;8;+;141;26;;
S009;1233;delta;13;+;49;17;alpha;
S009;1256;alpha;25;-;144;42;;
S009;1320;epsilon;27;-;142;87;;gamma
S009;1323;delta;28;-;50;77;;
S009;1324;delta;1;+;51;9;;
S009;1325;delta;1;-;52;91;epsilon;
S009;1326;delta;1;+;53;22;;
S009;1327;epsilon;7;+;143;115;;
S009;1329;alpha;11;+;145;20;beta;
S009;1331;alpha;2;-;146;75;;
S009;1332;alpha;1;+;147;116;;
S009;1349;alpha;17;-;148;60;;alpha
S009;1350;epsilon;23;-;144;93;;
S009;1351;gamma;105;-;88;76;;
S009;1353;beta;89;-;64;82;;
S009;1354;beta;1;+;65;59;alpha;
S009;1355;beta;1;-;66;83;;
S009;1355;delta;29;-;54;70;;
S009;1364;beta;9;+;67;77;;
S009;1364;delta;9;+;55;74;;
S009;1366;alpha;17;+;149;48;;alpha
S009;1366;epsilon;16;+;145;45;;
S009;1366;gamma;15;+;89;122;;
S009;1379;epsilon;13;-;146;68;alpha;
S009;1380;epsilon;1;+;147;46;;
S009;1397;alpha;31;-;150;5;;
S009;1399;gamma;33;-;90;41;;
S009;1400;epsilon;20;-;148;48;;beta
S009;1401;beta;37;-;68;117;;
S009;1413;beta;12;+;69;28;;
S009;1414;alpha;17;+;151;9;;alpha
S009;1414;epsilon;14;+;149;115;;
S009;1414;gamma;15;+;91;51;;
S010;13;alpha;13;-;1;13;;
S010;15;epsilon;15;-;1;15;;
S010;16;epsilon;1;+;2;24;;
S010;17;epsilon;1;-;3;114;;
S010;22;epsilon;5;+;4;2;;
S010;25;alpha;12;+;2;42;;
S010;36;alpha;11;-;3;20;beta;
S010;36;epsilon;14;-;5;87;;
S010;37;alpha;1;+;4;74;;
S010;37;epsilon;1;+;6;109;epsilon;
S010;40;epsilon;3;-;7;77;;
S010;41;epsilon;1;+;8;9;;
S010;42;alpha;5;-;5;110;alpha;
S010;42;epsilon;1;-;9;91;epsilon;
S010;46;gamma;46;-;1;46;;
S010;46;beta;46;-;1;46;;
S010;48;beta;2;+;2;81;;
S010;49;gamma;3;+;2;82;;
S010;51;gamma;2;-;3;60;;
S010;52;gamma;1;+;4;93;;
S010;54;alpha;12;+;6;90;;
S010;54;epsilon;12;+;10;95;;
S010;55;epsilon;1;-;11;62;;
S010;56;alpha;2;-;7;13;;
S010;57;gamma;5;-;5;46;;
S010;58;beta;10;-;3;109;epsilon;
S010;59;beta;1;+;4;75;;
S010;60;beta;1;-;5;116;;
S010;62;beta;2;+;6;19;gamma;
S010;64;alpha;8;+;8;11;;
S010;64;epsilon;9;+;12;121;;
S010;64;gamma;7;+;6;86;;
S010;68;epsilon;4;-;13;71;;
S010;68;gamma;4;-;7;102;;
S010;69;epsilon;1;+;14;76;;
S010;69;gamma;1;+;8;5;;
S010;70;epsilon;1;-;15;126;;
S010;71;alpha;7;-;9;117;;
S010;71;gamma;2;-;9;52;;
S010;73;alpha;2;+;10;29;;
S010;73;gamma;2;+;10;14;;
S010;74;alpha;1;-;11;37;;
S010;74;gamma;1;-;11;14;;
S010;75;beta;13;-;7;8;;
S010;85;alpha;11;+;12;28;;
S010;87;epsilon;17;+;16;44;;alpha
S010;87;beta;12;+;8;50;;
S010;89;alpha;4;-;13;30;;
S010;89;epsilon;2;-;17;61;;
S010;89;beta;2;-;9;121;;
S010;91;alpha;2;+;14;48;;
S010;91;beta;2;+;10;69;;
S010;92;beta;1;-;11;56;;
S010;94;epsilon;5;+;18;107;beta;
S010;94;beta;2;+;12;54;;
S010;95;gamma;21;+;12;24;;delta
S010;96;gamma;1;-;13;114;;
S010;97;gamma;1;+;14;125;;
S010;99;epsilon;5;-;19;59;alpha;
S010;99;gamma;2;-;15;109;epsilon;
S010;99;beta;5;-;13;37;;
S010;100;alpha;9;-;15;108;gamma;
S010;104;alpha;4;+;16;68;alpha;
S010;104;epsilon;5;+;20;87;;
S010;105;beta;6;+;14;122;;
S010;106;gamma;7;+;16;81;;
S010;115;alpha;11;-;17;80;;
S010;115;epsilon;11;-;21;75;;
S010;115;gamma;9;-;17;57;;
S010;115;beta;10;-;15;18;epsilon;
S010;116;epsilon;1;+;22;116;;
S010;116;beta;1;+;16;54;;
S010;117;alpha;2;+;18;40;;
S010;117;gamma;2;+;18;64;;
S010;119;alpha;2;-;19;21;delta;
S010;119;epsilon;3;-;23;20;beta;
S010;119;gamma;2;-;19;7;;
S010;119;beta;3;-;17;35;;
S010;120;epsilon;1;+;24;74;;
S010;120;beta;1;+;18;97;;
S010;122;epsilon;2;-;25;107;beta;
S010;122;beta;2;-;19;83;;
S010;124;epsilon;2;+;26;56;;
S010;125;alpha;6;+;20;89;;
S010;125;gamma;6;+;20;76;;
S010;125;beta;3;+;20;71;;
S010;185;alpha;60;-;21;70;;
S010;192;epsilon;68;-;27;80;;alpha
S010;196;epsilon;4;+;28;42;;
S010;197;epsilon;1;-;29;40;;
S010;203;alpha;18;+;22;33;;epsilon
S010;203;epsilon;6;+;30;25;;
S010;205;alpha;2;-;23;78;;
S010;205;epsilon;2;-;31;125;;
S010;208;alpha;3;+;24;21;delta;
S010;209;alpha;1;-;25;84;delta;
S010;210;alpha;1;+;26;79;;
S010;211;alpha;1;-;27;29;;
S010;212;alpha;1;+;28;37;;
S010;213;alpha;1;-;29;117;;
S010;215;alpha;2;+;30;29;;
S010;216;alpha;1;-;31;37;;
S010;232;gamma;107;-;21;34;;beta
S010;245;alpha;29;+;32;46;;
S010;247;alpha;2;-;33;81;;
S010;249;alpha;2;+;34;50;;
S010;250;alpha;1;-;35;120;;
S010;251;beta;126;-;21;6;;
S010;272;alpha;22;+;36;84;delta;
S010;276;epsilon;71;+;32;125;;
S010;283;epsilon;7;-;33;114;;
S010;284;alpha;12;-;37;30;;
S010;294;delta;294;-;1;40;;
S010;295;delta;1;+;2;20;beta;
S010;305;alpha;21;+;38;100;gamma;delta
S010;305;epsilon;22;+;34;119;;
S010;306;epsilon;1;-;35;48;;
S010;307;alpha;2;-;39;113;;
S010;310;delta;15;-;3;110;alpha;
S010;311;delta;1;+;4;85;;
S010;313;delta;2;-;5;90;;
S010;321;delta;8;+;6;19;gamma;
S010;324;delta;3;-;7;66;;
S010;338;alpha;31;+;40;28;;
S010;343;epsilon;37;+;36;11;;
S010;344;delta;20;+;8;16;;beta
S010;345;gamma;113;+;22;77;;
S010;349;gamma;4;-;23;12;;
S010;350;delta;6;-;9;39;;
S010;352;delta;2;+;10;11;;
S010;353;delta;1;-;11;111;;
S010;354;alpha;16;-;41;22;;
S010;354;epsilon;11;-;37;95;;
S010;355;alpha;1;+;42;94;;
S010;355;epsilon;1;+;38;62;;
S010;357;gamma;8;+;24;1;;
S010;357;delta;4;+;12;98;;
S010;367;alpha;12;-;43;14;;
S010;368;alpha;1;+;44;14;;
S010;371;beta;120;+;22;24;;
S010;373;beta;2;-;23;115;;
S010;375;alpha;7;-;45;20;beta;
S010;377;alpha;2;+;46;75;;
S010;380;alpha;3;-;47;118;;
S010;381;epsilon;26;-;39;3;;
S010;381;gamma;24;-;25;124;;
S010;381;delta;24;-;13;45;;
S010;411;alpha;31;+;48;20;beta;
S010;412;alpha;1;-;49;74;;
S010;414;alpha;2;+;50;107;beta;
S010;415;alpha;1;-;51;55;;
S010;431;alpha;16;+;52;55;;
S010;433;alpha;2;-;53;44;;
S010;434;alpha;1;+;54;60;;
S010;436;alpha;2;-;55;94;;
S010;440;alpha;4;+;56;55;;
S010;445;alpha;5;-;57;47;;
S010;462;alpha;17;+;58;18;epsilon;alpha
S010;465;epsilon;84;+;40;3;;delta
S010;476;epsilon;11;-;41;57;;
S010;477;epsilon;1;+;42;63;;
S010;482;gamma;101;+;26;22;;
S010;483;gamma;1;-;27;94;;
S010;484;gamma;1;+;28;52;;
S010;486;gamma;2;-;29;14;;
S010;488;alpha;26;-;59;48;;
S010;490;alpha;2;+;60;101;;
S010;491;alpha;1;-;61;122;;
S010;495;epsilon;18;-;43;95;;epsilon
S010;500;epsilon;5;+;44;66;;
S010;501;epsilon;1;-;45;26;;
S010;503;epsilon;2;+;46;8;;
S010;506;epsilon;3;-;47;83;;
S010;523;alpha;32;+;62;40;;
S010;524;alpha;1;-;63;20;beta;
S010;528;alpha;4;+;64;77;;
S010;535;epsilon;29;+;48;74;;
S010;535;gamma;49;+;30;52;;
S010;540;beta;167;+;24;105;;
S010;541;beta;1;-;25;35;;
S010;544;alpha;16;-;65;96;;
S010;544;epsilon;9;-;49;114;;
S010;544;gamma;9;-;31;21;delta;
S010;584;alpha;40;+;66;115;;
S010;592;alpha;8;-;67;15;;
S010;595;alpha;3;+;68;26;;
S010;601;epsilon;57;+;50;27;gamma;
S010;604;epsilon;3;-;51;19;gamma;
S010;606;alpha;11;-;69;71;;
S010;617;alpha;11;+;70;126;;
S010;618;epsilon;14;+;52;9;;
S010;621;gamma;77;+;32;18;epsilon;
S010;622;gamma;1;-;33;54;;
S010;629;alpha;12;-;71;39;;
S010;631;epsilon;13;-;53;24;;
S010;643;alpha;14;+;72;104;;
S010;643;epsilon;12;+;54;126;;
S010;644;alpha;1;-;73;25;;
S010;645;epsilon;2;-;55;119;;
S010;648;alpha;4;+;74;0;;
S010;648;epsilon;3;+;56;50;;
S010;649;alpha;1;-;75;1;;
S010;649;epsilon;1;-;57;120;;
S010;672;alpha;23;+;76;123;;
S010;672;epsilon;23;+;58;85;;
S010;673;gamma;51;+;34;117;;
S010;679;alpha;7;-;77;94;;
S010;679;epsilon;7;-;59;95;;
S010;679;gamma;6;-;35;33;;
S010;681;alpha;2;+;78;53;;
S010;682;alpha;1;-;79;23;;
S010;688;alpha;6;+;80;109;epsilon;
S010;688;epsilon;9;+;60;70;;
S010;689;alpha;1;-;81;75;;
S010;689;epsilon;1;-;61;66;;
S010;697;alpha;8;+;82;123;;
S010;697;epsilon;8;+;62;33;;
S010;698;gamma;19;+;36;17;alpha;gamma
S010;703;beta;162;+;26;110;alpha;
S010;725;alpha;28;-;83;9;;
S010;732;epsilon;35;-;63;33;;
S010;735;gamma;37;-;37;86;;
S010;735;beta;32;-;27;110;alpha;
S010;736;gamma;1;+;38;99;;
S010;736;beta;1;+;28;85;;
S010;738;alpha;13;+;84;24;;
S010;738;epsilon;6;+;64;82;;
S010;748;alpha;10;-;85;124;;
S010;748;epsilon;10;-;65;82;;
S010;749;alpha;1;+;86;98;;
S010;749;epsilon;1;+;66;59;alpha;
S010;750;alpha;1;-;87;92;;
S010;750;epsilon;1;-;67;83;;
S010;753;alpha;3;+;88;34;;
S010;753;epsilon;3;+;68;71;;
S010;763;delta;382;+;14;43;delta;
S010;764;delta;1;-;15;50;;
S010;769;alpha;16;-;89;114;;
S010;771;epsilon;18;-;69;6;;epsilon
S010;773;gamma;37;-;39;31;;
S010;774;gamma;1;+;40;57;;
S010;775;gamma;1;-;41;63;;
S010;776;gamma;1;+;42;123;;
S010;777;gamma;1;-;43;88;;
S010;777;beta;41;-;29;32;;
S010;787;beta;10;+;30;35;;
S010;788;alpha;19;+;90;116;;gamma
S010;788;epsilon;17;+;70;109;epsilon;alpha
S010;788;gamma;11;+;44;48;;
S010;791;epsilon;3;-;71;77;;
S010;791;gamma;3;-;45;102;;
S010;792;alpha;4;-;91;21;delta;
S010;792;beta;5;-;31;101;;
S010;793;alpha;1;+;92;84;delta;
S010;794;alpha;1;-;93;79;;
S010;798;alpha;4;+;94;32;;
S010;798;epsilon;7;+;72;15;;
S010;798;gamma;7;+;46;11;;
S010;798;beta;6;+;32;0;;
S010;799;epsilon;1;-;73;24;;
S010;799;gamma;1;-;47;111;;
S010;799;beta;1;-;33;1;;
S010;800;alpha;2;-;95;68;alpha;
S010;813;alpha;13;+;96;82;;
S010;813;epsilon;14;+;74;1;;
S010;813;beta;14;+;34;114;;
S010;814;epsilon;1;-;75;11;;
S010;814;beta;1;-;35;125;;
S010;815;epsilon;1;+;76;111;;
S010;816;gamma;17;+;48;68;alpha;alpha
S010;816;beta;2;+;36;109;epsilon;
S010;819;gamma;3;-;49;48;;
S010;820;beta;4;-;37;78;;
S010;821;epsilon;6;-;77;100;gamma;
S010;822;alpha;9;-;97;67;;
S010;870;alpha;48;+;98;17;alpha;
S010;878;epsilon;57;+;78;24;;
S010;879;epsilon;1;-;79;114;;
S010;880;epsilon;1;+;80;125;;
S010;882;epsilon;2;-;81;109;epsilon;
S010;885;alpha;15;-;99;64;;
S010;898;alpha;13;+;100;63;;
S010;898;epsilon;16;+;82;121;;
S010;916;alpha;18;-;101;95;;epsilon
S010;917;epsilon;19;-;83;54;;gamma
S010;918;alpha;2;+;102;63;;
S010;918;epsilon;1;+;84;33;;
S010;919;alpha;1;-;103;123;;
S010;922;epsilon;4;-;85;80;;
S010;923;epsilon;1;+;86;39;;
S010;924;epsilon;1;-;87;10;;
S010;925;epsilon;1;+;88;101;;
S010;926;epsilon;1;-;89;122;;
S010;934;alpha;15;+;104;123;;
S010;934;epsilon;8;+;90;85;;
S010;935;alpha;1;-;105;88;;
S010;935;epsilon;1;-;91;89;;
S010;951;alpha;16;+;106;53;;
S010;952;epsilon;17;+;92;27;gamma;alpha
S010;952;gamma;133;+;50;0;;
S010;953;epsilon;1;-;93;17;alpha;
S010;953;gamma;1;-;51;1;;
S010;956;alpha;5;-;107;27;gamma;
S010;962;alpha;6;+;108;22;;
S010;964;alpha;2;-;109;95;;
S010;965;alpha;1;+;110;62;;
S010;971;alpha;6;-;111;118;;
S010;972;alpha;1;+;112;38;;
S010;973;alpha;1;-;113;0;;
S010;980;alpha;7;+;114;7;;
S010;980;epsilon;27;+;94;76;;gamma
S010;981;gamma;28;+;52;1;;
S010;982;gamma;1;-;53;11;;
S010;983;gamma;1;+;54;111;;
S010;986;gamma;3;-;55;97;;
S010;990;alpha;10;-;115;75;;
S010;990;epsilon;10;-;95;117;;
S010;993;epsilon;3;+;96;30;;
S010;994;alpha;4;+;116;119;;
S010;998;gamma;12;+;56;60;;
S010;999;beta;179;+;38;74;;
S010;1005;beta;6;-;39;111;;
S010;1006;beta;1;+;40;95;;
S010;1025;alpha;31;-;117;120;;
S010;1025;beta;19;-;41;121;;gamma
S010;1027;epsilon;34;-;97;113;;
S010;1027;gamma;29;-;57;60;;
S010;1028;gamma;1;+;58;93;;
S010;1031;alpha;6;+;118;63;;
S010;1031;epsilon;4;+;98;118;;
S010;1031;beta;6;+;42;73;;
S010;1044;alpha;13;-;119;90;;
S010;1045;alpha;1;+;120;12;;
S010;1083;alpha;38;-;121;95;;
S010;1092;epsilon;61;-;99;50;;
S010;1093;epsilon;1;+;100;120;;
S010;1096;alpha;13;+;122;115;;
S010;1111;alpha;15;-;123;85;;
S010;1114;alpha;3;+;124;91;epsilon;
S010;1119;alpha;5;-;125;26;;
S010;1120;alpha;1;+;126;7;;
S010;1123;alpha;3;-;127;73;;
S010;1124;alpha;1;+;128;96;;
S010;1125;delta;361;+;16;69;;
S010;1153;alpha;29;-;129;104;;
S010;1157;alpha;4;+;130;28;;
S010;1158;alpha;1;-;131;27;gamma;
S010;1160;alpha;2;+;132;18;epsilon;
S010;1167;alpha;7;-;133;60;;
S010;1168;alpha;1;+;134;93;;
S010;1172;alpha;4;-;135;45;;
S010;1173;epsilon;80;-;101;15;;
S010;1185;alpha;13;+;136;68;alpha;
S010;1185;epsilon;12;+;102;115;;
S010;1186;alpha;1;-;137;46;;
S010;1186;epsilon;1;-;103;8;;
S010;1190;gamma;162;-;59;71;;
S010;1193;beta;162;-;43;10;;
S010;1199;beta;6;+;44;106;delta;
S010;1205;alpha;19;+;138;47;;gamma
S010;1205;gamma;15;+;60;3;;
S010;1206;epsilon;20;+;104;58;;beta
S010;1222;alpha;17;-;139;18;epsilon;alpha
S010;1222;epsilon;16;-;105;101;;
S010;1222;gamma;17;-;61;63;;alpha
S010;1224;beta;25;-;45;84;delta;
S010;1230;beta;6;+;46;84;delta;
S010;1231;epsilon;9;+;106;3;;
S010;1231;gamma;9;+;62;4;;
S010;1232;alpha;10;+;140;32;;
S010;1234;alpha;2;-;141;68;alpha;
S010;1234;epsilon;3;-;107;33;;
S010;1234;gamma;3;-;63;43;delta;
S010;1235;epsilon;1;+;108;77;;
S010;1236;alpha;2;+;142;47;;
S010;1236;gamma;2;+;64;51;;
S010;1237;alpha;1;-;143;90;;
S010;1237;gamma;1;-;65;3;;
S010;1238;epsilon;3;-;109;11;;
S010;1238;beta;8;-;47;86;;
S010;1239;alpha;2;+;144;13;;
S010;1239;epsilon;1;+;110;111;;
S010;1239;beta;1;+;48;99;;
S010;1240;alpha;1;-;145;4;;
S010;1241;epsilon;2;-;111;96;;
S010;1244;beta;5;-;49;106;delta;
S010;1253;delta;128;-;17;40;;
S011;2;alpha;2;-;1;2;;
S011;2;epsilon;2;-;1;2;;
S011;2;gamma;2;-;1;2;;
S011;4;alpha;2;+;2;22;;
S011;4;gamma;2;+;2;22;;
S011;5;epsilon;3;+;2;23;;
S011;18;alpha;14;-;3;55;;
S011;18;epsilon;13;-;3;27;gamma;
S011;19;alpha;1;+;4;43;delta;
S011;19;epsilon;1;+;4;17;alpha;
S011;35;alpha;16;-;5;125;;
S011;35;epsilon;16;-;5;65;;
S011;38;gamma;34;-;3;75;;
S011;40;beta;40;-;1;40;;
S011;41;beta;1;+;2;20;beta;
S011;42;beta;1;-;3;74;;
S011;54;delta;54;-;1;54;;
S011;60;alpha;25;+;6;79;;
S011;60;delta;6;+;2;38;;
S011;62;beta;20;+;4;54;;beta
S011;63;beta;1;-;5;33;;
S011;65;alpha;5;-;7;33;;
S011;65;delta;5;-;3;4;;
S011;67;delta;2;+;4;42;;
S011;68;alpha;3;+;8;79;;
S011;71;epsilon;36;+;6;59;alpha;epsilon
S011;71;beta;8;+;6;84;delta;
S011;72;gamma;34;+;4;41;;
S011;83;alpha;15;-;9;41;;
S011;83;epsilon;12;-;7;70;;
S011;83;gamma;11;-;5;47;;
S011;83;beta;12;-;7;30;;
S011;84;alpha;1;+;10;30;;
S011;84;epsilon;1;+;8;66;;
S011;84;beta;1;+;8;47;;
S011;85;alpha;1;-;11;47;;
S011;85;epsilon;1;-;9;26;;
S011;85;beta;1;-;9;90;;
S011;87;alpha;2;+;12;91;epsilon;
S011;87;epsilon;2;+;10;8;;
S011;87;beta;2;+;10;13;;
S011;88;alpha;1;-;13;22;;
S011;88;beta;1;-;11;4;;
S011;89;alpha;1;+;14;94;;
S011;89;gamma;6;+;6;95;;
S011;89;beta;1;+;12;41;;
S011;95;alpha;6;-;15;57;;
S011;95;gamma;6;-;7;67;;
S011;95;beta;6;-;13;35;;
S011;97;beta;2;+;14;98;;
S011;98;beta;1;-;15;92;;
S011;101;epsilon;14;-;11;52;;
S011;105;alpha;10;+;16;122;;
S011;105;epsilon;4;+;12;16;;
S011;105;gamma;10;+;8;106;delta;
S011;105;beta;7;+;16;38;;
S011;108;alpha;3;-;17;80;;
S011;108;gamma;3;-;9;47;;
S011;108;beta;3;-;17;2;;
S011;109;alpha;1;+;18;39;;
S011;109;gamma;1;+;10;90;;
S011;109;beta;1;+;18;21;delta;
S011;114;alpha;5;-;19;14;;
S011;114;epsilon;9;-;13;42;;
S011;114;gamma;5;-;11;16;;
S011;114;beta;5;-;19;88;;
S011;115;alpha;1;+;20;14;;
S011;115;epsilon;1;+;14;40;;
S011;115;gamma;1;+;12;34;;
S011;115;beta;1;+;20;119;;
S011;116;alpha;1;-;21;14;;
S011;116;epsilon;1;-;15;20;beta;
S011;116;gamma;1;-;13;87;;
S011;116;beta;1;-;21;48;;
S011;121;delta;54;-;5;63;;
S011;123;delta;2;+;6;124;;
S011;124;delta;1;-;7;98;;
S011;126;delta;2;+;8;93;;
S011;128;alpha;12;+;22;15;;
S011;128;epsilon;12;+;16;107;beta;
S011;128;gamma;12;+;14;76;;
S011;128;beta;12;+;22;113;;
S011;129;epsilon;1;-;17;55;;
S011;129;gamma;1;-;15;126;;
S011;129;beta;1;-;23;115;;
S011;130;alpha;2;-;23;25;;
S011;133;alpha;3;+;24;126;;
S011;133;epsilon;4;+;18;46;;
S011;133;gamma;4;+;16;121;;
S011;134;beta;5;+;24;12;;
S011;135;epsilon;2;-;19;81;;
S011;135;beta;1;-;25;121;;
S011;136;alpha;3;-;25;120;;
S011;136;gamma;3;-;17;70;;
S011;136;delta;10;-;9;39;;
S011;156;alpha;20;+;26;82;;beta
S011;156;epsilon;21;+;20;120;;delta
S011;156;delta;20;+;10;110;alpha;beta
S011;157;gamma;21;+;18;36;epsilon;delta
S011;157;beta;22;+;26;57;;
S011;166;alpha;10;-;27;82;;
S011;166;epsilon;10;-;21;72;;
S011;166;gamma;9;-;19;115;;
S011;166;beta;9;-;27;71;;
S011;166;delta;10;-;11;88;;
S011;170;alpha;4;+;28;62;;
S011;171;epsilon;5;+;22;90;;
S011;171;delta;5;+;12;123;;
S011;172;alpha;2;-;29;114;;
S011;172;epsilon;1;-;23;12;;
S011;172;delta;1;-;13;88;;
S011;211;alpha;39;+;30;9;;
S011;215;epsilon;43;+;24;100;gamma;delta
S011;217;epsilon;2;-;25;113;;
S011;218;epsilon;1;+;26;115;;
S011;218;gamma;52;+;20;122;;
S011;219;gamma;1;-;21;78;;
S011;221;epsilon;3;-;27;10;;
S011;222;alpha;11;-;31;22;;
S011;223;alpha;1;+;32;94;;
S011;224;epsilon;3;+;28;103;;
S011;228;gamma;9;+;22;27;gamma;
S011;229;gamma;1;-;23;17;alpha;
S011;231;alpha;8;-;33;59;alpha;
S011;231;epsilon;7;-;29;21;delta;
S011;235;epsilon;4;+;30;87;;
S011;236;alpha;5;+;34;87;;
S011;237;alpha;1;-;35;109;epsilon;
S011;240;alpha;3;+;36;77;;
S011;241;gamma;12;+;24;61;;
S011;241;beta;75;+;28;63;;
S011;242;beta;1;-;29;123;;
S011;250;beta;8;+;30;95;;
S011;251;delta;79;+;14;116;;
S011;252;delta;1;-;15;18;epsilon;
S011;255;delta;3;+;16;56;;
S011;267;alpha;27;-;37;107;beta;gamma
S011;267;delta;12;-;17;24;;
S011;270;alpha;3;+;38;57;;
S011;270;delta;3;+;18;116;;
S011;271;delta;1;-;19;18;epsilon;
S011;272;delta;1;+;20;54;;
S011;304;alpha;34;-;39;19;gamma;
S011;307;alpha;3;+;40;66;;
S011;313;alpha;6;-;41;31;;
S011;318;epsilon;83;-;31;20;beta;
S011;319;epsilon;1;+;32;74;;
S011;322;alpha;9;+;42;65;;
S011;342;alpha;20;-;43;43;delta;beta
S011;346;epsilon;27;-;33;61;;gamma
S011;349;epsilon;3;+;34;105;;
S011;352;epsilon;3;-;35;37;;
S011;357;gamma;116;-;25;29;;
S011;358;gamma;1;+;26;37;;
S011;360;gamma;2;-;27;118;;
S011;366;beta;116;-;31;120;;
S011;368;delta;96;-;21;35;;
S011;370;delta;2;+;22;98;;
S011;373;beta;7;+;32;64;;
S011;374;beta;1;-;33;6;;
S011;376;beta;2;+;34;62;;
S011;377;beta;1;-;35;113;;
S011;383;alpha;41;+;44;23;;
S011;386;alpha;3;-;45;106;delta;
S011;386;delta;16;-;23;37;;
S011;389;delta;3;+;24;119;;
S011;392;alpha;6;+;46;50;;
S011;393;beta;16;+;36;13;;
S011;395;epsilon;43;+;36;60;;delta
S011;396;epsilon;1;-;37;93;;
S011;396;beta;3;-;37;6;;
S011;398;epsilon;2;+;38;43;delta;
S011;398;beta;2;+;38;62;;
S011;399;alpha;7;-;47;126;;
S011;399;epsilon;1;-;39;50;;
S011;399;beta;1;-;39;113;;
S011;407;delta;18;-;25;107;beta;epsilon
S011;420;alpha;21;+;48;48;;delta
S011;420;epsilon;21;+;40;68;alpha;delta
S011;420;delta;13;+;26;45;;
S011;421;epsilon;1;-;41;46;;
S011;425;epsilon;4;+;42;83;;
S011;430;epsilon;5;-;43;73;;
S011;431;epsilon;1;+;44;96;;
S011;435;alpha;15;-;49;116;;
S011;435;epsilon;4;-;45;75;;
S011;436;alpha;1;+;50;18;epsilon;
S011;436;epsilon;1;+;46;116;;
S011;443;alpha;7;-;51;60;;
S011;443;epsilon;7;-;47;24;;
S011;444;delta;24;-;27;79;;
S011;445;delta;1;+;28;29;;
S011;447;delta;2;-;29;38;;
S011;460;alpha;17;+;52;48;;alpha
S011;461;alpha;1;-;53;100;gamma;
S011;465;alpha;4;+;54;115;;
S011;467;alpha;2;-;55;9;;
S011;477;alpha;10;+;56;21;delta;
S011;479;epsilon;36;+;48;23;;epsilon
S011;480;epsilon;1;-;49;104;;
S011;481;epsilon;1;+;50;25;;
S011;481;delta;34;+;30;24;;
S011;482;epsilon;1;-;51;124;;
S011;482;delta;1;-;31;114;;
S011;483;epsilon;1;+;52;98;;
S011;484;epsilon;1;-;53;92;;
S011;485;alpha;8;-;57;91;epsilon;
S011;487;alpha;2;+;58;23;;
S011;488;epsilon;4;+;54;35;;
S011;489;alpha;2;-;59;105;;
S011;489;epsilon;1;-;55;97;;
S011;490;alpha;1;+;60;35;;
S011;491;alpha;1;-;61;97;;
S011;493;alpha;2;+;62;83;;
S011;495;epsilon;6;+;56;87;;
S011;496;alpha;3;-;63;71;;
S011;496;epsilon;1;-;57;109;epsilon;
S011;500;alpha;4;+;64;79;;
S011;500;epsilon;4;+;58;78;;
S011;502;gamma;142;+;28;32;;
S011;502;delta;20;+;32;117;;beta
S011;503;delta;1;-;33;28;;
S011;504;gamma;2;-;29;68;alpha;
S011;506;gamma;2;+;30;47;;
S011;506;delta;3;+;34;29;;
S011;507;gamma;1;-;31;90;;
S011;507;delta;1;-;35;37;;
S011;508;gamma;1;+;32;12;;
S011;509;delta;2;+;36;118;;
S011;510;alpha;10;-;65;36;epsilon;
S011;510;epsilon;10;-;59;63;;
S011;510;gamma;2;-;33;122;;
S011;510;delta;1;-;37;38;;
S011;515;alpha;5;+;66;111;;
S011;515;epsilon;5;+;60;0;;
S011;517;gamma;7;+;34;84;delta;
S011;518;beta;119;+;40;89;;
S011;518;delta;8;+;38;7;;
S011;519;beta;1;-;41;2;;
S011;519;delta;1;-;39;71;;
S011;521;beta;2;+;42;22;;
S011;521;delta;2;+;40;77;;
S011;547;alpha;32;-;67;83;;
S011;551;alpha;4;+;68;72;;
S011;556;alpha;5;-;69;90;;
S011;560;alpha;4;+;70;15;;
S011;610;alpha;50;-;71;26;;
S011;624;epsilon;109;-;61;109;epsilon;epsilon
S011;632;alpha;22;+;72;82;;
S011;632;epsilon;8;+;62;82;;
S011;636;alpha;4;-;73;62;;
S011;636;epsilon;4;-;63;62;;
S011;641;alpha;5;+;74;117;;
S011;641;epsilon;5;+;64;117;;
S011;642;epsilon;1;-;65;28;;
S011;644;epsilon;2;+;66;28;;
S011;646;epsilon;2;-;67;28;;
S011;651;alpha;10;-;75;26;;
S011;661;alpha;10;+;76;70;;
S011;661;epsilon;15;+;68;21;delta;
S011;663;alpha;2;-;77;67;;
S011;663;epsilon;2;-;69;85;;
S011;665;alpha;2;+;78;37;;
S011;665;epsilon;2;+;70;90;;
S011;666;alpha;1;-;79;117;;
S011;666;epsilon;1;-;71;12;;
S011;670;alpha;4;+;80;31;;
S011;670;epsilon;4;+;72;124;;
S011;691;alpha;21;-;81;73;;delta
S011;691;epsilon;21;-;73;102;;delta
S011;691;gamma;174;-;35;100;gamma;
S011;692;epsilon;1;+;74;5;;
S011;692;gamma;1;+;36;112;;
S011;694;epsilon;2;-;75;52;;
S011;694;gamma;2;-;37;106;delta;
S011;695;epsilon;1;+;76;13;;
S011;695;gamma;1;+;38;45;;
S011;696;alpha;5;+;82;100;gamma;
S011;697;alpha;1;-;83;112;;
S011;699;alpha;2;+;84;106;delta;
S011;700;alpha;1;-;85;45;;
S011;701;epsilon;6;-;77;9;;
S011;701;gamma;6;-;39;75;;
S011;710;beta;189;-;43;91;epsilon;
S011;712;beta;2;+;44;23;;
S011;714;beta;2;-;45;105;;
S011;730;delta;209;-;41;120;;
S011;734;delta;4;+;42;61;;
S011;739;alpha;39;+;86;94;;
S011;743;epsilon;42;+;78;53;;
S011;753;epsilon;10;-;79;103;;
S011;755;alpha;16;-;87;18;epsilon;
S011;757;alpha;2;+;88;55;;
S011;758;alpha;1;-;89;43;delta;
S011;761;alpha;3;+;90;52;;
S011;761;epsilon;8;+;80;22;;
S011;762;alpha;1;-;91;13;;
S011;764;epsilon;3;-;81;96;;
S011;768;epsilon;4;+;82;75;;
S011;770;epsilon;2;-;83;117;;
S011;774;epsilon;4;+;84;31;;
S011;777;alpha;15;+;92;45;;
S011;780;alpha;3;-;93;72;;
S011;780;epsilon;6;-;85;62;;
S011;780;delta;46;-;43;50;;
S011;782;delta;2;+;44;121;;
S011;783;delta;1;-;45;68;alpha;
S011;786;delta;3;+;46;48;;
S011;790;alpha;10;+;94;98;;
S011;791;alpha;1;-;95;92;;
S011;792;delta;6;-;47;105;;
S011;793;delta;1;+;48;35;;
S011;797;alpha;6;+;96;37;;
S011;798;alpha;1;-;97;117;;
S011;799;delta;6;-;49;102;;
S011;800;delta;1;+;50;5;;
S011;801;alpha;3;+;98;30;;
S011;801;epsilon;21;+;86;125;;delta
S011;802;epsilon;1;-;87;108;gamma;
S011;803;epsilon;1;+;88;65;;
S011;805;gamma;104;+;40;47;;
S011;808;beta;94;+;46;53;;
S011;810;beta;2;-;47;24;;
S011;816;beta;6;+;48;119;;
S011;822;beta;6;-;49;53;;
S011;823;beta;1;+;50;23;;
S011;864;alpha;63;-;99;15;;
S011;873;epsilon;70;-;89;93;;
S011;878;epsilon;5;+;90;46;;
S011;884;alpha;20;+;100;123;;beta
S011;890;epsilon;12;-;91;40;;
S011;892;alpha;8;-;101;95;;
S011;902;alpha;10;+;102;112;;
S011;904;epsilon;14;+;92;77;;
S011;905;alpha;3;-;103;107;beta;
S011;905;epsilon;1;-;93;9;;
S011;908;alpha;3;+;104;57;;
S011;910;alpha;2;-;105;64;;
S011;911;alpha;1;+;106;6;;
S011;911;epsilon;6;+;94;96;;
S011;915;alpha;4;-;107;64;;
S011;915;epsilon;4;-;95;75;;
S011;916;gamma;111;-;41;121;;
S011;919;alpha;4;+;108;9;;
S011;919;epsilon;4;+;96;119;;
S011;919;gamma;3;+;42;70;;
S011;929;alpha;10;-;109;21;delta;
S011;929;epsilon;10;-;97;99;;
S011;929;gamma;10;-;43;25;;
S011;934;gamma;5;+;44;1;;
S011;935;alpha;6;+;110;89;;
S011;935;epsilon;6;+;98;107;beta;
S011;939;alpha;4;-;111;5;;
S011;940;gamma;6;-;45;16;;
S011;941;epsilon;6;-;99;60;;
S011;942;epsilon;1;+;100;93;;
S011;942;gamma;2;+;46;35;;
S011;943;alpha;4;+;112;54;;
S011;944;alpha;1;-;113;33;;
S011;944;gamma;2;-;47;98;;
S011;946;epsilon;4;-;101;45;;
S011;953;beta;130;-;51;16;;
S011;957;beta;4;+;52;37;;
S011;958;beta;1;-;53;117;;
S011;960;beta;2;+;54;29;;
S011;961;beta;1;-;55;37;;
S011;964;beta;3;+;56;119;;
S011;965;alpha;21;+;114;19;gamma;delta
S011;967;alpha;2;-;115;65;;
S011;967;beta;3;-;57;50;;
S011;968;alpha;1;+;116;16;;
S011;969;alpha;1;-;117;34;;
S011;971;alpha;2;+;118;88;;
S011;974;epsilon;28;+;102;83;;
S011;974;gamma;30;+;48;51;;
S011;974;beta;7;+;58;126;;
S011;979;epsilon;5;-;103;73;;
S011;979;gamma;5;-;49;7;;
S011;979;beta;5;-;59;122;;
S011;983;alpha;12;-;119;49;;
S011;984;alpha;1;+;120;110;alpha;
S011;986;epsilon;7;+;104;102;;
S011;988;gamma;9;+;50;79;;
S011;988;beta;9;+;60;86;;
S011;1007;alpha;23;-;121;101;;
S011;1007;gamma;19;-;51;45;;gamma
S011;1007;beta;19;-;61;110;alpha;gamma
S011;1008;gamma;1;+;52;70;;
S011;1009;epsilon;23;-;105;63;;
S011;1009;gamma;1;-;53;66;;
S011;1043;alpha;36;+;122;103;;epsilon
S011;1045;epsilon;36;+;106;113;;epsilon
S011;1045;gamma;36;+;54;32;;epsilon
S011;1046;beta;39;+;62;117;;
S011;1047;epsilon;2;-;107;116;;
S011;1047;gamma;2;-;55;68;alpha;
S011;1047;beta;1;-;63;28;;
S011;1049;epsilon;2;+;108;19;gamma;
S011;1049;gamma;2;+;56;47;;
S011;1049;beta;2;+;64;28;;
S011;1062;beta;13;-;65;19;gamma;
S011;1063;beta;1;+;66;64;;
S011;1081;alpha;38;-;123;51;;
S011;1082;alpha;1;+;124;3;;
S011;1084;alpha;2;-;125;32;;
S011;1093;epsilon;44;-;109;39;;
S011;1096;epsilon;3;+;110;12;;
S011;1097;epsilon;1;-;111;121;;
S011;1098;gamma;49;-;57;50;;
S011;1098;beta;35;-;67;85;;
S011;1099;beta;1;+;68;89;;
S011;1100;beta;1;-;69;2;;
S011;1101;gamma;3;+;58;122;;
S011;1101;beta;1;+;70;21;delta;
S011;1103;gamma;2;-;59;79;;
S011;1103;beta;2;-;71;85;;
S011;1104;gamma;1;+;60;29;;
S011;1104;beta;1;+;72;89;;
S011;1107;alpha;23;+;126;48;;
S011;1107;epsilon;10;+;112;45;;
S011;1162;alpha;55;-;127;29;;
S011;1166;epsilon;59;-;113;114;;alpha
S011;1170;gamma;66;-;61;45;;
S011;1172;gamma;2;+;62;71;;
S011;1177;gamma;5;-;63;80;;
S011;1179;gamma;2;+;64;40;;
S011;1184;gamma;5;-;65;24;;
S011;1185;gamma;1;+;66;114;;
S011;1188;alpha;26;+;128;5;;
S011;1193;epsilon;27;+;114;124;;gamma
S011;1194;epsilon;1;-;115;98;;
S011;1206;epsilon;12;+;116;33;;
S011;1215;alpha;27;-;129;19;gamma;gamma
S011;1215;epsilon;9;-;117;85;;
S011;1215;gamma;30;-;67;0;;
S011;1228;beta;124;-;73;97;;
S011;1230;beta;2;+;74;83;;
S011;1232;beta;2;-;75;70;;
S011;1233;beta;1;+;76;66;;
S011;1235;alpha;20;+;130;15;;beta
S011;1235;epsilon;20;+;118;11;;beta
S011;1237;epsilon;2;-;119;112;;
S011;1238;epsilon;1;+;120;105;;
S011;1242;epsilon;4;-;121;38;;
S011;1243;epsilon;1;+;122;0;;
S011;1244;epsilon;1;-;123;1;;
S011;1246;epsilon;2;+;124;12;;
S011;1252;alpha;17;-;131;120;;alpha
S011;1252;epsilon;6;-;125;126;;
S011;1252;beta;19;-;77;15;;gamma
S011;1329;delta;467;-;51;6;;
S011;1331;delta;2;+;52;62;;
S011;1341;alpha;27;+;132;89;;gamma
S011;1345;epsilon;31;+;126;58;;
S011;1348;gamma;71;+;68;71;;
S011;1350;beta;36;+;78;12;;epsilon
S011;1371;alpha;30;-;133;40;;
S011;1380;epsilon;35;-;127;120;;
S011;1380;gamma;32;-;69;20;beta;
S011;1380;beta;30;-;79;87;;
S011;1387;delta;56;-;53;33;;
S011;1389;delta;2;+;54;78;;
S011;1390;delta;1;-;55;19;gamma;
S011;1401;delta;11;+;56;6;;
S011;1402;delta;1;-;57;61;;
S011;1403;delta;1;+;58;103;;
S011;1404;alpha;33;+;134;96;;
S011;1406;epsilon;26;+;128;88;;
S011;1406;gamma;26;+;70;121;;
S011;1407;epsilon;1;-;129;119;;
S011;1407;gamma;1;-;71;68;alpha;
S011;1408;epsilon;1;+;130;48;;
S011;1408;gamma;1;+;72;46;;
S011;1408;beta;28;+;80;92;;
S011;1409;epsilon;1;-;131;100;gamma;
S011;1409;beta;1;-;81;32;;
S011;1410;gamma;2;-;73;81;;
S011;1411;alpha;7;-;135;78;;
S011;1411;delta;8;-;59;22;;
S011;1412;alpha;1;+;136;19;gamma;
S011;1412;delta;1;+;60;94;;
S011;1418;alpha;6;-;137;69;;
S011;1419;alpha;1;+;138;56;;
S011;1420;epsilon;11;+;132;105;;
S011;1420;gamma;10;+;74;109;epsilon;
S011;1420;beta;11;+;82;36;epsilon;
S011;1430;alpha;11;-;139;23;;
S011;1430;gamma;10;-;75;115;;
S011;1430;beta;10;-;83;54;;
S011;1431;alpha;1;+;140;104;;
S011;1431;gamma;1;+;76;8;;
S011;1431;beta;1;+;84;33;;
S012;12;alpha;12;-;1;12;;
S012;14;alpha;2;+;2;122;;
S012;80;alpha;66;-;3;74;;
S012;82;alpha;2;+;4;107;beta;
S012;83;alpha;1;-;5;55;;
S012;89;epsilon;89;-;1;89;;
S012;90;epsilon;1;+;2;2;;
S012;97;epsilon;7;-;3;27;gamma;
S012;98;epsilon;1;+;4;17;alpha;
S012;100;alpha;17;+;6;56;;alpha
S012;117;epsilon;19;-;5;68;alpha;gamma
S012;118;epsilon;1;+;6;46;;
S012;119;alpha;19;-;7;31;;gamma
S012;119;epsilon;1;-;7;80;;
S012;120;alpha;1;+;8;57;;
S012;120;epsilon;1;+;8;39;;
S012;121;alpha;1;-;9;63;;
S012;121;epsilon;1;-;9;10;;
S012;125;epsilon;4;+;10;104;;
S012;126;alpha;5;+;10;0;;
S012;143;alpha;17;-;11;17;alpha;alpha
S012;146;alpha;3;+;12;46;;
S012;147;alpha;1;-;13;80;;
S012;150;alpha;3;+;14;41;;
S012;158;alpha;8;-;15;37;;
S012;162;alpha;4;+;16;120;;
S012;166;alpha;4;-;17;61;;
S012;167;alpha;1;+;18;103;;
S012;168;alpha;1;-;19;15;;
S012;168;epsilon;43;-;11;29;;delta
S012;170;gamma;170;-;1;43;delta;
S012;175;gamma;5;+;2;54;;
S012;176;epsilon;8;+;12;44;;
S012;177;epsilon;1;-;13;60;;
S012;178;alpha;10;+;20;113;;
S012;179;alpha;1;-;21;115;;
S012;180;gamma;5;-;3;37;;
S012;181;gamma;1;+;4;117;;
S012;182;gamma;1;-;5;28;;
S012;196;beta;196;-;1;69;;
S012;197;beta;1;+;2;56;;
S012;199;beta;2;-;3;54;;
S012;201;beta;2;+;4;34;;
S012;202;beta;1;-;5;87;;
S012;203;beta;1;+;6;109;epsilon;
S012;204;alpha;25;+;22;95;;
S012;208;epsilon;31;+;14;62;;
S012;208;gamma;26;+;6;32;;
S012;209;epsilon;1;-;15;113;;
S012;209;gamma;1;-;7;67;;
S012;210;epsilon;1;+;16;115;;
S012;210;gamma;1;+;8;36;epsilon;
S012;216;gamma;6;-;9;112;;
S012;221;gamma;5;+;10;109;epsilon;
S012;223;gamma;2;-;11;76;;
S012;224;gamma;1;+;12;126;;
S012;225;alpha;21;-;23;123;;delta
S012;225;epsilon;15;-;17;85;;
S012;225;gamma;1;-;13;118;;
S012;225;beta;22;-;7;0;;
S012;272;delta;272;-;1;18;epsilon;
S012;283;delta;11;+;2;33;;
S012;287;alpha;62;+;24;43;delta;
S012;289;alpha;2;-;25;51;;
S012;289;delta;6;-;3;82;;
S012;293;alpha;4;+;26;6;;
S012;294;delta;5;+;4;63;;
S012;304;delta;10;-;5;87;;
S012;305;delta;1;+;6;109;epsilon;
S012;306;alpha;13;-;27;105;;
S012;306;delta;1;-;7;75;;
S012;309;alpha;3;+;28;37;;
S012;310;delta;4;+;8;119;;
S012;312;epsilon;87;+;18;78;;
S012;330;gamma;105;+;14;122;;
S012;338;alpha;29;-;29;46;;
S012;338;gamma;8;-;15;85;;
S012;343;alpha;5;+;30;84;delta;
S012;343;gamma;5;+;16;93;;
S012;346;alpha;3;-;31;81;;
S012;347;alpha;1;+;32;49;;
S012;352;alpha;5;-;33;114;;
S012;356;alpha;4;+;34;1;;
S012;360;alpha;4;-;35;14;;
S012;360;epsilon;48;-;19;101;;
S012;362;gamma;19;-;17;48;;gamma
S012;362;delta;52;-;9;14;;
S012;420;alpha;60;+;36;63;;
S012;422;alpha;2;-;37;124;;
S012;423;alpha;1;+;38;98;;
S012;426;alpha;3;-;39;94;;
S012;429;alpha;3;+;40;54;;
S012;437;alpha;8;-;41;40;;
S012;451;alpha;14;+;42;77;;
S012;451;epsilon;91;+;20;31;;epsilon
S012;453;alpha;2;-;43;10;;
S012;453;epsilon;2;-;21;58;;
S012;456;alpha;3;+;44;103;;
S012;457;alpha;1;-;45;15;;
S012;460;alpha;3;+;46;26;;
S012;461;alpha;1;-;47;7;;
S012;462;alpha;1;+;48;71;;
S012;463;epsilon;10;+;22;95;;
S012;464;epsilon;1;-;23;62;;
S012;465;epsilon;1;+;24;113;;
S012;466;epsilon;1;-;25;115;;
S012;468;epsilon;2;+;26;9;;
S012;472;alpha;10;-;49;125;;
S012;472;epsilon;4;-;27;94;;
S012;488;alpha;16;+;50;70;;
S012;488;epsilon;16;+;28;18;epsilon;
S012;490;gamma;128;+;18;122;;
S012;509;alpha;21;-;51;36;epsilon;delta
S012;510;alpha;1;+;52;107;beta;
S012;512;alpha;2;-;53;56;;
S012;514;alpha;2;+;54;54;;
S012;518;beta;293;+;8;39;;
S012;543;alpha;29;-;55;95;;
S012;546;epsilon;58;-;29;80;;
S012;548;epsilon;2;+;30;40;;
S012;556;alpha;13;+;56;115;;
S012;557;alpha;1;-;57;8;;
S012;560;epsilon;12;-;31;75;;
S012;566;alpha;9;+;58;89;;
S012;568;epsilon;8;+;32;123;;
S012;581;alpha;15;-;59;25;;
S012;582;epsilon;14;-;33;122;;
S012;583;alpha;2;+;60;125;;
S012;583;epsilon;1;+;34;78;;
S012;584;alpha;1;-;61;108;gamma;
S012;584;epsilon;1;-;35;19;gamma;
S012;591;gamma;101;-;19;54;;
S012;599;beta;81;-;9;44;;
S012;607;beta;8;+;10;67;;
S012;608;beta;1;-;11;36;epsilon;
S012;610;alpha;26;+;62;31;;
S012;610;beta;2;+;12;108;gamma;
S012;611;alpha;1;-;63;57;;
S012;611;beta;1;-;13;65;;
S012;660;alpha;49;+;64;34;;
S012;662;epsilon;78;+;36;73;;
S012;663;epsilon;1;-;37;96;;
S012;665;alpha;5;-;65;91;epsilon;
S012;685;alpha;20;+;66;103;;beta
S012;686;alpha;1;-;67;15;;
S012;692;alpha;6;+;68;29;;
S012;693;epsilon;30;+;38;105;;
S012;694;epsilon;1;-;39;35;;
S012;696;epsilon;2;+;40;98;;
S012;698;epsilon;2;-;41;93;;
S012;699;alpha;7;-;69;43;delta;
S012;710;alpha;11;+;70;120;;
S012;711;epsilon;13;+;42;42;;
S012;713;alpha;3;-;71;60;;
S012;713;epsilon;2;-;43;41;;
S012;714;alpha;1;+;72;93;;
S012;715;epsilon;2;+;44;31;;
S012;716;alpha;2;-;73;43;delta;
S012;716;epsilon;1;-;45;57;;
S012;723;alpha;7;+;74;56;;
S012;723;epsilon;7;+;46;69;;
S012;728;gamma;137;+;20;35;;
S012;731;beta;120;+;14;96;;
S012;732;beta;1;-;15;72;;
S012;734;beta;2;+;16;87;;
S012;735;beta;1;-;17;109;epsilon;
S012;736;beta;1;+;18;75;;
S012;743;delta;381;+;10;30;;
S012;764;alpha;41;-;75;53;;
S012;765;alpha;1;+;76;23;;
S012;780;alpha;15;-;77;29;;
S012;783;alpha;3;+;78;39;;
S012;784;alpha;1;-;79;10;;
S012;785;epsilon;62;-;47;104;;
S012;789;delta;46;-;11;125;;
S012;791;gamma;63;-;21;7;;
S012;794;gamma;3;+;22;73;;
S012;794;delta;5;+;12;112;;
S012;795;delta;1;-;13;105;;
S012;796;gamma;2;-;23;97;;
S012;798;beta;62;-;19;69;;
S012;803;gamma;7;+;24;88;;
S012;803;beta;5;+;20;60;;
S012;803;delta;8;+;14;42;;
S012;804;alpha;20;+;80;4;;beta
S012;809;alpha;5;-;81;45;;
S012;809;gamma;6;-;25;124;;
S012;810;beta;7;-;21;99;;
S012;810;delta;7;-;15;46;;
S012;811;alpha;2;+;82;71;;
S012;811;gamma;2;+;26;99;;
S012;811;beta;1;+;22;102;;
S012;811;delta;1;+;16;80;;
S012;816;epsilon;31;+;48;17;alpha;
S012;821;epsilon;5;-;49;48;;
S012;822;epsilon;1;+;50;100;gamma;
S012;823;alpha;12;-;83;0;;
S012;823;epsilon;1;-;51;112;;
S012;823;gamma;12;-;27;6;;
S012;824;beta;13;-;23;53;;
S012;824;delta;13;-;17;12;;
S012;825;beta;1;+;24;23;;
S012;825;delta;1;+;18;121;;
S012;826;beta;1;-;25;104;;
S012;826;delta;1;-;19;68;alpha;
S012;827;beta;1;+;26;25;;
S012;827;delta;1;+;20;46;;
S012;828;beta;1;-;27;124;;
S012;828;delta;1;-;21;80;;
S012;829;beta;1;+;28;98;;
S012;829;delta;1;+;22;39;;
S012;830;beta;1;-;29;92;;
S012;830;delta;1;-;23;10;;
S012;877;alpha;54;+;84;54;;
S012;889;epsilon;66;+;52;90;;
S012;890;epsilon;1;-;53;12;;
S012;892;epsilon;2;+;54;122;;
S012;901;gamma;78;+;28;43;delta;
S012;906;gamma;5;-;29;54;;
S012;908;gamma;2;+;30;34;;
S012;917;beta;87;+;30;16;;
S012;918;delta;88;+;24;72;;
S012;924;delta;6;-;25;91;epsilon;
S012;935;alpha;58;-;85;124;;
S012;936;alpha;1;+;86;98;;
S012;937;alpha;1;-;87;92;;
S012;940;alpha;3;+;88;34;;
S012;943;alpha;3;-;89;89;;
S012;945;epsilon;53;-;55;61;;
S012;957;alpha;14;+;90;24;;
S012;957;epsilon;12;+;56;16;;
S012;963;delta;39;+;26;122;;
S012;966;delta;3;-;27;80;;
S012;967;delta;1;+;28;39;;
S012;973;delta;6;-;29;15;;
S012;974;alpha;17;-;91;4;;alpha
S012;974;epsilon;17;-;57;93;;alpha
S012;975;alpha;1;+;92;41;;
S012;976;alpha;1;-;93;30;;
S012;977;alpha;1;+;94;47;;
S012;977;epsilon;3;+;58;44;;
S012;977;delta;4;+;30;27;gamma;
S012;978;alpha;1;-;95;90;;
S012;978;epsilon;1;-;59;60;;
S012;978;delta;1;-;31;17;alpha;
S012;981;epsilon;3;+;60;95;;
S012;982;epsilon;1;-;61;62;;
S012;983;epsilon;1;+;62;113;;
S012;986;epsilon;3;-;63;117;;
S012;987;alpha;9;+;96;20;beta;
S012;987;epsilon;1;+;64;28;;
S012;987;delta;9;+;32;52;;
S012;988;alpha;1;-;97;74;;
S012;988;delta;1;-;33;13;;
S012;990;epsilon;3;-;65;29;;
S012;992;epsilon;2;+;66;38;;
S012;994;epsilon;2;-;67;1;;
S012;995;epsilon;1;+;68;11;;
S012;996;alpha;8;+;98;113;;
S012;996;delta;8;+;34;11;;
S012;999;alpha;3;-;99;117;;
S012;999;epsilon;4;-;69;114;;
S012;999;delta;3;-;35;113;;
S012;1000;alpha;1;+;100;28;;
S012;1000;epsilon;1;+;70;125;;
S012;1000;delta;1;+;36;115;;
S012;1002;alpha;2;-;101;28;;
S012;1002;epsilon;2;-;71;109;epsilon;
S012;1002;gamma;94;-;31;65;;
S012;1002;delta;2;-;37;9;;
S012;1003;gamma;1;+;32;16;;
S012;1004;gamma;1;-;33;34;;
S012;1015;alpha;13;+;102;19;gamma;
S012;1015;epsilon;13;+;72;118;;
S012;1015;gamma;11;+;34;109;epsilon;
S012;1015;delta;13;+;38;24;;
S012;1037;alpha;22;-;103;17;alpha;
S012;1044;alpha;7;+;104;50;;
S012;1048;alpha;4;-;105;123;;
S012;1050;epsilon;35;-;73;24;;
S012;1051;epsilon;1;+;74;114;;
S012;1053;epsilon;2;-;75;126;;
S012;1058;epsilon;5;+;76;122;;
S012;1059;epsilon;1;-;77;78;;
S012;1062;gamma;47;-;35;25;;
S012;1062;beta;145;-;31;16;;
S012;1066;delta;51;-;39;38;;
S012;1069;delta;3;+;40;2;;
S012;1070;delta;1;-;41;21;delta;
S012;1096;alpha;48;+;106;29;;
S012;1099;alpha;3;-;107;39;;
S012;1100;alpha;1;+;108;10;;
S012;1101;alpha;1;-;109;101;;
S012;1102;alpha;1;+;110;122;;
S012;1105;alpha;3;-;111;80;;
S012;1106;alpha;1;+;112;39;;
S012;1110;epsilon;51;+;78;104;;
S012;1110;delta;40;+;42;108;gamma;
S012;1111;delta;1;-;43;65;;
S012;1112;delta;1;+;44;16;;
S012;1114;delta;2;-;45;35;;
S012;1120;delta;6;+;46;102;;
S012;1121;beta;59;+;32;8;;alpha
S012;1122;beta;1;-;33;81;;
S012;1123;alpha;17;-;113;107;beta;alpha
S012;1123;delta;3;-;47;7;;
S012;1125;alpha;2;+;114;56;;
S012;1127;delta;4;+;48;74;;
S012;1128;alpha;3;-;115;55;;
S012;1128;delta;1;-;49;106;delta;
S012;1129;epsilon;19;-;79;5;;gamma
S012;1133;epsilon;4;+;80;54;;
S012;1134;epsilon;1;-;81;33;;
S012;1135;epsilon;1;+;82;77;;
S012;1136;epsilon;1;-;83;9;;
S012;1138;alpha;10;+;116;49;;
S012;1138;epsilon;2;+;84;92;;
S012;1139;gamma;77;+;36;37;;
S012;1139;beta;17;+;34;116;;alpha
S012;1139;delta;11;+;50;70;;
S012;1181;alpha;43;-;117;117;;delta
S012;1182;alpha;1;+;118;28;;
S012;1205;alpha;23;-;119;29;;
S012;1212;epsilon;74;-;85;3;;
S012;1213;epsilon;1;+;86;31;;
S012;1215;epsilon;2;-;87;58;;
S012;1216;epsilon;1;+;88;73;;
S012;1219;alpha;14;+;120;120;;
S012;1320;alpha;39;-;121;101;;
S012;1322;epsilon;44;-;89;105;;
S012;1329;gamma;128;-;37;44;;
S012;1330;gamma;1;+;38;60;;
S012;1341;alpha;21;+;122;88;;delta
S012;1352;alpha;11;-;123;48;;
S012;1353;gamma;23;-;39;54;;
S012;1364;alpha;12;+;124;113;;
S012;1364;gamma;11;+;40;77;;
S012;1365;alpha;1;-;125;115;;
S012;1365;gamma;1;-;41;9;;
S012;1366;alpha;1;+;126;8;;
S012;1366;gamma;1;+;42;91;epsilon;
S012;1367;epsilon;45;+;90;4;;
S012;1385;alpha;19;-;127;57;;gamma
S012;1385;epsilon;18;-;91;37;;epsilon
S012;1385;gamma;19;-;43;102;;gamma
S012;1386;beta;185;-;35;107;beta;
S012;1393;beta;7;+;36;61;;
S012;1397;epsilon;12;+;92;29;;
S012;1398;alpha;13;+;128;125;;
S012;1399;gamma;14;+;44;54;;
S013;9;alpha;9;-;1;9;;
S013;12;epsilon;12;-;1;12;;
S013;14;epsilon;2;+;2;122;;
S013;15;alpha;6;+;2;96;;
S013;16;alpha;1;-;3;72;;
S013;17;alpha;1;+;4;86;;
S013;89;alpha;72;-;5;36;epsilon;
S013;92;alpha;3;+;6;109;epsilon;
S013;120;alpha;28;-;7;6;;
S013;121;alpha;1;+;8;61;;
S013;133;alpha;12;-;9;16;;
S013;137;epsilon;123;-;3;76;;
S013;150;gamma;150;-;1;23;;
S013;154;gamma;4;+;2;107;beta;
S013;155;gamma;1;-;3;55;;
S013;161;alpha;28;+;10;104;;
S013;161;gamma;6;+;4;48;;
S013;162;alpha;1;-;11;25;;
S013;162;gamma;1;-;5;100;gamma;
S013;169;alpha;7;+;12;3;;
S013;170;alpha;1;-;13;31;;
S013;172;alpha;2;+;14;58;;
S013;177;epsilon;40;+;4;20;beta;
S013;177;gamma;15;+;6;109;epsilon;
S013;180;gamma;3;-;7;77;;
S013;181;gamma;1;+;8;9;;
S013;182;gamma;1;-;9;91;epsilon;
S013;183;epsilon;6;-;5;79;;
S013;185;alpha;13;-;15;98;;
S013;188;beta;188;-;1;61;;
S013;190;beta;2;+;2;104;;
S013;191;beta;1;-;3;25;;
S013;194;beta;3;+;4;126;;
S013;195;beta;1;-;5;118;;
S013;201;alpha;16;+;16;37;;
S013;201;epsilon;18;+;6;44;;epsilon
S013;201;beta;6;+;6;43;delta;
S013;203;alpha;2;-;17;118;;
S013;203;epsilon;2;-;7;61;;
S013;203;beta;2;-;7;51;;
S013;204;alpha;1;+;18;38;;
S013;204;epsilon;1;+;8;103;;
S013;204;beta;1;+;8;3;;
S013;211;gamma;29;+;10;112;;
S013;219;gamma;8;-;11;112;;
S013;219;beta;15;-;9;61;;
S013;220;alpha;16;-;19;6;;
S013;220;epsilon;16;-;9;29;;
S013;221;epsilon;1;+;10;37;;
S013;222;alpha;2;+;20;62;;
S013;222;gamma;3;+;12;107;beta;
S013;222;beta;3;+;10;105;;
S013;236;alpha;14;-;21;118;;
S013;239;beta;17;-;11;103;;alpha
S013;240;beta;1;+;12;15;;
S013;241;alpha;5;+;22;42;;
S013;263;alpha;22;-;23;31;;
S013;267;epsilon;46;-;11;63;;
S013;271;gamma;49;-;13;81;;
S013;271;beta;31;-;13;7;;
S013;272;gamma;1;+;14;49;;
S013;273;beta;2;+;14;72;;
S013;276;alpha;13;+;24;65;;
S013;276;epsilon;9;+;12;4;;
S013;287;alpha;11;-;25;34;;
S013;288;epsilon;12;-;13;31;;
S013;289;gamma;17;-;15;91;epsilon;alpha
S013;289;beta;16;-;15;104;;
S013;292;beta;3;+;16;27;gamma;
S013;293;beta;1;-;17;17;alpha;
S013;297;gamma;8;+;16;29;;
S013;297;beta;4;+;18;47;;
S013;299;alpha;12;+;26;110;alpha;
S013;299;epsilon;11;+;14;63;;
S013;323;alpha;24;-;27;102;;
S013;332;epsilon;33;-;15;110;alpha;
S013;332;gamma;35;-;17;14;;
S013;335;gamma;3;+;18;16;;
S013;337;epsilon;5;+;16;89;;
S013;338;epsilon;1;-;17;2;;
S013;338;gamma;3;-;19;36;epsilon;
S013;339;gamma;1;+;20;107;beta;
S013;340;epsilon;2;+;18;22;;
S013;341;alpha;18;+;28;58;;epsilon
S013;342;alpha;1;-;29;73;;
S013;343;alpha;1;+;30;96;;
S013;344;alpha;1;-;31;72;;
S013;345;alpha;1;+;32;86;;
S013;346;alpha;1;-;33;99;;
S013;346;epsilon;6;-;19;99;;
S013;346;gamma;7;-;21;61;;
S013;347;gamma;1;+;22;103;;
S013;348;alpha;2;+;34;103;;
S013;349;alpha;1;-;35;15;;
S013;350;gamma;3;-;23;17;alpha;
S013;352;alpha;3;+;36;26;;
S013;352;gamma;2;+;24;45;;
S013;355;alpha;3;-;37;9;;
S013;355;gamma;3;-;25;72;;
S013;357;beta;60;-;19;61;;
S013;358;beta;1;+;20;103;;
S013;359;alpha;4;+;38;94;;
S013;359;epsilon;13;+;20;7;;
S013;359;gamma;4;+;26;89;;
S013;360;alpha;1;-;39;52;;
S013;360;epsilon;1;-;21;71;;
S013;360;gamma;1;-;27;2;;
S013;361;gamma;1;+;28;21;delta;
S013;362;gamma;1;-;29;84;delta;
S013;364;alpha;4;+;40;16;;
S013;364;gamma;2;+;30;80;;
S013;365;epsilon;5;+;22;80;;
S013;384;alpha;20;-;41;96;;beta
S013;385;alpha;1;+;42;72;;
S013;388;alpha;3;-;43;88;;
S013;389;alpha;1;+;44;119;;
S013;397;alpha;8;-;45;55;;
S013;402;epsilon;37;-;23;36;epsilon;
S013;403;gamma;39;-;31;38;;
S013;405;gamma;2;+;32;1;;
S013;406;gamma;1;-;33;11;;
S013;409;gamma;3;+;34;113;;
S013;413;gamma;4;-;35;118;;
S013;420;gamma;7;+;36;44;;
S013;421;alpha;24;+;46;63;;
S013;422;epsilon;20;+;24;64;;beta
S013;439;alpha;18;-;47;95;;epsilon
S013;439;epsilon;17;-;25;67;;alpha
S013;439;gamma;19;-;37;101;;gamma
S013;440;gamma;1;+;38;122;;
S013;447;gamma;7;-;39;84;delta;
S013;448;epsilon;9;+;26;44;;
S013;448;gamma;1;+;40;79;;
S013;449;alpha;10;+;48;112;;
S013;455;alpha;6;-;49;110;alpha;
S013;456;epsilon;8;-;27;67;;
S013;459;gamma;11;-;41;37;;
S013;464;beta;106;-;21;109;epsilon;delta
S013;467;beta;3;+;22;77;;
S013;468;beta;1;-;23;9;;
S013;477;delta;477;-;1;96;;
S013;478;delta;1;+;2;72;;
S013;479;delta;1;-;3;86;;
S013;480;delta;1;+;4;99;;
S013;482;alpha;27;+;50;105;;gamma
S013;484;alpha;2;-;51;36;epsilon;
S013;487;alpha;3;+;52;109;epsilon;
S013;492;alpha;5;-;53;79;;
S013;495;delta;15;-;5;9;;
S013;513;alpha;21;+;54;47;;delta
S013;514;alpha;1;-;55;90;;
S013;515;alpha;1;+;56;12;;
S013;516;epsilon;60;+;28;29;;
S013;516;delta;21;+;6;32;;delta
S013;520;delta;4;-;7;70;;
S013;521;epsilon;5;-;29;41;;
S013;528;epsilon;7;+;30;36;epsilon;
S013;529;delta;9;+;8;74;;
S013;531;delta;2;-;9;107;beta;
S013;532;epsilon;4;-;31;110;alpha;
S013;533;alpha;18;-;57;75;;epsilon
S013;536;alpha;3;+;58;118;;
S013;536;epsilon;4;+;32;88;;
S013;537;delta;6;+;10;60;;
S013;538;gamma;79;+;42;96;;
S013;539;gamma;1;-;43;72;;
S013;541;delta;4;-;11;96;;
S013;542;delta;1;+;12;72;;
S013;543;alpha;7;-;59;44;;
S013;543;delta;1;-;13;86;;
S013;544;alpha;1;+;60;60;;
S013;545;delta;2;+;14;100;gamma;
S013;547;gamma;8;+;44;93;;
S013;548;gamma;1;-;45;42;;
S013;548;delta;3;-;15;114;;
S013;549;delta;1;+;16;125;;
S013;552;alpha;8;-;61;100;gamma;
S013;552;delta;3;-;17;110;alpha;
S013;556;epsilon;20;-;33;57;;beta
S013;611;alpha;59;+;62;26;;alpha
S013;612;alpha;1;-;63;7;;
S013;613;alpha;1;+;64;71;;
S013;618;epsilon;62;+;34;47;;
S013;623;epsilon;5;-;35;94;;
S013;627;epsilon;4;+;36;55;;
S013;628;alpha;15;-;65;3;;
S013;628;epsilon;1;-;37;43;delta;
S013;721;alpha;93;+;66;12;;
S013;723;epsilon;95;+;38;77;;
S013;739;alpha;18;-;67;75;;epsilon
S013;739;epsilon;16;-;39;96;;
S013;740;alpha;1;+;68;116;;
S013;740;epsilon;1;+;40;72;;
S013;741;alpha;1;-;69;18;epsilon;
S013;743;epsilon;3;-;41;88;;
S013;747;epsilon;4;+;42;122;;
S013;751;epsilon;4;-;43;81;;
S013;756;alpha;15;+;70;37;;
S013;756;epsilon;5;+;44;53;;
S013;761;alpha;5;-;71;121;;
S013;761;epsilon;5;-;45;27;gamma;
S013;762;alpha;1;+;72;68;alpha;
S013;762;epsilon;1;+;46;17;alpha;
S013;765;epsilon;3;-;47;46;;
S013;767;epsilon;2;+;48;81;;
S013;770;epsilon;3;-;49;51;;
S013;771;alpha;9;-;73;54;;
S013;773;alpha;2;+;74;34;;
S013;774;epsilon;4;+;50;6;;
S013;775;gamma;227;+;46;63;;
S013;778;epsilon;4;-;51;64;;
S013;778;gamma;3;-;47;125;;
S013;779;epsilon;1;+;52;6;;
S013;779;gamma;1;+;48;108;gamma;
S013;787;beta;319;+;24;48;;
S013;789;beta;2;-;25;101;;
S013;790;beta;1;+;26;122;;
S013;791;beta;1;-;27;78;;
S013;795;alpha;22;-;75;120;;
S013;797;epsilon;18;-;53;110;alpha;epsilon
S013;797;gamma;18;-;49;23;;epsilon
S013;799;epsilon;2;+;54;86;;
S013;799;gamma;2;+;50;105;;
S013;800;epsilon;1;-;55;99;;
S013;800;gamma;1;-;51;35;;
S013;843;alpha;48;+;76;110;alpha;
S013;845;alpha;2;-;77;86;;
S013;855;alpha;10;+;78;101;;
S013;856;alpha;1;-;79;122;;
S013;881;alpha;25;+;80;33;;
S013;882;epsilon;82;+;56;76;;
S013;909;gamma;109;+;52;57;;epsilon
S013;917;alpha;36;-;81;34;;epsilon
S013;917;gamma;8;-;53;70;;
S013;918;alpha;1;+;82;87;;
S013;918;gamma;1;+;54;66;;
S013;943;alpha;25;-;83;89;;
S013;950;epsilon;68;-;57;48;;alpha
S013;954;epsilon;4;+;58;103;;
S013;955;alpha;12;+;84;22;;
S013;955;beta;164;+;28;59;alpha;
S013;960;alpha;5;-;85;98;;
S013;960;epsilon;6;-;59;20;beta;
S013;960;beta;5;-;29;87;;
S013;968;beta;8;+;30;116;;
S013;970;alpha;10;+;86;31;;
S013;970;epsilon;10;+;60;105;;
S013;971;epsilon;1;-;61;35;;
S013;972;alpha;2;-;87;58;;
S013;973;alpha;1;+;88;73;;
S013;974;epsilon;3;+;62;99;;
S013;975;epsilon;1;-;63;102;;
S013;978;epsilon;3;+;64;7;;
S013;979;alpha;6;-;89;101;;
S013;979;epsilon;1;-;65;71;;
S013;980;alpha;1;+;90;122;;
S013;982;epsilon;3;+;66;78;;
S013;983;epsilon;1;-;67;19;gamma;
S013;984;epsilon;1;+;68;64;;
S013;985;epsilon;1;-;69;6;;
S013;989;epsilon;4;+;70;64;;
S013;1035;alpha;55;-;91;63;;
S013;1036;alpha;1;+;92;123;;
S013;1040;alpha;4;-;93;91;epsilon;
S013;1041;alpha;1;+;94;22;;
S013;1042;alpha;1;-;95;94;;
S013;1043;alpha;1;+;96;52;;
S013;1050;alpha;7;-;97;19;gamma;
S013;1052;alpha;2;+;98;65;;
S013;1053;alpha;1;-;99;16;;
S013;1060;epsilon;71;-;71;121;;
S013;1074;alpha;21;+;100;97;;delta
S013;1074;epsilon;14;+;72;49;;
S013;1093;alpha;19;-;101;67;;gamma
S013;1094;alpha;1;+;102;36;epsilon;
S013;1101;delta;549;+;18;59;alpha;
S013;1102;delta;1;-;19;83;;
S013;1103;delta;1;+;20;69;;
S013;1104;delta;1;-;21;56;;
S013;1106;delta;2;+;22;54;;
S013;1113;delta;7;-;23;39;;
S013;1114;delta;1;+;24;10;;
S013;1140;alpha;46;-;103;90;;
S013;1140;epsilon;66;-;73;13;;
S013;1148;gamma;230;-;55;63;;
S013;1150;gamma;2;+;56;124;;
S013;1158;alpha;18;+;104;1;;epsilon
S013;1158;epsilon;18;+;74;48;;epsilon
S013;1218;alpha;60;-;105;33;;
S013;1219;alpha;1;+;106;77;;
S013;1220;alpha;1;-;107;9;;
S013;1234;alpha;14;+;108;25;;
S013;1321;alpha;25;-;109;112;;
S013;1321;epsilon;101;-;75;95;;
S013;1337;alpha;16;+;110;40;;
S013;1337;epsilon;16;+;76;118;;
S013;1338;alpha;1;-;111;20;beta;
S013;1338;epsilon;1;-;77;38;;
S013;1344;gamma;132;-;57;53;;
S013;1345;gamma;1;+;58;23;;
S013;1346;gamma;1;-;59;104;;
S013;1350;gamma;4;+;60;28;;
S013;1351;alpha;13;+;112;108;gamma;
S013;1352;alpha;1;-;113;65;;
S013;1352;gamma;2;-;61;28;;
S013;1367;beta;337;-;31;5;;
S013;1368;beta;1;+;32;51;;
S013;1369;beta;1;-;33;3;;
S013;1385;alpha;33;+;114;56;;
S013;1393;epsilon;55;+;78;45;;
S013;1393;beta;24;+;34;70;;
S013;1394;gamma;42;+;62;48;;
S013;1395;gamma;1;-;63;100;gamma;
S013;1396;gamma;1;+;64;112;;
S013;1399;gamma;3;-;65;107;beta;
S013;1402;gamma;3;+;66;57;;
S013;1410;beta;17;-;35;32;;alpha
S013;1411;alpha;26;-;115;38;;
S013;1411;gamma;9;-;67;71;;
S013;1415;gamma;4;+;68;79;;
S013;1416;alpha;5;+;116;4;;
S013;1418;beta;8;+;36;74;;
S013;1434;alpha;18;-;117;37;;epsilon
S013;1436;alpha;2;+;118;118;;
S014;5;alpha;5;-;1;5;;
S014;6;epsilon;6;-;1;6;;
S014;7;gamma;7;-;1;7;;
S014;7;beta;7;-;1;7;;
S014;37;alpha;32;+;2;24;;
S014;42;epsilon;36;+;2;1;;epsilon
S014;42;gamma;35;+;2;100;gamma;
S014;42;beta;35;+;2;100;gamma;
S014;43;gamma;1;-;3;112;;
S014;43;beta;1;-;3;112;;
S014;44;gamma;1;+;4;105;;
S014;44;beta;1;+;4;105;;
S014;45;epsilon;3;-;3;13;;
S014;45;gamma;1;-;5;35;;
S014;45;beta;1;-;5;35;;
S014;46;alpha;9;-;3;122;;
S014;51;delta;51;-;1;51;;
S014;80;alpha;34;+;4;42;;
S014;84;epsilon;39;+;4;69;;
S014;85;epsilon;1;-;5;56;;
S014;86;epsilon;1;+;6;53;;
S014;93;gamma;48;+;6;119;;
S014;93;delta;42;+;2;62;;
S014;94;gamma;1;-;7;48;;
S014;95;delta;2;-;3;114;;
S014;104;gamma;10;+;8;111;;
S014;104;delta;9;+;4;6;;
S014;106;delta;2;-;5;62;;
S014;107;gamma;3;-;9;97;;
S014;108;alpha;28;-;5;37;;
S014;118;alpha;10;+;6;27;gamma;
S014;118;gamma;11;+;10;59;alpha;
S014;121;delta;15;+;6;119;;
S014;122;beta;77;+;6;21;delta;
S014;124;beta;2;-;7;85;;
S014;125;beta;1;+;8;89;;
S014;134;beta;9;-;9;10;;
S014;134;delta;13;-;7;102;;
S014;135;alpha;17;-;7;50;;alpha
S014;135;epsilon;49;-;7;15;;
S014;137;gamma;19;-;11;77;;gamma
S014;142;gamma;5;+;12;13;;
S014;148;gamma;6;-;13;9;;
S014;149;gamma;1;+;14;91;epsilon;
S014;150;epsilon;15;+;8;118;;
S014;152;epsilon;2;-;9;39;;
S014;157;gamma;8;-;15;29;;
S014;158;gamma;1;+;16;37;;
S014;159;alpha;24;+;8;71;;
S014;160;alpha;1;-;9;76;;
S014;161;gamma;3;-;17;119;;
S014;188;alpha;28;+;10;8;;
S014;194;alpha;6;-;11;86;;
S014;226;alpha;32;+;12;123;;
S014;227;alpha;1;-;13;88;;
S014;250;alpha;23;+;14;60;;
S014;259;epsilon;107;+;10;118;;beta
S014;271;gamma;110;+;18;111;;alpha
S014;273;gamma;2;-;19;96;;
S014;274;gamma;1;+;20;72;;
S014;291;alpha;41;-;15;72;;
S014;294;alpha;3;+;16;88;;
S014;295;alpha;1;-;17;119;;
S014;296;alpha;1;+;18;48;;
S014;298;beta;164;+;10;4;;
S014;321;alpha;25;-;19;126;;
S014;324;epsilon;65;-;11;54;;
S014;325;epsilon;1;+;12;33;;
S014;329;alpha;8;+;20;125;;
S014;330;alpha;1;-;21;108;gamma;
S014;330;epsilon;5;-;13;81;;
S014;331;epsilon;1;+;14;49;;
S014;332;alpha;2;+;22;66;;
S014;337;alpha;5;-;23;30;;
S014;337;epsilon;6;-;15;115;;
S014;337;beta;39;-;11;58;;
S014;338;gamma;64;-;21;25;;
S014;339;gamma;1;+;22;124;;
S014;339;beta;2;+;12;74;;
S014;341;gamma;2;-;23;99;;
S014;341;beta;2;-;13;107;beta;
S014;342;gamma;1;+;24;102;;
S014;342;beta;1;+;14;55;;
S014;345;gamma;3;-;25;7;;
S014;345;beta;3;-;15;45;;
S014;346;beta;1;+;16;70;;
S014;347;gamma;2;+;26;72;;
S014;349;alpha;12;+;24;91;epsilon;
S014;350;alpha;1;-;25;22;;
S014;350;gamma;3;-;27;88;;
S014;350;beta;4;-;17;69;;
S014;397;alpha;47;+;26;88;;
S014;401;epsilon;64;+;16;7;;
S014;409;epsilon;8;-;17;78;;
S014;410;epsilon;1;+;18;19;gamma;
S014;414;alpha;17;-;27;54;;alpha
S014;414;epsilon;4;-;19;67;;
S014;420;alpha;6;+;28;38;;
S014;420;epsilon;6;+;20;41;;
S014;426;alpha;6;-;29;5;;
S014;427;alpha;1;+;30;51;;
S014;428;alpha;1;-;31;3;;
S014;431;alpha;3;+;32;33;;
S014;433;gamma;83;+;28;120;;
S014;439;beta;89;+;18;4;;
S014;456;alpha;25;-;33;23;;
S014;457;beta;18;-;19;37;;epsilon
S014;458;epsilon;38;-;21;74;;
S014;459;gamma;26;-;29;88;;
S014;467;epsilon;9;+;22;114;;
S014;467;gamma;8;+;30;126;;
S014;468;epsilon;1;-;23;125;;
S014;473;alpha;17;+;34;31;;alpha
S014;473;epsilon;5;+;24;112;;
S014;473;beta;16;+;20;33;;
S014;480;delta;346;+;8;111;;
S014;481;delta;1;-;9;95;;
S014;485;alpha;12;-;35;64;;
S014;485;epsilon;12;-;25;36;epsilon;
S014;485;beta;12;-;21;10;;
S014;487;alpha;2;+;36;7;;
S014;487;beta;2;+;22;102;;
S014;488;alpha;1;-;37;71;;
S014;488;beta;1;-;23;5;;
S014;489;gamma;22;-;31;49;;
S014;513;alpha;25;+;38;13;;
S014;514;alpha;1;-;39;4;;
S014;518;alpha;4;+;40;44;;
S014;519;alpha;1;-;41;60;;
S014;526;alpha;7;+;42;99;;
S014;527;alpha;1;-;43;102;;
S014;531;alpha;4;+;44;8;;
S014;533;alpha;2;-;45;82;;
S014;540;alpha;7;+;46;65;;
S014;541;alpha;1;-;47;16;;
S014;542;alpha;1;+;48;34;;
S014;545;epsilon;60;+;26;104;;
S014;547;gamma;58;+;32;5;;
S014;547;beta;59;+;24;51;;alpha
S014;549;gamma;2;-;33;52;;
S014;549;beta;2;-;25;4;;
S014;550;gamma;1;+;34;13;;
S014;550;beta;1;+;26;41;;
S014;551;beta;1;-;27;30;;
S014;552;gamma;2;-;35;5;;
S014;555;gamma;3;+;36;53;;
S014;556;beta;5;+;28;51;;
S014;557;gamma;2;-;37;24;;
S014;557;beta;1;-;29;3;;
S014;559;gamma;2;+;38;115;;
S014;561;beta;4;+;30;34;;
S014;570;delta;89;+;10;64;;
S014;575;delta;5;-;11;10;;
S014;576;delta;1;+;12;101;;
S014;579;delta;3;-;13;124;;
S014;581;alpha;39;-;49;10;;
S014;582;epsilon;37;-;27;23;;
S014;582;beta;21;-;31;119;;delta
S014;583;epsilon;1;+;28;104;;
S014;583;beta;1;+;32;48;;
S014;585;beta;2;-;33;101;;
S014;586;epsilon;3;-;29;27;gamma;
S014;588;epsilon;2;+;30;18;epsilon;
S014;588;beta;3;+;34;124;;
S014;592;alpha;11;+;50;122;;
S014;594;delta;15;+;14;96;;
S014;619;alpha;27;-;51;35;;gamma
S014;622;epsilon;34;-;31;56;;
S014;626;epsilon;4;+;32;56;;
S014;627;epsilon;1;-;33;53;;
S014;628;epsilon;1;+;34;23;;
S014;632;alpha;13;+;52;84;delta;
S014;634;alpha;2;-;53;80;;
S014;635;epsilon;7;-;35;110;alpha;
S014;636;alpha;2;+;54;40;;
S014;636;epsilon;1;+;36;85;;
S014;641;alpha;5;-;55;24;;
S014;641;epsilon;5;-;37;93;;
S014;643;alpha;2;+;56;115;;
S014;643;epsilon;2;+;38;43;delta;
S014;658;alpha;15;-;57;85;;
S014;658;epsilon;15;-;39;124;;
S014;658;gamma;99;-;39;42;;
S014;659;gamma;1;+;40;40;;
S014;660;alpha;2;+;58;90;;
S014;660;epsilon;2;+;40;99;;
S014;674;alpha;14;-;59;124;;
S014;676;epsilon;16;-;41;10;;
S014;679;gamma;20;-;41;83;;beta
S014;680;epsilon;4;+;42;104;;
S014;680;gamma;1;+;42;69;;
S014;681;epsilon;1;-;43;25;;
S014;687;gamma;7;-;43;62;;
S014;695;alpha;21;+;60;102;;delta
S014;695;gamma;8;+;44;120;;
S014;696;alpha;1;-;61;5;;
S014;696;gamma;1;-;45;58;;
S014;699;beta;111;-;35;32;;
S014;700;beta;1;+;36;67;;
S014;701;beta;1;-;37;36;epsilon;
S014;703;delta;109;-;15;97;;epsilon
S014;717;alpha;21;+;62;13;;delta
S014;718;delta;15;+;16;63;;
S014;719;epsilon;38;+;44;125;;
S014;719;beta;18;+;38;62;;epsilon
S014;720;gamma;24;+;46;109;epsilon;
S014;724;epsilon;5;-;45;112;;
S014;724;gamma;4;-;47;78;;
S014;724;beta;5;-;39;117;;
S014;725;alpha;8;-;63;11;;
S014;725;delta;7;-;17;2;;
S014;731;alpha;6;+;64;116;;
S014;732;delta;7;+;18;27;gamma;
S014;733;epsilon;9;+;46;113;;
S014;733;gamma;9;+;48;27;gamma;
S014;733;beta;9;+;40;36;epsilon;
S014;740;alpha;9;-;65;26;;
S014;740;epsilon;7;-;47;121;;
S014;740;gamma;7;-;49;23;;
S014;740;beta;7;-;41;113;;
S014;741;epsilon;1;+;48;68;alpha;
S014;742;alpha;2;+;66;8;;
S014;744;alpha;2;-;67;82;;
S014;744;epsilon;3;-;49;48;;
S014;745;delta;13;-;19;46;;
S014;747;alpha;3;+;68;61;;
S014;747;epsilon;3;+;50;102;;
S014;747;delta;2;+;20;81;;
S014;748;gamma;8;+;50;111;;
S014;748;beta;8;+;42;122;;
S014;750;alpha;3;-;69;105;;
S014;750;epsilon;3;-;51;7;;
S014;750;gamma;2;-;51;96;;
S014;750;beta;2;-;43;79;;
S014;750;delta;3;-;21;51;;
S014;774;alpha;24;+;70;110;alpha;
S014;784;alpha;10;-;71;88;;
S014;785;alpha;1;+;72;119;;
S014;791;alpha;6;-;73;53;;
S014;795;alpha;4;+;74;26;;
S014;796;alpha;1;-;75;7;;
S014;797;alpha;1;+;76;71;;
S014;798;epsilon;48;+;52;113;;
S014;812;alpha;15;-;77;3;;
S014;812;epsilon;14;-;53;11;;
S014;840;alpha;28;+;78;74;;
S014;849;epsilon;37;+;54;121;;
S014;852;epsilon;3;-;55;70;;
S014;854;epsilon;2;+;56;67;;
S014;856;alpha;16;-;79;50;;
S014;856;epsilon;2;-;57;37;;
S014;857;alpha;1;+;80;120;;
S014;859;epsilon;3;+;58;119;;
S014;860;gamma;110;+;52;98;;alpha
S014;889;alpha;32;-;81;94;;
S014;891;epsilon;32;-;59;121;;
S014;891;gamma;31;-;53;52;;
S014;892;epsilon;1;+;60;68;alpha;
S014;892;gamma;1;+;54;13;;
S014;894;epsilon;2;-;61;47;;
S014;895;gamma;3;-;55;6;;
S014;905;alpha;16;+;82;18;epsilon;
S014;905;epsilon;11;+;62;12;;
S014;905;gamma;10;+;56;102;;
S014;905;beta;155;+;44;34;;
S014;911;alpha;6;-;83;59;alpha;
S014;911;epsilon;6;-;63;126;;
S014;911;gamma;6;-;57;10;;
S014;911;beta;6;-;45;92;;
S014;914;gamma;3;+;58;103;;
S014;915;beta;4;+;46;35;;
S014;916;alpha;5;+;84;87;;
S014;917;epsilon;6;+;64;123;;
S014;918;epsilon;1;-;65;88;;
S014;919;epsilon;1;+;66;119;;
S014;920;epsilon;1;-;67;48;;
S014;921;alpha;5;-;85;113;;
S014;921;beta;6;-;47;102;;
S014;923;gamma;9;-;59;23;;
S014;927;gamma;4;+;60;107;beta;
S014;929;alpha;8;+;86;122;;
S014;929;epsilon;9;+;68;108;gamma;
S014;929;beta;8;+;48;12;;
S014;930;alpha;1;-;87;78;;
S014;930;epsilon;1;-;69;65;;
S014;930;beta;1;-;49;121;;
S014;931;gamma;4;-;61;58;;
S014;940;alpha;10;+;88;63;;
S014;940;epsilon;10;+;70;33;;
S014;940;gamma;9;+;62;81;;
S014;941;alpha;1;-;89;123;;
S014;941;epsilon;1;-;71;77;;
S014;941;gamma;1;-;63;49;;
S014;943;alpha;2;+;90;89;;
S014;944;epsilon;3;+;72;11;;
S014;944;gamma;3;+;64;112;;
S014;944;beta;14;+;50;49;;
S014;945;alpha;2;-;91;3;;
S014;945;epsilon;1;-;73;111;;
S014;945;gamma;1;-;65;105;;
S014;945;beta;1;-;51;110;alpha;
S014;951;alpha;6;+;92;36;epsilon;
S014;951;epsilon;6;+;74;100;gamma;
S014;951;gamma;6;+;66;40;;
S014;951;beta;6;+;52;90;;
S014;953;gamma;2;-;67;21;delta;
S014;954;alpha;3;-;93;109;epsilon;
S014;954;epsilon;3;-;75;114;;
S014;954;beta;3;-;53;14;;
S014;955;alpha;1;+;94;75;;
S014;958;alpha;3;-;95;118;;
S014;962;alpha;4;+;96;41;;
S014;962;epsilon;8;+;76;5;;
S014;962;beta;8;+;54;21;delta;
S014;966;gamma;13;+;68;81;;
S014;968;gamma;2;-;69;50;;
S014;969;gamma;1;+;70;120;;
S014;970;gamma;1;-;71;58;;
S014;971;gamma;1;+;72;73;;
S014;1002;alpha;40;-;97;76;;
S014;1012;epsilon;50;-;77;42;;
S014;1014;epsilon;2;+;78;41;;
S014;1017;epsilon;3;-;79;32;;
S014;1022;epsilon;5;+;80;71;;
S014;1024;epsilon;2;-;81;77;;
S014;1025;alpha;23;+;98;3;;
S014;1025;epsilon;1;+;82;9;;
S014;1026;alpha;1;-;99;31;;
S014;1026;epsilon;1;-;83;91;epsilon;
S014;1029;alpha;3;+;100;59;alpha;
S014;1033;alpha;4;-;101;86;;
S014;1039;alpha;6;+;102;104;;
S014;1043;epsilon;17;+;84;100;gamma;alpha
S014;1064;delta;314;+;22;6;;
S014;1066;delta;2;-;23;62;;
S014;1067;delta;1;+;24;113;;
S014;1068;delta;1;-;25;115;;
S014;1070;delta;2;+;26;9;;
S014;1074;delta;4;-;27;94;;
S014;1075;delta;1;+;28;52;;
S014;1082;alpha;43;-;103;29;;delta
S014;1083;delta;8;-;29;20;beta;
S014;1084;epsilon;41;-;85;8;;
S014;1084;gamma;113;-;73;88;;
S014;1086;beta;124;-;55;42;;
S014;1097;beta;11;+;56;20;beta;
S014;1099;beta;2;-;57;75;;
S014;1101;beta;2;+;58;117;;
S014;1103;beta;2;-;59;29;;
S014;1124;alpha;42;+;104;21;delta;
S014;1130;alpha;6;-;105;89;;
S014;1133;alpha;3;+;106;4;;
S014;1136;epsilon;52;+;86;90;;
S014;1137;epsilon;1;-;87;12;;
S014;1141;alpha;8;-;107;48;;
S014;1142;alpha;1;+;108;100;gamma;
S014;1143;epsilon;6;+;88;126;;
S014;1145;delta;62;+;30;30;;
S014;1146;delta;1;-;31;47;;
S014;1147;delta;1;+;32;90;;
S014;1150;gamma;66;+;74;103;;
S014;1150;beta;47;+;60;26;;
S014;1171;alpha;29;-;109;123;;
S014;1175;alpha;4;+;110;91;epsilon;
S014;1177;alpha;2;-;111;23;;
S014;1189;epsilon;46;-;89;73;;
S014;1190;gamma;40;-;75;53;;
S014;1190;beta;40;-;61;100;gamma;
S014;1193;delta;46;-;33;29;;
S014;1200;delta;7;+;34;43;delta;
S014;1202;gamma;12;+;76;105;;
S014;1203;gamma;1;-;77;35;;
S014;1205;delta;5;-;35;54;;
S014;1212;delta;7;+;36;39;;
S014;1213;alpha;36;+;112;50;;epsilon
S014;1216;alpha;3;-;113;122;;
S014;1216;delta;4;-;37;13;;
S014;1217;alpha;1;+;114;78;;
S014;1217;delta;1;+;38;4;;
S014;1218;alpha;1;-;115;19;gamma;
S014;1218;delta;1;-;39;41;;
S014;1238;alpha;20;+;116;15;;beta
S014;1240;epsilon;51;+;90;112;;
S014;1242;epsilon;2;-;91;106;delta;
S014;1243;epsilon;1;+;92;45;;
S014;1247;delta;29;+;40;65;;
S014;1254;delta;7;-;41;22;;
S014;1255;epsilon;12;-;93;67;;
S014;1256;alpha;18;-;117;121;;epsilon
S014;1342;alpha;24;+;118;59;alpha;
S014;1342;epsilon;25;+;94;121;;
S014;1343;epsilon;1;-;95;68;alpha;
S014;1345;epsilon;2;+;96;47;;
S014;1348;epsilon;3;-;97;92;;
S014;1353;alpha;11;-;119;69;;
S014;1360;alpha;7;+;120;62;;
S014;1361;epsilon;13;+;98;69;;
S014;1361;gamma;96;+;78;40;;
S014;1362;gamma;1;-;79;20;beta;
S014;1375;alpha;15;-;121;119;;
S014;1375;epsilon;14;-;99;56;;
S014;1378;alpha;3;+;122;50;;
S014;1378;epsilon;3;+;100;55;;
S014;1379;alpha;1;-;123;120;;
S014;1379;epsilon;1;-;101;43;delta;
S014;1398;alpha;19;+;124;81;;gamma
S014;1400;alpha;2;-;125;50;;
S014;1401;alpha;1;+;126;120;;
S014;1402;alpha;1;-;127;58;;
S014;1414;alpha;12;+;128;97;;
S014;1418;epsilon;39;+;102;21;delta;
S014;1418;gamma;56;+;80;24;;
S014;1418;beta;166;+;62;90;;
S014;1420;beta;2;-;63;13;;
S014;1421;beta;1;+;64;4;;
S014;1423;gamma;5;-;81;118;;
S014;1423;beta;2;-;65;42;;
S014;1424;gamma;1;+;82;38;;
S014;1425;alpha;11;-;129;59;alpha;
S014;1425;epsilon;7;-;103;90;;
S014;1425;gamma;1;-;83;0;;
S014;1431;alpha;6;+;130;88;;
S014;1432;epsilon;7;+;104;18;epsilon;
S014;1434;alpha;3;-;131;121;;
S014;1434;epsilon;2;-;105;55;;
S014;1437;alpha;3;+;132;70;;
S014;1437;epsilon;3;+;106;45;;
S015;1;gamma;1;+;1;1;;
S015;2;alpha;2;-;1;2;;
S015;2;epsilon;2;-;1;2;;
S015;2;gamma;1;-;2;11;;
S015;7;alpha;5;+;2;25;;
S015;7;epsilon;5;+;2;25;;
S015;9;alpha;2;-;3;125;;
S015;9;epsilon;2;-;3;125;;
S015;10;alpha;1;+;4;108;gamma;
S015;12;epsilon;3;+;4;110;alpha;
S015;13;alpha;3;-;5;67;;
S015;13;epsilon;1;-;5;85;;
S015;32;alpha;19;+;6;115;;gamma
S015;33;alpha;1;-;7;8;;
S015;42;alpha;9;+;8;89;;
S015;46;alpha;4;-;9;5;;
S015;99;alpha;53;+;10;45;;
S015;111;epsilon;98;+;6;89;;
S015;114;epsilon;3;-;7;4;;
S015;119;alpha;20;-;11;75;;beta
S015;121;alpha;2;+;12;117;;
S015;121;epsilon;7;+;8;47;;
S015;127;alpha;6;-;13;33;;
S015;128;alpha;1;+;14;77;;
S015;130;alpha;2;-;15;10;;
S015;133;alpha;3;+;16;103;;
S015;135;alpha;2;-;17;16;;
S015;138;alpha;3;+;18;36;epsilon;
S015;141;alpha;3;-;19;109;epsilon;
S015;142;alpha;1;+;20;75;;
S015;151;alpha;9;-;21;124;;
S015;151;epsilon;30;-;9;31;;
S015;167;alpha;16;+;22;97;;
S015;167;epsilon;16;+;10;68;alpha;
S015;168;epsilon;1;-;11;46;;
S015;169;epsilon;1;+;12;80;;
S015;170;gamma;168;+;3;119;;
S015;171;alpha;4;-;23;85;;
S015;171;epsilon;2;-;13;40;;
S015;171;gamma;1;-;4;48;;
S015;181;alpha;10;+;24;1;;
S015;181;epsilon;10;+;14;73;;
S015;181;gamma;10;+;5;111;;
S015;184;epsilon;3;-;15;98;;
S015;185;alpha;4;-;25;14;;
S015;185;gamma;4;-;6;98;;
S015;186;alpha;1;+;26;14;;
S015;186;epsilon;2;+;16;93;;
S015;186;gamma;1;+;7;92;;
S015;189;epsilon;3;-;17;44;;
S015;191;alpha;5;-;27;18;epsilon;
S015;191;gamma;5;-;8;36;epsilon;
S015;192;alpha;1;+;28;54;;
S015;193;alpha;1;-;29;33;;
S015;195;alpha;2;+;30;78;;
S015;195;epsilon;6;+;18;65;;
S015;195;gamma;4;+;9;110;alpha;
S015;196;epsilon;1;-;19;16;;
S015;196;gamma;1;-;10;85;;
S015;197;epsilon;1;+;20;34;;
S015;198;epsilon;1;-;21;87;;
S015;199;epsilon;1;+;22;109;epsilon;
S015;200;gamma;4;+;11;92;;
S015;202;gamma;2;-;12;33;;
S015;203;gamma;1;+;13;77;;
S015;207;gamma;4;-;14;12;;
S015;208;alpha;13;-;31;66;;
S015;209;alpha;1;+;32;26;;
S015;210;gamma;3;+;15;123;;
S015;211;gamma;1;-;16;88;;
S015;213;alpha;4;-;33;10;;
S015;213;epsilon;14;-;23;119;;
S015;214;epsilon;1;+;24;48;;
S015;215;alpha;2;+;34;102;;
S015;215;gamma;4;+;17;122;;
S015;216;alpha;1;-;35;5;;
S015;216;gamma;1;-;18;78;;
S015;217;alpha;1;+;36;51;;
S015;218;gamma;2;+;19;20;beta;
S015;220;alpha;3;-;37;5;;
S015;220;gamma;2;-;20;75;;
S015;221;alpha;1;+;38;51;;
S015;221;gamma;1;+;21;116;;
S015;221;beta;221;+;1;94;;
S015;222;beta;1;-;2;52;;
S015;223;beta;1;+;3;13;;
S015;249;alpha;28;-;39;48;;
S015;257;epsilon;43;-;25;17;alpha;delta
S015;259;gamma;38;-;22;81;;
S015;259;beta;36;-;4;66;;epsilon
S015;262;gamma;3;+;23;51;;
S015;262;beta;3;+;5;28;;
S015;270;alpha;21;+;40;122;;delta
S015;270;epsilon;13;+;26;62;;
S015;285;alpha;15;-;41;23;;
S015;285;epsilon;15;-;27;119;;
S015;287;alpha;2;+;42;105;;
S015;287;epsilon;2;+;28;49;;
S015;296;alpha;9;-;43;43;delta;
S015;296;epsilon;9;-;29;118;;
S015;298;gamma;36;-;24;56;;epsilon
S015;300;beta;38;-;6;44;;
S015;301;gamma;3;+;25;55;;
S015;301;beta;1;+;7;60;;
S015;304;gamma;3;-;26;45;;
S015;304;beta;3;-;8;95;;
S015;309;beta;5;+;9;66;;
S015;311;gamma;7;+;27;76;;
S015;312;gamma;1;-;28;126;;
S015;316;alpha;20;+;44;2;;beta
S015;316;epsilon;20;+;30;9;;beta
S015;316;gamma;4;+;29;121;;
S015;318;alpha;2;-;45;22;;
S015;318;epsilon;2;-;31;92;;
S015;318;gamma;2;-;30;69;;
S015;320;alpha;2;+;46;95;;
S015;320;epsilon;2;+;32;33;;
S015;320;gamma;2;+;31;57;;
S015;330;alpha;10;-;47;112;;
S015;330;epsilon;10;-;33;8;;
S015;330;gamma;10;-;32;122;;
S015;330;beta;21;-;10;17;alpha;delta
S015;335;beta;5;+;11;48;;
S015;336;epsilon;6;+;34;86;;
S015;336;gamma;6;+;33;83;;
S015;337;epsilon;1;-;35;99;;
S015;337;gamma;1;-;34;69;;
S015;338;alpha;8;+;48;112;;
S015;338;epsilon;1;+;36;102;;
S015;338;gamma;1;+;35;56;;
S015;364;delta;364;+;1;110;alpha;
S015;365;delta;1;-;2;85;;
S015;373;delta;8;+;3;96;;
S015;390;alpha;52;-;49;76;;
S015;394;epsilon;56;-;37;96;;
S015;394;delta;21;-;4;96;;delta
S015;406;gamma;68;-;36;80;;alpha
S015;407;gamma;1;+;37;39;;
S015;408;gamma;1;-;38;10;;
S015;416;alpha;26;+;50;6;;
S015;416;gamma;8;+;39;108;gamma;
S015;417;alpha;1;-;51;61;;
S015;417;gamma;1;-;40;65;;
S015;418;beta;83;-;12;57;;
S015;419;beta;1;+;13;63;;
S015;420;alpha;3;+;52;105;;
S015;421;alpha;1;-;53;35;;
S015;421;beta;2;-;14;124;;
S015;422;alpha;1;+;54;97;;
S015;422;beta;1;+;15;98;;
S015;423;alpha;1;-;55;82;;
S015;423;beta;1;-;16;92;;
S015;433;alpha;10;+;56;82;;
S015;433;beta;10;+;17;66;;
S015;434;beta;1;-;18;26;;
S015;435;beta;1;+;19;7;;
S015;436;delta;42;+;5;117;;
S015;439;epsilon;45;+;38;120;;
S015;441;gamma;24;+;41;47;;
S015;443;gamma;2;-;42;91;epsilon;
S015;444;epsilon;5;-;39;62;;
S015;445;alpha;12;-;57;84;delta;
S015;445;beta;10;-;20;75;;
S015;445;delta;9;-;6;36;epsilon;
S015;446;alpha;1;+;58;79;;
S015;448;alpha;2;-;59;30;;
S015;451;alpha;3;+;60;49;;
S015;452;alpha;1;-;61;110;alpha;
S015;475;alpha;23;+;62;101;;
S015;478;epsilon;34;+;40;11;;
S015;478;delta;33;+;7;77;;
S015;479;epsilon;1;-;41;111;;
S015;479;delta;1;-;8;9;;
S015;480;alpha;5;-;63;126;;
S015;502;alpha;22;+;64;49;;
S015;503;alpha;1;-;65;110;alpha;
S015;505;alpha;2;+;66;86;;
S015;512;alpha;7;-;67;105;;
S015;518;alpha;6;+;68;40;;
S015;521;epsilon;42;+;42;93;;
S015;523;epsilon;2;-;43;43;delta;
S015;524;alpha;6;-;69;25;;
S015;526;alpha;2;+;70;125;;
S015;526;epsilon;3;+;44;52;;
S015;529;gamma;86;+;43;42;;
S015;529;delta;50;+;9;61;;
S015;530;delta;1;-;10;103;;
S015;533;gamma;4;-;44;43;delta;
S015;534;gamma;1;+;45;50;;
S015;535;gamma;1;-;46;120;;
S015;541;gamma;6;+;47;63;;
S015;542;gamma;1;-;48;123;;
S015;545;alpha;19;-;71;73;;gamma
S015;547;alpha;2;+;72;97;;
S015;547;gamma;5;+;49;92;;
S015;549;beta;104;+;21;47;;
S015;549;delta;19;+;11;32;;gamma
S015;551;beta;2;-;22;91;epsilon;
S015;551;delta;2;-;12;68;alpha;
S015;554;alpha;7;-;73;88;;
S015;555;alpha;1;+;74;119;;
S015;556;beta;5;+;23;26;;
S015;556;delta;5;+;13;50;;
S015;561;delta;5;-;14;124;;
S015;562;delta;1;+;15;98;;
S015;585;alpha;30;-;75;119;;
S015;594;epsilon;68;-;45;61;;alpha
S015;595;epsilon;1;+;46;103;;
S015;601;epsilon;6;-;47;20;beta;
S015;607;delta;45;-;16;66;;
S015;608;gamma;61;-;50;117;;
S015;608;beta;52;-;24;112;;
S015;629;alpha;44;+;76;6;;
S015;630;beta;22;+;25;46;;
S015;631;beta;1;-;26;80;;
S015;632;beta;1;+;27;39;;
S015;635;epsilon;34;+;48;2;;
S015;635;gamma;27;+;51;43;delta;gamma
S015;637;gamma;2;-;52;51;;
S015;638;epsilon;3;-;49;23;;
S015;640;epsilon;2;+;50;105;;
S015;641;gamma;4;+;53;6;;
S015;642;gamma;1;-;54;61;;
S015;643;epsilon;3;-;51;37;;
S015;646;epsilon;3;+;52;119;;
S015;648;gamma;6;+;55;108;gamma;
S015;648;delta;41;+;17;37;;
S015;651;alpha;22;-;77;114;;
S015;651;epsilon;5;-;53;52;;
S015;651;gamma;3;-;56;67;;
S015;651;beta;19;-;28;109;epsilon;gamma
S015;651;delta;3;-;18;119;;
S015;652;epsilon;1;+;54;13;;
S015;652;beta;1;+;29;75;;
S015;653;alpha;2;+;78;126;;
S015;655;alpha;2;-;79;119;;
S015;660;alpha;5;+;80;52;;
S015;661;alpha;1;-;81;13;;
S015;664;epsilon;12;-;55;42;;
S015;664;beta;12;-;30;19;gamma;
S015;709;alpha;48;+;82;78;;
S015;713;epsilon;49;+;56;58;;
S015;717;gamma;66;+;57;35;;
S015;719;gamma;2;-;58;98;;
S015;720;gamma;1;+;59;92;;
S015;721;gamma;1;-;60;32;;
S015;722;gamma;1;+;61;67;;
S015;727;alpha;18;-;83;71;;epsilon
S015;727;gamma;5;-;62;40;;
S015;729;alpha;2;+;84;77;;
S015;731;gamma;4;+;63;23;;
S015;734;beta;70;+;31;65;;
S015;735;delta;84;+;19;46;;delta
S015;754;alpha;25;-;85;105;;
S015;754;delta;19;-;20;47;;gamma
S015;756;alpha;2;+;86;36;epsilon;
S015;756;delta;2;+;21;91;epsilon;
S015;761;alpha;5;-;87;111;;
S015;762;alpha;1;+;88;95;;
S015;764;alpha;2;-;89;63;;
S015;770;epsilon;57;-;57;15;;
S015;770;delta;14;-;22;97;;
S015;771;epsilon;1;+;58;24;;
S015;771;delta;1;+;23;82;;
S015;773;alpha;9;+;90;4;;
S015;779;alpha;6;-;91;46;;
S015;779;epsilon;8;-;59;121;;
S015;780;alpha;1;+;92;80;;
S015;780;epsilon;1;+;60;68;alpha;
S015;806;alpha;26;-;93;25;;
S015;810;alpha;4;+;94;0;;
S015;833;alpha;23;-;95;23;;
S015;834;alpha;1;+;96;104;;
S015;835;alpha;1;-;97;25;;
S015;837;alpha;2;+;98;125;;
S015;844;alpha;7;-;99;114;;
S015;845;alpha;1;+;100;125;;
S015;857;alpha;12;-;101;66;;
S015;858;alpha;1;+;102;26;;
S015;863;alpha;5;-;103;11;;
S015;866;epsilon;86;-;61;28;;
S015;873;epsilon;7;+;62;33;;
S015;874;epsilon;1;-;63;77;;
S015;884;alpha;21;+;104;105;;delta
S015;884;epsilon;10;+;64;90;;
S015;886;epsilon;2;-;65;13;;
S015;887;alpha;3;-;105;37;;
S015;887;gamma;156;-;64;42;;
S015;898;beta;164;-;32;13;;
S015;918;alpha;31;+;106;48;;
S015;919;alpha;1;-;107;100;gamma;
S015;920;alpha;1;+;108;112;;
S015;925;epsilon;39;+;66;69;;
S015;926;epsilon;1;-;67;56;;
S015;927;epsilon;1;+;68;53;;
S015;927;beta;29;+;33;59;alpha;
S015;930;beta;3;-;34;85;;
S015;931;gamma;44;+;65;53;;
S015;931;beta;1;+;35;89;;
S015;932;gamma;1;-;66;23;;
S015;934;gamma;2;+;67;105;;
S015;935;gamma;1;-;68;35;;
S015;936;beta;5;-;36;6;;
S015;937;beta;1;+;37;61;;
S015;940;beta;3;-;38;105;;
S015;942;beta;2;+;39;36;epsilon;
S015;943;beta;1;-;40;107;beta;
S015;947;alpha;27;-;109;51;;gamma
S015;950;alpha;3;+;110;5;;
S015;951;gamma;16;+;69;87;;
S015;951;beta;8;+;41;62;;
S015;979;alpha;29;-;111;21;delta;
S015;981;alpha;2;+;112;85;;
S015;982;alpha;1;-;113;89;;
S015;984;epsilon;57;-;69;23;;
S015;984;beta;33;-;42;10;;
S015;985;beta;1;+;43;101;;
S015;988;beta;3;-;44;124;;
S015;991;gamma;40;-;70;104;;
S015;1012;delta;241;-;24;72;;
S016;1;delta;1;+;1;1;;
S016;2;delta;1;-;2;11;;
S016;6;delta;4;+;3;114;;
S016;8;delta;2;-;4;126;;
S016;16;alpha;16;-;1;16;;
S016;18;alpha;2;+;2;35;;
S016;19;alpha;1;-;3;97;;
S016;22;alpha;3;+;4;84;delta;
S016;23;alpha;1;-;5;79;;
S016;24;alpha;1;+;6;29;;
S016;25;delta;17;+;5;44;;alpha
S016;28;delta;3;-;6;62;;
S016;31;alpha;7;-;7;43;delta;
S016;34;epsilon;34;-;1;34;;
S016;39;beta;39;-;1;39;;
S016;40;beta;1;+;2;10;;
S016;41;gamma;41;-;1;41;;
S016;41;beta;1;-;3;101;;
S016;42;gamma;1;+;2;30;;
S016;43;gamma;1;-;3;47;;
S016;48;gamma;5;+;4;94;;
S016;48;beta;7;+;4;1;;
S016;49;gamma;1;-;5;52;;
S016;49;beta;1;-;5;11;;
S016;50;gamma;1;+;6;13;;
S016;50;beta;1;+;6;111;;
S016;53;gamma;3;-;7;6;;
S016;54;gamma;1;+;8;61;;
S016;55;gamma;1;-;9;103;;
S016;55;beta;5;-;7;99;;
S016;57;beta;2;+;8;103;;
S016;58;alpha;27;+;8;9;;gamma
S016;58;epsilon;24;+;2;122;;
S016;58;gamma;3;+;10;17;alpha;
S016;61;epsilon;3;-;3;80;;
S016;62;alpha;4;-;9;94;;
S016;62;gamma;4;-;11;47;;
S016;62;beta;5;-;9;19;gamma;
S016;65;beta;3;+;10;66;;
S016;66;alpha;4;+;10;55;;
S016;66;epsilon;5;+;4;43;delta;
S016;66;gamma;4;+;12;93;;
S016;72;alpha;6;-;11;48;;
S016;72;epsilon;6;-;5;55;;
S016;72;gamma;6;-;13;47;;
S016;73;beta;8;-;11;33;;
S016;81;beta;8;+;12;84;delta;
S016;82;alpha;10;+;12;111;;
S016;82;epsilon;10;+;6;49;;
S016;82;gamma;10;+;14;11;;
S016;84;alpha;2;-;13;96;;
S016;84;epsilon;2;-;7;111;;
S016;84;gamma;2;-;15;112;;
S016;86;beta;5;-;13;83;;
S016;110;alpha;26;+;14;101;;
S016;118;epsilon;34;+;8;85;;
S016;119;beta;33;+;14;78;;
S016;120;beta;1;-;15;19;gamma;
S016;121;gamma;37;+;16;61;;
S016;121;beta;1;+;16;64;;
S016;122;gamma;1;-;17;103;;
S016;122;beta;1;-;17;6;;
S016;123;gamma;1;+;18;15;;
S016;123;beta;1;+;18;61;;
S016;140;alpha;30;-;15;97;;
S016;140;beta;17;-;19;21;delta;alpha
S016;141;beta;1;+;20;84;delta;
S016;142;alpha;2;+;16;83;;
S016;143;delta;115;+;7;12;;
S016;145;delta;2;-;8;122;;
S016;146;delta;1;+;9;78;;
S016;147;delta;1;-;10;19;gamma;
S016;148;delta;1;+;11;64;;
S016;171;alpha;29;-;17;74;;
S016;173;alpha;2;+;18;107;beta;
S016;179;alpha;6;-;19;60;;
S016;181;alpha;2;+;20;94;;
S016;212;alpha;31;-;21;33;;
S016;213;alpha;1;+;22;77;;
S016;214;alpha;1;-;23;9;;
S016;219;alpha;5;+;24;95;;
S016;220;alpha;1;-;25;62;;
S016;221;alpha;1;+;26;113;;
S016;235;alpha;14;-;27;11;;
S016;236;epsilon;118;-;9;28;;
S016;237;epsilon;1;+;10;27;gamma;
S016;241;epsilon;4;-;11;20;beta;
S016;242;alpha;7;+;28;117;;
S016;242;epsilon;1;+;12;74;;
S016;253;alpha;11;-;29;27;gamma;
S016;254;alpha;1;+;30;17;alpha;
S016;255;alpha;1;-;31;44;;
S016;257;alpha;2;+;32;61;;
S016;258;alpha;1;-;33;103;;
S016;259;alpha;1;+;34;15;;
S016;267;alpha;8;-;35;31;;
S016;268;alpha;1;+;36;57;;
S016;290;alpha;22;-;37;7;;
S016;291;alpha;1;+;38;71;;
S016;292;alpha;1;-;39;76;;
S016;293;alpha;1;+;40;126;;
S016;296;alpha;3;-;41;120;;
S016;298;alpha;2;+;42;59;alpha;
S016;299;alpha;1;-;43;83;;
S016;300;alpha;1;+;44;69;;
S016;328;alpha;28;-;45;70;;
S016;329;alpha;1;+;46;66;;
S016;330;alpha;1;-;47;26;;
S016;331;alpha;1;+;48;7;;
S016;332;alpha;1;-;49;71;;
S016;333;epsilon;91;-;13;125;;epsilon
S016;335;gamma;212;-;19;99;;
S016;337;gamma;2;+;20;103;;
S016;339;epsilon;6;+;14;113;;
S016;340;epsilon;1;-;15;115;;
S016;345;epsilon;5;+;16;12;;
S016;346;alpha;14;+;50;2;;
S016;348;alpha;2;-;51;22;;
S016;348;epsilon;3;-;17;123;;
S016;349;alpha;1;+;52;94;;
S016;349;epsilon;1;+;18;88;;
S016;351;alpha;2;-;53;53;;
S016;351;epsilon;2;-;19;120;;
S016;355;alpha;4;+;54;26;;
S016;356;epsilon;5;+;20;62;;
S016;374;alpha;19;-;55;79;;gamma
S016;375;alpha;1;+;56;29;;
S016;381;alpha;6;-;57;42;;
S016;384;epsilon;28;-;21;5;;
S016;386;gamma;49;-;21;62;;
S016;390;beta;249;-;21;48;;
S016;399;beta;9;+;22;108;gamma;
S016;400;beta;1;-;23;65;;
S016;401;beta;1;+;24;16;;
S016;406;alpha;25;+;58;34;;
S016;412;gamma;26;+;22;3;;
S016;413;epsilon;29;+;22;21;delta;
S016;437;alpha;31;-;59;2;;
S016;439;gamma;27;-;23;73;;gamma
S016;440;gamma;1;+;24;96;;
S016;441;epsilon;28;-;23;96;;
S016;441;gamma;1;-;25;72;;
S016;444;beta;43;-;25;119;;delta
S016;445;beta;1;+;26;48;;
S016;446;epsilon;5;+;24;76;;
S016;446;gamma;5;+;26;90;;
S016;447;gamma;1;-;27;12;;
S016;448;epsilon;2;-;25;0;;
S016;448;beta;3;-;27;102;;
S016;449;beta;1;+;28;5;;
S016;450;beta;1;-;29;51;;
S016;482;alpha;45;+;60;118;;
S016;491;epsilon;43;+;26;43;delta;delta
S016;495;gamma;48;+;28;105;;
S016;496;beta;46;+;30;66;;
S016;498;beta;2;-;31;27;gamma;
S016;501;gamma;6;-;29;40;;
S016;502;gamma;1;+;30;20;beta;
S016;503;beta;5;+;32;21;delta;
S016;505;beta;2;-;33;85;;
S016;508;beta;3;+;34;91;epsilon;
S016;509;beta;1;-;35;22;;
S016;510;beta;1;+;36;94;;
S016;533;alpha;51;-;61;40;;
S016;537;alpha;4;+;62;23;;
S016;547;alpha;10;-;63;24;;
S016;550;alpha;3;+;64;116;;
S016;590;alpha;40;-;65;83;;
S016;600;epsilon;109;-;27;56;;epsilon
S016;602;epsilon;2;+;28;54;;
S016;604;epsilon;2;-;29;34;;
S016;605;epsilon;1;+;30;87;;
S016;608;epsilon;3;-;31;111;;
S016;614;gamma;112;-;31;46;;
S016;630;beta;120;-;37;13;;
S016;636;delta;488;-;12;99;;
S016;637;delta;1;+;13;102;;
S016;642;delta;5;-;14;9;;
S016;645;delta;3;+;15;93;;
S016;646;delta;1;-;16;42;;
S016;648;delta;2;+;17;41;;
S016;650;delta;2;-;18;31;;
S016;653;delta;3;+;19;59;alpha;
S016;655;alpha;65;+;66;110;alpha;
S016;656;alpha;1;-;67;85;;
S016;656;delta;3;-;20;85;;
S016;661;alpha;5;+;68;93;;
S016;661;delta;5;+;21;93;;
S016;665;delta;4;-;22;45;;
S016;667;delta;2;+;23;71;;
S016;670;epsilon;62;+;32;113;;
S016;672;epsilon;2;-;33;116;;
S016;673;alpha;12;-;69;41;;
S016;673;delta;6;-;24;81;;
S016;689;alpha;16;+;70;52;;
S016;690;alpha;1;-;71;13;;
S016;696;alpha;6;+;72;9;;
S016;698;epsilon;26;+;34;69;;
S016;699;epsilon;1;-;35;56;;
S016;700;epsilon;1;+;36;53;;
S016;701;epsilon;1;-;37;23;;
S016;702;epsilon;1;+;38;104;;
S016;710;gamma;96;+;32;124;;
S016;710;delta;37;+;25;9;;
S016;711;gamma;1;-;33;98;;
S016;711;delta;1;-;26;91;epsilon;
S016;712;gamma;1;+;34;92;;
S016;712;delta;1;+;27;22;;
S016;713;gamma;1;-;35;32;;
S016;713;delta;1;-;28;94;;
S016;714;alpha;18;-;73;29;;epsilon
S016;714;epsilon;12;-;39;125;;
S016;716;alpha;2;+;74;38;;
S016;716;epsilon;2;+;40;109;epsilon;
S016;719;alpha;3;-;75;2;;
S016;719;epsilon;3;-;41;77;;
S016;730;alpha;11;+;76;84;delta;
S016;730;epsilon;11;+;42;91;epsilon;
S016;734;alpha;4;-;77;82;;
S016;734;epsilon;4;-;43;25;;
S016;737;alpha;3;+;78;61;;
S016;737;epsilon;3;+;44;126;;
S016;738;alpha;1;-;79;103;;
S016;738;epsilon;1;-;45;118;;
S016;739;alpha;1;+;80;15;;
S016;740;epsilon;2;+;46;39;;
S016;740;gamma;27;+;36;52;;gamma
S016;741;beta;111;+;38;30;;
S016;741;delta;28;+;29;30;;
S016;775;alpha;36;-;81;12;;epsilon
S016;780;epsilon;40;-;47;3;;
S016;781;epsilon;1;+;48;31;;
S016;782;epsilon;1;-;49;57;;
S016;783;epsilon;1;+;50;63;;
S016;784;epsilon;1;-;51;123;;
S016;794;alpha;19;+;82;76;;gamma
S016;794;epsilon;10;+;52;118;;
S016;801;epsilon;7;-;53;44;;
S016;802;alpha;8;-;83;6;;
S016;803;gamma;63;-;37;56;;
S016;804;gamma;1;+;38;53;;
S016;807;alpha;5;+;84;65;;
S016;811;alpha;4;-;85;19;gamma;
S016;812;gamma;8;-;39;30;;
S016;813;gamma;1;+;40;47;;
S016;814;gamma;1;-;41;90;;
S016;816;gamma;2;+;42;13;;
S016;819;gamma;3;-;43;6;;
S016;820;beta;79;-;39;31;;
S016;821;beta;1;+;40;57;;
S016;823;gamma;4;+;44;64;;
S016;824;gamma;1;-;45;6;;
S016;826;alpha;15;+;86;10;;
S016;826;epsilon;25;+;54;107;beta;
S016;826;gamma;2;+;46;62;;
S016;829;alpha;3;-;87;103;;
S016;829;epsilon;3;-;55;57;;
S016;829;gamma;3;-;47;115;;
S016;830;alpha;1;+;88;15;;
S016;830;gamma;1;+;48;8;;
S016;832;epsilon;3;+;56;65;;
S016;834;alpha;4;-;89;27;gamma;
S016;834;epsilon;2;-;57;17;alpha;
S016;834;gamma;4;-;49;84;delta;
S016;835;alpha;1;+;90;17;alpha;
S016;835;epsilon;1;+;58;44;;
S016;835;gamma;1;+;50;79;;
S016;850;alpha;15;-;91;64;;
S016;850;epsilon;15;-;59;97;;
S016;850;gamma;15;-;51;41;;
S016;851;alpha;1;+;92;6;;
S016;851;epsilon;1;+;60;82;;
S016;851;gamma;1;+;52;30;;
S016;853;alpha;2;-;93;62;;
S016;854;alpha;1;+;94;113;;
S016;873;alpha;19;-;95;16;;gamma
S016;874;epsilon;23;-;61;95;;
S016;875;epsilon;1;+;62;62;;
S016;877;epsilon;2;-;63;114;;
S016;878;epsilon;1;+;64;125;;
S016;879;alpha;6;+;96;39;;
S016;880;alpha;1;-;97;10;;
S016;881;alpha;1;+;98;101;;
S016;897;alpha;16;-;99;83;;
S016;898;epsilon;20;-;65;74;;beta
S016;904;gamma;53;-;53;5;;
S016;904;beta;83;-;41;68;alpha;
S016;912;gamma;8;+;54;58;;
S016;912;beta;8;+;42;53;;
S016;915;gamma;3;-;55;75;;
S016;915;beta;3;-;43;25;;
S016;916;beta;1;+;44;124;;
S016;917;beta;1;-;45;98;;
S016;919;alpha;22;+;100;67;;
S016;919;beta;2;+;46;93;;
S016;920;alpha;1;-;101;36;epsilon;
S016;921;beta;2;-;47;43;delta;
S016;928;delta;187;-;30;88;;
S016;948;alpha;28;+;102;72;;
S016;952;delta;24;+;31;61;;
S016;955;epsilon;57;+;66;91;epsilon;
S016;956;epsilon;1;-;67;22;;
S016;956;delta;4;-;32;106;delta;
S016;961;epsilon;5;+;68;98;;
S016;961;delta;5;+;33;49;;
S016;974;gamma;59;+;56;66;;alpha
S016;974;beta;53;+;48;35;;
S016;977;beta;3;-;49;99;;
S016;978;gamma;4;-;57;29;;
S016;981;gamma;3;+;58;39;;
S016;982;gamma;1;-;59;10;;
S016;983;alpha;35;-;103;123;;
S016;990;epsilon;29;-;69;50;;
S016;990;delta;29;-;34;103;;
S016;1034;alpha;51;+;104;32;;
S016;1035;alpha;1;-;105;67;;
S016;1036;alpha;1;+;106;36;epsilon;
S016;1040;epsilon;50;+;70;97;;
S016;1042;alpha;6;-;107;112;;
S016;1042;epsilon;2;-;71;83;;
S016;1082;alpha;40;+;108;64;;
S016;1085;epsilon;43;+;72;88;;delta
S016;1094;epsilon;9;-;73;0;;
S016;1095;alpha;13;-;109;63;;
S016;1131;alpha;36;+;110;113;;epsilon
S016;1143;epsilon;49;+;74;49;;
S016;1148;gamma;166;+;60;6;;
S016;1149;gamma;1;-;61;61;;
S016;1150;gamma;1;+;62;103;;
S016;1158;gamma;8;-;63;22;;
S016;1160;alpha;29;-;111;26;;
S016;1169;epsilon;26;-;75;100;gamma;
S016;1170;epsilon;1;+;76;112;;
S016;1171;epsilon;1;-;77;105;;
S016;1173;epsilon;2;+;78;36;epsilon;
S016;1175;alpha;15;+;112;75;;
S016;1175;gamma;17;+;64;58;;alpha
S016;1185;alpha;10;-;113;17;alpha;
S016;1185;epsilon;12;-;79;56;;
S016;1185;gamma;10;-;65;95;;
S016;1196;alpha;11;+;114;60;;
S016;1196;gamma;11;+;66;113;;
S016;1198;alpha;2;-;115;94;;
S016;1198;gamma;2;-;67;116;;
S016;1205;alpha;7;+;116;58;;
S016;1206;gamma;8;+;68;25;;
S016;1207;epsilon;22;+;80;34;;
S016;1214;beta;237;+;50;50;;
S016;1217;beta;3;-;51;122;;
S016;1220;beta;3;+;52;80;;
S016;1221;beta;1;-;53;39;;
S016;1222;beta;1;+;54;10;;
S016;1224;alpha;19;-;117;104;;gamma
S016;1224;epsilon;17;-;81;115;;alpha
S016;1224;beta;2;-;55;102;;
S016;1225;gamma;19;-;69;106;delta;gamma
S016;1255;alpha;31;+;118;17;alpha;
S016;1256;alpha;1;-;119;44;;
S016;1323;alpha;5;+;120;64;;
S016;1324;alpha;1;-;121;6;;
S016;1343;alpha;19;+;122;111;;gamma
S016;1349;alpha;6;-;123;100;gamma;
S016;1367;alpha;18;+;124;112;;epsilon
S016;1369;epsilon;83;+;82;26;;
S016;1375;gamma;88;+;70;20;beta;
S016;1376;gamma;1;-;71;74;;
S016;1377;gamma;1;+;72;106;delta;
S016;1378;gamma;1;-;73;45;;
S016;1379;gamma;1;+;74;70;;
S016;1387;beta;101;+;56;120;;
S016;1389;beta;2;-;57;59;alpha;
S016;1390;beta;1;+;58;83;;
S016;1393;beta;3;-;59;71;;
S016;1394;alpha;27;-;125;51;;gamma
S016;1394;gamma;15;-;75;30;;
S016;1395;alpha;1;+;126;3;;
S016;1395;gamma;1;+;76;47;;
S016;1395;beta;2;+;60;77;;
S016;1396;beta;1;-;61;9;;
S016;1399;alpha;4;-;127;34;;
S016;1400;alpha;1;+;128;87;;
S016;1400;beta;4;+;62;94;;
S016;1413;alpha;13;-;129;77;;
S016;1413;epsilon;44;-;83;104;;
S016;1413;beta;13;-;63;15;;
S016;1415;alpha;2;+;130;10;;
S016;1415;epsilon;2;+;84;26;;
S016;1415;beta;2;+;64;25;;
S016;1429;alpha;14;-;131;125;;
S016;1431;alpha;2;+;132;109;epsilon;
S016;1437;delta;385;+;35;7;;
S017;20;alpha;20;-;1;20;beta;beta
S017;25;epsilon;25;-;1;25;;
S017;27;epsilon;2;+;2;125;;
S017;29;epsilon;2;-;3;109;epsilon;
S017;30;delta;30;-;1;30;;
S017;31;delta;1;+;2;47;;
S017;34;alpha;14;+;2;109;epsilon;
S017;34;epsilon;5;+;4;79;;
S017;91;alpha;57;-;3;35;;
S017;104;epsilon;70;-;5;96;;
S017;118;alpha;27;+;4;98;;gamma
S017;119;alpha;1;-;5;92;;
S017;120;alpha;1;+;6;32;;
S017;129;epsilon;25;+;6;100;gamma;
S017;130;epsilon;1;-;7;112;;
S017;132;alpha;12;-;7;37;;
S017;137;alpha;5;+;8;121;;
S017;139;alpha;2;-;9;69;;
S017;141;alpha;2;+;10;57;;
S017;141;epsilon;11;+;8;35;;
S017;143;alpha;2;-;11;64;;
S017;143;epsilon;2;-;9;98;;
S017;144;gamma;144;-;1;17;alpha;
S017;149;alpha;6;+;12;11;;
S017;149;epsilon;6;+;10;97;;
S017;149;gamma;5;+;2;48;;
S017;156;alpha;7;-;13;117;;
S017;156;epsilon;7;-;11;88;;
S017;156;gamma;7;-;3;106;delta;
S017;162;epsilon;6;+;12;124;;
S017;163;alpha;7;+;14;34;;
S017;163;gamma;7;+;4;51;;
S017;183;alpha;20;-;15;118;;beta
S017;188;epsilon;26;-;13;107;beta;
S017;189;epsilon;1;+;14;55;;
S017;196;alpha;13;+;16;2;;
S017;201;alpha;5;-;17;25;;
S017;202;alpha;1;+;18;124;;
S017;237;alpha;35;-;19;116;;
S017;243;epsilon;54;-;15;93;;
S017;248;gamma;85;-;5;105;;
S017;248;beta;248;-;1;121;;
S017;254;beta;6;+;2;73;;
S017;256;gamma;8;+;6;42;;
S017;257;alpha;20;+;20;63;;beta
S017;257;epsilon;14;+;16;43;delta;
S017;258;epsilon;1;-;17;50;;
S017;260;epsilon;2;+;18;121;;
S017;263;epsilon;3;-;19;70;;
S017;269;epsilon;6;+;20;71;;
S017;305;alpha;48;-;21;125;;
S017;307;alpha;2;+;22;109;epsilon;
S017;324;alpha;17;-;23;122;;alpha
S017;325;epsilon;56;-;21;44;;
S017;327;epsilon;2;+;22;61;;
S017;328;epsilon;1;-;23;103;;
S017;330;alpha;6;+;24;83;;
S017;330;epsilon;2;+;24;16;;
S017;336;alpha;6;-;25;74;;
S017;337;alpha;1;+;26;106;delta;
S017;350;alpha;13;-;27;72;;
S017;350;epsilon;20;-;25;96;;beta
S017;351;epsilon;1;+;26;72;;
S017;352;alpha;2;+;28;87;;
S017;353;alpha;1;-;29;109;epsilon;
S017;354;epsilon;3;-;27;88;;
S017;362;gamma;106;-;7;69;;delta
S017;363;gamma;1;+;8;56;;
S017;366;gamma;3;-;9;55;;
S017;368;gamma;2;+;10;44;;
S017;369;alpha;16;+;30;121;;
S017;369;epsilon;15;+;28;52;;
S017;375;alpha;6;-;31;73;;
S017;375;epsilon;6;-;29;18;epsilon;
S017;376;alpha;1;+;32;96;;
S017;377;alpha;1;-;33;72;;
S017;378;alpha;1;+;34;86;;
S017;378;epsilon;3;+;30;56;;
S017;380;alpha;2;-;35;100;gamma;
S017;380;epsilon;2;-;31;54;;
S017;380;gamma;12;-;11;94;;
S017;384;beta;130;-;3;105;;
S017;387;beta;3;+;4;37;;
S017;393;beta;6;-;5;122;;
S017;398;beta;5;+;6;82;;
S017;399;beta;1;-;7;59;alpha;
S017;412;alpha;32;+;36;126;;
S017;413;alpha;1;-;37;118;;
S017;420;alpha;7;+;38;44;;
S017;421;epsilon;41;+;32;107;beta;
S017;422;beta;23;+;8;81;;
S017;423;gamma;43;+;12;45;;delta
S017;424;gamma;1;-;13;70;;
S017;424;beta;2;-;9;50;;
S017;425;gamma;1;+;14;66;;
S017;425;beta;1;+;10;120;;
S017;427;gamma;2;-;15;27;gamma;
S017;428;gamma;1;+;16;17;alpha;
S017;429;gamma;1;-;17;44;;
S017;430;beta;5;-;11;62;;
S017;431;beta;1;+;12;113;;
S017;432;alpha;12;-;39;94;;
S017;432;epsilon;11;-;33;43;delta;
S017;432;beta;1;-;13;115;;
S017;443;alpha;11;+;40;13;;
S017;443;epsilon;11;+;34;120;;
S017;447;alpha;4;-;41;7;;
S017;447;epsilon;4;-;35;61;;
S017;448;epsilon;1;+;36;103;;
S017;449;alpha;2;+;42;72;;
S017;449;gamma;20;+;18;102;;beta
S017;450;gamma;1;-;19;5;;
S017;451;gamma;1;+;20;51;;
S017;451;beta;19;+;14;89;;gamma
S017;452;beta;1;-;15;2;;
S017;454;gamma;3;-;21;5;;
S017;455;alpha;6;-;43;91;epsilon;
S017;455;epsilon;7;-;37;21;delta;
S017;459;alpha;4;+;44;25;;
S017;461;epsilon;6;+;38;89;;
S017;461;gamma;7;+;22;57;;
S017;462;gamma;1;-;23;63;;
S017;463;alpha;4;-;45;0;;
S017;463;epsilon;2;-;39;3;;
S017;466;delta;435;-;3;64;;
S017;467;delta;1;+;4;6;;
S017;468;alpha;5;+;46;5;;
S017;468;epsilon;5;+;40;35;;
S017;469;gamma;7;+;24;2;;
S017;472;beta;20;+;16;93;;beta
S017;473;beta;1;-;17;42;;
S017;475;beta;2;+;18;41;;
S017;480;beta;5;-;19;34;;
S017;482;alpha;14;-;47;6;;
S017;482;epsilon;14;-;41;85;;
S017;482;gamma;13;-;25;86;;
S017;484;epsilon;2;+;42;90;;
S017;484;gamma;2;+;26;100;gamma;
S017;485;epsilon;1;-;43;12;;
S017;485;gamma;1;-;27;112;;
S017;491;delta;24;-;5;116;;
S017;510;alpha;28;+;48;120;;
S017;516;epsilon;31;+;44;88;;
S017;516;delta;25;+;6;68;alpha;
S017;517;epsilon;1;-;45;119;;
S017;517;delta;1;-;7;46;;
S017;518;epsilon;1;+;46;48;;
S017;518;delta;1;+;8;80;;
S017;519;delta;1;-;9;39;;
S017;520;epsilon;2;-;47;101;;
S017;523;epsilon;3;+;48;124;;
S017;523;gamma;38;+;28;62;;
S017;523;delta;4;+;10;13;;
S017;524;gamma;1;-;29;113;;
S017;525;gamma;1;+;30;115;;
S017;527;beta;47;+;20;18;epsilon;
S017;548;alpha;38;-;49;100;gamma;
S017;549;alpha;1;+;50;112;;
S017;550;alpha;1;-;51;105;;
S017;558;epsilon;35;-;49;116;;
S017;558;beta;31;-;21;53;;
S017;559;epsilon;1;+;50;18;epsilon;
S017;559;beta;1;+;22;23;;
S017;560;alpha;10;+;52;96;;
S017;565;alpha;5;-;53;76;;
S017;567;alpha;2;+;54;0;;
S017;574;alpha;7;-;55;7;;
S017;574;epsilon;15;-;51;37;;
S017;575;gamma;50;-;31;120;;
S017;575;beta;16;-;23;30;;
S017;575;delta;52;-;11;82;;
S017;579;gamma;4;+;32;61;;
S017;579;delta;4;+;12;62;;
S017;580;gamma;1;-;33;103;;
S017;580;delta;1;-;13;113;;
S017;587;gamma;7;+;34;21;delta;
S017;587;beta;12;+;24;91;epsilon;
S017;587;delta;7;+;14;121;;
S017;589;alpha;15;+;56;80;;
S017;589;epsilon;15;+;52;32;;
S017;591;epsilon;2;-;53;68;alpha;
S017;592;alpha;3;-;57;41;;
S017;594;gamma;7;-;35;90;;
S017;594;beta;7;-;25;28;;
S017;594;delta;7;-;15;74;;
S017;638;alpha;46;+;58;82;;
S017;639;alpha;1;-;59;59;alpha;
S017;643;alpha;4;+;60;86;;
S017;649;epsilon;58;+;54;0;;
S017;651;epsilon;2;-;55;2;;
S017;652;epsilon;1;+;56;21;delta;
S017;654;alpha;11;-;61;102;;
S017;654;epsilon;2;-;57;85;;
S017;657;alpha;3;+;62;7;;
S017;658;epsilon;4;+;58;92;;
S017;659;epsilon;1;-;59;32;;
S017;660;epsilon;1;+;60;67;;
S017;662;alpha;5;-;63;75;;
S017;662;epsilon;2;-;61;37;;
S017;663;alpha;1;+;64;116;;
S017;663;epsilon;1;+;62;117;;
S017;666;gamma;72;+;36;55;;
S017;667;gamma;1;-;37;43;delta;
S017;669;gamma;2;+;38;51;;
S017;670;gamma;1;-;39;3;;
S017;675;alpha;12;-;65;55;;
S017;676;epsilon;13;-;63;29;;
S017;744;alpha;69;+;66;108;gamma;
S017;748;alpha;4;-;67;68;alpha;
S017;749;alpha;1;+;68;46;;
S017;750;alpha;1;-;69;80;;
S017;751;alpha;1;+;70;39;;
S017;761;epsilon;85;+;64;64;;
S017;762;epsilon;1;-;65;6;;
S017;764;alpha;13;-;71;103;;
S017;768;alpha;4;+;72;18;epsilon;
S017;769;alpha;1;-;73;54;;
S017;784;alpha;15;+;74;81;;
S017;784;epsilon;22;+;66;114;;
S017;792;alpha;8;-;75;56;;
S017;792;epsilon;8;-;67;5;;
S017;804;alpha;12;+;76;24;;
S017;804;epsilon;12;+;68;4;;
S017;808;epsilon;4;-;69;44;;
S017;809;epsilon;1;+;70;60;;
S017;811;alpha;7;-;77;120;;
S017;811;epsilon;2;-;71;94;;
S017;818;alpha;7;+;78;64;;
S017;819;alpha;1;-;79;6;;
S017;827;alpha;8;+;80;68;alpha;
S017;828;alpha;1;-;81;46;;
S017;831;alpha;3;+;82;82;;
S017;832;epsilon;21;+;72;23;;delta
S017;833;gamma;163;+;40;115;;
S017;837;beta;243;+;26;49;;
S017;840;beta;3;-;27;112;;
S017;841;beta;1;+;28;105;;
S017;858;alpha;27;-;83;99;;gamma
S017;860;alpha;2;+;84;103;;
S017;867;alpha;7;-;85;21;delta;
S017;872;alpha;5;+;86;88;;
S017;881;delta;287;+;16;119;;
S017;882;delta;1;-;17;48;;
S017;885;alpha;13;-;87;50;;
S017;886;epsilon;54;-;73;68;alpha;
S017;892;epsilon;6;+;74;51;;
S017;893;epsilon;1;-;75;3;;
S017;894;epsilon;1;+;76;31;;
S017;895;epsilon;1;-;77;57;;
S017;900;alpha;15;+;88;62;;
S017;900;epsilon;5;+;78;67;;
S017;901;alpha;1;-;89;113;;
S017;901;epsilon;1;-;79;36;epsilon;
S017;902;alpha;1;+;90;115;;
S017;902;epsilon;1;+;80;107;beta;
S017;907;alpha;5;-;91;12;;
S017;907;epsilon;5;-;81;59;alpha;
S017;908;alpha;1;+;92;121;;
S017;908;epsilon;1;+;82;83;;
S017;915;delta;33;+;18;7;;
S017;939;alpha;31;-;93;66;;
S017;949;alpha;10;+;94;6;;
S017;966;alpha;17;-;95;109;epsilon;alpha
S017;967;alpha;1;+;96;75;;
S017;972;alpha;5;-;97;120;;
S017;978;epsilon;70;-;83;115;;
S017;987;gamma;154;-;41;92;;
S017;989;gamma;2;+;42;33;;
S017;1000;alpha;28;+;98;90;;
S017;1003;alpha;3;-;99;14;;
S017;1004;alpha;1;+;100;14;;
S017;1005;epsilon;27;+;84;97;;gamma
S017;1008;epsilon;3;-;85;84;delta;
S017;1009;alpha;5;-;101;18;epsilon;
S017;1009;gamma;20;-;43;18;epsilon;beta
S017;1015;alpha;6;+;102;59;alpha;
S017;1015;gamma;6;+;44;59;alpha;
S017;1017;gamma;2;-;45;84;delta;
S017;1019;alpha;4;-;103;86;;
S017;1021;alpha;2;+;104;100;gamma;
S017;1022;alpha;1;-;105;112;;
S017;1030;alpha;8;+;106;112;;
S017;1030;epsilon;22;+;86;40;;
S017;1031;epsilon;1;-;87;20;beta;
S017;1032;epsilon;1;+;88;74;;
S017;1033;gamma;16;+;46;34;;
S017;1044;alpha;14;-;107;38;;
S017;1044;epsilon;12;-;89;46;;
S017;1044;gamma;11;-;47;109;epsilon;
S017;1047;beta;206;-;29;50;;
S017;1048;beta;1;+;30;120;;
S017;1049;beta;1;-;31;58;;
S017;1067;alpha;23;+;108;13;;
S017;1068;alpha;1;-;109;4;;
S017;1069;alpha;1;+;110;41;;
S017;1070;epsilon;26;+;90;54;;
S017;1070;gamma;26;+;48;4;;
S017;1070;beta;21;+;32;106;delta;delta
S017;1072;gamma;2;-;49;42;;
S017;1072;beta;2;-;33;46;;
S017;1073;gamma;1;+;50;40;;
S017;1073;beta;1;+;34;80;;
S017;1075;beta;2;-;35;40;;
S017;1076;gamma;3;-;51;22;;
S017;1077;gamma;1;+;52;94;;
S017;1078;gamma;1;-;53;52;;
S017;1079;gamma;1;+;54;13;;
S017;1080;beta;5;+;36;24;;
S017;1102;alpha;33;-;111;69;;
S017;1102;beta;22;-;37;9;;
S017;1104;beta;2;+;38;92;;
S017;1106;alpha;4;+;112;59;alpha;
S017;1107;alpha;1;-;113;83;;
S017;1109;alpha;2;+;114;70;;
S017;1117;alpha;8;-;115;73;;
S017;1119;alpha;2;+;116;97;;
S017;1124;alpha;5;-;117;86;;
S017;1128;alpha;4;+;118;102;;
S017;1170;alpha;42;-;119;82;;
S017;1185;epsilon;115;-;91;13;;
S017;1187;epsilon;2;+;92;5;;
S017;1189;epsilon;2;-;93;52;;
S017;1214;alpha;44;+;120;116;;
S017;1217;epsilon;28;+;94;21;delta;
S017;1257;alpha;43;-;121;86;;delta
S017;1320;alpha;1;+;122;99;;
S017;1324;alpha;4;-;123;105;;
S017;1325;alpha;1;+;124;35;;
S017;1333;alpha;8;-;125;104;;
S017;1337;alpha;4;+;126;28;;
S017;1342;alpha;5;-;127;31;;
S017;1343;alpha;1;+;128;57;;
S017;1359;alpha;16;-;129;1;;
S017;1360;alpha;1;+;130;11;;
S017;1362;alpha;2;-;131;112;;
S017;1363;alpha;1;+;132;105;;
S017;1384;alpha;21;-;133;107;beta;delta
S017;1384;epsilon;105;-;95;23;;
S017;1385;gamma;244;-;55;36;epsilon;
S017;1388;beta;222;-;39;20;beta;
S017;1389;beta;1;+;40;74;;
S017;1390;beta;1;-;41;106;delta;
S017;1394;beta;4;+;42;48;;
S017;1396;gamma;11;+;56;55;;
S017;1398;gamma;2;-;57;44;;
S017;1399;gamma;1;+;58;60;;
S017;1400;alpha;16;+;134;48;;
S017;1404;alpha;4;-;135;103;;
S017;1404;gamma;5;-;59;97;;
S017;1408;beta;14;-;43;115;;
S017;1409;beta;1;+;44;8;;
S017;1410;beta;1;-;45;81;;
S017;1411;alpha;7;+;136;21;delta;
S017;1411;beta;1;+;46;49;;
S017;1413;epsilon;29;+;96;43;delta;
S017;1413;gamma;9;+;60;90;;
S017;1419;epsilon;6;-;97;55;;
S017;1419;gamma;6;-;61;17;alpha;
S017;1421;epsilon;2;+;98;44;;
S017;1421;gamma;2;+;62;45;;
S018;1;alpha;1;-;1;1;;
S018;4;epsilon;4;-;1;4;;
S018;4;gamma;4;-;1;4;;
S018;6;epsilon;2;+;2;42;;
S018;6;gamma;2;+;2;42;;
S018;7;alpha;6;+;2;16;;
S018;9;alpha;2;-;3;35;;
S018;11;epsilon;5;-;3;44;;
S018;11;gamma;5;-;3;44;;
S018;12;beta;12;-;1;12;;
S018;14;epsilon;3;+;4;62;;
S018;14;gamma;3;+;4;62;;
S018;14;beta;2;+;2;122;;
S018;15;epsilon;1;-;5;113;;
S018;15;gamma;1;-;5;113;;
S018;15;beta;1;-;3;78;;
S018;16;beta;1;+;4;19;gamma;
S018;17;alpha;8;+;4;104;;
S018;17;epsilon;2;+;6;116;;
S018;17;gamma;2;+;6;116;;
S018;19;alpha;2;-;5;26;;
S018;19;epsilon;2;-;7;19;gamma;
S018;19;gamma;2;-;7;19;gamma;
S018;19;beta;3;-;5;66;;
S018;20;beta;1;+;6;26;;
S018;21;beta;1;-;7;7;;
S018;38;delta;38;-;1;38;;
S018;51;delta;13;+;2;3;;
S018;52;delta;1;-;3;31;;
S018;54;alpha;35;+;6;95;;
S018;54;delta;2;+;4;58;;
S018;64;epsilon;45;+;8;40;;
S018;65;gamma;46;+;8;41;;
S018;65;beta;44;+;8;109;epsilon;
S018;68;beta;3;-;9;77;;
S018;69;beta;1;+;10;9;;
S018;70;beta;1;-;11;91;epsilon;
S018;71;gamma;6;-;9;35;;
S018;75;gamma;4;+;10;100;gamma;
S018;76;gamma;1;-;11;112;;
S018;77;gamma;1;+;12;105;;
S018;79;gamma;2;-;13;36;epsilon;
S018;80;alpha;26;-;7;1;;
S018;82;alpha;2;+;8;12;;
S018;83;gamma;4;+;14;110;alpha;
S018;85;alpha;3;-;9;123;;
S018;85;gamma;2;-;15;86;;
S018;88;alpha;3;+;10;90;;
S018;88;gamma;3;+;16;101;;
S018;88;beta;18;+;12;101;;epsilon
S018;102;alpha;14;-;11;124;;
S018;104;alpha;2;+;12;99;;
S018;105;alpha;1;-;13;102;;
S018;105;epsilon;41;-;9;104;;
S018;105;gamma;17;-;17;84;delta;alpha
S018;105;beta;17;-;13;84;delta;alpha
S018;111;gamma;6;+;18;84;delta;
S018;112;epsilon;7;+;10;31;;
S018;112;beta;7;+;14;85;;
S018;113;epsilon;1;-;11;57;;
S018;113;gamma;2;-;19;80;;
S018;113;beta;1;-;15;89;;
S018;116;gamma;3;+;20;41;;
S018;117;gamma;1;-;21;30;;
S018;118;delta;64;-;5;22;;
S018;119;delta;1;+;6;94;;
S018;121;delta;2;-;7;53;;
S018;122;gamma;5;+;22;51;;
S018;122;delta;1;+;8;23;;
S018;126;gamma;4;-;23;6;;
S018;127;delta;5;-;9;108;gamma;
S018;156;alpha;51;+;14;91;epsilon;
S018;157;alpha;1;-;15;22;;
S018;166;alpha;9;+;16;102;;
S018;171;epsilon;58;+;12;43;delta;
S018;173;epsilon;2;-;13;51;;
S018;174;epsilon;1;+;14;3;;
S018;180;alpha;14;-;17;54;;
S018;180;epsilon;6;-;15;36;epsilon;
S018;215;alpha;35;+;18;101;;
S018;227;alpha;12;-;19;79;;
S018;231;alpha;4;+;20;32;;
S018;234;epsilon;54;+;16;98;;
S018;241;gamma;115;+;24;19;gamma;
S018;243;gamma;2;-;25;65;;
S018;244;gamma;1;+;26;16;;
S018;246;gamma;2;-;27;35;;
S018;247;alpha;16;-;21;41;;
S018;248;epsilon;14;-;17;35;;
S018;250;alpha;3;+;22;32;;
S018;250;epsilon;2;+;18;98;;
S018;251;alpha;1;-;23;67;;
S018;251;epsilon;1;-;19;92;;
S018;252;epsilon;1;+;20;32;;
S018;253;alpha;2;+;24;37;;
S018;255;gamma;9;+;28;105;;
S018;261;alpha;8;-;25;124;;
S018;261;gamma;6;-;29;40;;
S018;262;epsilon;10;-;21;35;;
S018;270;epsilon;8;+;22;104;;
S018;271;epsilon;1;-;23;25;;
S018;273;epsilon;2;+;24;125;;
S018;274;epsilon;1;-;25;108;gamma;
S018;278;alpha;17;+;26;98;;alpha
S018;278;epsilon;4;+;26;68;alpha;
S018;278;gamma;17;+;30;80;;alpha
S018;279;alpha;1;-;27;92;;
S018;280;alpha;1;+;28;32;;
S018;285;alpha;5;-;29;71;;
S018;285;epsilon;7;-;27;52;;
S018;285;gamma;7;-;31;45;;
S018;287;alpha;2;+;30;77;;
S018;287;gamma;2;+;32;71;;
S018;288;alpha;1;-;31;9;;
S018;288;gamma;1;-;33;76;;
S018;289;alpha;1;+;32;91;epsilon;
S018;289;epsilon;4;+;28;16;;
S018;289;gamma;1;+;34;126;;
S018;290;epsilon;1;-;29;34;;
S018;291;alpha;2;-;33;23;;
S018;292;alpha;1;+;34;104;;
S018;293;alpha;1;-;35;25;;
S018;294;alpha;1;+;36;124;;
S018;294;epsilon;4;+;30;90;;
S018;296;alpha;2;-;37;99;;
S018;296;epsilon;2;-;31;13;;
S018;299;alpha;3;+;38;104;;
S018;299;epsilon;3;+;32;6;;
S018;300;alpha;1;-;39;25;;
S018;300;epsilon;1;-;33;61;;
S018;300;gamma;11;-;35;38;;
S018;313;alpha;13;+;40;100;gamma;
S018;314;epsilon;14;+;34;18;epsilon;
S018;314;gamma;14;+;36;4;;
S018;316;alpha;3;-;41;114;;
S018;316;epsilon;2;-;35;55;;
S018;316;gamma;2;-;37;42;;
S018;320;alpha;4;+;42;1;;
S018;321;epsilon;5;+;36;47;;
S018;321;gamma;5;+;38;44;;
S018;321;beta;208;+;16;54;;
S018;326;beta;5;-;17;37;;
S018;327;beta;1;+;18;117;;
S018;331;epsilon;10;-;37;11;;
S018;331;gamma;10;-;39;92;;
S018;331;beta;4;-;19;31;;
S018;333;epsilon;2;+;38;112;;
S018;333;gamma;2;+;40;33;;
S018;333;beta;2;+;20;58;;
S018;334;alpha;14;-;43;114;;
S018;334;epsilon;1;-;39;105;;
S018;334;gamma;1;-;41;77;;
S018;334;beta;1;-;21;73;;
S018;348;epsilon;14;+;40;100;gamma;
S018;349;alpha;15;+;44;112;;
S018;349;gamma;15;+;42;95;;
S018;349;beta;15;+;22;76;;
S018;350;alpha;1;-;45;105;;
S018;350;gamma;1;-;43;62;;
S018;350;beta;1;-;23;126;;
S018;351;alpha;1;+;46;35;;
S018;351;gamma;1;+;44;113;;
S018;351;beta;1;+;24;118;;
S018;354;gamma;3;-;45;117;;
S018;354;beta;3;-;25;40;;
S018;355;alpha;4;-;47;100;gamma;
S018;355;epsilon;7;-;41;118;;
S018;360;alpha;5;+;48;116;;
S018;360;epsilon;5;+;42;42;;
S018;361;alpha;1;-;49;18;epsilon;
S018;361;epsilon;1;-;43;40;;
S018;362;alpha;1;+;50;54;;
S018;362;epsilon;1;+;44;20;beta;
S018;362;gamma;8;+;46;35;;
S018;362;beta;8;+;26;27;gamma;
S018;372;alpha;10;-;51;76;;
S018;372;epsilon;10;-;45;105;;
S018;372;gamma;10;-;47;81;;
S018;372;beta;10;-;27;43;delta;
S018;391;alpha;19;+;52;126;;gamma
S018;391;epsilon;19;+;46;105;;gamma
S018;392;gamma;20;+;48;119;;beta
S018;392;beta;20;+;28;2;;beta
S018;393;beta;1;-;29;21;delta;
S018;394;beta;1;+;30;84;delta;
S018;395;beta;1;-;31;79;;
S018;396;beta;1;+;32;29;;
S018;400;beta;4;-;33;40;;
S018;401;beta;1;+;34;20;beta;
S018;403;beta;2;-;35;75;;
S018;404;beta;1;+;36;116;;
S018;425;delta;298;+;10;94;;
S018;427;delta;2;-;11;53;;
S018;430;delta;3;+;12;25;;
S018;444;alpha;53;-;53;80;;
S018;445;alpha;1;+;54;39;;
S018;446;alpha;1;-;55;10;;
S018;450;epsilon;59;-;47;18;epsilon;alpha
S018;450;delta;20;-;13;107;beta;beta
S018;452;gamma;60;-;49;22;;
S018;454;gamma;2;+;50;95;;
S018;455;epsilon;5;+;48;58;;
S018;456;alpha;10;+;56;121;;
S018;456;delta;6;+;14;60;;
S018;457;alpha;1;-;57;68;alpha;
S018;458;alpha;1;+;58;46;;
S018;459;alpha;1;-;59;80;;
S018;460;epsilon;5;-;49;77;;
S018;460;delta;4;-;15;96;;
S018;463;gamma;9;-;51;70;;
S018;464;beta;60;-;37;103;;
S018;468;beta;4;+;38;18;epsilon;
S018;470;gamma;7;+;52;72;;
S018;472;alpha;13;+;60;12;;
S018;474;epsilon;14;+;50;94;;
S018;474;delta;14;+;16;89;;
S018;476;epsilon;2;-;51;53;;
S018;476;delta;2;-;17;3;;
S018;478;epsilon;2;+;52;24;;
S018;478;delta;2;+;18;32;;
S018;479;epsilon;1;-;53;114;;
S018;479;delta;1;-;19;67;;
S018;480;epsilon;1;+;54;125;;
S018;480;delta;1;+;20;36;epsilon;
S018;495;alpha;23;-;61;80;;
S018;496;alpha;1;+;62;39;;
S018;555;alpha;59;-;63;22;;alpha
S018;556;alpha;1;+;64;94;;
S018;557;alpha;1;-;65;52;;
S018;561;alpha;4;+;66;16;;
S018;562;alpha;1;-;67;34;;
S018;570;alpha;8;+;68;94;;
S018;574;alpha;4;-;69;55;;
S018;576;alpha;2;+;70;44;;
S018;617;alpha;41;-;71;123;;
S018;619;epsilon;139;-;55;44;;
S018;631;gamma;161;-;53;25;;
S018;651;alpha;34;+;72;15;;
S018;653;alpha;2;-;73;25;;
S018;656;alpha;3;+;74;126;;
S018;660;epsilon;41;+;56;123;;
S018;660;gamma;29;+;54;116;;
S018;661;epsilon;1;-;57;88;;
S018;661;gamma;1;-;55;18;epsilon;
S018;662;alpha;6;-;75;123;;
S018;663;alpha;1;+;76;88;;
S018;665;epsilon;4;+;58;122;;
S018;666;epsilon;1;-;59;78;;
S018;667;epsilon;1;+;60;19;gamma;
S018;668;gamma;7;+;56;60;;
S018;672;gamma;4;-;57;96;;
S018;673;gamma;1;+;58;72;;
S018;675;gamma;2;-;59;87;;
S018;676;alpha;13;-;77;50;;
S018;677;alpha;1;+;78;120;;
S018;682;gamma;7;+;60;115;;
S018;686;gamma;4;-;61;11;;
S018;688;gamma;2;+;62;112;;
S018;703;alpha;26;-;79;88;;
S018;703;epsilon;36;-;61;31;;epsilon
S018;703;gamma;15;-;63;39;;
S018;703;beta;235;-;39;74;;
S018;744;alpha;41;+;80;78;;
S018;745;alpha;1;-;81;19;gamma;
S018;748;alpha;3;+;82;66;;
S018;749;alpha;1;-;83;26;;
S018;750;alpha;1;+;84;7;;
S018;751;alpha;1;-;85;71;;
S018;752;alpha;1;+;86;76;;
S018;754;alpha;2;-;87;0;;
S018;755;alpha;1;+;88;1;;
S018;759;alpha;4;-;89;14;;
S018;769;delta;289;-;21;94;;
S018;776;alpha;17;+;90;20;beta;alpha
S018;776;delta;7;+;22;58;;
S018;779;epsilon;76;+;62;1;;
S018;781;epsilon;2;-;63;12;;
S018;784;alpha;8;-;91;81;;
S018;785;delta;9;-;23;81;;
S018;786;alpha;2;+;92;50;;
S018;786;delta;1;+;24;49;;
S018;787;epsilon;6;+;64;126;;
S018;809;gamma;106;+;64;117;;delta
S018;811;alpha;25;-;93;72;;
S018;811;gamma;2;-;65;29;;
S018;812;epsilon;25;-;65;52;;
S018;812;delta;26;-;25;100;gamma;
S018;815;epsilon;3;+;66;15;;
S018;815;delta;3;+;26;114;;
S018;817;epsilon;2;-;67;25;;
S018;817;delta;2;-;27;126;;
S018;818;epsilon;1;+;68;124;;
S018;818;delta;1;+;28;118;;
S018;819;epsilon;1;-;69;98;;
S018;819;delta;1;-;29;38;;
S018;822;alpha;11;+;94;99;;
S018;822;epsilon;3;+;70;94;;
S018;822;gamma;11;+;66;117;;
S018;822;delta;3;+;30;2;;
S018;823;gamma;1;-;67;28;;
S018;825;alpha;3;-;95;104;;
S018;826;epsilon;4;-;71;55;;
S018;826;delta;4;-;31;24;;
S018;828;alpha;3;+;96;27;gamma;
S018;828;epsilon;2;+;72;44;;
S018;828;gamma;5;+;68;31;;
S018;828;delta;2;+;32;115;;
S018;841;beta;138;+;40;97;;
S018;865;alpha;37;-;97;70;;
S018;868;alpha;3;+;98;68;alpha;
S018;905;alpha;37;-;99;106;delta;
S018;906;alpha;1;+;100;45;;
S018;908;alpha;2;-;101;71;;
S018;909;alpha;1;+;102;76;;
S018;910;alpha;1;-;103;126;;
S018;911;alpha;1;+;104;118;;
S018;938;alpha;27;-;105;16;;gamma
S018;949;epsilon;121;-;73;52;;
S018;955;epsilon;6;+;74;18;epsilon;
S018;957;epsilon;2;-;75;55;;
S018;966;gamma;138;-;69;23;;
S018;968;gamma;2;+;70;105;;
S018;969;gamma;1;-;71;35;;
S018;990;beta;149;-;41;121;;
S018;994;beta;4;+;42;71;;
S018;996;alpha;58;+;106;7;;
S018;999;alpha;3;-;107;73;;
S018;999;beta;5;-;43;80;;
S018;1004;delta;176;-;33;114;;
S018;1038;alpha;39;+;108;100;gamma;
S018;1039;alpha;1;-;109;112;;
S018;1060;alpha;21;+;110;45;;delta
S018;1062;alpha;2;-;111;71;;
S018;1063;alpha;1;+;112;76;;
S018;1069;epsilon;112;+;76;121;;
S018;1070;epsilon;1;-;77;68;alpha;
S018;1073;epsilon;3;+;78;48;;
S018;1081;alpha;18;-;113;125;;epsilon
S018;1081;epsilon;8;-;79;107;beta;
S018;1084;epsilon;3;+;80;57;;
S018;1085;epsilon;1;-;81;63;;
S018;1086;alpha;5;+;114;112;;
S018;1086;epsilon;1;+;82;123;;
S018;1090;alpha;4;-;115;108;gamma;
S018;1090;epsilon;4;-;83;91;epsilon;
S018;1100;alpha;10;+;116;15;;
S018;1100;epsilon;10;+;84;93;;
S018;1102;alpha;2;-;117;25;;
S018;1102;epsilon;2;-;85;43;delta;
S018;1104;alpha;2;+;118;125;;
S018;1104;epsilon;2;+;86;51;;
S018;1107;epsilon;3;-;87;5;;
S018;1110;epsilon;3;+;88;53;;
S018;1112;epsilon;2;-;89;24;;
S018;1113;epsilon;1;+;90;114;;
S018;1114;epsilon;1;-;91;125;;
S018;1115;alpha;11;-;119;65;;
S018;1151;alpha;36;+;120;59;alpha;epsilon
S018;1154;alpha;3;-;121;85;;
S018;1155;alpha;1;+;122;89;;
S018;1158;alpha;3;-;123;4;;
S018;1162;alpha;4;+;124;44;;
S018;1164;alpha;2;-;125;61;;
S018;1165;alpha;1;+;126;103;;
S018;1169;alpha;4;-;127;18;epsilon;
S018;1174;alpha;5;+;128;58;;
S018;1175;alpha;1;-;129;73;;
S018;1178;alpha;3;+;130;98;;
S018;1178;epsilon;64;+;92;118;;
S018;1187;gamma;218;+;72;39;;
S018;1190;gamma;3;-;73;12;;
S018;1198;gamma;8;+;74;1;;
S018;1201;beta;202;+;44;65;;
S018;1202;beta;1;-;45;16;;
S018;1206;alpha;28;-;131;49;;
S018;1207;alpha;1;+;132;110;alpha;
S018;1209;alpha;2;-;133;86;;
S018;1210;alpha;1;+;134;99;;
S018;1216;beta;14;+;46;90;;
S018;1230;alpha;20;-;135;14;;beta
S018;1231;alpha;1;+;136;14;;
S018;1242;alpha;11;-;137;14;;
S018;1243;alpha;1;+;138;14;;
S018;1246;alpha;3;-;139;16;;
S018;1250;epsilon;72;-;93;61;;
S018;1252;epsilon;2;+;94;104;;
S018;1253;epsilon;1;-;95;25;;
S018;1323;alpha;15;+;140;91;epsilon;
S018;1323;epsilon;8;+;96;4;;
S018;1326;alpha;3;-;141;24;;
S018;1326;epsilon;3;-;97;43;delta;
S018;1333;alpha;7;+;142;120;;
S018;1335;alpha;2;-;143;59;alpha;
S018;1337;alpha;2;+;144;84;delta;
S018;1339;epsilon;13;+;98;122;;
S018;1351;alpha;14;-;145;32;;
S018;1351;epsilon;12;-;99;20;beta;
S018;1356;gamma;96;-;75;69;;
S018;1357;epsilon;6;+;100;79;;
S018;1357;gamma;1;+;76;56;;
S018;1358;alpha;7;+;146;73;;
S018;1359;alpha;1;-;147;96;;
S018;1359;epsilon;2;-;101;30;;
S018;1359;gamma;2;-;77;54;;
S018;1363;epsilon;4;+;102;50;;
S018;1363;gamma;4;+;78;36;epsilon;
S018;1365;epsilon;2;-;103;121;;
S018;1365;gamma;2;-;79;108;gamma;
S018;1376;alpha;17;+;148;92;;alpha
S018;1379;epsilon;14;+;104;49;;
S018;1380;gamma;15;+;80;20;beta;
S018;1389;alpha;13;-;149;69;;
S018;1389;epsilon;10;-;105;84;delta;
S018;1389;gamma;9;-;81;82;;
S018;1390;alpha;1;+;150;56;;
S018;1390;epsilon;1;+;106;79;;
S018;1391;gamma;2;+;82;60;;
S018;1392;epsilon;2;-;107;30;;
S018;1392;gamma;1;-;83;93;;
S018;1393;alpha;3;-;151;55;;
S018;1396;alpha;3;+;152;45;;
S018;1397;epsilon;5;+;108;51;;
S018;1397;gamma;5;+;84;46;;
S018;1406;alpha;10;-;153;65;;
S018;1407;epsilon;10;-;109;30;;
S018;1407;gamma;10;-;85;38;;
S018;1408;beta;130;-;47;87;;
S018;1410;alpha;4;+;154;19;gamma;
S018;1410;epsilon;3;+;110;49;;
S018;1410;gamma;3;+;86;2;;
S018;1410;beta;2;+;48;110;alpha;
S018;1415;alpha;5;-;155;68;alpha;
S018;1415;epsilon;5;-;111;114;;
S018;1415;gamma;5;-;87;25;;
S018;1415;beta;5;-;49;89;;
S018;1416;alpha;1;+;156;46;;
S018;1416;epsilon;1;+;112;125;;
S018;1416;gamma;1;+;88;124;;
S018;1416;beta;1;+;50;2;;
S018;1419;alpha;3;-;157;82;;
S018;1420;epsilon;4;-;113;111;;
S018;1420;gamma;4;-;89;101;;
S018;1420;beta;4;-;51;24;;
S018;1421;alpha;2;+;158;60;;
S018;1421;epsilon;1;+;114;95;;
S018;1421;gamma;1;+;90;122;;
S018;1421;beta;1;+;52;114;;
S018;1425;alpha;4;-;159;96;;
S018;1426;alpha;1;+;160;72;;
S018;1433;alpha;7;-;161;92;;
S018;1433;epsilon;12;-;115;114;;
S018;1433;gamma;12;-;91;20;beta;
S018;1433;beta;12;-;53;109;epsilon;
S018;1434;epsilon;1;+;116;125;;
S018;1434;gamma;1;+;92;74;;
S018;1434;beta;1;+;54;75;;
S018;1435;epsilon;1;-;117;108;gamma;
S018;1435;gamma;1;-;93;106;delta;
S018;1435;beta;1;-;55;116;;
S018;1438;gamma;3;+;94;47;;
S018;1438;beta;3;+;56;20;beta;
S018;1439;gamma;1;-;95;90;;
S018;1439;beta;1;-;57;74;;
S019;22;alpha;22;+;1;22;;
S019;24;epsilon;24;+;1;24;;
S019;24;gamma;24;+;1;24;;
S019;25;beta;25;+;1;25;;
S019;29;gamma;5;-;2;118;;
S019;29;beta;4;-;2;0;;
S019;30;epsilon;6;-;2;119;;
S019;31;epsilon;1;+;3;48;;
S019;31;gamma;2;+;3;39;;
S019;32;epsilon;1;-;4;100;gamma;
S019;32;gamma;1;-;4;10;;
S019;33;epsilon;1;+;5;112;;
S019;34;epsilon;1;-;6;105;;
S019;35;epsilon;1;+;7;35;;
S019;35;gamma;3;+;5;103;;
S019;35;beta;6;+;3;6;;
S019;36;alpha;14;-;2;55;;
S019;36;epsilon;1;-;8;97;;
S019;36;gamma;1;-;6;15;;
S019;36;beta;1;-;4;61;;
S019;37;alpha;1;+;3;43;delta;
S019;41;epsilon;5;+;9;86;;
S019;41;gamma;5;+;7;28;;
S019;41;beta;5;+;5;107;beta;
S019;47;gamma;6;-;8;32;;
S019;47;beta;6;-;6;60;;
S019;48;gamma;1;+;9;67;;
S019;49;beta;2;+;7;94;;
S019;50;delta;50;+;1;50;;
S019;70;alpha;33;-;4;15;;
S019;78;epsilon;37;-;10;1;;
S019;79;epsilon;1;+;11;11;;
S019;80;alpha;10;+;5;113;;
S019;82;alpha;2;-;6;116;;
S019;85;alpha;3;+;7;20;beta;
S019;93;alpha;8;-;8;81;;
S019;94;alpha;1;+;9;49;;
S019;97;alpha;3;-;10;112;;
S019;97;epsilon;18;-;12;102;;epsilon
S019;98;epsilon;1;+;13;5;;
S019;100;alpha;3;+;11;107;beta;
S019;101;alpha;1;-;12;55;;
S019;101;epsilon;3;-;14;53;;
S019;103;epsilon;2;+;15;24;;
S019;104;epsilon;1;-;16;114;;
S019;113;alpha;12;+;13;51;;
S019;113;epsilon;9;+;17;6;;
S019;119;alpha;6;-;14;8;;
S019;119;epsilon;6;-;18;66;;
S019;122;gamma;74;-;10;43;delta;
S019;123;beta;74;-;8;76;;
S019;124;beta;1;+;9;126;;
S019;126;gamma;4;+;11;53;;
S019;127;gamma;1;-;12;23;;
S019;130;beta;6;-;10;123;;
S019;130;delta;80;-;2;0;;
S019;132;delta;2;+;3;2;;
S019;133;delta;1;-;4;21;delta;
S019;150;alpha;31;+;15;69;;
S019;152;delta;19;+;5;87;;gamma
S019;153;epsilon;34;+;19;30;;
S019;153;beta;23;+;11;4;;
S019;154;gamma;27;+;13;41;;gamma
S019;158;gamma;4;-;14;33;;
S019;159;gamma;1;+;15;77;;
S019;206;alpha;56;-;16;98;;
S019;207;alpha;1;+;17;92;;
S019;212;alpha;5;-;18;36;epsilon;
S019;220;alpha;8;+;19;114;;
S019;221;alpha;1;-;20;125;;
S019;224;epsilon;71;-;20;23;;
S019;241;alpha;20;+;21;74;;beta
S019;242;epsilon;18;+;21;32;;epsilon
S019;244;epsilon;2;-;22;68;alpha;
S019;245;alpha;4;-;22;109;epsilon;
S019;246;alpha;1;+;23;75;;
S019;249;alpha;3;-;24;118;;
S019;250;alpha;1;+;25;38;;
S019;251;alpha;1;-;26;0;;
S019;254;alpha;3;+;27;3;;
S019;254;epsilon;10;+;23;79;;
S019;270;alpha;16;-;28;62;;
S019;270;epsilon;16;-;24;42;;
S019;271;gamma;112;-;16;23;;
S019;281;epsilon;11;+;25;20;beta;
S019;281;gamma;10;+;17;24;;
S019;282;alpha;12;+;29;116;;
S019;289;alpha;7;-;30;24;;
S019;289;epsilon;8;-;26;81;;
S019;289;gamma;8;-;18;121;;
S019;291;epsilon;2;+;27;50;;
S019;292;epsilon;1;-;28;120;;
S019;300;beta;147;-;12;83;;
S019;311;delta;159;-;6;37;;
S019;316;delta;5;+;7;121;;
S019;324;alpha;35;+;31;22;;
S019;325;alpha;1;-;32;94;;
S019;328;delta;12;-;8;47;;
S019;330;alpha;5;+;33;56;;
S019;330;delta;2;+;9;91;epsilon;
S019;334;alpha;4;-;34;56;;
S019;334;delta;4;-;10;25;;
S019;399;alpha;65;+;35;77;;
S019;403;alpha;4;-;36;12;;
S019;426;alpha;23;+;37;80;;
S019;427;alpha;1;-;38;39;;
S019;432;alpha;5;+;39;14;;
S019;434;epsilon;142;+;29;0;;
S019;436;epsilon;2;-;30;2;;
S019;437;epsilon;1;+;31;21;delta;
S019;438;epsilon;1;-;32;84;delta;
S019;443;epsilon;5;+;33;83;;
S019;444;alpha;12;-;40;15;;
S019;444;epsilon;1;-;34;69;;
S019;451;alpha;7;+;41;30;;
S019;452;alpha;1;-;42;47;;
S019;466;alpha;14;+;43;15;;
S019;468;alpha;2;-;44;25;;
S019;475;alpha;7;+;45;3;;
S019;476;epsilon;32;+;35;74;;
S019;479;epsilon;3;-;36;108;gamma;
S019;481;epsilon;2;+;37;66;;
S019;484;epsilon;3;-;38;28;;
S019;486;alpha;11;-;46;57;;
S019;492;alpha;6;+;47;68;alpha;
S019;493;epsilon;9;+;39;35;;
S019;494;alpha;2;-;48;47;;
S019;494;epsilon;1;-;40;97;;
S019;514;alpha;20;+;49;21;delta;beta
S019;515;alpha;1;-;50;84;delta;
S019;523;alpha;8;+;51;86;;
S019;524;alpha;1;-;52;99;;
S019;525;alpha;1;+;53;102;;
S019;526;epsilon;32;+;41;80;;
S019;537;gamma;248;+;19;90;;
S019;538;gamma;1;-;20;12;;
S019;539;gamma;1;+;21;121;;
S019;540;beta;240;+;13;55;;
S019;541;beta;1;-;14;43;delta;
S019;547;beta;6;+;15;55;;
S019;550;beta;3;-;16;45;;
S019;552;alpha;27;-;54;67;;gamma
S019;554;alpha;2;+;55;37;;
S019;555;alpha;1;-;56;117;;
S019;556;alpha;1;+;57;28;;
S019;557;alpha;1;-;58;27;gamma;
S019;558;epsilon;32;-;42;31;;
S019;558;gamma;19;-;22;54;;gamma
S019;559;epsilon;1;+;43;57;;
S019;560;epsilon;1;-;44;63;;
S019;562;alpha;5;+;59;21;delta;
S019;562;epsilon;2;+;45;124;;
S019;562;gamma;4;+;23;36;epsilon;
S019;564;beta;14;+;17;69;;
S019;565;beta;1;-;18;56;;
S019;566;alpha;4;-;60;87;;
S019;567;alpha;1;+;61;109;epsilon;
S019;567;beta;2;+;19;54;;
S019;594;alpha;27;-;62;5;;gamma
S019;596;alpha;2;+;63;52;;
S019;597;alpha;1;-;64;13;;
S019;597;epsilon;35;-;46;116;;
S019;598;epsilon;1;+;47;18;epsilon;
S019;600;alpha;3;+;65;6;;
S019;601;alpha;1;-;66;61;;
S019;601;epsilon;3;-;48;56;;
S019;604;gamma;42;-;24;86;;
S019;604;beta;37;-;20;103;;
S019;605;gamma;1;+;25;99;;
S019;605;beta;1;+;21;15;;
S019;607;epsilon;6;+;49;58;;
S019;610;epsilon;3;-;50;75;;
S019;612;epsilon;2;+;51;117;;
S019;613;alpha;12;+;67;16;;
S019;638;alpha;25;-;68;101;;
S019;639;alpha;1;+;69;122;;
S019;661;alpha;22;-;70;30;;
S019;663;epsilon;51;-;52;67;;
S019;665;epsilon;2;+;53;37;;
S019;671;epsilon;6;-;54;122;;
S019;674;gamma;69;-;26;63;;
S019;676;beta;71;-;22;47;;
S019;678;beta;2;+;23;91;epsilon;
S019;681;gamma;7;+;27;2;;
S019;683;alpha;22;+;71;101;;
S019;683;epsilon;12;+;55;20;beta;
S019;692;epsilon;9;-;56;82;;
S019;693;epsilon;1;+;57;59;alpha;
S019;698;alpha;15;-;72;82;;
S019;698;epsilon;5;-;58;87;;
S019;699;gamma;18;-;28;91;epsilon;epsilon
S019;699;beta;21;-;24;104;;delta
S019;723;alpha;25;+;73;97;;
S019;724;alpha;1;-;74;82;;
S019;725;alpha;1;+;75;59;alpha;
S019;726;alpha;1;-;76;83;;
S019;737;alpha;11;+;77;56;;
S019;738;alpha;1;-;78;53;;
S019;739;alpha;1;+;79;23;;
S019;740;epsilon;42;+;59;106;delta;
S019;751;alpha;12;-;80;26;;
S019;751;epsilon;11;-;60;70;;
S019;766;alpha;15;+;81;75;;
S019;767;alpha;1;-;82;116;;
S019;769;alpha;2;+;83;19;gamma;
S019;770;alpha;1;-;84;64;;
S019;771;alpha;1;+;85;6;;
S019;772;epsilon;21;+;61;36;epsilon;delta
S019;773;epsilon;1;-;62;107;beta;
S019;774;epsilon;1;+;63;55;;
S019;779;gamma;80;+;29;36;epsilon;
S019;780;gamma;1;-;30;107;beta;
S019;783;epsilon;9;-;64;51;;
S019;784;epsilon;1;+;65;3;;
S019;785;alpha;14;-;86;106;delta;
S019;785;epsilon;1;-;66;31;;
S019;820;alpha;35;+;87;94;;
S019;822;alpha;2;-;88;53;;
S019;826;alpha;4;+;89;26;;
S019;831;alpha;5;-;90;11;;
S019;833;alpha;2;+;91;112;;
S019;834;epsilon;49;+;67;101;;
S019;840;alpha;7;-;92;111;;
S019;840;epsilon;6;-;68;0;;
S019;850;alpha;10;+;93;61;;
S019;850;epsilon;10;+;69;10;;
S019;855;gamma;75;+;31;107;beta;
S019;856;gamma;1;-;32;55;;
S019;857;gamma;1;+;33;43;delta;
S019;860;beta;161;+;25;21;delta;
S019;861;beta;1;-;26;84;delta;
S019;863;gamma;6;-;34;55;;
S019;865;epsilon;15;-;70;126;;
S019;866;epsilon;1;+;71;118;;
S019;868;alpha;18;-;94;22;;epsilon
S019;868;epsilon;2;-;72;39;;
S019;871;alpha;3;+;95;96;;
S019;871;epsilon;3;+;73;12;;
S019;872;alpha;1;-;96;72;;
S019;874;epsilon;3;-;74;123;;
S019;877;epsilon;3;+;75;90;;
S019;880;alpha;8;+;97;93;;
S019;880;gamma;17;+;35;56;;alpha
S019;881;alpha;1;-;98;42;;
S019;881;gamma;1;-;36;53;;
S019;882;epsilon;5;-;76;16;;
S019;883;epsilon;1;+;77;34;;
S019;884;epsilon;1;-;78;87;;
S019;885;epsilon;1;+;79;109;epsilon;
S019;886;epsilon;1;-;80;75;;
S019;887;alpha;6;+;99;45;;
S019;887;epsilon;1;+;81;116;;
S019;887;gamma;6;+;37;28;;
S019;894;alpha;7;-;100;76;;
S019;894;epsilon;7;-;82;24;;
S019;894;gamma;7;-;38;33;;
S019;930;alpha;36;+;101;16;;epsilon
S019;932;alpha;2;-;102;35;;
S019;933;alpha;1;+;103;97;;
S019;936;alpha;3;-;104;84;delta;
S019;937;alpha;1;+;105;79;;
S019;938;alpha;1;-;106;29;;
S019;953;alpha;15;+;107;121;;
S019;953;epsilon;59;+;83;46;;alpha
S019;956;epsilon;3;-;84;82;;
S019;957;epsilon;1;+;85;59;alpha;
S019;961;alpha;8;-;108;75;;
S019;961;epsilon;4;-;86;86;;
S019;962;alpha;1;+;109;116;;
S019;963;epsilon;2;+;87;100;gamma;
S019;969;alpha;7;-;110;24;;
S019;969;epsilon;6;-;88;117;;
S019;1007;alpha;38;+;111;25;;
S019;1008;alpha;1;-;112;124;;
S019;1009;alpha;1;+;113;98;;
S019;1017;epsilon;48;+;89;64;;
S019;1019;gamma;125;+;39;105;;
S019;1020;beta;159;+;27;85;;
S019;1022;beta;2;-;28;90;;
S019;1025;beta;3;+;29;14;;
S019;1043;alpha;34;-;114;55;;
S019;1045;alpha;2;+;115;44;;
S019;1048;alpha;3;-;116;62;;
S019;1048;beta;23;-;30;26;;
S019;1049;epsilon;32;-;90;82;;
S019;1049;gamma;30;-;40;116;;
S019;1052;epsilon;3;+;91;61;;
S019;1052;gamma;3;+;41;20;beta;
S019;1053;epsilon;1;-;92;103;;
S019;1053;gamma;1;-;42;74;;
S019;1081;alpha;33;+;117;10;;
S019;1084;epsilon;31;+;93;44;;
S019;1084;gamma;31;+;43;65;;
S019;1085;beta;37;+;31;97;;
S019;1086;beta;1;-;32;82;;
S019;1087;gamma;3;-;44;18;epsilon;
S019;1088;gamma;1;+;45;54;;
S019;1090;beta;4;+;33;62;;
S019;1110;delta;776;+;11;122;;
S019;1111;delta;1;-;12;78;;
S019;1116;delta;5;+;13;23;;
S019;1121;delta;5;-;14;108;gamma;
S019;1122;alpha;41;-;118;25;;
S019;1130;alpha;8;+;119;4;;
S019;1130;delta;9;+;15;73;;
S019;1136;alpha;6;-;120;46;;
S019;1136;delta;6;-;16;101;;
S019;1140;epsilon;56;-;94;11;;
S019;1141;epsilon;1;+;95;111;;
S019;1142;delta;6;+;17;0;;
S019;1143;alpha;7;+;121;86;;
S019;1144;alpha;1;-;122;99;;
S019;1145;alpha;1;+;123;102;;
S019;1146;alpha;1;-;124;5;;
S019;1146;epsilon;5;-;96;99;;
S019;1146;delta;4;-;18;4;;
S019;1148;delta;2;+;19;42;;
S019;1149;alpha;3;+;125;53;;
S019;1149;epsilon;3;+;97;104;;
S019;1154;alpha;5;-;126;27;gamma;
S019;1154;epsilon;5;-;98;29;;
S019;1155;delta;7;-;20;46;;
S019;1156;alpha;2;+;127;18;epsilon;
S019;1156;epsilon;2;+;99;38;;
S019;1156;delta;1;+;21;80;;
S019;1158;alpha;2;-;128;55;;
S019;1158;epsilon;2;-;100;1;;
S019;1159;alpha;1;+;129;43;delta;
S019;1159;epsilon;1;+;101;11;;
S019;1188;alpha;29;-;130;11;;
S019;1191;epsilon;32;-;102;116;;
S019;1192;epsilon;1;+;103;18;epsilon;
S019;1198;epsilon;6;-;104;59;alpha;
S019;1200;gamma;112;-;46;10;;
S019;1201;gamma;1;+;47;101;;
S019;1202;epsilon;4;+;105;86;;
S019;1204;epsilon;2;-;106;100;gamma;
S019;1206;epsilon;2;+;107;113;;
S019;1207;epsilon;1;-;108;115;;
S019;1210;alpha;22;+;131;106;delta;
S019;1210;epsilon;3;+;109;10;;
S019;1216;epsilon;6;-;110;106;delta;
S019;1219;alpha;9;-;132;53;;
S019;1223;alpha;4;+;133;26;;
S019;1223;epsilon;7;+;111;51;;
S019;1224;epsilon;1;-;112;3;;
S019;1225;alpha;2;-;134;8;;
S019;1226;alpha;1;+;135;81;;
S019;1226;epsilon;2;+;113;32;;
S019;1233;alpha;7;-;136;55;;
S019;1233;epsilon;7;-;114;73;;
S019;1233;gamma;32;-;48;99;;
S019;1235;beta;145;-;34;42;;
S019;1239;beta;4;+;35;43;delta;
S019;1240;beta;1;-;36;50;;
S019;1246;beta;6;+;37;125;;
S019;1247;beta;1;-;38;108;gamma;
S019;1329;alpha;34;+;137;73;;
S019;1329;epsilon;34;+;115;95;;
S019;1329;beta;20;+;39;25;;beta
S019;1330;epsilon;1;-;116;62;;
S019;1330;beta;1;-;40;124;;
S019;1331;epsilon;1;+;117;113;;
S019;1331;beta;1;+;41;98;;
S019;1333;beta;2;-;42;93;;
S019;1334;epsilon;3;-;118;117;;
S019;1336;alpha;7;-;138;102;;
S019;1337;alpha;1;+;139;5;;
S019;1338;alpha;1;-;140;51;;
S019;1339;alpha;1;+;141;3;;
S019;1339;epsilon;5;+;119;32;;
S019;1340;beta;7;+;43;48;;
S019;1341;beta;1;-;44;100;gamma;
S019;1345;beta;4;+;45;115;;
S019;1346;alpha;7;-;142;37;;
S019;1346;epsilon;7;-;120;73;;
S019;1346;beta;1;-;46;8;;
S019;1347;alpha;1;+;143;117;;
S019;1347;epsilon;1;+;121;96;;
S019;1353;alpha;6;-;144;33;;
S019;1354;alpha;1;+;145;77;;
S019;1355;alpha;1;-;146;9;;
S019;1355;epsilon;8;-;122;79;;
S019;1358;epsilon;3;+;123;31;;
S019;1359;epsilon;1;-;124;57;;
S019;1360;alpha;5;+;147;95;;
S019;1360;epsilon;1;+;125;63;;
S019;1360;gamma;65;+;49;59;alpha;
S019;1361;beta;15;+;47;53;;
S019;1362;gamma;2;-;50;84;delta;
S019;1362;beta;1;-;48;23;;
S019;1364;alpha;4;-;148;65;;
S019;1367;alpha;3;+;149;18;epsilon;
S019;1368;gamma;6;+;51;84;delta;
S019;1368;beta;6;+;49;109;epsilon;
S019;1374;beta;6;-;50;80;;
S019;1375;beta;1;+;51;39;;
S019;1384;alpha;17;-;150;39;;alpha
S019;1384;epsilon;24;-;126;101;;
S019;1384;gamma;16;-;52;34;;
S019;1384;beta;9;-;52;18;epsilon;
S019;1385;gamma;1;+;53;87;;
S019;1386;gamma;1;-;54;109;epsilon;
S019;1403;alpha;19;+;151;109;epsilon;gamma
S019;1403;epsilon;19;+;127;86;;gamma
S019;1403;gamma;17;+;55;122;;alpha
S019;1403;beta;19;+;53;41;;gamma
S019;1406;beta;3;-;54;32;;
S019;1407;beta;1;+;55;67;;
S019;1421;alpha;18;-;152;123;;epsilon
S019;1421;epsilon;18;-;128;109;epsilon;epsilon
S019;1422;alpha;1;+;153;88;;
S019;1422;epsilon;1;+;129;75;;
S019;1426;alpha;4;-;154;122;;
S019;1426;epsilon;4;-;130;119;;
S019;1426;gamma;23;-;56;31;;
S019;1426;beta;19;-;56;115;;gamma
S019;1435;alpha;9;+;155;86;;
S019;1435;epsilon;9;+;131;56;;
S019;1435;gamma;9;+;57;65;;
S019;1435;beta;9;+;57;16;;
S019;1436;alpha;1;-;156;99;;
S019;1436;epsilon;1;-;132;53;;
S019;1436;gamma;1;-;58;16;;
S019;1436;beta;1;-;58;34;;
S019;1438;epsilon;2;+;133;24;;
S019;1438;gamma;2;+;59;35;;
S019;1438;beta;2;+;59;88;;
S019;1439;epsilon;1;-;134;114;;
S019;1439;gamma;1;-;60;97;;
S019;1439;beta;1;-;60;119;;
S020;3;alpha;3;-;1;3;;
S020;3;epsilon;3;-;1;3;;
S020;3;gamma;3;-;1;3;;
S020;3;beta;3;-;1;3;;
S020;7;alpha;4;+;2;34;;
S020;7;epsilon;4;+;2;34;;
S020;7;gamma;4;+;2;34;;
S020;7;beta;4;+;2;34;;
S020;15;epsilon;8;-;3;94;;
S020;16;epsilon;1;+;4;52;;
S020;17;alpha;10;-;3;108;gamma;
S020;17;epsilon;1;-;5;13;;
S020;17;gamma;10;-;3;108;gamma;
S020;17;beta;10;-;3;108;gamma;
S020;18;alpha;1;+;4;65;;
S020;18;epsilon;1;+;6;4;;
S020;18;gamma;1;+;4;65;;
S020;18;beta;1;+;4;65;;
S020;41;alpha;23;-;5;46;;
S020;42;epsilon;24;-;7;43;delta;
S020;43;gamma;25;-;5;48;;
S020;43;beta;25;-;5;48;;
S020;45;delta;45;-;1;45;;
S020;46;delta;1;+;2;70;;
S020;48;beta;5;+;6;104;;
S020;49;beta;1;-;7;25;;
S020;50;delta;4;-;3;69;;
S020;51;delta;1;+;4;56;;
S020;53;beta;4;+;8;0;;
S020;54;beta;1;-;9;1;;
S020;55;delta;4;-;5;56;;
S020;62;delta;7;+;6;59;alpha;
S020;63;alpha;22;+;6;50;;
S020;63;epsilon;21;+;8;3;;delta
S020;63;gamma;20;+;6;121;;beta
S020;63;beta;9;+;10;19;gamma;
S020;64;epsilon;1;-;9;31;;
S020;65;epsilon;1;+;10;57;;
S020;67;epsilon;2;-;11;64;;
S020;68;alpha;5;-;7;124;;
S020;68;gamma;5;-;7;72;;
S020;68;beta;5;-;11;68;alpha;
S020;69;delta;7;-;7;89;;
S020;71;alpha;3;+;8;100;gamma;
S020;71;delta;2;+;8;3;;
S020;72;alpha;1;-;9;112;;
S020;72;delta;1;-;9;31;;
S020;76;alpha;4;+;10;108;gamma;
S020;76;delta;4;+;10;60;;
S020;77;alpha;1;-;11;65;;
S020;77;delta;1;-;11;93;;
S020;81;alpha;4;+;12;19;gamma;
S020;81;epsilon;14;+;12;64;;
S020;81;beta;13;+;12;82;;
S020;81;delta;4;+;12;45;;
S020;83;gamma;15;+;8;103;;
S020;90;gamma;7;-;9;21;delta;
S020;90;beta;9;-;13;67;;
S020;91;gamma;1;+;10;84;delta;
S020;91;beta;1;+;14;36;epsilon;
S020;113;alpha;32;-;13;27;gamma;
S020;115;alpha;2;+;14;18;epsilon;
S020;116;alpha;1;-;15;54;;
S020;125;epsilon;44;-;13;94;;
S020;128;gamma;37;-;11;55;;
S020;128;beta;37;-;15;81;;
S020;128;delta;47;-;13;102;;
S020;143;alpha;27;+;16;93;;gamma
S020;143;delta;15;+;14;55;;
S020;144;alpha;1;-;17;42;;
S020;144;delta;1;-;15;43;delta;
S020;153;alpha;9;+;18;48;;
S020;162;alpha;9;-;19;108;gamma;
S020;165;alpha;3;+;20;67;;
S020;167;alpha;2;-;21;37;;
S020;168;alpha;1;+;22;117;;
S020;169;alpha;1;-;23;28;;
S020;192;alpha;23;+;24;29;;
S020;195;epsilon;70;+;14;72;;
S020;196;epsilon;1;-;15;86;;
S020;197;epsilon;1;+;16;99;;
S020;203;beta;75;+;16;47;;
S020;204;gamma;76;+;12;115;;
S020;204;delta;60;+;16;42;;
S020;205;gamma;1;-;13;8;;
S020;205;beta;2;-;17;91;epsilon;
S020;205;delta;1;-;17;40;;
S020;214;alpha;22;-;25;1;;
S020;214;epsilon;17;-;17;11;;alpha
S020;215;epsilon;1;+;18;111;;
S020;216;alpha;2;+;26;12;;
S020;217;gamma;12;+;14;50;;
S020;218;beta;13;+;18;96;;
S020;220;delta;15;+;18;78;;
S020;222;delta;2;-;19;20;beta;
S020;223;delta;1;+;20;74;;
S020;254;alpha;38;-;27;95;;
S020;260;alpha;6;+;28;67;;
S020;271;alpha;11;-;29;107;beta;
S020;278;epsilon;63;-;19;114;;
S020;281;epsilon;3;+;20;0;;
S020;282;epsilon;1;-;21;1;;
S020;285;epsilon;3;+;22;13;;
S020;287;epsilon;2;-;23;5;;
S020;288;epsilon;1;+;24;51;;
S020;289;alpha;18;+;30;50;;epsilon
S020;316;alpha;27;-;31;74;;gamma
S020;317;epsilon;29;-;25;49;;
S020;318;epsilon;1;+;26;110;alpha;
S020;319;epsilon;1;-;27;85;;
S020;320;epsilon;1;+;28;89;;
S020;323;alpha;7;+;32;112;;
S020;325;alpha;2;-;33;106;delta;
S020;326;alpha;1;+;34;45;;
S020;344;alpha;18;-;35;73;;epsilon
S020;345;alpha;1;+;36;96;;
S020;351;alpha;6;-;37;77;;
S020;352;epsilon;32;-;29;42;;
S020;358;gamma;141;-;15;103;;
S020;363;beta;145;-;19;6;;
S020;367;beta;4;+;20;64;;
S020;368;beta;1;-;21;6;;
S020;371;beta;3;+;22;63;;
S020;374;alpha;23;+;38;103;;
S020;374;gamma;16;+;16;29;;
S020;376;alpha;2;-;39;16;;
S020;376;gamma;2;-;17;38;;
S020;377;beta;6;-;23;1;;
S020;385;alpha;9;+;40;42;;
S020;387;beta;10;+;24;110;alpha;
S020;388;epsilon;36;+;30;45;;epsilon
S020;388;gamma;12;+;18;2;;
S020;390;epsilon;2;-;31;71;;
S020;390;gamma;2;-;19;22;;
S020;391;epsilon;1;+;32;76;;
S020;391;gamma;1;+;20;94;;
S020;396;gamma;5;-;21;56;;
S020;399;epsilon;8;-;33;6;;
S020;400;epsilon;1;+;34;61;;
S020;400;gamma;4;+;22;56;;
S020;413;alpha;28;-;41;37;;
S020;414;alpha;1;+;42;117;;
S020;423;alpha;9;-;43;36;epsilon;
S020;424;alpha;1;+;44;107;beta;
S020;426;alpha;2;-;45;56;;
S020;427;alpha;1;+;46;53;;
S020;438;alpha;11;-;47;104;;
S020;439;epsilon;39;-;35;43;delta;
S020;439;gamma;39;-;23;51;;
S020;441;beta;54;-;25;5;;
S020;442;gamma;3;+;24;5;;
S020;442;beta;1;+;26;51;;
S020;447;epsilon;8;+;36;57;;
S020;448;epsilon;1;-;37;63;;
S020;449;epsilon;1;+;38;123;;
S020;450;epsilon;1;-;39;88;;
S020;451;gamma;9;-;25;59;alpha;
S020;452;gamma;1;+;26;83;;
S020;453;epsilon;3;+;40;121;;
S020;454;epsilon;1;-;41;68;alpha;
S020;456;alpha;18;+;48;4;;epsilon
S020;456;epsilon;2;+;42;47;;
S020;479;alpha;23;-;49;42;;
S020;480;alpha;1;+;50;40;;
S020;486;alpha;6;-;51;25;;
S020;488;alpha;2;+;52;125;;
S020;489;alpha;1;-;53;108;gamma;
S020;490;alpha;1;+;54;65;;
S020;494;alpha;4;-;55;19;gamma;
S020;502;alpha;8;+;56;71;;
S020;545;alpha;43;-;57;31;;delta
S020;550;alpha;5;+;58;61;;
S020;552;alpha;2;-;59;104;;
S020;554;epsilon;98;-;43;99;;
S020;576;alpha;24;+;60;10;;
S020;581;alpha;5;-;61;105;;
S020;581;gamma;129;-;27;71;;
S020;597;beta;155;-;27;101;;
S020;598;beta;1;+;28;122;;
S020;600;beta;2;-;29;79;;
S020;633;alpha;52;+;62;11;;
S020;636;alpha;3;-;63;113;;
S020;639;alpha;3;+;64;117;;
S020;642;alpha;3;-;65;30;;
S020;643;alpha;1;+;66;47;;
S020;644;alpha;1;-;67;90;;
S020;645;alpha;1;+;68;12;;
S020;646;epsilon;92;+;44;86;;
S020;647;epsilon;1;-;45;99;;
S020;649;epsilon;2;+;46;103;;
S020;650;epsilon;1;-;47;15;;
S020;653;alpha;8;-;69;1;;
S020;656;alpha;3;+;70;13;;
S020;656;epsilon;6;+;48;29;;
S020;659;gamma;78;+;28;66;;
S020;660;gamma;1;-;29;26;;
S020;663;alpha;7;-;71;10;;
S020;664;alpha;1;+;72;101;;
S020;668;gamma;8;+;30;14;;
S020;669;gamma;1;-;31;14;;
S020;671;alpha;7;-;73;1;;
S020;673;alpha;2;+;74;12;;
S020;676;alpha;3;-;75;123;;
S020;681;alpha;5;+;76;92;;
S020;682;gamma;13;+;32;16;;
S020;683;gamma;1;-;33;34;;
S020;684;alpha;3;-;77;34;;
S020;684;epsilon;28;-;49;7;;
S020;685;alpha;1;+;78;87;;
S020;685;epsilon;1;+;50;71;;
S020;685;gamma;2;+;34;88;;
S020;687;beta;87;+;30;113;;
S020;702;alpha;17;-;79;81;;alpha
S020;702;beta;15;-;31;12;;
S020;703;epsilon;18;-;51;6;;epsilon
S020;704;gamma;19;-;35;56;;gamma
S020;709;gamma;5;+;36;57;;
S020;710;gamma;1;-;37;63;;
S020;713;gamma;3;+;38;125;;
S020;716;epsilon;13;+;52;105;;
S020;716;beta;14;+;32;71;;
S020;717;alpha;15;+;80;114;;
S020;729;epsilon;13;-;53;99;;
S020;733;alpha;16;-;81;113;;
S020;733;gamma;20;-;39;74;;beta
S020;733;beta;17;-;33;5;;alpha
S020;733;delta;510;-;21;88;;
S020;743;delta;10;+;22;47;;
S020;747;alpha;14;+;82;11;;
S020;747;epsilon;18;+;54;12;;epsilon
S020;747;gamma;14;+;40;48;;
S020;747;beta;14;+;34;6;;
S020;749;epsilon;2;-;55;122;;
S020;749;gamma;2;-;41;101;;
S020;750;epsilon;1;+;56;78;;
S020;750;gamma;1;+;42;122;;
S020;770;alpha;23;-;83;107;beta;
S020;771;epsilon;21;-;57;74;;delta
S020;772;epsilon;1;+;58;106;delta;
S020;773;alpha;3;+;84;57;;
S020;778;alpha;5;-;85;67;;
S020;779;alpha;1;+;86;36;epsilon;
S020;780;alpha;1;-;87;107;beta;
S020;781;epsilon;9;-;59;53;;
S020;781;gamma;31;-;43;39;;
S020;782;epsilon;1;+;60;23;;
S020;782;gamma;1;+;44;10;;
S020;783;alpha;3;+;88;57;;
S020;785;alpha;2;-;89;64;;
S020;786;epsilon;4;-;61;107;beta;
S020;786;gamma;4;-;45;104;;
S020;787;epsilon;1;+;62;55;;
S020;787;gamma;1;+;46;25;;
S020;788;epsilon;1;-;63;43;delta;
S020;788;gamma;1;-;47;124;;
S020;789;beta;42;-;35;7;;
S020;790;epsilon;2;+;64;51;;
S020;790;gamma;2;+;48;99;;
S020;790;beta;1;+;36;71;;
S020;792;epsilon;2;-;65;4;;
S020;793;gamma;3;-;49;104;;
S020;793;beta;3;-;37;78;;
S020;794;beta;1;+;38;19;gamma;
S020;795;beta;1;-;39;64;;
S020;795;delta;52;-;23;53;;
S020;796;delta;1;+;24;23;;
S020;797;gamma;4;+;50;28;;
S020;797;beta;2;+;40;7;;
S020;798;alpha;13;+;90;63;;
S020;798;epsilon;6;+;66;46;;
S020;819;alpha;21;-;91;98;;delta
S020;822;epsilon;24;-;67;52;;
S020;823;gamma;26;-;51;32;;
S020;824;epsilon;2;+;68;14;;
S020;824;gamma;1;+;52;67;;
S020;826;epsilon;2;-;69;15;;
S020;830;gamma;6;-;53;41;;
S020;831;beta;34;-;41;99;;
S020;835;gamma;5;+;54;34;;
S020;835;beta;4;+;42;105;;
S020;838;epsilon;12;+;70;115;;
S020;839;epsilon;1;-;71;8;;
S020;840;alpha;21;+;92;42;;delta
S020;840;epsilon;1;+;72;81;;
S020;841;alpha;1;-;93;40;;
S020;841;epsilon;1;-;73;49;;
S020;844;gamma;9;-;55;95;;
S020;845;beta;10;-;43;96;;
S020;846;beta;1;+;44;72;;
S020;847;beta;1;-;45;86;;
S020;848;beta;1;+;46;99;;
S020;849;alpha;8;+;94;27;gamma;
S020;849;gamma;5;+;56;66;;
S020;850;alpha;1;-;95;17;alpha;
S020;850;gamma;1;-;57;26;;
S020;851;alpha;1;+;96;44;;
S020;851;gamma;1;+;58;7;;
S020;852;alpha;1;-;97;60;;
S020;852;gamma;1;-;59;71;;
S020;853;beta;5;-;47;106;delta;
S020;854;alpha;2;+;98;94;;
S020;854;beta;1;+;48;45;;
S020;855;gamma;3;+;60;78;;
S020;858;alpha;4;-;99;55;;
S020;858;gamma;3;-;61;21;delta;
S020;859;beta;5;-;49;74;;
S020;859;delta;63;-;25;77;;
S020;864;delta;5;+;26;13;;
S020;866;delta;2;-;27;5;;
S020;872;alpha;14;+;100;53;;
S020;872;epsilon;31;+;74;105;;
S020;872;gamma;14;+;62;82;;
S020;872;beta;13;+;50;47;;
S020;872;delta;6;+;28;56;;
S020;883;alpha;11;-;101;104;;
S020;883;epsilon;11;-;75;97;;
S020;883;gamma;11;-;63;83;;
S020;884;alpha;1;+;102;25;;
S020;884;epsilon;1;+;76;82;;
S020;884;gamma;1;+;64;69;;
S020;885;alpha;1;-;103;124;;
S020;885;gamma;1;-;65;56;;
S020;886;epsilon;2;-;77;60;;
S020;886;beta;14;-;51;15;;
S020;888;delta;16;-;29;28;;
S020;892;delta;4;+;30;30;;
S020;893;beta;7;+;52;30;;
S020;894;beta;1;-;53;47;;
S020;895;alpha;10;+;104;91;epsilon;
S020;895;epsilon;9;+;78;101;;
S020;895;gamma;10;+;66;22;;
S020;895;beta;1;+;54;90;;
S020;908;gamma;13;-;67;54;;
S020;909;gamma;1;+;68;33;;
S020;912;alpha;17;-;105;100;gamma;alpha
S020;912;epsilon;17;-;79;84;delta;alpha
S020;912;gamma;3;-;69;79;;
S020;913;beta;18;-;55;1;;epsilon
S020;914;alpha;2;+;106;113;;
S020;914;epsilon;2;+;80;80;;
S020;914;gamma;2;+;70;30;;
S020;914;beta;1;+;56;11;;
S020;915;alpha;1;-;107;115;;
S020;915;epsilon;1;-;81;39;;
S020;915;gamma;1;-;71;47;;
S020;915;beta;1;-;57;111;;
S020;918;beta;3;+;58;97;;
S020;920;beta;2;-;59;83;;
S020;923;delta;31;-;31;110;alpha;
S020;928;delta;5;+;32;89;;
S020;930;delta;2;-;33;3;;
S020;933;delta;3;+;34;33;;
S020;934;delta;1;-;35;77;;
S020;971;alpha;56;+;108;126;;
S020;975;alpha;4;-;109;121;;
S020;978;alpha;3;+;110;70;;
S020;985;alpha;7;-;111;72;;
S020;1002;alpha;17;+;112;105;;alpha
S020;1002;epsilon;87;+;82;50;;
S020;1012;gamma;97;+;72;98;;
S020;1019;beta;99;+;60;17;alpha;
S020;1020;delta;86;+;36;39;;
S020;1026;delta;6;-;37;15;;
S020;1027;delta;1;+;38;24;;
S020;1028;beta;9;-;61;52;;
S020;1028;delta;1;-;39;114;;
S020;1029;beta;1;+;62;13;;
S020;1029;delta;1;+;40;125;;
S020;1030;delta;1;-;41;108;gamma;
S020;1033;delta;3;+;42;67;;
S020;1035;delta;2;-;43;37;;
S020;1036;alpha;34;-;113;120;;
S020;1037;beta;8;-;63;11;;
S020;1038;beta;1;+;64;111;;
S020;1039;alpha;3;+;114;60;;
S020;1040;alpha;1;-;115;93;;
S020;1040;beta;2;-;65;96;;
S020;1044;beta;4;+;66;75;;
S020;1045;alpha;5;+;116;46;;
S020;1046;alpha;1;-;117;80;;
S020;1051;epsilon;49;-;83;96;;
S020;1051;beta;7;-;67;122;;
S020;1052;epsilon;1;+;84;72;;
S020;1052;beta;1;+;68;78;;
S020;1054;alpha;8;+;118;46;;
S020;1062;delta;27;+;44;44;;gamma
S020;1063;delta;1;-;45;60;;
S020;1064;delta;1;+;46;93;;
S020;1065;delta;1;-;47;42;;
S020;1066;delta;1;+;48;40;;
S020;1070;delta;4;-;49;23;;
S020;1072;alpha;18;-;119;46;;epsilon
S020;1072;epsilon;20;-;85;108;gamma;beta
S020;1073;alpha;1;+;120;80;;
S020;1073;epsilon;1;+;86;65;;
S020;1073;delta;3;+;50;106;delta;
S020;1088;alpha;15;-;121;14;;
S020;1090;epsilon;17;-;87;40;;alpha
S020;1090;delta;17;-;51;76;;alpha
S020;1092;epsilon;2;+;88;21;delta;
S020;1093;epsilon;1;-;89;84;delta;
S020;1095;epsilon;2;+;90;80;;
S020;1095;delta;5;+;52;3;;
S020;1096;epsilon;1;-;91;39;;
S020;1096;delta;1;-;53;31;;
S020;1097;epsilon;1;+;92;10;;
S020;1098;alpha;10;+;122;13;;
S020;1098;delta;2;+;54;58;;
S020;1099;alpha;1;-;123;4;;
S020;1101;epsilon;4;-;93;104;;
S020;1101;delta;3;-;55;75;;
S020;1102;epsilon;1;+;94;25;;
S020;1102;delta;1;+;56;116;;
S020;1103;alpha;4;+;124;44;;
S020;1105;alpha;2;-;125;61;;
S020;1105;epsilon;3;-;95;126;;
S020;1105;delta;3;-;57;20;beta;
S020;1107;epsilon;2;+;96;119;;
S020;1107;delta;2;+;58;75;;
S020;1108;epsilon;1;-;97;48;;
S020;1108;delta;1;-;59;116;;
S020;1109;alpha;4;+;126;106;delta;
S020;1109;epsilon;1;+;98;100;gamma;
S020;1109;delta;1;+;60;18;epsilon;
S020;1114;epsilon;5;-;99;116;;
S020;1116;epsilon;2;+;100;19;gamma;
S020;1134;alpha;25;-;127;84;delta;
S020;1137;alpha;3;+;128;81;;
S020;1138;alpha;1;-;129;49;;
S020;1140;alpha;2;+;130;111;;
S020;1147;alpha;7;-;131;101;;
S020;1147;epsilon;31;-;101;26;;
S020;1150;epsilon;3;+;102;9;;
S020;1151;alpha;4;+;132;125;;
S020;1153;alpha;2;-;133;109;epsilon;
S020;1154;epsilon;4;-;103;94;;
S020;1156;gamma;144;-;73;100;gamma;
S020;1157;gamma;1;+;74;112;;
S020;1158;gamma;1;-;75;105;;
S020;1164;gamma;6;+;76;40;;
S020;1166;gamma;2;-;77;21;delta;
S020;1169;gamma;3;+;78;86;;
S020;1170;alpha;17;+;134;122;;alpha
S020;1172;alpha;2;-;135;79;;
S020;1172;gamma;3;-;79;101;;
S020;1173;gamma;1;+;80;122;;
S020;1174;alpha;2;+;136;30;;
S020;1178;alpha;4;-;137;50;;
S020;1178;gamma;5;-;81;82;;
S020;1182;beta;130;-;69;25;;
S020;1182;delta;73;-;61;95;;
S020;1183;delta;1;+;62;62;;
S020;1186;delta;3;-;63;115;;
S020;1225;alpha;47;+;138;94;;
S020;1233;alpha;8;-;139;59;alpha;
S020;1236;alpha;3;+;140;85;;
S020;1239;alpha;3;-;141;91;epsilon;
S020;1240;alpha;1;+;142;22;;
S020;1241;alpha;1;-;143;94;;
S020;1243;alpha;2;+;144;53;;
S020;1244;alpha;1;-;145;23;;
S021;5;beta;5;-;1;5;;
S021;8;beta;3;+;2;53;;
S021;9;beta;1;-;3;23;;
S021;15;beta;6;+;4;109;epsilon;
S021;16;alpha;16;+;1;16;;
S021;25;epsilon;25;+;1;25;;
S021;26;gamma;26;+;1;26;;
S021;45;alpha;29;-;2;105;;
S021;48;alpha;3;+;3;37;;
S021;50;alpha;2;-;4;118;;
S021;58;gamma;32;-;2;92;;
S021;59;gamma;1;+;3;32;;
S021;60;alpha;10;+;5;126;;
S021;63;alpha;3;-;6;120;;
S021;64;alpha;1;+;7;58;;
S021;66;alpha;2;-;8;74;;
S021;67;epsilon;42;-;2;2;;
S021;67;gamma;8;-;4;74;;
S021;67;beta;52;-;5;30;;
S021;76;gamma;9;+;5;114;;
S021;77;alpha;11;+;9;45;;
S021;77;epsilon;10;+;3;83;;
S021;77;beta;10;+;6;89;;
S021;78;epsilon;1;-;4;69;;
S021;79;epsilon;1;+;5;56;;
S021;80;epsilon;1;-;6;53;;
S021;81;epsilon;1;+;7;23;;
S021;84;epsilon;3;-;8;106;delta;
S021;85;alpha;8;-;10;77;;
S021;85;gamma;9;-;6;6;;
S021;85;beta;8;-;7;9;;
S021;86;gamma;1;+;7;61;;
S021;87;gamma;1;-;8;103;;
S021;111;alpha;26;+;11;106;delta;
S021;114;epsilon;30;+;9;89;;
S021;114;gamma;27;+;9;40;;gamma
S021;114;beta;29;+;8;40;;
S021;139;alpha;28;-;12;87;;
S021;140;alpha;1;+;13;109;epsilon;
S021;141;alpha;1;-;14;75;;
S021;143;alpha;2;+;15;117;;
S021;153;alpha;10;-;16;26;;
S021;155;epsilon;41;-;10;51;;
S021;155;gamma;41;-;10;104;;
S021;156;gamma;1;+;11;25;;
S021;158;gamma;2;-;12;125;;
S021;159;gamma;1;+;13;108;gamma;
S021;160;epsilon;5;+;11;7;;
S021;167;alpha;14;+;17;74;;
S021;173;alpha;6;-;18;111;;
S021;173;epsilon;13;-;12;78;;
S021;174;alpha;1;+;19;95;;
S021;174;epsilon;1;+;13;19;gamma;
S021;208;alpha;34;-;20;9;;
S021;210;alpha;2;+;21;92;;
S021;218;alpha;8;-;22;39;;
S021;220;alpha;2;+;23;11;;
S021;228;alpha;8;-;24;118;;
S021;231;alpha;3;+;25;40;;
S021;234;alpha;3;-;26;22;;
S021;235;alpha;1;+;27;94;;
S021;236;alpha;1;-;28;52;;
S021;236;epsilon;62;-;14;57;;
S021;241;alpha;5;+;29;17;alpha;
S021;241;epsilon;5;+;15;67;;
S021;259;alpha;18;-;30;67;;epsilon
S021;263;alpha;4;+;31;39;;
S021;264;alpha;1;-;32;10;;
S021;266;alpha;2;+;33;102;;
S021;271;alpha;5;-;34;9;;
S021;277;alpha;6;+;35;96;;
S021;278;alpha;1;-;36;72;;
S021;280;alpha;2;+;37;87;;
S021;295;alpha;15;-;38;79;;
S021;295;epsilon;54;-;16;23;;
S021;298;gamma;139;-;14;62;;
S021;300;epsilon;5;+;17;108;gamma;
S021;300;gamma;2;+;15;114;;
S021;301;epsilon;1;-;18;65;;
S021;302;gamma;2;-;16;126;;
S021;305;beta;191;-;9;59;alpha;
S021;321;alpha;26;+;39;52;;
S021;328;epsilon;27;+;19;50;;gamma
S021;328;beta;23;+;10;81;;
S021;329;gamma;27;+;17;54;;gamma
S021;332;gamma;3;-;18;35;;
S021;333;beta;5;-;11;53;;
S021;334;epsilon;6;-;20;125;;
S021;336;alpha;15;-;40;8;;
S021;340;alpha;4;+;41;84;delta;
S021;341;alpha;1;-;42;79;;
S021;346;alpha;5;+;43;33;;
S021;346;epsilon;12;+;21;66;;
S021;347;alpha;1;-;44;77;;
S021;348;alpha;1;+;45;9;;
S021;349;alpha;1;-;46;91;epsilon;
S021;349;epsilon;3;-;22;28;;
S021;351;epsilon;2;+;23;28;;
S021;352;alpha;3;+;47;24;;
S021;353;gamma;21;+;19;92;;delta
S021;353;beta;20;+;12;113;;beta
S021;378;alpha;26;-;48;13;;
S021;385;epsilon;34;-;24;40;;
S021;385;gamma;32;-;20;88;;
S021;385;beta;32;-;13;29;;
S021;387;gamma;2;+;21;120;;
S021;387;beta;2;+;14;38;;
S021;388;gamma;1;-;22;58;;
S021;388;beta;1;-;15;0;;
S021;406;alpha;28;+;49;58;;
S021;406;gamma;18;+;23;103;;epsilon
S021;406;beta;18;+;16;18;epsilon;epsilon
S021;407;beta;1;-;17;54;;
S021;408;beta;1;+;18;33;;
S021;411;epsilon;26;+;25;89;;
S021;428;alpha;22;-;50;107;beta;
S021;428;epsilon;17;-;26;27;gamma;alpha
S021;428;gamma;22;-;24;35;;
S021;428;beta;20;-;19;18;epsilon;beta
S021;431;beta;3;+;20;56;;
S021;432;epsilon;4;+;27;20;beta;
S021;432;gamma;4;+;25;100;gamma;
S021;435;gamma;3;-;26;114;;
S021;436;epsilon;4;-;28;77;;
S021;437;epsilon;1;+;29;9;;
S021;437;gamma;2;+;27;126;;
S021;438;epsilon;1;-;30;91;epsilon;
S021;438;gamma;1;-;28;118;;
S021;440;epsilon;2;+;31;23;;
S021;440;gamma;2;+;29;39;;
S021;441;epsilon;1;-;32;104;;
S021;441;gamma;1;-;30;10;;
S021;442;beta;11;-;21;23;;
S021;444;beta;2;+;22;105;;
S021;449;beta;5;-;23;39;;
S021;450;alpha;22;+;51;54;;
S021;450;epsilon;9;+;33;33;;
S021;450;gamma;9;+;31;109;epsilon;
S021;450;beta;1;+;24;10;;
S021;451;epsilon;1;-;34;77;;
S021;451;gamma;1;-;32;75;;
S021;452;alpha;2;-;52;34;;
S021;452;beta;2;-;25;102;;
S021;453;beta;1;+;26;5;;
S021;454;beta;1;-;27;51;;
S021;464;alpha;12;+;53;110;alpha;
S021;464;beta;10;+;28;30;;
S021;465;alpha;1;-;54;85;;
S021;465;beta;1;-;29;47;;
S021;466;alpha;1;+;55;89;;
S021;466;beta;1;+;30;90;;
S021;468;beta;2;-;31;13;;
S021;469;beta;1;+;32;4;;
S021;470;epsilon;19;+;35;99;;gamma
S021;470;gamma;19;+;33;26;;gamma
S021;471;epsilon;1;-;36;102;;
S021;471;gamma;1;-;34;7;;
S021;472;beta;3;-;33;43;delta;
S021;473;alpha;7;-;56;8;;
S021;478;delta;478;-;1;97;;
S021;510;alpha;37;+;57;75;;
S021;511;alpha;1;-;58;116;;
S021;514;alpha;3;+;59;20;beta;
S021;519;alpha;5;-;60;78;;
S021;521;alpha;2;+;61;20;beta;
S021;523;alpha;2;-;62;75;;
S021;525;alpha;2;+;63;117;;
S021;528;alpha;3;-;64;30;;
S021;537;alpha;9;+;65;55;;
S021;538;epsilon;67;+;37;107;beta;
S021;539;epsilon;1;-;38;55;;
S021;540;epsilon;1;+;39;43;delta;
S021;541;alpha;4;-;66;46;;
S021;541;epsilon;1;-;40;50;;
S021;542;alpha;1;+;67;80;;
S021;542;epsilon;1;+;41;120;;
S021;546;epsilon;4;-;42;61;;
S021;547;epsilon;1;+;43;103;;
S021;560;alpha;18;-;68;17;alpha;epsilon
S021;561;alpha;1;+;69;44;;
S021;564;alpha;3;-;70;62;;
S021;565;epsilon;18;-;44;31;;epsilon
S021;566;epsilon;1;+;45;57;;
S021;567;alpha;3;+;71;115;;
S021;574;gamma;103;+;35;118;;
S021;584;alpha;17;-;72;87;;alpha
S021;586;alpha;2;+;73;110;alpha;
S021;588;alpha;2;-;74;86;;
S021;590;alpha;2;+;75;100;gamma;
S021;595;alpha;5;-;76;116;;
S021;596;alpha;1;+;77;18;epsilon;
S021;598;beta;126;+;34;73;;
S021;602;beta;4;-;35;99;;
S021;603;beta;1;+;36;102;;
S021;604;beta;1;-;37;5;;
S021;605;beta;1;+;38;51;;
S021;637;alpha;41;-;78;63;;
S021;639;alpha;2;+;79;124;;
S021;641;delta;163;+;2;8;;
S021;656;alpha;17;-;80;98;;alpha
S021;663;epsilon;97;-;46;82;;
S021;664;delta;23;-;3;61;;
S021;665;gamma;91;-;36;80;;epsilon
S021;666;gamma;1;+;37;39;;
S021;677;delta;13;+;4;17;alpha;
S021;678;alpha;22;+;81;43;delta;
S021;680;epsilon;17;+;47;89;;alpha
S021;685;epsilon;5;-;48;6;;
S021;687;alpha;9;-;82;58;;
S021;688;alpha;1;+;83;73;;
S021;691;alpha;3;-;84;98;;
S021;691;delta;14;-;5;63;;
S021;693;gamma;27;-;38;117;;gamma
S021;694;beta;89;-;39;109;epsilon;
S021;695;beta;1;+;40;75;;
S021;696;gamma;3;+;39;30;;
S021;698;gamma;2;-;40;48;;
S021;707;alpha;16;+;85;37;;
S021;707;epsilon;22;+;49;114;;
S021;707;gamma;9;+;41;108;gamma;
S021;707;delta;16;+;6;93;;
S021;735;alpha;28;-;86;45;;
S021;743;epsilon;36;-;50;6;;epsilon
S021;743;gamma;36;-;42;41;;epsilon
S021;749;epsilon;6;+;51;66;;
S021;749;gamma;6;+;43;35;;
S021;752;epsilon;3;-;52;28;;
S021;752;gamma;3;-;44;99;;
S021;754;beta;59;-;41;66;;alpha
S021;755;beta;1;+;42;26;;
S021;757;gamma;5;+;45;106;delta;
S021;758;gamma;1;-;46;45;;
S021;759;gamma;1;+;47;70;;
S021;760;gamma;1;-;48;66;;
S021;760;beta;5;-;43;11;;
S021;762;gamma;2;+;49;27;gamma;
S021;762;beta;2;+;44;112;;
S021;763;gamma;1;-;50;17;alpha;
S021;763;beta;1;-;45;105;;
S021;763;delta;56;-;7;85;;
S021;764;delta;1;+;8;89;;
S021;767;delta;3;-;9;4;;
S021;783;alpha;48;+;87;103;;
S021;783;epsilon;31;+;53;37;;
S021;783;gamma;20;+;51;69;;beta
S021;783;beta;20;+;46;106;delta;beta
S021;783;delta;16;+;10;35;;
S021;784;epsilon;1;-;54;117;;
S021;784;gamma;1;-;52;56;;
S021;784;beta;1;-;47;45;;
S021;787;epsilon;3;+;55;30;;
S021;788;alpha;5;-;88;19;gamma;
S021;788;epsilon;1;-;56;47;;
S021;788;delta;5;-;11;101;;
S021;789;alpha;1;+;89;64;;
S021;789;delta;1;+;12;122;;
S021;790;epsilon;2;+;57;91;epsilon;
S021;790;gamma;6;+;53;58;;
S021;790;beta;6;+;48;75;;
S021;793;beta;3;-;49;118;;
S021;795;beta;2;+;50;39;;
S021;800;beta;5;-;51;14;;
S021;801;gamma;11;-;54;96;;
S021;802;alpha;13;-;90;63;;
S021;803;alpha;1;+;91;123;;
S021;807;alpha;4;-;92;91;epsilon;
S021;807;epsilon;17;-;58;100;gamma;alpha
S021;808;delta;19;-;13;27;gamma;gamma
S021;809;epsilon;2;+;59;113;;
S021;809;delta;1;+;14;17;alpha;
S021;810;epsilon;1;-;60;115;;
S021;811;epsilon;1;+;61;8;;
S021;813;alpha;6;+;93;27;gamma;
S021;813;gamma;12;+;55;87;;
S021;813;beta;13;+;52;16;;
S021;894;alpha;81;-;94;114;;
S021;900;epsilon;89;-;62;0;;
S021;901;epsilon;1;+;63;1;;
S021;903;epsilon;2;-;64;12;;
S021;904;epsilon;1;+;65;121;;
S021;906;epsilon;2;-;66;69;;
S021;925;alpha;31;+;95;1;;
S021;926;alpha;1;-;96;11;;
S021;934;alpha;8;+;97;118;;
S021;937;alpha;3;-;98;40;;
S021;938;alpha;1;+;99;20;beta;
S021;942;epsilon;36;+;67;78;;epsilon
S021;959;alpha;21;-;100;116;;delta
S021;959;epsilon;17;-;68;70;;alpha
S021;959;gamma;146;-;56;24;;
S021;967;epsilon;8;+;69;73;;
S021;969;epsilon;2;-;70;97;;
S021;972;epsilon;3;+;71;84;delta;
S021;973;alpha;14;+;101;57;;
S021;975;gamma;16;+;57;3;;
S021;976;gamma;1;-;58;31;;
S021;977;gamma;1;+;59;57;;
S021;1027;alpha;54;-;102;39;;
S021;1036;epsilon;64;-;72;82;;
S021;1045;alpha;18;+;103;108;gamma;epsilon
S021;1046;alpha;1;-;104;65;;
S021;1056;alpha;10;+;105;33;;
S021;1060;epsilon;24;+;73;96;;
S021;1061;epsilon;1;-;74;72;;
S021;1065;alpha;9;-;106;85;;
S021;1066;alpha;1;+;107;89;;
S021;1068;epsilon;7;+;75;92;;
S021;1094;alpha;28;-;108;38;;
S021;1095;alpha;1;+;109;0;;
S021;1103;alpha;8;-;110;8;;
S021;1104;epsilon;36;-;76;92;;epsilon
S021;1105;gamma;128;-;60;105;;
S021;1106;gamma;1;+;61;35;;
S021;1108;gamma;2;-;62;98;;
S021;1109;gamma;1;+;63;92;;
S021;1111;gamma;2;-;64;33;;
S021;1115;beta;302;-;53;46;;
S021;1117;beta;2;+;54;81;;
S021;1121;beta;4;-;55;52;;
S021;1138;alpha;35;+;111;73;;
S021;1139;alpha;1;-;112;96;;
S021;1140;alpha;1;+;113;72;;
S021;1141;alpha;1;-;114;86;;
S021;1147;alpha;6;+;115;104;;
S021;1151;epsilon;47;+;77;103;;
S021;1152;epsilon;1;-;78;15;;
S021;1153;epsilon;1;+;79;24;;
S021;1170;alpha;23;-;116;9;;
S021;1171;epsilon;18;-;80;5;;epsilon
S021;1173;epsilon;2;+;81;52;;
S021;1174;alpha;4;+;117;94;;
S021;1175;gamma;64;+;65;62;;
S021;1175;beta;54;+;56;47;;
S021;1183;alpha;9;-;118;60;;
S021;1183;gamma;8;-;66;120;;
S021;1183;beta;8;-;57;97;;
S021;1187;alpha;4;+;119;96;;
S021;1187;gamma;4;+;67;61;;
S021;1187;beta;4;+;58;85;;
S021;1190;alpha;3;-;120;74;;
S021;1190;gamma;3;-;68;105;;
S021;1190;beta;3;-;59;91;epsilon;
S021;1192;epsilon;19;-;82;12;;gamma
S021;1212;alpha;22;+;121;56;;
S021;1214;epsilon;22;+;83;79;;
S021;1214;gamma;24;+;69;110;alpha;
S021;1215;beta;25;+;60;108;gamma;
S021;1216;beta;1;-;61;65;;
S021;1229;epsilon;15;-;84;41;;
S021;1229;gamma;15;-;70;93;;
S021;1230;epsilon;1;+;85;30;;
S021;1230;gamma;1;+;71;42;;
S021;1236;beta;20;+;62;43;delta;beta
S021;1237;beta;1;-;63;50;;
S021;1238;beta;1;+;64;120;;
S021;1239;alpha;27;-;122;39;;gamma
S021;1239;beta;1;-;65;58;;
S021;1240;alpha;1;+;123;10;;
S021;1242;alpha;2;-;124;102;;
S021;1244;gamma;14;-;72;23;;
S021;1245;gamma;1;+;73;104;;
S021;1246;gamma;1;-;74;25;;
S021;1248;gamma;2;+;75;125;;
S021;1251;alpha;9;+;125;13;;
S021;1251;beta;12;+;66;97;;
S021;1253;alpha;2;-;126;5;;
S021;1253;gamma;5;-;76;112;;
S021;1253;beta;2;-;67;83;;
S021;1254;epsilon;24;-;86;103;;
S021;1320;delta;449;-;15;50;;
S021;1321;delta;1;+;16;120;;
S021;1333;delta;12;-;17;74;;
S021;1350;alpha;35;+;127;27;gamma;
S021;1354;alpha;4;-;128;20;beta;
S021;1356;alpha;2;+;129;75;;
S021;1367;alpha;11;-;130;18;epsilon;
S021;1369;alpha;2;+;131;55;;
S021;1370;epsilon;54;+;87;67;;
S021;1375;delta;42;+;18;76;;
S021;1379;gamma;64;+;77;88;;
S021;1379;beta;64;+;68;109;epsilon;
S021;1382;gamma;3;-;78;121;;
S021;1382;beta;3;-;69;77;;
S021;1382;delta;7;-;19;5;;
S021;1384;gamma;2;+;79;69;;
S021;1384;beta;2;+;70;10;;
S021;1384;delta;2;+;20;52;;
S021;1385;beta;1;-;71;101;;
S021;1386;gamma;2;-;80;57;;
S021;1386;delta;2;-;21;14;;
S021;1389;gamma;3;+;81;65;;
S021;1389;delta;3;+;22;16;;
S021;1392;delta;3;-;23;36;epsilon;
S021;1393;beta;8;+;72;2;;
S021;1393;delta;1;+;24;107;beta;
S021;1428;alpha;59;-;132;98;;alpha
S021;1430;alpha;2;+;133;93;;
S021;1431;alpha;1;-;134;42;;
S021;1433;epsilon;63;-;88;32;;
S021;1439;gamma;50;-;82;73;;
S021;1439;beta;46;-;73;119;;
S021;1439;delta;46;-;25;78;;
S022;2;alpha;2;+;1;2;;
S022;2;epsilon;2;+;1;2;;
S022;2;gamma;2;+;1;2;;
S022;2;beta;2;+;1;2;;
S022;2;delta;2;+;1;2;;
S022;10;alpha;8;-;2;28;;
S022;10;epsilon;8;-;2;28;;
S022;12;alpha;2;+;3;28;;
S022;12;epsilon;2;+;3;28;;
S022;28;alpha;16;-;4;22;;
S022;28;epsilon;16;-;4;22;;
S022;30;epsilon;2;+;5;95;;
S022;31;epsilon;1;-;6;62;;
S022;32;gamma;30;-;2;103;;
S022;32;beta;30;-;2;103;;
S022;32;delta;30;-;2;103;;
S022;60;alpha;32;+;5;73;;
S022;60;beta;28;+;3;41;;
S022;61;epsilon;30;+;7;7;;
S022;61;gamma;29;+;3;42;;
S022;61;delta;29;+;3;42;;
S022;64;epsilon;3;-;8;73;;
S022;64;gamma;3;-;4;42;;
S022;65;epsilon;1;+;9;96;;
S022;65;gamma;1;+;5;40;;
S022;75;gamma;10;-;6;73;;
S022;76;beta;16;-;4;52;;
S022;76;delta;15;-;4;24;;
S022;77;alpha;17;-;6;78;;alpha
S022;77;epsilon;12;-;10;87;;
S022;81;epsilon;4;+;11;112;;
S022;81;delta;5;+;5;118;;
S022;82;alpha;5;+;7;23;;
S022;82;beta;6;+;5;18;epsilon;
S022;83;gamma;8;+;7;103;;
S022;86;alpha;4;-;8;107;beta;
S022;86;gamma;3;-;8;17;alpha;
S022;87;alpha;1;+;9;55;;
S022;87;gamma;1;+;9;44;;
S022;89;alpha;2;-;10;44;;
S022;89;gamma;2;-;10;61;;
S022;90;beta;8;-;6;61;;
S022;90;delta;9;-;6;46;;
S022;91;epsilon;10;-;12;34;;
S022;94;alpha;5;+;11;64;;
S022;94;epsilon;3;+;13;89;;
S022;94;delta;4;+;7;83;;
S022;95;gamma;6;+;11;108;gamma;
S022;95;beta;5;+;7;107;beta;
S022;101;alpha;7;-;12;12;;
S022;101;epsilon;7;-;14;8;;
S022;101;gamma;6;-;12;70;;
S022;101;beta;6;-;8;60;;
S022;101;delta;7;-;8;75;;
S022;153;alpha;52;+;13;109;epsilon;
S022;163;epsilon;62;+;15;100;gamma;
S022;178;alpha;25;-;14;3;;
S022;179;alpha;1;+;15;31;;
S022;180;alpha;1;-;16;57;;
S022;180;epsilon;17;-;16;111;;alpha
S022;182;epsilon;2;+;17;96;;
S022;184;epsilon;2;-;18;73;;
S022;185;epsilon;1;+;19;96;;
S022;186;epsilon;1;-;20;72;;
S022;193;epsilon;7;+;21;92;;
S022;194;epsilon;1;-;22;32;;
S022;197;alpha;17;+;17;2;;alpha
S022;197;epsilon;3;+;23;69;;
S022;203;alpha;6;-;18;26;;
S022;203;epsilon;6;-;24;61;;
S022;216;alpha;13;+;19;73;;
S022;217;alpha;1;-;20;96;;
S022;221;alpha;4;+;21;75;;
S022;225;alpha;4;-;22;119;;
S022;226;alpha;1;+;23;48;;
S022;227;alpha;1;-;24;100;gamma;
S022;229;alpha;2;+;25;113;;
S022;231;alpha;2;-;26;116;;
S022;237;alpha;6;+;27;23;;
S022;237;epsilon;34;+;25;38;;
S022;238;epsilon;1;-;26;0;;
S022;239;alpha;2;-;28;105;;
S022;241;alpha;2;+;29;36;epsilon;
S022;242;alpha;1;-;30;107;beta;
S022;248;alpha;6;+;31;60;;
S022;249;epsilon;11;+;27;11;;
S022;250;gamma;149;+;13;45;;
S022;253;gamma;3;-;14;72;;
S022;257;gamma;4;+;15;89;;
S022;258;gamma;1;-;16;2;;
S022;265;alpha;17;-;32;48;;alpha
S022;265;epsilon;16;-;28;100;gamma;
S022;269;epsilon;4;+;29;115;;
S022;270;epsilon;1;-;30;8;;
S022;289;alpha;24;+;33;125;;
S022;290;epsilon;20;+;31;58;;beta
S022;291;epsilon;1;-;32;73;;
S022;298;alpha;9;-;34;116;;
S022;299;alpha;1;+;35;18;epsilon;
S022;300;alpha;1;-;36;54;;
S022;302;alpha;2;+;37;34;;
S022;303;alpha;1;-;38;87;;
S022;304;alpha;1;+;39;109;epsilon;
S022;305;alpha;1;-;40;75;;
S022;317;alpha;12;+;41;19;gamma;
S022;318;epsilon;27;+;33;88;;gamma
S022;319;epsilon;1;-;34;119;;
S022;320;alpha;3;-;42;66;;
S022;322;alpha;2;+;43;27;gamma;
S022;324;epsilon;5;+;35;52;;
S022;325;alpha;3;-;44;19;gamma;
S022;325;epsilon;1;-;36;13;;
S022;363;alpha;38;+;45;33;;
S022;367;alpha;4;-;46;80;;
S022;374;alpha;7;+;47;45;;
S022;379;epsilon;54;+;37;84;delta;
S022;386;gamma;128;+;17;96;;
S022;387;gamma;1;-;18;72;;
S022;388;gamma;1;+;19;86;;
S022;398;beta;297;+;9;99;;
S022;399;beta;1;-;10;102;;
S022;400;beta;1;+;11;5;;
S022;403;beta;3;-;12;53;;
S022;404;alpha;30;-;48;85;;
S022;408;alpha;4;+;49;92;;
S022;408;beta;5;+;13;27;gamma;
S022;409;beta;1;-;14;17;alpha;
S022;410;alpha;2;-;50;33;;
S022;413;alpha;3;+;51;79;;
S022;414;beta;5;+;15;48;;
S022;424;alpha;11;-;52;37;;
S022;424;beta;10;-;16;111;;
S022;425;epsilon;46;-;38;64;;
S022;425;gamma;37;-;20;1;;
S022;431;gamma;6;+;21;16;;
S022;433;alpha;9;+;53;125;;
S022;433;epsilon;8;+;39;13;;
S022;433;beta;9;+;17;103;;
S022;435;alpha;2;-;54;109;epsilon;
S022;435;epsilon;2;-;40;5;;
S022;435;beta;2;-;18;16;;
S022;442;gamma;11;-;22;87;;
S022;449;alpha;14;+;55;119;;
S022;449;gamma;7;+;23;115;;
S022;450;epsilon;15;+;41;7;;
S022;450;beta;15;+;19;91;epsilon;
S022;456;alpha;7;-;56;54;;
S022;456;epsilon;6;-;42;76;;
S022;456;beta;6;-;20;27;gamma;
S022;458;gamma;9;-;24;16;;
S022;459;alpha;3;+;57;35;;
S022;459;gamma;1;+;25;34;;
S022;460;epsilon;4;+;43;2;;
S022;460;beta;4;+;21;20;beta;
S022;474;alpha;15;-;58;86;;
S022;475;alpha;1;+;59;99;;
S022;488;delta;387;+;9;76;;
S022;495;delta;7;-;10;5;;
S022;497;alpha;22;-;60;16;;
S022;498;alpha;1;+;61;34;;
S022;501;alpha;3;-;62;89;;
S022;506;epsilon;46;-;44;119;;
S022;510;gamma;51;-;26;22;;
S022;511;gamma;1;+;27;94;;
S022;512;epsilon;6;+;45;53;;
S022;513;alpha;12;+;63;22;;
S022;514;alpha;1;-;64;94;;
S022;515;alpha;1;+;65;52;;
S022;516;alpha;1;-;66;13;;
S022;517;alpha;1;+;67;4;;
S022;519;delta;24;+;11;16;;
S022;520;alpha;3;-;68;43;delta;
S022;520;epsilon;8;-;46;30;;
S022;520;delta;1;-;12;34;;
S022;522;alpha;2;+;69;51;;
S022;523;epsilon;3;+;47;49;;
S022;523;delta;3;+;13;89;;
S022;525;epsilon;2;-;48;111;;
S022;525;delta;2;-;14;3;;
S022;526;epsilon;1;+;49;95;;
S022;526;delta;1;+;15;31;;
S022;527;epsilon;1;-;50;62;;
S022;527;delta;1;-;16;57;;
S022;528;epsilon;1;+;51;113;;
S022;528;delta;1;+;17;63;;
S022;534;epsilon;6;-;52;120;;
S022;535;epsilon;1;+;53;58;;
S022;544;alpha;22;-;70;42;;
S022;544;epsilon;9;-;54;81;;
S022;546;alpha;2;+;71;41;;
S022;546;epsilon;2;+;55;50;;
S022;547;alpha;1;-;72;30;;
S022;547;epsilon;1;-;56;120;;
S022;548;gamma;37;-;28;39;;
S022;548;delta;20;-;18;97;;beta
S022;549;gamma;1;+;29;10;;
S022;550;gamma;1;-;30;101;;
S022;551;beta;91;-;22;59;alpha;epsilon
S022;552;beta;1;+;23;83;;
S022;553;gamma;3;+;31;124;;
S022;553;delta;5;+;19;86;;
S022;555;epsilon;8;+;57;65;;
S022;559;epsilon;4;-;58;19;gamma;
S022;560;gamma;7;-;32;104;;
S022;561;gamma;1;+;33;25;;
S022;563;alpha;16;+;73;95;;
S022;563;epsilon;4;+;59;67;;
S022;585;alpha;22;-;74;124;;
S022;586;epsilon;23;-;60;119;;
S022;587;gamma;26;-;34;113;;
S022;588;beta;36;-;24;81;;epsilon
S022;588;delta;35;-;20;126;;
S022;592;delta;4;+;21;121;;
S022;593;delta;1;-;22;68;alpha;
S022;594;beta;6;+;25;54;;
S022;594;delta;1;+;23;46;;
S022;597;beta;3;-;26;35;;
S022;599;delta;5;-;24;84;delta;
S022;601;delta;2;+;25;80;;
S022;602;alpha;17;+;75;98;;alpha
S022;602;beta;5;+;27;101;;
S022;603;gamma;16;+;35;13;;
S022;604;gamma;1;-;36;4;;
S022;605;epsilon;19;+;61;108;gamma;gamma
S022;605;gamma;1;+;37;41;;
S022;607;epsilon;2;-;62;66;;
S022;608;epsilon;1;+;63;26;;
S022;610;epsilon;2;-;64;8;;
S022;610;gamma;5;-;38;34;;
S022;611;gamma;1;+;39;87;;
S022;612;epsilon;2;+;65;82;;
S022;615;epsilon;3;-;66;61;;
S022;617;gamma;6;-;40;114;;
S022;619;gamma;2;+;41;126;;
S022;621;epsilon;6;+;67;108;gamma;
S022;636;alpha;34;-;76;55;;
S022;637;gamma;18;-;42;45;;epsilon
S022;638;gamma;1;+;43;70;;
S022;639;epsilon;18;-;68;23;;epsilon
S022;639;gamma;1;-;44;66;;
S022;639;beta;37;-;28;104;;
S022;641;epsilon;2;+;69;105;;
S022;641;gamma;2;+;45;27;gamma;
S022;641;beta;2;+;29;26;;
S022;644;epsilon;3;-;70;37;;
S022;644;gamma;3;-;46;19;gamma;
S022;644;beta;3;-;30;9;;
S022;658;delta;57;-;26;56;;
S022;659;delta;1;+;27;53;;
S022;666;alpha;30;+;77;69;;
S022;668;epsilon;24;+;71;41;;
S022;668;gamma;24;+;47;19;gamma;
S022;668;beta;24;+;31;35;;
S022;672;alpha;6;-;78;61;;
S022;672;epsilon;4;-;72;33;;
S022;672;gamma;4;-;48;67;;
S022;672;beta;4;-;32;100;gamma;
S022;674;delta;15;-;28;108;gamma;
S022;675;delta;1;+;29;65;;
S022;678;delta;3;-;30;18;epsilon;
S022;705;alpha;33;+;79;37;;
S022;707;alpha;2;-;80;118;;
S022;710;alpha;3;+;81;40;;
S022;712;alpha;2;-;82;21;delta;
S022;725;alpha;13;+;83;81;;
S022;727;epsilon;55;+;73;53;;
S022;740;gamma;68;+;49;37;;alpha
S022;741;gamma;1;-;50;117;;
S022;744;alpha;19;-;84;118;;gamma
S022;744;epsilon;17;-;74;110;alpha;alpha
S022;746;alpha;2;+;85;39;;
S022;746;epsilon;2;+;75;86;;
S022;747;alpha;1;-;86;10;;
S022;747;epsilon;1;-;76;99;;
S022;772;alpha;25;+;87;9;;
S022;796;alpha;24;-;88;35;;
S022;799;epsilon;52;+;77;46;;
S022;801;epsilon;2;-;78;81;;
S022;811;alpha;15;+;89;86;;
S022;811;epsilon;10;+;79;109;epsilon;
S022;814;alpha;3;-;90;101;;
S022;814;epsilon;3;-;80;77;;
S022;826;alpha;12;+;91;79;;
S022;827;alpha;1;-;92;29;;
S022;828;alpha;1;+;93;37;;
S022;829;alpha;1;-;94;117;;
S022;831;alpha;2;+;95;29;;
S022;832;epsilon;18;+;81;98;;epsilon
S022;844;gamma;103;+;51;9;;
S022;845;gamma;1;-;52;91;epsilon;
S022;847;alpha;16;-;96;122;;
S022;850;alpha;3;+;97;80;;
S022;851;alpha;1;-;98;39;;
S022;853;epsilon;21;-;82;42;;delta
S022;855;alpha;4;+;99;13;;
S022;855;epsilon;2;+;83;41;;
S022;855;gamma;10;+;53;93;;
S022;861;alpha;6;-;100;9;;
S022;862;epsilon;7;-;84;36;epsilon;
S022;862;gamma;7;-;54;48;;
S022;864;epsilon;2;+;85;108;gamma;
S022;864;gamma;2;+;55;101;;
S022;865;alpha;4;+;101;94;;
S022;866;alpha;1;-;102;52;;
S022;867;alpha;1;+;103;13;;
S022;872;alpha;5;-;104;8;;
S022;873;alpha;1;+;105;81;;
S022;874;alpha;1;-;106;49;;
S022;874;epsilon;10;-;86;15;;
S022;874;gamma;10;-;56;77;;
S022;876;gamma;2;+;57;10;;
S022;877;alpha;3;+;107;112;;
S022;877;epsilon;3;+;87;26;;
S022;878;alpha;1;-;108;105;;
S022;878;epsilon;1;-;88;7;;
S022;878;gamma;2;-;58;102;;
S022;889;gamma;11;+;59;51;;
S022;890;alpha;12;+;109;98;;
S022;891;alpha;1;-;110;92;;
S022;891;gamma;2;-;60;4;;
S022;901;alpha;10;+;111;66;;
S022;904;alpha;3;-;112;28;;
S022;918;alpha;14;+;113;20;beta;
S022;921;alpha;3;-;114;76;;
S022;922;alpha;1;+;115;126;;
S022;926;epsilon;48;+;89;113;;
S022;929;epsilon;3;-;90;117;;
S022;932;epsilon;3;+;91;30;;
S022;934;gamma;43;+;61;62;;delta
S022;935;beta;263;+;33;60;;
S022;976;alpha;54;-;116;81;;
S022;977;alpha;1;+;117;49;;
S022;992;alpha;15;-;118;89;;
S022;993;alpha;1;+;119;2;;
S022;1002;alpha;9;-;120;29;;
S022;1005;alpha;3;+;121;39;;
S022;1011;alpha;6;-;122;15;;
S022;1016;epsilon;84;-;92;36;epsilon;delta
S022;1017;epsilon;1;+;93;107;beta;
S022;1018;epsilon;1;-;94;55;;
S022;1024;alpha;13;+;123;116;;
S022;1024;epsilon;6;+;95;48;;
S022;1031;delta;353;+;31;65;;
S022;1043;alpha;19;-;124;62;;gamma
S022;1043;epsilon;19;-;96;120;;gamma
S022;1043;delta;12;-;32;35;;
S022;1047;gamma;113;-;62;10;;
S022;1061;delta;18;+;33;89;;epsilon
S022;1062;alpha;19;+;125;123;;gamma
S022;1062;epsilon;19;+;97;81;;gamma
S022;1062;gamma;15;+;63;126;;
S022;1068;alpha;6;-;126;93;;
S022;1068;epsilon;6;-;98;54;;
S022;1068;gamma;6;-;64;123;;
S022;1071;delta;10;-;34;20;beta;
S022;1077;delta;6;+;35;79;;
S022;1080;alpha;12;+;127;41;;
S022;1084;alpha;4;-;128;33;;
S022;1085;alpha;1;+;129;77;;
S022;1089;epsilon;21;+;99;87;;delta
S022;1091;gamma;23;+;65;4;;
S022;1092;gamma;1;-;66;41;;
S022;1094;epsilon;5;-;100;113;;
S022;1095;alpha;10;-;130;90;;
S022;1096;alpha;1;+;131;12;;
S022;1096;epsilon;2;+;101;116;;
S022;1097;alpha;1;-;132;121;;
S022;1097;epsilon;1;-;102;18;epsilon;
S022;1099;beta;164;-;34;93;;
S022;1100;alpha;3;+;133;70;;
S022;1100;epsilon;3;+;103;56;;
S022;1100;gamma;8;+;67;37;;
S022;1100;beta;1;+;35;42;;
S022;1135;alpha;35;-;134;50;;
S022;1149;epsilon;49;-;104;61;;
S022;1161;alpha;26;+;135;73;;
S022;1163;epsilon;14;+;105;18;epsilon;
S022;1165;epsilon;2;-;106;55;;
S022;1166;epsilon;1;+;107;43;delta;
S022;1184;alpha;23;-;136;84;delta;
S022;1185;epsilon;19;-;108;1;;gamma
S022;1189;epsilon;4;+;109;14;;
S022;1193;epsilon;4;-;110;17;alpha;
S022;1193;gamma;93;-;68;110;alpha;
S022;1210;alpha;26;+;137;44;;
S022;1212;alpha;2;-;138;61;;
S022;1214;alpha;2;+;139;104;;
S022;1219;epsilon;26;+;111;75;;
S022;1219;gamma;26;+;69;104;;
S022;1221;epsilon;2;-;112;117;;
S022;1221;gamma;2;-;70;26;;
S022;1222;epsilon;1;+;113;28;;
S022;1223;gamma;2;+;71;8;;
S022;1224;epsilon;2;-;114;28;;
S022;1224;gamma;1;-;72;81;;
S022;1227;epsilon;3;+;115;29;;
S022;1231;gamma;7;+;73;55;;
S022;1252;alpha;38;-;140;24;;
S022;1255;epsilon;28;-;116;7;;
S022;1255;gamma;24;-;74;63;;
S022;1256;gamma;1;+;75;123;;
S022;1320;epsilon;3;+;117;73;;
S022;1322;epsilon;2;-;118;97;;
S022;1323;epsilon;1;+;119;82;;
S022;1324;epsilon;1;-;120;59;alpha;
S022;1328;alpha;14;+;141;1;;
S022;1328;epsilon;4;+;121;86;;
S022;1341;alpha;13;-;142;113;;
S022;1341;epsilon;13;-;122;104;;
S022;1342;alpha;1;+;143;115;;
S022;1342;epsilon;1;+;123;25;;
S022;1348;alpha;6;-;144;13;;
S022;1348;epsilon;6;-;124;2;;
S022;1353;gamma;35;-;76;16;;
S022;1353;beta;191;-;36;27;gamma;
S022;1354;gamma;1;+;77;34;;
S022;1354;beta;1;+;37;17;alpha;
S022;1356;alpha;8;+;145;11;;
S022;1356;epsilon;8;+;125;28;;
S022;1357;alpha;1;-;146;111;;
S022;1358;alpha;1;+;147;95;;
S022;1385;alpha;27;-;148;2;;gamma
S022;1386;alpha;1;+;149;21;delta;
S022;1389;alpha;3;-;150;86;;
S022;1390;alpha;1;+;151;99;;
S022;1402;alpha;12;-;152;6;;
S022;1403;epsilon;47;-;126;53;;
S022;1405;gamma;51;-;78;22;;
S022;1405;beta;51;-;38;100;gamma;
S022;1407;beta;2;+;39;113;;
S022;1409;beta;2;-;40;116;;
S022;1428;alpha;26;+;153;118;;
S022;1433;alpha;5;-;154;42;;
S022;1436;alpha;3;+;155;42;;
S023;3;alpha;3;-;1;3;;
S023;5;alpha;2;+;2;32;;
S023;6;alpha;1;-;3;67;;
S023;6;delta;6;-;1;6;;
S023;7;delta;1;+;2;61;;
S023;12;alpha;6;+;4;41;;
S023;12;epsilon;12;+;1;12;;
S023;14;gamma;14;+;1;14;;
S023;14;beta;14;+;1;14;;
S023;15;gamma;1;-;2;14;;
S023;15;beta;1;-;2;14;;
S023;18;alpha;6;-;5;35;;
S023;18;epsilon;6;-;2;126;;
S023;19;alpha;1;+;6;97;;
S023;19;epsilon;1;+;3;118;;
S023;23;alpha;4;-;7;85;;
S023;23;epsilon;4;-;4;41;;
S023;23;delta;16;-;3;20;beta;
S023;36;alpha;13;+;8;4;;
S023;36;epsilon;13;+;5;49;;
S023;36;delta;13;+;4;108;gamma;
S023;37;epsilon;1;-;6;110;alpha;
S023;38;alpha;2;-;9;42;;
S023;38;delta;2;-;5;66;;
S023;39;alpha;1;+;10;40;;
S023;39;delta;1;+;6;26;;
S023;41;epsilon;4;+;7;88;;
S023;44;epsilon;3;-;8;121;;
S023;45;alpha;6;-;11;25;;
S023;45;delta;6;-;7;12;;
S023;48;alpha;3;+;12;126;;
S023;50;alpha;2;-;13;119;;
S023;63;alpha;13;+;14;102;;
S023;64;alpha;1;-;15;5;;
S023;65;alpha;1;+;16;51;;
S023;66;alpha;1;-;17;3;;
S023;69;alpha;3;+;18;33;;
S023;70;alpha;1;-;19;77;;
S023;71;alpha;1;+;20;9;;
S023;72;alpha;1;-;21;91;epsilon;
S023;74;alpha;2;+;22;23;;
S023;74;epsilon;30;+;9;65;;
S023;75;epsilon;1;-;10;16;;
S023;76;epsilon;1;+;11;34;;
S023;76;gamma;61;+;3;64;;
S023;77;gamma;1;-;4;6;;
S023;80;gamma;3;+;5;63;;
S023;80;delta;35;+;8;92;;
S023;81;beta;66;+;3;69;;
S023;82;beta;1;-;4;56;;
S023;85;delta;5;-;9;36;epsilon;
S023;86;gamma;6;-;6;1;;
S023;88;alpha;14;-;23;28;;
S023;88;epsilon;12;-;12;110;alpha;
S023;89;alpha;1;+;24;27;gamma;
S023;89;epsilon;1;+;13;85;;
S023;89;gamma;3;+;7;13;;
S023;90;beta;8;+;5;60;;
S023;90;delta;5;+;10;111;;
S023;125;alpha;36;-;25;69;;epsilon
S023;131;alpha;6;+;26;61;;
S023;150;alpha;19;-;27;23;;gamma
S023;151;alpha;1;+;28;104;;
S023;153;alpha;2;-;29;26;;
S023;155;epsilon;66;-;14;57;;
S023;157;epsilon;2;+;15;64;;
S023;158;epsilon;1;-;16;6;;
S023;171;alpha;18;+;30;78;;epsilon
S023;171;epsilon;13;+;17;105;;
S023;175;epsilon;4;-;18;38;;
S023;176;alpha;5;-;31;23;;
S023;178;alpha;2;+;32;105;;
S023;179;epsilon;4;+;19;3;;
S023;180;epsilon;1;-;20;31;;
S023;182;alpha;4;-;33;38;;
S023;183;alpha;1;+;34;0;;
S023;184;alpha;1;-;35;1;;
S023;187;alpha;3;+;36;13;;
S023;191;epsilon;11;+;21;63;;
S023;214;alpha;27;-;37;57;;gamma
S023;220;alpha;6;+;38;68;alpha;
S023;228;alpha;8;-;39;53;;
S023;234;alpha;6;+;40;28;;
S023;235;alpha;1;-;41;27;gamma;
S023;239;alpha;4;+;42;20;beta;
S023;240;alpha;1;-;43;74;;
S023;240;epsilon;49;-;22;126;;
S023;242;epsilon;2;+;23;119;;
S023;245;alpha;5;+;44;110;alpha;
S023;248;alpha;3;-;45;87;;
S023;248;epsilon;6;-;24;53;;
S023;254;alpha;6;+;46;114;;
S023;255;epsilon;7;+;25;29;;
S023;256;alpha;2;-;47;126;;
S023;256;epsilon;1;-;26;37;;
S023;266;gamma;177;-;8;96;;
S023;268;beta;178;-;6;107;beta;
S023;269;gamma;3;+;9;74;;
S023;269;beta;1;+;7;55;;
S023;270;gamma;1;-;10;106;delta;
S023;273;beta;4;-;8;46;;
S023;274;alpha;18;+;48;45;;epsilon
S023;274;epsilon;18;+;27;35;;epsilon
S023;274;gamma;4;+;11;48;;
S023;274;beta;1;+;9;80;;
S023;276;epsilon;2;-;28;98;;
S023;277;epsilon;1;+;29;92;;
S023;286;epsilon;9;-;30;40;;
S023;287;alpha;13;-;49;68;alpha;
S023;287;gamma;13;-;12;114;;
S023;289;alpha;2;+;50;47;;
S023;289;epsilon;3;+;31;22;;
S023;289;gamma;2;+;13;126;;
S023;290;alpha;1;-;51;90;;
S023;290;epsilon;1;-;32;94;;
S023;290;gamma;1;-;14;118;;
S023;292;beta;18;-;10;17;alpha;epsilon
S023;294;beta;2;+;11;45;;
S023;297;alpha;7;+;52;18;epsilon;
S023;297;epsilon;7;+;33;58;;
S023;297;gamma;7;+;15;44;;
S023;298;alpha;1;-;53;54;;
S023;298;epsilon;1;-;34;73;;
S023;298;gamma;1;-;16;60;;
S023;300;beta;6;-;12;75;;
S023;302;beta;2;+;13;117;;
S023;303;epsilon;5;+;35;100;gamma;
S023;304;alpha;6;+;54;38;;
S023;304;gamma;6;+;17;98;;
S023;307;alpha;3;-;55;2;;
S023;307;gamma;3;-;18;94;;
S023;308;alpha;1;+;56;21;delta;
S023;309;gamma;2;+;19;53;;
S023;334;alpha;26;-;57;94;;
S023;339;epsilon;36;-;36;3;;epsilon
S023;339;gamma;30;-;20;123;;
S023;340;beta;38;-;14;54;;
S023;344;gamma;5;+;21;92;;
S023;344;beta;4;+;15;36;epsilon;
S023;345;alpha;11;+;58;13;;
S023;345;epsilon;6;+;37;36;epsilon;
S023;347;alpha;2;-;59;5;;
S023;352;epsilon;7;-;38;113;;
S023;356;gamma;12;-;22;68;alpha;
S023;356;beta;12;-;16;56;;
S023;365;alpha;18;+;60;10;;epsilon
S023;365;gamma;9;+;23;54;;
S023;365;beta;9;+;17;61;;
S023;367;epsilon;15;+;39;12;;
S023;368;epsilon;1;-;40;121;;
S023;370;epsilon;2;+;41;69;;
S023;392;alpha;27;-;61;11;;gamma
S023;393;alpha;1;+;62;111;;
S023;394;alpha;1;-;63;95;;
S023;396;epsilon;26;-;42;68;alpha;
S023;397;gamma;32;-;24;98;;
S023;398;gamma;1;+;25;92;;
S023;401;gamma;3;-;26;34;;
S023;401;beta;36;-;18;40;;epsilon
S023;402;beta;1;+;19;20;beta;
S023;403;beta;1;-;20;74;;
S023;407;beta;4;+;21;109;epsilon;
S023;408;beta;1;-;22;75;;
S023;409;beta;1;+;23;116;;
S023;410;beta;1;-;24;18;epsilon;
S023;420;alpha;26;+;64;1;;
S023;422;alpha;2;-;65;12;;
S023;427;alpha;5;+;66;125;;
S023;429;beta;19;+;25;41;;gamma
S023;430;beta;1;-;26;30;;
S023;433;epsilon;37;+;43;106;delta;
S023;433;gamma;32;+;27;3;;
S023;433;beta;3;+;27;49;;
S023;466;alpha;39;-;67;93;;
S023;471;alpha;5;+;68;46;;
S023;472;alpha;1;-;69;80;;
S023;480;alpha;8;+;70;46;;
S023;482;alpha;2;-;71;81;;
S023;483;epsilon;50;-;44;109;epsilon;
S023;485;epsilon;2;+;45;76;;
S023;487;alpha;5;+;72;53;;
S023;498;alpha;11;-;73;104;;
S023;498;epsilon;13;-;46;120;;
S023;509;gamma;76;-;28;122;;
S023;510;beta;77;-;28;24;;
S023;511;beta;1;+;29;114;;
S023;512;beta;1;-;30;125;;
S023;515;beta;3;+;31;110;alpha;
S023;517;gamma;8;+;29;85;;
S023;518;gamma;1;-;30;89;;
S023;520;beta;5;-;32;89;;
S023;522;beta;2;+;33;3;;
S023;523;beta;1;-;34;31;;
S023;535;delta;445;-;11;66;;
S023;551;alpha;53;+;74;39;;
S023;555;delta;20;+;12;16;;beta
S023;556;epsilon;58;+;47;120;;
S023;557;epsilon;1;-;48;58;;
S023;558;delta;3;-;13;36;epsilon;
S023;560;alpha;9;-;75;18;epsilon;
S023;561;alpha;1;+;76;54;;
S023;562;epsilon;5;+;49;77;;
S023;562;delta;4;+;14;110;alpha;
S023;574;gamma;56;+;31;66;;
S023;574;beta;51;+;35;103;;
S023;580;beta;6;-;36;20;beta;
S023;581;gamma;7;-;32;32;;
S023;582;gamma;1;+;33;67;;
S023;583;gamma;1;-;34;36;epsilon;
S023;584;gamma;1;+;35;107;beta;
S023;585;beta;5;+;37;78;;
S023;587;alpha;26;-;77;92;;
S023;587;gamma;3;-;36;57;;
S023;587;beta;2;-;38;20;beta;
S023;591;alpha;4;+;78;35;;
S023;591;gamma;4;+;37;66;;
S023;594;alpha;3;-;79;99;;
S023;594;gamma;3;-;38;28;;
S023;595;alpha;1;+;80;102;;
S023;595;gamma;1;+;39;27;gamma;
S023;596;beta;9;+;39;82;;
S023;597;alpha;2;-;81;6;;
S023;597;beta;1;-;40;59;alpha;
S023;598;gamma;3;-;40;19;gamma;
S023;599;epsilon;37;-;50;117;;
S023;599;delta;37;-;15;115;;
S023;600;delta;1;+;16;8;;
S023;601;delta;1;-;17;81;;
S023;608;delta;7;+;18;55;;
S023;609;delta;1;-;19;43;delta;
S023;623;alpha;26;+;82;118;;
S023;624;epsilon;25;+;51;41;;
S023;624;gamma;26;+;41;21;delta;
S023;624;delta;15;+;20;124;;
S023;627;beta;30;+;41;88;;
S023;628;beta;1;-;42;119;;
S023;631;delta;7;-;21;104;;
S023;632;epsilon;8;-;52;37;;
S023;632;gamma;8;-;42;91;epsilon;
S023;635;alpha;12;-;83;1;;
S023;641;alpha;6;+;84;16;;
S023;644;alpha;3;-;85;36;epsilon;
S023;646;alpha;2;+;86;108;gamma;
S023;646;epsilon;14;+;53;31;;
S023;646;gamma;14;+;43;97;;
S023;646;delta;15;+;22;1;;
S023;647;beta;19;+;43;108;gamma;gamma
S023;654;beta;7;-;44;71;;
S023;654;delta;8;-;23;18;epsilon;
S023;655;beta;1;+;45;76;;
S023;655;delta;1;+;24;54;;
S023;660;alpha;14;-;87;19;gamma;
S023;660;epsilon;14;-;54;66;;
S023;660;gamma;14;-;44;62;;
S023;660;beta;5;-;46;3;;
S023;660;delta;5;-;25;37;;
S023;661;alpha;1;+;88;64;;
S023;661;epsilon;1;+;55;26;;
S023;661;gamma;1;+;45;113;;
S023;661;beta;1;+;47;31;;
S023;662;alpha;1;-;89;6;;
S023;662;gamma;1;-;46;115;;
S023;662;beta;1;-;48;57;;
S023;664;alpha;2;+;90;62;;
S023;664;gamma;2;+;47;9;;
S023;664;beta;2;+;49;64;;
S023;665;alpha;1;-;91;113;;
S023;665;epsilon;4;-;56;10;;
S023;665;gamma;1;-;48;91;epsilon;
S023;665;beta;1;-;50;6;;
S023;666;epsilon;1;+;57;101;;
S023;667;alpha;2;+;92;116;;
S023;667;gamma;2;+;49;23;;
S023;667;beta;2;+;51;62;;
S023;668;alpha;1;-;93;18;epsilon;
S023;668;gamma;1;-;50;104;;
S023;668;beta;1;-;52;113;;
S023;669;epsilon;3;-;58;124;;
S023;675;alpha;7;+;94;60;;
S023;675;epsilon;6;+;59;103;;
S023;675;gamma;7;+;51;31;;
S023;675;beta;7;+;53;121;;
S023;676;alpha;1;-;95;93;;
S023;676;epsilon;1;-;60;15;;
S023;676;gamma;1;-;52;57;;
S023;676;beta;1;-;54;68;alpha;
S023;677;alpha;1;+;96;42;;
S023;677;epsilon;1;+;61;24;;
S023;677;gamma;1;+;53;63;;
S023;677;beta;1;+;55;46;;
S023;678;alpha;1;-;97;40;;
S023;678;gamma;1;-;54;123;;
S023;679;alpha;1;+;98;20;beta;
S023;679;gamma;1;+;55;88;;
S023;682;gamma;3;-;56;121;;
S023;683;gamma;1;+;57;68;alpha;
S023;684;alpha;5;-;99;78;;
S023;684;epsilon;7;-;62;120;;
S023;684;gamma;1;-;58;46;;
S023;684;beta;7;-;56;86;;
S023;686;alpha;2;+;100;20;beta;
S023;686;epsilon;2;+;63;59;alpha;
S023;686;gamma;2;+;59;81;;
S023;686;beta;2;+;57;100;gamma;
S023;687;gamma;1;-;60;49;;
S023;687;beta;1;-;58;112;;
S023;688;alpha;2;-;101;75;;
S023;688;epsilon;2;-;64;84;delta;
S023;690;alpha;2;+;102;117;;
S023;690;epsilon;2;+;65;80;;
S023;690;gamma;3;+;61;112;;
S023;690;beta;3;+;59;107;beta;
S023;691;alpha;1;-;103;28;;
S023;691;epsilon;1;-;66;39;;
S023;691;gamma;1;-;62;105;;
S023;691;beta;1;-;60;55;;
S023;725;alpha;34;+;104;40;;
S023;726;alpha;1;-;105;20;beta;
S023;728;alpha;2;+;106;75;;
S023;730;alpha;2;-;107;117;;
S023;731;alpha;1;+;108;28;;
S023;735;alpha;4;-;109;30;;
S023;745;alpha;10;+;110;89;;
S023;749;alpha;4;-;111;5;;
S023;790;alpha;41;+;112;33;;
S023;803;epsilon;112;+;67;123;;
S023;819;alpha;29;-;113;27;gamma;
S023;822;alpha;3;+;114;19;gamma;
S023;823;alpha;1;-;115;64;;
S023;825;alpha;2;+;116;7;;
S023;832;alpha;7;-;117;77;;
S023;833;alpha;1;+;118;9;;
S023;833;gamma;142;+;63;113;;
S023;834;gamma;1;-;64;115;;
S023;835;alpha;2;-;119;92;;
S023;837;epsilon;34;-;68;15;;
S023;857;alpha;22;+;120;78;;
S023;857;gamma;23;+;65;93;;
S023;859;alpha;2;-;121;20;beta;
S023;859;gamma;2;-;66;43;delta;
S023;860;alpha;1;+;122;74;;
S023;860;epsilon;23;+;69;126;;
S023;860;gamma;1;+;67;50;;
S023;861;epsilon;1;-;70;118;;
S023;863;epsilon;2;+;71;39;;
S023;873;alpha;13;-;123;47;;
S023;873;epsilon;10;-;72;100;gamma;
S023;876;gamma;16;-;68;63;;
S023;877;gamma;1;+;69;123;;
S023;878;gamma;1;-;70;88;;
S023;879;gamma;1;+;71;119;;
S023;880;epsilon;7;+;73;118;;
S023;881;epsilon;1;-;74;38;;
S023;881;gamma;2;-;72;49;;
S023;882;alpha;9;+;124;98;;
S023;882;epsilon;1;+;75;0;;
S023;882;gamma;1;+;73;110;alpha;
S023;884;beta;193;+;61;75;;
S023;889;alpha;7;-;125;98;;
S023;889;beta;5;-;62;120;;
S023;890;alpha;1;+;126;92;;
S023;891;beta;2;+;63;59;alpha;
S023;897;alpha;7;-;127;38;;
S023;897;beta;6;-;64;88;;
S023;899;epsilon;17;-;76;17;alpha;alpha
S023;900;gamma;18;-;74;96;;epsilon
S023;903;epsilon;4;+;77;47;;
S023;903;gamma;3;+;75;74;;
S023;903;beta;6;+;65;124;;
S023;905;alpha;8;+;128;7;;
S023;907;alpha;2;-;129;72;;
S023;908;alpha;1;+;130;86;;
S023;920;delta;260;+;26;49;;
S023;924;delta;4;-;27;113;;
S023;933;alpha;25;-;131;116;;
S023;951;alpha;18;+;132;61;;epsilon
S023;953;alpha;2;-;133;104;;
S023;954;epsilon;51;-;78;52;;
S023;955;epsilon;1;+;79;13;;
S023;956;alpha;3;+;134;27;gamma;
S023;962;delta;38;+;28;35;;
S023;1006;alpha;50;-;135;83;;
S023;1007;alpha;1;+;136;69;;
S023;1008;alpha;1;-;137;56;;
S023;1010;epsilon;55;-;80;85;;
S023;1011;epsilon;1;+;81;89;;
S023;1012;epsilon;1;-;82;2;;
S023;1013;epsilon;1;+;83;21;delta;
S023;1016;alpha;8;+;138;60;;
S023;1018;alpha;2;-;139;94;;
S023;1020;epsilon;7;-;84;90;;
S023;1035;alpha;17;+;140;19;gamma;alpha
S023;1035;epsilon;15;+;85;125;;
S023;1036;epsilon;1;-;86;108;gamma;
S023;1038;alpha;3;-;141;66;;
S023;1047;gamma;144;-;76;103;;
S023;1049;beta;146;-;66;67;;
S023;1049;delta;87;-;29;31;;
S023;1119;alpha;81;+;142;77;;
S023;1124;epsilon;88;+;87;93;;
S023;1138;gamma;91;+;77;104;;epsilon
S023;1160;beta;111;+;67;55;;
S023;1162;delta;113;+;30;125;;
S023;1164;delta;2;-;31;109;epsilon;
S023;1167;beta;7;-;68;49;;
S023;1168;beta;1;+;69;110;alpha;
S023;1170;beta;2;-;70;86;;
S023;1171;beta;1;+;71;99;;
S023;1172;delta;8;+;32;82;;
S023;1190;alpha;71;-;143;24;;
S023;1198;delta;26;-;33;98;;
S023;1199;epsilon;75;-;88;104;;
S023;1216;gamma;78;-;78;64;;
S023;1217;gamma;1;+;79;6;;
S023;1218;gamma;1;-;80;61;;
S023;1227;beta;56;-;72;50;;
S023;1228;beta;1;+;73;120;;
S023;1232;beta;4;-;74;61;;
S023;1233;beta;1;+;75;103;;
S023;1235;beta;2;-;76;16;;
S023;1243;beta;8;+;77;41;;
S023;1244;beta;1;-;78;30;;
S023;1249;alpha;59;+;144;46;;alpha
S023;1250;alpha;1;-;145;80;;
S023;1251;alpha;1;+;146;39;;
S023;1256;beta;12;+;79;91;epsilon;
S023;1257;epsilon;58;+;89;44;;
S023;1320;alpha;7;-;147;16;;
S023;1320;epsilon;1;-;90;60;;
S023;1320;beta;2;-;80;23;;
S023;1324;alpha;4;+;148;37;;
S023;1325;alpha;1;-;149;117;;
S023;1342;alpha;17;+;150;33;;alpha
S023;1343;epsilon;23;+;91;54;;
S023;1356;gamma;76;+;81;80;;
S023;1366;gamma;10;-;82;9;;
S023;1367;gamma;1;+;83;91;epsilon;
S023;1372;beta;52;+;81;66;;
S023;1373;beta;1;-;82;26;;
S023;1376;alpha;34;-;151;32;;
S023;1377;gamma;10;-;84;93;;
S023;1378;gamma;1;+;85;42;;
S023;1379;alpha;3;+;152;69;;
S023;1381;alpha;2;-;153;57;;
S023;1383;epsilon;40;-;92;106;delta;
S023;1383;gamma;5;-;86;44;;
S023;1384;alpha;3;+;154;65;;
S023;1384;epsilon;1;+;93;45;;
S023;1384;gamma;1;+;87;60;;
S023;1386;alpha;2;-;155;17;alpha;
S023;1388;epsilon;4;-;94;73;;
S023;1388;gamma;4;-;88;96;;
S023;1389;gamma;1;+;89;72;;
S023;1390;epsilon;2;+;95;97;;
S023;1392;alpha;6;+;156;49;;
S023;1394;alpha;2;-;157;111;;
S023;1395;alpha;1;+;158;95;;
S023;1396;beta;23;+;83;83;;
S023;1397;beta;1;-;84;69;;
S023;1398;beta;1;+;85;56;;
S023;1423;alpha;28;-;159;3;;
S023;1425;alpha;2;+;160;32;;
S023;1426;alpha;1;-;161;67;;
S023;1427;epsilon;37;-;96;85;;
S023;1428;alpha;2;+;162;37;;
S023;1428;epsilon;1;+;97;89;;
S023;1429;alpha;1;-;163;117;;
S023;1430;epsilon;2;-;98;3;;
S023;1432;alpha;3;+;164;30;;
S023;1432;epsilon;2;+;99;32;;
S023;1434;alpha;2;-;165;48;;
S023;1436;epsilon;4;-;100;70;;
S023;1438;epsilon;2;+;101;67;;
S023;1439;alpha;5;+;166;104;;
S024;1;alpha;1;-;1;1;;
S024;1;epsilon;1;-;1;1;;
S024;3;alpha;2;+;2;12;;
S024;3;epsilon;2;+;2;12;;
S024;8;delta;8;+;1;8;;
S024;13;delta;5;-;2;85;;
S024;18;delta;5;+;3;93;;
S024;19;delta;1;-;4;42;;
S024;20;alpha;17;-;3;74;;alpha
S024;21;alpha;1;+;4;106;delta;
S024;22;alpha;1;-;5;45;;
S024;22;epsilon;19;-;3;76;;gamma
S024;22;gamma;22;-;1;22;;
S024;23;beta;23;-;1;23;;
S024;24;gamma;2;+;2;95;;
S024;24;beta;1;+;2;104;;
S024;25;gamma;1;-;3;62;;
S024;25;beta;1;-;3;25;;
S024;26;beta;1;+;4;124;;
S024;27;gamma;2;+;4;114;;
S024;28;gamma;1;-;5;125;;
S024;29;gamma;1;+;6;108;gamma;
S024;30;gamma;1;-;7;65;;
S024;30;beta;4;-;5;101;;
S024;32;beta;2;+;6;123;;
S024;34;beta;2;-;7;89;;
S024;38;beta;4;+;8;5;;
S024;39;alpha;17;+;6;72;;alpha
S024;39;gamma;9;+;8;24;;
S024;41;epsilon;19;+;4;126;;gamma
S024;42;delta;23;+;5;32;;
S024;46;epsilon;5;-;5;122;;
S024;46;delta;4;-;6;70;;
S024;47;gamma;8;-;9;121;;
S024;48;gamma;1;+;10;68;alpha;
S024;49;alpha;10;-;7;98;;
S024;49;gamma;1;-;11;46;;
S024;50;alpha;1;+;8;92;;
S024;51;alpha;1;-;9;32;;
S024;51;beta;13;-;9;5;;
S024;52;beta;1;+;10;51;;
S024;53;alpha;2;+;10;68;alpha;
S024;53;epsilon;7;+;6;84;delta;
S024;53;gamma;4;+;12;83;;
S024;53;delta;7;+;7;72;;
S024;94;alpha;41;-;11;110;alpha;
S024;108;epsilon;55;-;7;73;;
S024;109;epsilon;1;+;8;96;;
S024;110;alpha;16;+;12;94;;
S024;149;alpha;39;-;13;41;;
S024;151;alpha;2;+;14;31;;
S024;174;alpha;23;-;15;75;;
S024;176;epsilon;67;-;9;15;;
S024;183;epsilon;7;+;10;30;;
S024;185;epsilon;2;-;11;48;;
S024;191;alpha;17;+;16;24;;alpha
S024;191;epsilon;6;+;12;105;;
S024;192;alpha;1;-;17;114;;
S024;192;epsilon;1;-;13;35;;
S024;194;alpha;2;+;18;126;;
S024;194;epsilon;2;+;14;98;;
S024;195;alpha;1;-;19;118;;
S024;195;epsilon;1;-;15;92;;
S024;197;alpha;2;+;20;39;;
S024;197;epsilon;2;+;16;33;;
S024;198;epsilon;1;-;17;77;;
S024;199;epsilon;1;+;18;9;;
S024;205;epsilon;6;-;19;96;;
S024;206;alpha;9;-;21;18;epsilon;
S024;208;gamma;155;-;13;97;;
S024;211;gamma;3;+;14;84;delta;
S024;212;gamma;1;-;15;79;;
S024;230;beta;178;-;11;124;;
S024;242;alpha;36;+;22;58;;epsilon
S024;244;beta;14;+;12;95;;
S024;246;epsilon;41;+;20;116;;
S024;250;epsilon;4;-;21;21;delta;
S024;250;beta;6;-;13;67;;
S024;251;alpha;9;-;23;81;;
S024;257;alpha;6;+;24;54;;
S024;257;epsilon;7;+;22;90;;
S024;257;beta;7;+;14;42;;
S024;258;beta;1;-;15;40;;
S024;259;beta;1;+;16;20;beta;
S024;260;alpha;3;-;25;35;;
S024;260;epsilon;3;-;23;14;;
S024;260;beta;1;-;17;74;;
S024;262;alpha;2;+;26;98;;
S024;262;epsilon;2;+;24;15;;
S024;267;beta;7;+;18;112;;
S024;269;beta;2;-;19;106;delta;
S024;271;alpha;9;-;27;100;gamma;
S024;271;epsilon;9;-;25;32;;
S024;272;alpha;1;+;28;112;;
S024;272;epsilon;1;+;26;67;;
S024;272;beta;3;+;20;47;;
S024;273;gamma;61;+;16;87;;
S024;274;gamma;1;-;17;109;epsilon;
S024;274;beta;2;-;21;91;epsilon;
S024;276;gamma;2;+;18;76;;
S024;276;beta;2;+;22;23;;
S024;277;gamma;1;-;19;126;;
S024;277;beta;1;-;23;104;;
S024;281;alpha;9;-;29;113;;
S024;282;alpha;1;+;30;115;;
S024;282;gamma;5;+;20;122;;
S024;285;alpha;3;-;31;10;;
S024;285;gamma;3;-;21;80;;
S024;286;epsilon;14;-;27;110;alpha;
S024;297;alpha;12;+;32;123;;
S024;297;epsilon;11;+;28;89;;
S024;298;alpha;1;-;33;88;;
S024;299;alpha;1;+;34;119;;
S024;299;gamma;14;+;22;13;;
S024;301;beta;24;+;24;10;;
S024;332;alpha;33;-;35;122;;
S024;335;alpha;3;+;36;80;;
S024;336;alpha;1;-;37;39;;
S024;338;alpha;2;+;38;11;;
S024;339;alpha;1;-;39;111;;
S024;340;alpha;1;+;40;95;;
S024;342;alpha;2;-;41;63;;
S024;344;epsilon;47;-;29;57;;
S024;346;epsilon;2;+;30;64;;
S024;348;alpha;6;+;42;1;;
S024;360;alpha;12;-;43;112;;
S024;360;epsilon;14;-;31;64;;
S024;362;gamma;63;-;23;93;;
S024;362;beta;61;-;25;45;;
S024;364;gamma;2;+;24;43;delta;
S024;364;beta;2;+;26;71;;
S024;365;gamma;1;-;25;50;;
S024;365;beta;1;-;27;76;;
S024;372;gamma;7;+;26;126;;
S024;372;beta;7;+;28;5;;
S024;373;gamma;1;-;27;118;;
S024;376;alpha;16;+;44;40;;
S024;376;epsilon;16;+;32;66;;
S024;376;gamma;3;+;28;40;;
S024;377;epsilon;1;-;33;26;;
S024;378;epsilon;1;+;34;7;;
S024;384;epsilon;6;-;35;76;;
S024;384;gamma;8;-;29;27;gamma;
S024;389;epsilon;5;+;36;3;;
S024;389;gamma;5;+;30;21;delta;
S024;408;alpha;32;-;45;95;;
S024;414;epsilon;25;-;37;71;;
S024;414;gamma;25;-;31;93;;
S024;416;beta;44;-;29;36;epsilon;
S024;417;beta;1;+;30;107;beta;
S024;420;epsilon;6;+;38;81;;
S024;420;gamma;6;+;32;47;;
S024;422;epsilon;2;-;39;50;;
S024;422;gamma;2;-;33;91;epsilon;
S024;423;epsilon;1;+;40;120;;
S024;423;gamma;1;+;34;22;;
S024;424;epsilon;1;-;41;58;;
S024;426;alpha;18;+;46;120;;epsilon
S024;426;epsilon;2;+;42;74;;
S024;427;alpha;1;-;47;58;;
S024;428;alpha;1;+;48;73;;
S024;429;alpha;1;-;49;96;;
S024;429;epsilon;3;-;43;108;gamma;
S024;429;gamma;6;-;35;99;;
S024;430;gamma;1;+;36;102;;
S024;431;alpha;2;+;50;73;;
S024;432;epsilon;3;+;44;67;;
S024;458;alpha;27;-;51;88;;gamma
S024;460;epsilon;28;-;45;124;;
S024;461;epsilon;1;+;46;98;;
S024;465;epsilon;4;-;47;95;;
S024;466;gamma;36;-;37;76;;epsilon
S024;466;beta;49;-;31;81;;
S024;472;gamma;6;+;38;4;;
S024;472;beta;6;+;32;54;;
S024;474;gamma;2;-;39;42;;
S024;475;beta;3;-;33;35;;
S024;482;delta;429;-;8;39;;
S024;483;delta;1;+;9;10;;
S024;486;alpha;28;+;52;65;;
S024;487;alpha;1;-;53;16;;
S024;489;alpha;2;+;54;35;;
S024;489;beta;14;+;34;85;;
S024;490;epsilon;25;+;48;0;;
S024;490;gamma;16;+;40;25;;
S024;492;epsilon;2;-;49;2;;
S024;493;gamma;3;-;41;126;;
S024;494;epsilon;2;+;50;22;;
S024;494;gamma;1;+;42;118;;
S024;496;epsilon;2;-;51;95;;
S024;497;gamma;3;-;43;40;;
S024;497;beta;8;-;35;96;;
S024;498;beta;1;+;36;72;;
S024;499;alpha;10;-;55;81;;
S024;499;beta;1;-;37;86;;
S024;502;delta;19;-;10;3;;gamma
S024;503;delta;1;+;11;31;;
S024;505;delta;2;-;12;58;;
S024;534;alpha;35;+;56;7;;
S024;537;alpha;3;-;57;73;;
S024;560;alpha;23;+;58;84;delta;
S024;561;epsilon;65;+;52;40;;
S024;571;gamma;74;+;44;10;;
S024;572;gamma;1;-;45;101;;
S024;573;gamma;1;+;46;122;;
S024;575;gamma;2;-;47;79;;
S024;582;alpha;22;-;59;40;;
S024;585;alpha;3;+;60;22;;
S024;585;gamma;10;+;48;36;epsilon;
S024;587;alpha;2;-;61;95;;
S024;587;gamma;2;-;49;108;gamma;
S024;589;alpha;2;+;62;63;;
S024;589;gamma;2;+;50;66;;
S024;592;alpha;3;-;63;125;;
S024;592;epsilon;31;-;53;94;;
S024;592;gamma;3;-;51;28;;
S024;596;alpha;4;+;64;111;;
S024;596;epsilon;4;+;54;55;;
S024;596;gamma;4;+;52;30;;
S024;601;beta;102;+;38;123;;
S024;601;delta;96;+;13;54;;
S024;606;beta;5;-;39;92;;
S024;606;delta;5;-;14;37;;
S024;610;beta;4;+;40;35;;
S024;610;delta;4;+;15;120;;
S024;612;delta;2;-;16;59;alpha;
S024;618;alpha;22;-;65;73;;
S024;618;beta;8;-;41;104;;
S024;620;epsilon;24;-;55;63;;
S024;624;gamma;28;-;53;107;beta;
S024;625;gamma;1;+;54;55;;
S024;627;epsilon;7;+;56;2;;
S024;627;beta;9;+;42;33;;
S024;628;alpha;10;+;66;71;;
S024;629;alpha;1;-;67;76;;
S024;629;epsilon;2;-;57;22;;
S024;629;beta;2;-;43;78;;
S024;631;alpha;2;+;68;0;;
S024;631;epsilon;2;+;58;95;;
S024;631;beta;2;+;44;20;beta;
S024;632;alpha;1;-;69;1;;
S024;632;epsilon;1;-;59;62;;
S024;632;beta;1;-;45;74;;
S024;636;gamma;11;-;55;50;;
S024;637;gamma;1;+;56;120;;
S024;639;alpha;7;+;70;17;alpha;
S024;639;epsilon;7;+;60;119;;
S024;639;beta;7;+;46;112;;
S024;641;alpha;2;-;71;45;;
S024;641;epsilon;2;-;61;49;;
S024;641;beta;2;-;47;106;delta;
S024;642;gamma;5;-;57;62;;
S024;643;gamma;1;+;58;113;;
S024;645;alpha;4;+;72;73;;
S024;645;epsilon;4;+;62;113;;
S024;645;beta;4;+;48;48;;
S024;649;delta;37;+;17;95;;
S024;652;delta;3;-;18;64;;
S024;653;delta;1;+;19;6;;
S024;655;delta;2;-;20;62;;
S024;656;delta;1;+;21;113;;
S024;692;alpha;47;-;73;108;gamma;
S024;693;epsilon;48;-;63;45;;
S024;696;gamma;53;-;59;50;;
S024;696;delta;40;-;22;37;;
S024;698;gamma;2;+;60;121;;
S024;698;delta;2;+;23;118;;
S024;699;gamma;1;-;61;68;alpha;
S024;699;delta;1;-;24;38;;
S024;700;gamma;1;+;62;46;;
S024;700;delta;1;+;25;0;;
S024;701;gamma;1;-;63;80;;
S024;701;delta;1;-;26;1;;
S024;702;beta;57;-;49;31;;
S024;726;alpha;34;+;74;39;;
S024;730;epsilon;37;+;64;92;;
S024;730;gamma;29;+;64;28;;
S024;730;beta;28;+;50;80;;
S024;730;delta;29;+;27;2;;
S024;734;gamma;4;-;65;30;;
S024;734;delta;4;-;28;24;;
S024;735;gamma;1;+;66;47;;
S024;735;delta;1;+;29;114;;
S024;793;alpha;67;-;75;30;;
S024;804;epsilon;74;-;65;3;;
S024;814;alpha;21;+;76;100;gamma;delta
S024;814;epsilon;10;+;66;56;;
S024;827;epsilon;13;-;67;25;;
S024;828;epsilon;1;+;68;124;;
S024;829;epsilon;1;-;69;98;;
S024;830;alpha;16;-;77;110;alpha;
S024;831;alpha;1;+;78;85;;
S024;832;alpha;1;-;79;89;;
S024;835;alpha;3;+;80;4;;
S024;835;epsilon;6;+;70;97;;
S024;840;alpha;5;-;81;45;;
S024;840;epsilon;5;-;71;86;;
S024;847;epsilon;7;+;72;105;;
S024;848;alpha;8;+;82;77;;
S024;849;alpha;1;-;83;9;;
S024;850;alpha;1;+;84;91;epsilon;
S024;856;alpha;6;-;85;27;gamma;
S024;856;epsilon;9;-;73;43;delta;
S024;858;gamma;123;-;67;6;;
S024;859;gamma;1;+;68;61;;
S024;863;alpha;7;+;86;23;;
S024;863;epsilon;7;+;74;56;;
S024;864;epsilon;1;-;75;53;;
S024;865;alpha;2;-;87;105;;
S024;865;gamma;6;-;69;108;gamma;
S024;882;beta;152;-;51;15;;
S024;889;alpha;24;+;88;110;alpha;
S024;889;beta;7;+;52;30;;
S024;892;epsilon;28;+;76;121;;
S024;895;gamma;30;+;70;35;;
S024;896;gamma;1;-;71;97;;
S024;897;epsilon;5;-;77;72;;
S024;901;epsilon;4;+;78;89;;
S024;901;gamma;5;+;72;86;;
S024;916;alpha;27;-;89;105;;gamma
S024;917;gamma;16;-;73;107;beta;
S024;917;beta;28;-;53;107;beta;
S024;919;epsilon;18;-;79;28;;epsilon
S024;945;alpha;29;+;90;115;;
S024;952;alpha;7;-;91;14;;
S024;953;alpha;1;+;92;14;;
S024;958;epsilon;39;+;80;45;;
S024;959;epsilon;1;-;81;70;;
S024;960;epsilon;1;+;82;66;;
S024;963;gamma;46;+;74;78;;
S024;966;beta;49;+;54;81;;
S024;995;alpha;42;-;93;45;;
S024;1010;epsilon;50;-;83;46;;
S024;1020;alpha;25;+;94;80;;
S024;1020;epsilon;10;+;84;38;;
S024;1021;epsilon;1;-;85;0;;
S024;1025;epsilon;4;+;86;4;;
S024;1049;alpha;29;-;95;28;;
S024;1051;alpha;2;+;96;28;;
S024;1068;alpha;17;-;97;23;;alpha
S024;1073;epsilon;48;-;87;67;;
S024;1075;epsilon;2;+;88;37;;
S024;1077;alpha;9;+;98;112;;
S024;1078;alpha;1;-;99;105;;
S024;1080;epsilon;5;-;89;121;;
S024;1085;epsilon;5;+;90;72;;
S024;1086;alpha;8;+;100;42;;
S024;1087;alpha;1;-;101;40;;
S024;1087;epsilon;2;-;91;87;;
S024;1090;gamma;127;-;75;22;;
S024;1092;gamma;2;+;76;95;;
S024;1093;gamma;1;-;77;62;;
S024;1094;alpha;7;+;102;26;;
S024;1094;gamma;1;+;78;113;;
S024;1096;alpha;2;-;103;8;;
S024;1096;gamma;2;-;79;116;;
S024;1097;gamma;1;+;80;18;epsilon;
S024;1098;gamma;1;-;81;54;;
S024;1104;gamma;6;+;82;38;;
S024;1105;alpha;9;+;104;89;;
S024;1108;alpha;3;-;105;4;;
S024;1109;alpha;1;+;106;41;;
S024;1110;epsilon;23;+;92;87;;
S024;1125;alpha;16;-;107;52;;
S024;1127;alpha;2;+;108;14;;
S024;1129;alpha;2;-;109;15;;
S024;1132;alpha;3;+;110;26;;
S024;1135;alpha;3;-;111;9;;
S024;1136;alpha;1;+;112;91;epsilon;
S024;1140;alpha;4;-;113;25;;
S024;1142;epsilon;32;-;93;96;;
S024;1142;gamma;38;-;83;28;;
S024;1143;gamma;1;+;84;27;gamma;
S024;1144;gamma;1;-;85;17;alpha;
S024;1146;gamma;2;+;86;45;;
S024;1147;epsilon;5;+;94;76;;
S024;1150;alpha;10;+;114;97;;
S024;1158;alpha;8;-;115;89;;
S024;1159;epsilon;12;-;95;119;;
S024;1160;alpha;2;+;116;3;;
S024;1160;epsilon;1;+;96;48;;
S024;1161;alpha;1;-;117;31;;
S024;1161;epsilon;1;-;97;100;gamma;
S024;1161;gamma;15;-;87;70;;
S024;1162;alpha;1;+;118;57;;
S024;1162;epsilon;1;+;98;112;;
S024;1162;gamma;1;+;88;66;;
S024;1191;alpha;29;-;119;14;;
S024;1192;epsilon;30;-;99;54;;
S024;1193;gamma;31;-;89;27;gamma;
S024;1194;gamma;1;+;90;17;alpha;
S024;1195;epsilon;3;+;100;35;;
S024;1197;epsilon;2;-;101;98;;
S024;1203;epsilon;6;+;102;97;;
S024;1204;epsilon;1;-;103;82;;
S024;1205;alpha;14;+;120;17;alpha;
S024;1205;epsilon;1;+;104;59;alpha;
S024;1229;alpha;24;-;121;73;;
S024;1230;alpha;1;+;122;96;;
S024;1231;alpha;1;-;123;72;;
S024;1232;alpha;1;+;124;86;;
S024;1234;alpha;2;-;125;100;gamma;
S024;1237;epsilon;32;-;105;90;;
S024;1238;epsilon;1;+;106;12;;
S024;1247;epsilon;9;-;107;2;;
S024;1249;alpha;15;+;126;109;epsilon;
S024;1249;epsilon;2;+;108;22;;
S024;1252;alpha;3;-;127;77;;
S024;1252;epsilon;3;-;109;96;;
S024;1253;epsilon;1;+;110;72;;
S024;1254;epsilon;1;-;111;86;;
S024;1320;gamma;64;-;91;113;;
S024;1323;beta;295;-;55;15;;
S024;1325;beta;2;+;56;25;;
S024;1334;alpha;20;+;128;100;gamma;beta
S024;1335;alpha;1;-;129;112;;
S024;1336;alpha;1;+;130;105;;
S024;1337;gamma;17;+;92;14;;alpha
S024;1340;epsilon;24;+;112;115;;
S024;1345;epsilon;5;-;113;12;;
S024;1345;gamma;8;-;93;21;delta;
S024;1346;epsilon;1;+;114;121;;
S024;1346;gamma;1;+;94;84;delta;
S024;1349;epsilon;3;-;115;70;;
S024;1349;gamma;3;-;95;81;;
S024;1350;alpha;14;-;131;100;gamma;
S024;1351;alpha;1;+;132;112;;
S024;1352;epsilon;3;+;116;68;alpha;
S024;1353;gamma;4;+;96;52;;
S024;1355;alpha;4;-;133;108;gamma;
S024;1355;epsilon;3;-;117;48;;
S024;1355;gamma;2;-;97;14;;
S024;1359;epsilon;4;+;118;103;;
S024;1359;gamma;4;+;98;17;alpha;
S024;1360;epsilon;1;-;119;15;;
S024;1360;gamma;1;-;99;44;;
S024;1361;epsilon;1;+;120;24;;
S024;1362;alpha;7;+;134;71;;
S024;1362;gamma;2;+;100;61;;
S024;1375;alpha;13;-;135;1;;
S024;1375;epsilon;14;-;121;1;;
S024;1375;gamma;13;-;101;17;alpha;
S024;1375;beta;50;-;57;10;;
S024;1376;beta;1;+;58;101;;
S024;1378;beta;2;-;59;123;;
S024;1402;alpha;27;+;136;0;;gamma
S024;1406;alpha;4;-;137;4;;
S024;1409;alpha;3;+;138;43;delta;
S024;1411;epsilon;36;+;122;9;;epsilon
S024;1412;gamma;37;+;102;86;;
S024;1412;beta;34;+;60;15;;
S024;1413;epsilon;2;-;123;92;;
S024;1413;gamma;1;-;103;99;;
S024;1413;beta;1;-;61;24;;
S024;1414;epsilon;1;+;124;32;;
S024;1415;alpha;6;-;139;55;;
S024;1415;epsilon;1;-;125;67;;
S024;1425;alpha;10;+;140;49;;
S024;1425;epsilon;10;+;126;106;delta;
S024;1430;alpha;5;-;141;114;;
S024;1430;epsilon;5;-;127;49;;
S024;1437;delta;640;-;30;86;;
S025;25;alpha;25;+;1;25;;
S025;30;epsilon;30;+;1;30;;
S025;37;epsilon;7;-;2;53;;
S025;38;epsilon;1;+;3;23;;
S025;39;gamma;39;+;1;39;;
S025;40;gamma;1;-;2;10;;
S025;46;alpha;21;-;2;108;gamma;delta
S025;46;epsilon;8;-;4;111;;
S025;83;alpha;37;+;3;42;;
S025;88;alpha;5;-;4;44;;
S025;89;alpha;1;+;5;60;;
S025;94;alpha;5;-;6;97;;
S025;100;alpha;6;+;7;87;;
S025;102;alpha;2;-;8;110;alpha;
S025;104;alpha;2;+;9;86;;
S025;105;epsilon;59;+;5;110;alpha;alpha
S025;107;gamma;67;+;3;51;;
S025;109;beta;109;+;1;109;epsilon;epsilon
S025;111;delta;111;+;1;111;;
S025;112;delta;1;-;2;95;;
S025;113;delta;1;+;3;62;;
S025;116;delta;3;-;4;115;;
S025;120;beta;11;-;2;116;;
S025;121;beta;1;+;3;18;epsilon;
S025;129;delta;13;+;5;83;;
S025;131;delta;2;-;6;70;;
S025;132;delta;1;+;7;66;;
S025;135;alpha;31;-;10;122;;
S025;135;delta;3;-;8;28;;
S025;141;alpha;6;+;11;83;;
S025;143;alpha;2;-;12;70;;
S025;147;alpha;4;+;13;69;;
S025;149;alpha;2;-;14;57;;
S025;150;alpha;1;+;15;63;;
S025;152;delta;17;+;9;23;;alpha
S025;167;alpha;17;-;16;94;;alpha
S025;168;alpha;1;+;17;52;;
S025;172;alpha;4;-;18;16;;
S025;180;epsilon;75;-;6;26;;
S025;182;gamma;75;-;4;95;;
S025;182;beta;61;-;4;83;;
S025;182;delta;30;-;10;44;;
S025;218;alpha;46;+;19;122;;
S025;230;epsilon;50;+;7;110;alpha;
S025;249;gamma;67;+;5;42;;
S025;253;gamma;4;-;6;43;delta;
S025;254;gamma;1;+;7;50;;
S025;255;gamma;1;-;8;120;;
S025;256;gamma;1;+;9;58;;
S025;260;gamma;4;-;10;76;;
S025;261;gamma;1;+;11;126;;
S025;263;beta;81;+;5;126;;
S025;271;beta;8;-;6;125;;
S025;272;beta;1;+;7;108;gamma;
S025;278;delta;96;+;11;51;;
S025;304;alpha;86;-;20;94;;
S025;305;alpha;1;+;21;52;;
S025;326;alpha;21;-;22;14;;delta
S025;328;epsilon;98;-;8;49;;
S025;329;epsilon;1;+;9;110;alpha;
S025;330;epsilon;1;-;10;85;;
S025;332;gamma;71;-;12;98;;
S025;332;delta;54;-;12;74;;
S025;333;gamma;1;+;13;92;;
S025;333;delta;1;+;13;106;delta;
S025;339;gamma;6;-;14;37;;
S025;339;delta;6;-;14;50;;
S025;341;beta;69;-;8;74;;
S025;343;beta;2;+;9;107;beta;
S025;345;alpha;19;+;23;22;;gamma
S025;345;gamma;6;+;15;122;;
S025;345;delta;6;+;15;125;;
S025;347;alpha;2;-;24;95;;
S025;347;gamma;2;-;16;79;;
S025;347;delta;2;-;16;109;epsilon;
S025;348;beta;5;-;10;59;alpha;
S025;350;beta;2;+;11;84;delta;
S025;351;beta;1;-;12;79;;
S025;357;beta;6;+;13;34;;
S025;359;alpha;12;+;25;114;;
S025;359;delta;12;+;17;117;;
S025;360;alpha;1;-;26;125;;
S025;360;delta;1;-;18;28;;
S025;361;beta;4;-;14;90;;
S025;396;alpha;36;+;27;90;;epsilon
S025;404;epsilon;74;+;11;65;;
S025;406;epsilon;2;-;12;17;alpha;
S025;409;epsilon;3;+;13;46;;
S025;410;epsilon;1;-;14;80;;
S025;412;epsilon;2;+;15;40;;
S025;415;epsilon;3;-;16;22;;
S025;417;alpha;21;-;28;4;;delta
S025;419;epsilon;4;+;17;97;;
S025;420;epsilon;1;-;18;82;;
S025;426;epsilon;6;+;19;64;;
S025;427;alpha;10;+;29;29;;
S025;436;alpha;9;-;30;45;;
S025;438;alpha;2;+;31;71;;
S025;440;gamma;93;+;17;119;;
S025;442;gamma;2;-;18;49;;
S025;446;alpha;8;-;32;83;;
S025;448;alpha;2;+;33;70;;
S025;448;gamma;6;+;19;115;;
S025;449;gamma;1;-;20;8;;
S025;451;alpha;3;-;34;68;alpha;
S025;452;epsilon;26;-;20;76;;
S025;453;epsilon;1;+;21;126;;
S025;454;alpha;3;+;35;48;;
S025;454;gamma;5;+;21;85;;
S025;459;alpha;5;-;36;104;;
S025;460;alpha;1;+;37;25;;
S025;464;alpha;4;-;38;0;;
S025;464;epsilon;11;-;22;38;;
S025;464;gamma;10;-;22;1;;
S025;465;epsilon;1;+;23;0;;
S025;465;gamma;1;+;23;11;;
S025;466;alpha;2;+;39;2;;
S025;467;alpha;1;-;40;21;delta;
S025;469;alpha;2;+;41;85;;
S025;470;alpha;1;-;42;89;;
S025;471;alpha;1;+;43;2;;
S025;476;beta;115;+;15;72;;
S025;481;alpha;10;-;44;83;;
S025;481;epsilon;16;-;24;16;;
S025;481;beta;5;-;16;90;;
S025;484;gamma;19;-;24;103;;gamma
S025;485;gamma;1;+;25;15;;
S025;486;gamma;1;-;26;24;;
S025;487;gamma;1;+;27;114;;
S025;490;epsilon;9;+;25;42;;
S025;491;alpha;10;+;45;55;;
S025;491;beta;10;+;17;120;;
S025;505;alpha;14;-;46;53;;
S025;506;alpha;1;+;47;23;;
S025;517;delta;157;+;19;90;;
S025;520;delta;3;-;20;14;;
S025;523;alpha;17;-;48;31;;alpha
S025;524;epsilon;34;-;26;43;delta;
S025;525;epsilon;1;+;27;50;;
S025;526;epsilon;1;-;28;120;;
S025;527;gamma;40;-;28;10;;
S025;528;beta;37;-;18;99;;
S025;531;beta;3;+;19;104;;
S025;532;gamma;5;+;29;105;;
S025;533;gamma;1;-;30;35;;
S025;535;beta;4;-;20;28;;
S025;538;beta;3;+;21;29;;
S025;539;gamma;6;+;31;102;;
S025;540;gamma;1;-;32;5;;
S025;541;gamma;1;+;33;51;;
S025;542;alpha;19;+;49;71;;gamma
S025;543;alpha;1;-;50;76;;
S025;544;alpha;1;+;51;126;;
S025;545;alpha;1;-;52;118;;
S025;545;gamma;4;-;34;6;;
S025;547;beta;9;-;22;45;;
S025;549;beta;2;+;23;71;;
S025;551;beta;2;-;24;77;;
S025;573;alpha;28;+;53;17;alpha;
S025;574;epsilon;48;+;29;110;alpha;
S025;575;epsilon;1;-;30;85;;
S025;576;epsilon;1;+;31;89;;
S025;578;epsilon;2;-;32;3;;
S025;580;alpha;7;-;54;50;;
S025;582;alpha;2;+;55;121;;
S025;584;epsilon;6;+;33;36;epsilon;
S025;586;gamma;41;+;35;6;;
S025;586;beta;35;+;25;115;;
S025;588;gamma;2;-;36;62;;
S025;590;gamma;2;+;37;114;;
S025;591;gamma;1;-;38;125;;
S025;591;beta;5;-;26;12;;
S025;592;alpha;10;-;56;45;;
S025;592;epsilon;8;-;34;114;;
S025;596;alpha;4;+;57;73;;
S025;596;epsilon;4;+;35;1;;
S025;597;alpha;1;-;58;96;;
S025;599;epsilon;3;-;36;13;;
S025;601;alpha;4;+;59;75;;
S025;601;epsilon;2;+;37;5;;
S025;606;gamma;15;+;39;69;;
S025;606;beta;15;+;27;72;;
S025;607;gamma;1;-;40;56;;
S025;607;beta;1;-;28;86;;
S025;608;alpha;7;-;60;122;;
S025;613;epsilon;12;-;38;4;;
S025;615;epsilon;2;+;39;42;;
S025;616;alpha;8;+;61;85;;
S025;617;gamma;10;+;41;22;;
S025;617;beta;10;+;29;101;;
S025;618;beta;1;-;30;122;;
S025;619;beta;1;+;31;78;;
S025;620;alpha;4;-;62;92;;
S025;620;epsilon;5;-;40;44;;
S025;620;gamma;3;-;42;96;;
S025;620;beta;1;-;32;19;gamma;
S025;621;alpha;1;+;63;32;;
S025;621;epsilon;1;+;41;60;;
S025;622;alpha;1;-;64;67;;
S025;623;alpha;1;+;65;36;epsilon;
S025;624;gamma;4;+;43;75;;
S025;624;beta;4;+;33;67;;
S025;625;beta;1;-;34;36;epsilon;
S025;627;alpha;4;-;66;110;alpha;
S025;628;epsilon;7;-;42;99;;
S025;628;gamma;4;-;44;119;;
S025;629;alpha;2;+;67;86;;
S025;629;epsilon;1;+;43;102;;
S025;629;gamma;1;+;45;48;;
S025;631;alpha;2;-;68;100;gamma;
S025;631;epsilon;2;-;44;6;;
S025;632;gamma;3;-;46;102;;
S025;633;alpha;2;+;69;113;;
S025;633;epsilon;2;+;45;62;;
S025;633;gamma;1;+;47;5;;
S025;633;beta;8;+;35;114;;
S025;634;alpha;1;-;70;115;;
S025;634;epsilon;1;-;46;113;;
S025;634;beta;1;-;36;125;;
S025;635;alpha;1;+;71;8;;
S025;635;epsilon;1;+;47;115;;
S025;636;beta;2;+;37;109;epsilon;
S025;638;beta;2;-;38;76;;
S025;640;beta;2;+;39;0;;
S025;642;beta;2;-;40;2;;
S025;643;alpha;8;-;72;88;;
S025;645;epsilon;10;-;48;80;;
S025;645;gamma;12;-;48;4;;
S025;646;gamma;1;+;49;41;;
S025;647;alpha;4;+;73;122;;
S025;647;epsilon;2;+;49;40;;
S025;648;alpha;1;-;74;78;;
S025;648;epsilon;1;-;50;20;beta;
S025;649;alpha;1;+;75;19;gamma;
S025;649;epsilon;1;+;51;74;;
S025;650;beta;8;+;41;28;;
S025;651;delta;131;+;21;34;;
S025;654;delta;3;-;22;89;;
S025;655;delta;1;+;23;2;;
S025;661;delta;6;-;24;26;;
S025;663;delta;2;+;25;8;;
S025;673;alpha;24;-;76;19;gamma;
S025;674;alpha;1;+;77;64;;
S025;678;alpha;4;-;78;9;;
S025;679;delta;16;-;26;54;;
S025;681;epsilon;32;-;52;66;;
S025;681;gamma;35;-;50;71;;
S025;681;beta;31;-;42;37;;
S025;682;gamma;1;+;51;76;;
S025;682;beta;1;+;43;117;;
S025;683;epsilon;2;+;53;27;gamma;
S025;683;delta;4;+;27;36;epsilon;
S025;684;delta;1;-;28;107;beta;
S025;686;epsilon;3;-;54;19;gamma;
S025;689;gamma;7;-;52;5;;
S025;689;beta;7;-;44;34;;
S025;690;gamma;1;+;53;51;;
S025;690;beta;1;+;45;87;;
S025;692;epsilon;6;+;55;69;;
S025;692;delta;8;+;29;62;;
S025;693;alpha;15;+;79;26;;
S025;698;alpha;5;-;80;11;;
S025;698;epsilon;6;-;56;61;;
S025;700;delta;8;-;30;120;;
S025;702;alpha;4;+;81;114;;
S025;702;delta;2;+;31;59;alpha;
S025;703;epsilon;5;+;57;107;beta;
S025;706;alpha;4;-;82;1;;
S025;706;epsilon;3;-;58;57;;
S025;706;delta;4;-;32;86;;
S025;708;gamma;18;-;54;38;;epsilon
S025;709;gamma;1;+;55;0;;
S025;710;gamma;1;-;56;1;;
S025;711;gamma;1;+;57;11;;
S025;712;gamma;1;-;58;111;;
S025;713;beta;23;-;46;87;;
S025;718;gamma;6;+;59;100;gamma;
S025;718;beta;5;+;47;113;;
S025;719;alpha;13;+;83;113;;
S025;720;alpha;1;-;84;115;;
S025;720;gamma;2;-;60;113;;
S025;723;alpha;3;+;85;10;;
S025;723;epsilon;17;+;59;2;;alpha
S025;723;gamma;3;+;61;117;;
S025;723;delta;17;+;33;108;gamma;alpha
S025;784;alpha;61;-;86;45;;
S025;790;alpha;6;+;87;75;;
S025;793;alpha;3;-;88;118;;
S025;800;epsilon;77;-;60;23;;
S025;801;epsilon;1;+;61;104;;
S025;803;alpha;10;+;89;126;;
S025;805;alpha;2;-;90;119;;
S025;805;epsilon;4;-;62;28;;
S025;806;epsilon;1;+;63;27;gamma;
S025;807;alpha;2;+;91;49;;
S025;812;alpha;5;-;92;114;;
S025;812;epsilon;6;-;64;22;;
S025;813;alpha;1;+;93;125;;
S025;813;epsilon;1;+;65;94;;
S025;815;alpha;2;-;94;109;epsilon;
S025;815;epsilon;2;-;66;53;;
S025;817;gamma;94;-;62;110;alpha;
S025;818;beta;100;-;48;70;;gamma
S025;818;delta;95;-;34;100;gamma;
S025;820;delta;2;+;35;113;;
S025;826;beta;8;+;49;73;;
S025;827;beta;1;-;50;96;;
S025;830;delta;10;-;36;7;;
S025;831;delta;1;+;37;71;;
S025;833;delta;2;-;38;77;;
S025;834;delta;1;+;39;9;;
S025;837;delta;3;-;40;93;;
S025;870;alpha;55;+;95;33;;
S025;873;epsilon;58;+;67;24;;
S025;875;alpha;5;-;96;81;;
S025;875;epsilon;2;-;68;115;;
S025;876;alpha;1;+;97;49;;
S025;882;epsilon;7;+;69;14;;
S025;883;epsilon;1;-;70;14;;
S025;885;epsilon;2;+;71;15;;
S025;886;epsilon;1;-;72;24;;
S025;887;alpha;11;-;98;85;;
S025;889;alpha;2;+;99;90;;
S025;889;epsilon;3;+;73;116;;
S025;890;alpha;1;-;100;12;;
S025;890;epsilon;1;-;74;18;epsilon;
S025;891;alpha;1;+;101;121;;
S025;891;epsilon;1;+;75;54;;
S025;896;alpha;5;-;102;72;;
S025;897;epsilon;6;-;76;38;;
S025;961;alpha;65;+;103;26;;
S025;964;alpha;3;-;104;9;;
S025;966;alpha;2;+;105;92;;
S025;968;alpha;2;-;106;33;;
S025;990;alpha;22;+;107;20;beta;
S025;993;epsilon;96;+;77;86;;
S025;1008;alpha;18;-;108;113;;epsilon
S025;1009;epsilon;16;-;78;107;beta;
S025;1010;epsilon;1;+;79;55;;
S025;1011;epsilon;1;-;80;43;delta;
S025;1012;epsilon;1;+;81;50;;
S025;1014;alpha;6;+;109;120;;
S025;1019;gamma;202;+;63;93;;
S025;1020;alpha;6;-;110;63;;
S025;1020;gamma;1;-;64;42;;
S025;1021;epsilon;9;-;82;1;;
S025;1024;epsilon;3;+;83;13;;
S025;1025;alpha;5;+;111;0;;
S025;1026;alpha;1;-;112;1;;
S025;1026;epsilon;2;-;84;5;;
S025;1027;epsilon;1;+;85;51;;
S025;1028;epsilon;1;-;86;3;;
S025;1029;epsilon;1;+;87;31;;
S025;1030;epsilon;1;-;88;57;;
S025;1031;alpha;5;+;113;15;;
S025;1031;epsilon;1;+;89;63;;
S025;1031;gamma;11;+;65;20;beta;
S025;1051;beta;224;+;51;85;;
S025;1069;alpha;38;-;114;14;;
S025;1070;alpha;1;+;115;14;;
S025;1083;alpha;13;-;116;16;;
S025;1084;alpha;1;+;117;34;;
S025;1086;alpha;2;-;118;88;;
S025;1087;epsilon;56;-;90;6;;
S025;1091;epsilon;4;+;91;64;;
S025;1093;alpha;7;+;119;125;;
S025;1094;alpha;1;-;120;108;gamma;
S025;1095;alpha;1;+;121;65;;
S025;1096;alpha;1;-;122;16;;
S025;1097;epsilon;6;-;92;11;;
S025;1100;epsilon;3;+;93;113;;
S025;1102;epsilon;2;-;94;116;;
S025;1109;gamma;78;-;66;46;;
S025;1109;beta;58;-;52;49;;
S025;1111;beta;2;+;53;111;;
S025;1112;gamma;3;+;67;82;;
S025;1115;alpha;19;+;123;95;;gamma
S025;1117;alpha;2;-;124;63;;
S025;1119;alpha;2;+;125;124;;
S025;1120;epsilon;18;+;95;61;;epsilon
S025;1136;alpha;17;-;126;98;;alpha
S025;1137;epsilon;17;-;96;21;delta;alpha
S025;1138;gamma;26;-;68;98;;
S025;1139;gamma;1;+;69;92;;
S025;1140;alpha;4;+;127;95;;
S025;1140;epsilon;3;+;97;86;;
S025;1170;alpha;30;-;128;5;;
S025;1176;epsilon;36;-;98;0;;epsilon
S025;1178;epsilon;2;+;99;2;;
S025;1181;epsilon;3;-;100;23;;
S025;1183;gamma;44;-;70;100;gamma;
S025;1187;beta;76;-;54;0;;
S025;1188;beta;1;+;55;1;;
S025;1189;beta;1;-;56;11;;
S025;1211;alpha;41;+;129;33;;
S025;1218;epsilon;37;+;101;51;;
S025;1219;beta;30;+;57;114;;
S025;1221;beta;2;-;58;126;;
S025;1222;beta;1;+;59;118;;
S025;1223;beta;1;-;60;38;;
S025;1225;beta;2;+;61;1;;
S025;1228;beta;3;-;62;13;;
S025;1232;gamma;49;+;71;16;;
S025;1232;beta;4;+;63;7;;
S025;1233;gamma;1;-;72;34;;
S025;1234;gamma;1;+;73;87;;
S025;1235;gamma;1;-;74;109;epsilon;
S025;1236;beta;4;-;64;74;;
S025;1238;alpha;27;-;130;25;;gamma
S025;1244;epsilon;26;-;102;46;;
S026;12;alpha;12;-;1;12;;
S026;13;epsilon;13;-;1;13;;
S026;13;gamma;13;-;1;13;;
S026;17;beta;17;-;1;17;alpha;alpha
S026;18;beta;1;+;2;44;;
S026;19;beta;1;-;3;60;;
S026;35;delta;35;-;1;35;;
S026;36;delta;1;+;2;97;;
S026;39;alpha;27;+;2;84;delta;gamma
S026;40;alpha;1;-;3;79;;
S026;43;alpha;3;+;4;31;;
S026;46;alpha;3;-;5;59;alpha;
S026;47;alpha;1;+;6;83;;
S026;54;alpha;7;-;7;75;;
S026;58;alpha;4;+;8;119;;
S026;59;alpha;1;-;9;48;;
S026;59;delta;23;-;3;71;;
S026;77;alpha;18;+;10;119;;epsilon
S026;79;epsilon;66;+;2;96;;
S026;79;delta;20;+;4;8;;beta
S026;93;delta;14;-;5;52;;
S026;94;delta;1;+;6;13;;
S026;98;gamma;85;+;2;115;;
S026;99;gamma;1;-;3;8;;
S026;101;gamma;2;+;4;82;;
S026;103;beta;84;+;4;115;;delta
S026;105;alpha;28;-;11;117;;
S026;105;gamma;4;-;5;62;;
S026;105;beta;2;-;5;9;;
S026;106;alpha;1;+;12;28;;
S026;106;gamma;1;+;6;113;;
S026;108;alpha;2;-;13;28;;
S026;108;gamma;2;-;7;116;;
S026;110;alpha;2;+;14;28;;
S026;110;gamma;2;+;8;19;gamma;
S026;112;beta;7;+;6;97;;
S026;116;beta;4;-;7;85;;
S026;117;alpha;7;-;15;33;;
S026;121;gamma;11;-;9;6;;
S026;122;epsilon;43;-;3;118;;delta
S026;122;delta;28;-;7;58;;
S026;185;alpha;68;+;16;66;;alpha
S026;190;alpha;5;-;17;30;;
S026;191;alpha;1;+;18;47;;
S026;192;alpha;1;-;19;90;;
S026;207;alpha;15;+;20;125;;
S026;208;alpha;1;-;21;108;gamma;
S026;209;alpha;1;+;22;65;;
S026;210;alpha;1;-;23;16;;
S026;211;alpha;1;+;24;34;;
S026;211;epsilon;89;+;4;78;;
S026;216;alpha;5;-;25;91;epsilon;
S026;216;epsilon;5;-;5;23;;
S026;218;alpha;2;+;26;23;;
S026;219;alpha;1;-;27;104;;
S026;235;alpha;16;+;28;2;;
S026;235;epsilon;19;+;6;33;;gamma
S026;239;epsilon;4;-;7;80;;
S026;241;alpha;6;-;29;26;;
S026;247;alpha;6;+;30;12;;
S026;249;epsilon;10;+;8;9;;
S026;260;alpha;13;-;31;70;;
S026;260;epsilon;11;-;9;22;;
S026;261;alpha;1;+;32;66;;
S026;261;epsilon;1;+;10;94;;
S026;262;gamma;141;+;10;45;;
S026;266;gamma;4;-;11;73;;
S026;267;alpha;6;-;33;31;;
S026;268;epsilon;7;-;11;58;;
S026;270;epsilon;2;+;12;74;;
S026;272;alpha;5;+;34;61;;
S026;272;gamma;6;+;12;101;;
S026;274;alpha;2;-;35;104;;
S026;274;gamma;2;-;13;123;;
S026;275;alpha;1;+;36;25;;
S026;275;gamma;1;+;14;88;;
S026;278;alpha;3;-;37;126;;
S026;278;gamma;3;-;15;121;;
S026;279;gamma;1;+;16;68;alpha;
S026;280;alpha;2;+;38;119;;
S026;282;alpha;2;-;39;49;;
S026;283;alpha;1;+;40;110;alpha;
S026;295;beta;179;+;8;89;;
S026;335;delta;213;+;8;47;;
S026;336;delta;1;-;9;90;;
S026;340;alpha;57;-;41;8;;
S026;341;alpha;1;+;42;81;;
S026;346;delta;10;+;10;120;;
S026;347;delta;1;-;11;58;;
S026;348;delta;1;+;12;73;;
S026;356;alpha;15;-;43;114;;
S026;356;delta;8;-;13;103;;
S026;357;alpha;1;+;44;125;;
S026;357;delta;1;+;14;15;;
S026;360;alpha;3;-;45;110;alpha;
S026;360;delta;3;-;15;26;;
S026;361;epsilon;91;-;13;125;;epsilon
S026;362;epsilon;1;+;14;108;gamma;
S026;363;epsilon;1;-;15;65;;
S026;364;epsilon;1;+;16;16;;
S026;365;alpha;5;+;46;89;;
S026;365;delta;5;+;16;11;;
S026;366;alpha;1;-;47;2;;
S026;366;delta;1;-;17;111;;
S026;368;epsilon;4;-;17;37;;
S026;369;epsilon;1;+;18;117;;
S026;370;delta;4;+;18;98;;
S026;371;alpha;5;+;48;25;;
S026;372;alpha;1;-;49;124;;
S026;373;alpha;1;+;50;98;;
S026;405;alpha;32;-;51;53;;
S026;413;alpha;8;+;52;30;;
S026;414;alpha;1;-;53;47;;
S026;417;alpha;3;+;54;92;;
S026;421;alpha;4;-;55;35;;
S026;423;alpha;2;+;56;98;;
S026;424;alpha;1;-;57;92;;
S026;427;epsilon;58;-;19;74;;
S026;429;epsilon;2;+;20;107;beta;
S026;430;alpha;6;+;58;37;;
S026;442;alpha;12;-;59;29;;
S026;442;epsilon;13;-;21;45;;
S026;444;gamma;165;-;17;93;;
S026;445;alpha;3;+;60;39;;
S026;445;epsilon;3;+;22;72;;
S026;445;gamma;1;+;18;42;;
S026;446;alpha;1;-;61;10;;
S026;446;epsilon;1;-;23;86;;
S026;447;alpha;1;+;62;101;;
S026;447;epsilon;1;+;24;99;;
S026;448;alpha;1;-;63;122;;
S026;449;epsilon;2;-;25;103;;
S026;450;gamma;5;-;19;44;;
S026;452;beta;157;-;9;3;;
S026;454;delta;84;-;19;105;;delta
S026;488;alpha;40;+;64;48;;
S026;489;alpha;1;-;65;100;gamma;
S026;508;alpha;19;+;66;113;;gamma
S026;510;epsilon;61;+;26;74;;
S026;514;epsilon;4;-;27;109;epsilon;
S026;515;epsilon;1;+;28;75;;
S026;516;epsilon;1;-;29;116;;
S026;517;alpha;9;-;67;123;;
S026;522;alpha;5;+;68;92;;
S026;524;epsilon;8;+;30;25;;
S026;545;gamma;95;+;20;50;;
S026;548;gamma;3;-;21;122;;
S026;549;gamma;1;+;22;78;;
S026;552;alpha;30;-;69;86;;
S026;552;gamma;3;-;23;21;delta;
S026;554;gamma;2;+;24;85;;
S026;555;gamma;1;-;25;89;;
S026;556;epsilon;32;-;31;119;;
S026;559;epsilon;3;+;32;50;;
S026;559;gamma;4;+;26;5;;
S026;565;alpha;13;+;70;104;;
S026;569;delta;115;+;20;86;;
S026;570;beta;118;+;10;70;;
S026;572;beta;2;-;11;67;;
S026;573;delta;4;-;21;102;;
S026;575;alpha;10;-;71;123;;
S026;575;epsilon;16;-;33;63;;
S026;576;alpha;1;+;72;88;;
S026;576;epsilon;1;+;34;123;;
S026;579;alpha;3;-;73;121;;
S026;579;epsilon;3;-;35;90;;
S026;586;alpha;7;+;74;74;;
S026;586;epsilon;7;+;36;18;epsilon;
S026;587;alpha;1;-;75;106;delta;
S026;587;epsilon;1;-;37;54;;
S026;589;gamma;30;-;27;22;;
S026;590;gamma;1;+;28;94;;
S026;592;gamma;2;-;29;53;;
S026;593;gamma;1;+;30;23;;
S026;595;alpha;8;+;76;52;;
S026;595;epsilon;8;+;38;40;;
S026;596;alpha;1;-;77;13;;
S026;596;epsilon;1;-;39;20;beta;
S026;599;gamma;6;-;31;109;epsilon;
S026;600;alpha;4;+;78;7;;
S026;600;gamma;1;+;32;75;;
S026;601;epsilon;5;+;40;78;;
S026;603;epsilon;2;-;41;20;beta;
S026;604;alpha;4;-;79;74;;
S026;605;gamma;5;-;33;120;;
S026;607;gamma;2;+;34;59;alpha;
S026;609;gamma;2;-;35;84;delta;
S026;617;alpha;13;+;80;47;;
S026;617;epsilon;14;+;42;109;epsilon;
S026;617;gamma;8;+;36;86;;
S026;617;beta;45;+;12;14;;
S026;618;epsilon;1;-;43;75;;
S026;619;epsilon;1;+;44;116;;
S026;620;alpha;3;-;81;92;;
S026;620;epsilon;1;-;45;18;epsilon;
S026;620;gamma;3;-;37;101;;
S026;620;beta;3;-;13;16;;
S026;646;alpha;26;+;82;82;;
S026;649;epsilon;29;+;46;51;;
S026;650;alpha;4;-;83;62;;
S026;650;epsilon;1;-;47;3;;
S026;666;alpha;16;+;84;120;;
S026;668;alpha;2;-;85;59;alpha;
S026;669;alpha;1;+;86;83;;
S026;670;epsilon;20;+;48;66;;beta
S026;672;gamma;52;+;38;119;;
S026;672;beta;52;+;14;1;;
S026;673;gamma;1;-;39;48;;
S026;673;beta;1;-;15;11;;
S026;679;epsilon;9;-;49;34;;
S026;680;epsilon;1;+;50;87;;
S026;681;gamma;8;+;40;107;beta;
S026;682;gamma;1;-;41;55;;
S026;683;gamma;1;+;42;43;delta;
S026;684;gamma;1;-;43;50;;
S026;685;gamma;1;+;44;120;;
S026;686;beta;13;+;16;97;;
S026;687;alpha;18;-;87;63;;epsilon
S026;687;epsilon;7;-;51;115;;
S026;687;gamma;2;-;45;59;alpha;
S026;687;beta;1;-;17;82;;
S026;688;alpha;1;+;88;123;;
S026;688;epsilon;1;+;52;8;;
S026;690;alpha;2;-;89;89;;
S026;690;epsilon;2;-;53;82;;
S026;708;alpha;18;+;90;28;;epsilon
S026;719;epsilon;29;+;54;101;;
S026;720;gamma;33;+;46;91;epsilon;
S026;720;beta;33;+;18;105;;
S026;722;delta;149;+;22;41;;
S026;750;alpha;42;-;91;48;;
S026;751;alpha;1;+;92;100;gamma;
S026;752;alpha;1;-;93;112;;
S026;759;alpha;7;+;94;111;;
S026;765;alpha;6;-;95;100;gamma;
S026;767;epsilon;48;-;55;115;;
S026;769;epsilon;2;+;56;9;;
S026;770;alpha;5;+;96;116;;
S026;780;alpha;10;-;97;53;;
S026;781;alpha;1;+;98;23;;
S026;782;alpha;1;-;99;104;;
S026;784;epsilon;15;-;57;26;;
S026;786;alpha;4;+;100;28;;
S026;786;epsilon;2;+;58;8;;
S026;796;alpha;10;-;101;16;;
S026;796;epsilon;10;-;59;48;;
S026;797;alpha;1;+;102;34;;
S026;797;epsilon;1;+;60;100;gamma;
S026;799;alpha;2;-;103;88;;
S026;800;epsilon;3;-;61;114;;
S026;801;epsilon;1;+;62;125;;
S026;803;epsilon;2;-;63;109;epsilon;
S026;806;alpha;7;+;104;125;;
S026;806;epsilon;3;+;64;77;;
S026;810;alpha;4;-;105;111;;
S026;810;epsilon;4;-;65;12;;
S026;814;gamma;94;-;47;50;;
S026;815;gamma;1;+;48;120;;
S026;816;alpha;6;+;106;100;gamma;
S026;816;epsilon;6;+;66;126;;
S026;817;alpha;1;-;107;112;;
S026;817;epsilon;1;-;67;118;;
S026;819;gamma;4;-;49;61;;
S026;825;alpha;8;+;108;112;;
S026;825;epsilon;8;+;68;45;;
S026;825;gamma;6;+;50;108;gamma;
S026;826;epsilon;1;-;69;70;;
S026;827;epsilon;1;+;70;66;;
S026;864;alpha;39;-;109;63;;
S026;869;epsilon;42;-;71;38;;
S026;874;gamma;49;-;51;54;;
S026;876;gamma;2;+;52;34;;
S026;877;gamma;1;-;53;87;;
S026;883;gamma;6;+;54;114;;
S026;885;gamma;2;-;55;126;;
S026;885;beta;165;-;19;9;;
S026;894;alpha;30;+;110;107;beta;
S026;894;gamma;9;+;56;126;;
S026;894;beta;9;+;20;99;;
S026;898;epsilon;29;+;72;19;gamma;
S026;900;epsilon;2;-;73;65;;
S026;901;alpha;7;-;111;61;;
S026;901;gamma;7;-;57;124;;
S026;901;beta;7;-;21;108;gamma;
S026;904;alpha;3;+;112;105;;
S026;905;gamma;4;+;58;101;;
S026;905;beta;4;+;22;68;alpha;
S026;906;gamma;1;-;59;122;;
S026;907;beta;2;-;23;47;;
S026;908;alpha;4;-;113;38;;
S026;909;delta;187;-;23;39;;
S026;910;delta;1;+;24;10;;
S026;929;delta;19;-;25;3;;gamma
S026;930;delta;1;+;26;31;;
S026;933;alpha;25;+;114;15;;
S026;937;epsilon;37;+;74;60;;
S026;944;epsilon;7;-;75;99;;
S026;946;alpha;13;-;115;116;;
S026;948;alpha;2;+;116;19;gamma;
S026;949;alpha;1;-;117;64;;
S026;957;alpha;8;+;118;13;;
S026;957;epsilon;13;+;76;7;;
S026;962;alpha;5;-;119;8;;
S026;962;epsilon;5;-;77;75;;
S026;965;delta;35;-;27;87;;
S026;972;delta;7;+;28;115;;
S026;973;alpha;11;+;120;49;;
S026;973;epsilon;11;+;78;18;epsilon;
S026;977;epsilon;4;-;79;57;;
S026;978;epsilon;1;+;80;63;;
S026;979;gamma;73;+;60;81;;
S026;994;beta;87;+;24;88;;
S026;996;beta;2;-;25;120;;
S026;1000;alpha;27;-;121;101;;gamma
S026;1001;alpha;1;+;122;122;;
S026;1001;beta;5;+;26;62;;
S026;1019;alpha;18;-;123;26;;epsilon
S026;1020;epsilon;42;-;81;119;;
S026;1020;beta;19;-;27;123;;gamma
S026;1021;epsilon;1;+;82;48;;
S026;1021;beta;1;+;28;88;;
S026;1022;epsilon;1;-;83;100;gamma;
S026;1022;beta;1;-;29;119;;
S026;1024;beta;2;+;30;49;;
S026;1027;epsilon;5;+;84;116;;
S026;1028;epsilon;1;-;85;18;epsilon;
S026;1029;beta;5;-;31;114;;
S026;1030;beta;1;+;32;125;;
S026;1034;epsilon;6;+;86;59;alpha;
S026;1035;alpha;16;+;124;76;;
S026;1036;alpha;1;-;125;126;;
S026;1036;epsilon;2;-;87;84;delta;
S026;1039;alpha;3;+;126;120;;
S026;1040;alpha;1;-;127;58;;
S026;1041;beta;11;-;33;65;;
S026;1043;beta;2;+;34;17;alpha;
S026;1045;gamma;66;-;61;38;;
S026;1045;beta;2;-;35;45;;
S026;1048;alpha;8;+;128;80;;
S026;1048;gamma;3;+;62;2;;
S026;1048;beta;3;+;36;72;;
S026;1049;alpha;1;-;129;39;;
S026;1049;gamma;1;-;63;21;delta;
S026;1049;beta;1;-;37;86;;
S026;1050;alpha;1;+;130;10;;
S026;1050;gamma;1;+;64;84;delta;
S026;1050;beta;1;+;38;99;;
S026;1051;alpha;1;-;131;101;;
S026;1053;gamma;3;-;65;81;;
S026;1053;beta;3;-;39;104;;
S026;1057;gamma;4;+;66;52;;
S026;1057;beta;4;+;40;28;;
S026;1058;gamma;1;-;67;13;;
S026;1059;alpha;8;+;132;2;;
S026;1059;epsilon;23;+;88;41;;
S026;1059;gamma;1;+;68;4;;
S026;1080;alpha;21;-;133;94;;delta
S026;1082;alpha;2;+;134;53;;
S026;1084;alpha;2;-;135;24;;
S026;1089;epsilon;30;-;89;66;;
S026;1090;gamma;31;-;69;50;;
S026;1091;gamma;1;+;70;120;;
S026;1092;epsilon;3;+;90;28;;
S026;1095;epsilon;3;-;91;29;;
S026;1095;gamma;4;-;71;61;;
S026;1097;beta;40;-;41;46;;
S026;1098;gamma;3;+;72;105;;
S026;1098;beta;1;+;42;80;;
S026;1099;epsilon;4;+;92;40;;
S026;1101;alpha;17;+;136;4;;alpha
S026;1122;alpha;21;-;137;40;;delta
S026;1124;alpha;2;+;138;21;delta;
S026;1125;alpha;1;-;139;84;delta;
S026;1125;epsilon;26;-;93;89;;
S026;1131;epsilon;6;+;94;7;;
S026;1134;epsilon;3;-;95;73;;
S026;1135;alpha;10;+;140;28;;
S026;1135;epsilon;1;+;96;96;;
S026;1137;alpha;2;-;141;28;;
S026;1138;alpha;1;+;142;27;gamma;
S026;1139;alpha;1;-;143;17;alpha;
S026;1140;epsilon;5;-;97;76;;
S026;1142;alpha;3;+;144;46;;
S026;1142;epsilon;2;+;98;0;;
S026;1150;alpha;8;-;145;87;;
S026;1150;epsilon;8;-;99;8;;
S026;1151;alpha;1;+;146;109;epsilon;
S026;1151;epsilon;1;+;100;81;;
S026;1156;alpha;5;-;147;79;;
S026;1156;epsilon;5;-;101;53;;
S026;1157;alpha;1;+;148;29;;
S026;1157;epsilon;1;+;102;23;;
S026;1158;alpha;1;-;149;37;;
S026;1158;epsilon;1;-;103;104;;
S026;1159;gamma;61;-;73;20;beta;
S026;1160;beta;62;-;43;61;;
S026;1162;delta;190;-;29;1;;
S026;1163;delta;1;+;30;11;;
S026;1164;beta;4;+;44;106;delta;
S026;1169;beta;5;-;45;49;;
S026;1169;delta;6;-;31;116;;
S026;1182;alpha;24;+;150;41;;
S026;1183;epsilon;25;+;104;11;;
S026;1183;beta;14;+;46;88;;
S026;1183;delta;14;+;32;57;;
S026;1184;gamma;25;+;74;120;;
S026;1186;epsilon;3;-;105;113;;
S026;1186;gamma;2;-;75;59;alpha;
S026;1186;beta;3;-;47;121;;
S026;1188;epsilon;2;+;106;116;;
S026;1188;beta;2;+;48;69;;
S026;1189;epsilon;1;-;107;18;epsilon;
S026;1189;beta;1;-;49;56;;
S026;1190;delta;7;-;33;69;;
S026;1191;delta;1;+;34;56;;
S026;1194;delta;3;-;35;55;;
S026;1195;epsilon;6;+;108;59;alpha;
S026;1195;gamma;9;+;76;91;epsilon;
S026;1195;beta;6;+;50;58;;
S026;1195;delta;1;+;36;43;delta;
S026;1200;gamma;5;-;77;26;;
S026;1200;beta;5;-;51;77;;
S026;1202;beta;2;+;52;10;;
S026;1203;beta;1;-;53;101;;
S026;1205;beta;2;+;54;123;;
S026;1206;gamma;6;+;78;12;;
S026;1216;alpha;34;-;151;70;;
S026;1216;gamma;10;-;79;67;;
S026;1216;beta;11;-;55;119;;
S026;1218;alpha;2;+;152;67;;
S026;1218;gamma;2;+;80;37;;
S026;1218;beta;2;+;56;49;;
S026;1220;alpha;2;-;153;37;;
S026;1220;gamma;2;-;81;118;;
S026;1220;beta;2;-;57;111;;
S026;1227;epsilon;32;-;109;90;;
S026;1231;alpha;11;+;154;28;;
S026;1231;epsilon;4;+;110;15;;
S026;1231;gamma;11;+;82;0;;
S026;1231;beta;11;+;58;62;;
S026;1232;alpha;1;-;155;27;gamma;
S026;1232;epsilon;1;-;111;24;;
S026;1232;gamma;1;-;83;1;;
S026;1232;beta;1;-;59;113;;
S026;1245;alpha;13;+;156;46;;
S026;1246;epsilon;14;+;112;1;;
S026;1246;gamma;14;+;84;114;;
S026;1247;epsilon;1;-;113;11;;
S026;1250;epsilon;3;+;114;113;;
S026;1250;beta;18;+;60;15;;epsilon
S026;1253;alpha;8;-;157;87;;
S026;1253;epsilon;3;-;115;117;;
S026;1253;gamma;7;-;85;4;;
S026;1253;beta;3;-;61;26;;
S026;1254;alpha;1;+;158;109;epsilon;
S026;1254;gamma;1;+;86;41;;
S026;1255;epsilon;2;+;116;29;;
S026;1255;beta;2;+;62;8;;
S026;1257;alpha;3;-;159;77;;
S026;1257;epsilon;2;-;117;38;;
S026;1257;gamma;3;-;87;32;;
S026;1257;beta;2;-;63;82;;
S026;1320;delta;63;-;37;45;;
S026;1324;alpha;5;+;160;13;;
S026;1324;epsilon;5;+;118;4;;
S026;1324;gamma;5;+;88;71;;
S026;1324;delta;4;+;38;73;;
S026;1325;beta;6;+;64;64;;
S026;1344;alpha;20;-;161;50;;beta
S026;1344;epsilon;20;-;119;39;;beta
S026;1344;beta;19;-;65;69;;gamma
S026;1345;gamma;21;-;89;9;;delta
S026;1349;delta;25;-;39;86;;
S026;1350;delta;1;+;40;99;;
S026;1354;beta;10;+;66;52;;
S026;1355;alpha;11;+;162;58;;
S026;1355;epsilon;11;+;120;101;;
S026;1355;gamma;10;+;90;21;delta;
S026;1357;alpha;2;-;163;74;;
S026;1358;alpha;1;+;164;106;delta;
S026;1359;alpha;1;-;165;45;;
S026;1359;epsilon;4;-;121;125;;
S026;1360;alpha;1;+;166;70;;
S026;1360;epsilon;1;+;122;108;gamma;
S026;1382;alpha;22;-;167;37;;
S026;1385;epsilon;25;-;123;30;;
S026;1386;gamma;31;-;91;99;;
S026;1386;beta;32;-;67;25;;
S026;1390;alpha;8;+;168;124;;
S026;1390;epsilon;5;+;124;51;;
S026;1390;gamma;4;+;92;105;;
S026;1390;beta;4;+;68;0;;
S026;1392;alpha;2;-;169;99;;
S026;1393;alpha;1;+;170;102;;
S026;1394;alpha;1;-;171;5;;
S026;1395;epsilon;5;-;125;7;;
S026;1396;epsilon;1;+;126;71;;
S026;1397;epsilon;1;-;127;76;;
S026;1398;gamma;8;-;93;42;;
S026;1399;gamma;1;+;94;40;;
S026;1405;alpha;11;+;172;3;;
S026;1405;epsilon;8;+;128;6;;
S026;1406;epsilon;1;-;129;61;;
S026;1407;epsilon;1;+;130;103;;
S026;1410;epsilon;3;-;131;17;alpha;
S026;1411;epsilon;1;+;132;44;;
S026;1412;alpha;7;-;173;37;;
S026;1412;epsilon;1;-;133;60;;
S026;1413;gamma;14;-;95;77;;
S026;1413;beta;23;-;69;23;;
S026;1414;beta;1;+;70;104;;
S026;1415;beta;1;-;71;25;;
S026;1418;beta;3;+;72;126;;
S026;1419;alpha;7;+;174;123;;
S026;1419;gamma;6;+;96;14;;
S026;1421;alpha;2;-;175;89;;
S026;1421;gamma;2;-;97;15;;
S026;1421;beta;3;-;73;120;;
S026;1425;beta;4;+;74;61;;
S026;1427;beta;2;-;75;104;;
S026;1431;beta;4;+;76;28;;
S026;1432;beta;1;-;77;27;gamma;
S026;1437;delta;87;-;41;81;;
S027;1;gamma;1;-;1;1;;
S027;2;gamma;1;+;2;11;;
S027;5;alpha;5;-;1;5;;
S027;5;epsilon;5;-;1;5;;
S027;5;gamma;3;-;3;113;;
S027;5;beta;5;-;1;5;;
S027;6;alpha;1;+;2;51;;
S027;7;epsilon;2;+;2;52;;
S027;7;beta;2;+;2;52;;
S027;9;alpha;3;-;3;5;;
S027;9;epsilon;2;-;3;14;;
S027;9;beta;2;-;3;14;;
S027;11;delta;11;-;1;11;;
S027;60;alpha;51;+;4;43;delta;
S027;61;alpha;1;-;5;50;;
S027;63;alpha;2;+;6;121;;
S027;64;alpha;1;-;7;68;alpha;
S027;83;alpha;19;+;8;88;;gamma
S027;84;alpha;1;-;9;119;;
S027;89;alpha;5;+;10;52;;
S027;91;alpha;2;-;11;14;;
S027;93;alpha;2;+;12;15;;
S027;94;alpha;1;-;13;24;;
S027;95;alpha;1;+;14;114;;
S027;97;epsilon;88;+;4;91;epsilon;
S027;114;alpha;19;-;15;116;;gamma
S027;114;epsilon;17;-;5;100;gamma;alpha
S027;115;alpha;1;+;16;18;epsilon;
S027;115;epsilon;1;+;6;112;;
S027;118;gamma;113;+;4;83;;
S027;123;gamma;5;-;5;73;;
S027;124;gamma;1;+;6;96;;
S027;126;alpha;11;-;17;33;;
S027;126;gamma;2;-;7;73;;
S027;130;alpha;4;+;18;80;;
S027;130;gamma;4;+;8;99;;
S027;131;alpha;1;-;19;39;;
S027;131;gamma;1;-;9;102;;
S027;132;alpha;1;+;20;10;;
S027;132;gamma;1;+;10;5;;
S027;135;alpha;3;-;21;103;;
S027;136;alpha;1;+;22;15;;
S027;137;alpha;1;-;23;24;;
S027;138;alpha;1;+;24;114;;
S027;141;alpha;3;-;25;0;;
S027;142;epsilon;27;-;7;51;;gamma
S027;142;gamma;10;-;11;2;;
S027;171;alpha;30;+;26;30;;
S027;175;alpha;4;-;27;50;;
S027;195;alpha;20;+;28;67;;beta
S027;196;alpha;1;-;29;36;epsilon;
S027;197;alpha;1;+;30;107;beta;
S027;203;alpha;6;-;31;60;;
S027;223;alpha;20;+;32;51;;beta
S027;228;alpha;5;-;33;7;;
S027;250;alpha;22;+;34;87;;
S027;258;epsilon;116;+;8;62;;
S027;260;epsilon;2;-;9;114;;
S027;261;epsilon;1;+;10;125;;
S027;275;alpha;25;-;35;89;;
S027;275;epsilon;14;-;11;68;alpha;
S027;276;alpha;1;+;36;2;;
S027;276;epsilon;1;+;12;46;;
S027;277;alpha;1;-;37;21;delta;
S027;277;epsilon;1;-;13;80;;
S027;279;epsilon;2;+;14;40;;
S027;282;epsilon;3;-;15;22;;
S027;285;epsilon;3;+;16;96;;
S027;286;epsilon;1;-;17;72;;
S027;290;epsilon;4;+;18;89;;
S027;292;epsilon;2;-;19;3;;
S027;306;alpha;29;+;38;97;;
S027;307;alpha;1;-;39;82;;
S027;320;alpha;13;+;40;85;;
S027;321;alpha;1;-;41;89;;
S027;322;alpha;1;+;42;2;;
S027;324;alpha;2;-;43;22;;
S027;357;alpha;33;+;44;74;;
S027;360;alpha;3;-;45;108;gamma;
S027;420;alpha;60;+;46;65;;
S027;421;alpha;1;-;47;16;;
S027;422;alpha;1;+;48;34;;
S027;429;epsilon;137;+;20;89;;
S027;443;gamma;301;+;12;15;;
S027;453;alpha;31;-;49;2;;
S027;454;gamma;11;-;13;114;;
S027;463;gamma;9;+;14;6;;
S027;464;alpha;11;+;50;84;delta;
S027;465;alpha;1;-;51;79;;
S027;466;alpha;1;+;52;29;;
S027;468;alpha;2;-;53;38;;
S027;472;alpha;4;+;54;3;;
S027;481;beta;472;+;4;121;;
S027;532;alpha;60;-;55;106;delta;
S027;533;alpha;1;+;56;45;;
S027;536;alpha;3;-;57;72;;
S027;537;alpha;1;+;58;86;;
S027;538;alpha;1;-;59;99;;
S027;541;epsilon;112;-;21;85;;
S027;560;gamma;97;-;15;62;;
S027;566;gamma;6;+;16;118;;
S027;567;alpha;29;+;60;23;;
S027;568;epsilon;27;+;22;18;epsilon;gamma
S027;573;epsilon;5;-;23;58;;
S027;574;epsilon;1;+;24;73;;
S027;586;alpha;19;-;61;33;;gamma
S027;586;epsilon;12;-;25;73;;
S027;586;gamma;20;-;17;9;;beta
S027;591;beta;110;-;5;79;;alpha
S027;599;beta;8;+;6;36;epsilon;
S027;601;beta;2;-;7;108;gamma;
S027;603;beta;2;+;8;66;;
S027;604;alpha;18;+;62;16;;epsilon
S027;604;epsilon;18;+;26;79;;epsilon
S027;604;gamma;18;+;18;29;;epsilon
S027;610;gamma;6;-;19;42;;
S027;611;alpha;7;-;63;40;;
S027;611;epsilon;7;-;27;35;;
S027;611;beta;8;-;9;33;;
S027;615;alpha;4;+;64;23;;
S027;615;beta;4;+;10;80;;
S027;616;alpha;1;-;65;104;;
S027;616;beta;1;-;11;39;;
S027;640;alpha;24;+;66;10;;
S027;641;alpha;1;-;67;101;;
S027;642;alpha;1;+;68;122;;
S027;644;epsilon;33;+;28;104;;
S027;645;epsilon;1;-;29;25;;
S027;646;epsilon;1;+;30;124;;
S027;647;gamma;37;+;20;46;;
S027;647;beta;31;+;12;121;;
S027;653;beta;6;-;13;73;;
S027;654;beta;1;+;14;96;;
S027;657;delta;646;+;2;89;;
S027;684;alpha;42;-;69;50;;
S027;685;alpha;1;+;70;120;;
S027;687;alpha;2;-;71;59;alpha;
S027;698;epsilon;52;-;31;6;;
S027;699;epsilon;1;+;32;61;;
S027;700;alpha;13;+;72;71;;
S027;710;alpha;10;-;73;125;;
S027;711;alpha;1;+;74;108;gamma;
S027;720;alpha;9;-;75;73;;
S027;720;epsilon;21;-;33;25;;delta
S027;721;alpha;1;+;76;96;;
S027;721;epsilon;1;+;34;124;;
S027;722;alpha;1;-;77;72;;
S027;723;epsilon;2;-;35;99;;
S027;730;alpha;8;+;78;93;;
S027;730;epsilon;7;+;36;108;gamma;
S027;731;alpha;1;-;79;42;;
S027;732;epsilon;2;-;37;66;;
S027;735;alpha;4;+;80;43;delta;
S027;735;epsilon;3;+;38;28;;
S027;736;alpha;1;-;81;50;;
S027;737;epsilon;2;-;39;28;;
S027;741;gamma;94;-;21;122;;
S027;742;gamma;1;+;22;78;;
S027;743;gamma;1;-;23;19;gamma;
S027;743;beta;89;-;15;37;;
S027;745;beta;2;+;16;118;;
S027;746;beta;1;-;17;38;;
S027;747;beta;1;+;18;0;;
S027;750;beta;3;-;19;3;;
S027;753;beta;3;+;20;33;;
S027;754;alpha;18;+;82;65;;epsilon
S027;755;epsilon;18;+;40;24;;epsilon
S027;755;gamma;12;+;24;7;;
S027;768;alpha;14;-;83;37;;
S027;768;epsilon;13;-;41;0;;
S027;768;gamma;13;-;25;78;;
S027;771;alpha;3;+;84;119;;
S027;771;epsilon;3;+;42;3;;
S027;771;gamma;3;+;26;21;delta;
S027;780;alpha;9;-;85;56;;
S027;780;epsilon;9;-;43;39;;
S027;780;gamma;9;-;27;92;;
S027;784;epsilon;4;+;44;13;;
S027;784;gamma;4;+;28;35;;
S027;785;epsilon;1;-;45;4;;
S027;785;gamma;1;-;29;97;;
S027;789;epsilon;4;+;46;44;;
S027;789;gamma;4;+;30;85;;
S027;794;epsilon;5;-;47;64;;
S027;794;gamma;5;-;31;93;;
S027;794;beta;41;-;21;39;;
S027;796;alpha;16;+;86;28;;
S027;796;epsilon;2;+;48;7;;
S027;796;gamma;2;+;32;43;delta;
S027;796;beta;2;+;22;11;;
S027;814;alpha;18;-;87;24;;epsilon
S027;815;epsilon;19;-;49;84;delta;gamma
S027;816;alpha;2;+;88;115;;
S027;816;epsilon;1;+;50;79;;
S027;833;alpha;17;-;89;87;;alpha
S027;840;epsilon;24;-;51;50;;
S027;843;gamma;47;-;33;29;;
S027;844;beta;48;-;23;5;;
S027;847;beta;3;+;24;53;;
S027;848;gamma;5;+;34;41;;
S027;850;gamma;2;-;35;31;;
S027;850;beta;3;-;25;25;;
S027;852;delta;195;-;3;41;;
S027;856;delta;4;+;4;33;;
S027;857;delta;1;-;5;77;;
S027;876;alpha;43;+;90;107;beta;delta
S027;883;alpha;7;-;91;61;;
S027;893;alpha;10;+;92;14;;
S027;894;alpha;1;-;93;14;;
S027;905;alpha;11;+;94;14;;
S027;906;epsilon;66;+;52;113;;
S027;907;epsilon;1;-;53;115;;
S027;909;alpha;4;-;95;17;alpha;
S027;941;alpha;32;+;96;81;;
S027;942;alpha;1;-;97;49;;
S027;943;alpha;1;+;98;110;alpha;
S027;948;epsilon;41;+;54;111;;
S027;950;epsilon;2;-;55;96;;
S027;957;epsilon;7;+;56;78;;
S027;963;alpha;20;-;99;98;;beta
S027;963;epsilon;6;-;57;24;;
S027;965;epsilon;2;+;58;115;;
S027;966;epsilon;1;-;59;8;;
S027;970;epsilon;4;+;60;84;delta;
S027;971;epsilon;1;-;61;79;;
S027;979;epsilon;8;+;62;36;epsilon;
S027;980;alpha;17;+;100;38;;alpha
S027;981;alpha;1;-;101;0;;
S027;981;epsilon;2;-;63;108;gamma;
S027;983;alpha;2;+;102;2;;
S027;983;epsilon;2;+;64;66;;
S027;984;alpha;1;-;103;21;delta;
S027;984;epsilon;1;-;65;26;;
S027;985;alpha;1;+;104;84;delta;
S027;985;epsilon;1;+;66;7;;
S027;996;gamma;146;+;36;31;;
S027;1004;beta;154;+;26;8;;
S027;1005;beta;1;-;27;81;;
S027;1006;beta;1;+;28;49;;
S027;1010;beta;4;-;29;113;;
S027;1015;beta;5;+;30;119;;
S027;1033;alpha;48;-;105;66;;
S027;1034;alpha;1;+;106;26;;
S027;1041;alpha;7;-;107;13;;
S027;1042;alpha;1;+;108;4;;
S027;1043;alpha;1;-;109;41;;
S027;1049;epsilon;64;-;67;2;;
S027;1051;epsilon;2;+;68;22;;
S027;1052;alpha;9;+;110;38;;
S027;1079;alpha;27;-;111;17;alpha;gamma
S027;1084;alpha;5;+;112;48;;
S027;1085;alpha;1;-;113;100;gamma;
S027;1087;epsilon;36;-;69;77;;epsilon
S027;1089;gamma;93;-;37;18;epsilon;
S027;1097;beta;82;-;31;44;;
S027;1126;alpha;41;+;114;8;;
S027;1135;alpha;9;-;115;89;;
S027;1138;alpha;3;+;116;4;;
S027;1139;alpha;1;-;117;41;;
S027;1149;alpha;10;+;118;46;;
S027;1149;epsilon;62;+;70;15;;
S027;1156;alpha;7;-;119;86;;
S027;1157;alpha;1;+;120;99;;
S027;1158;alpha;1;-;121;102;;
S027;1158;epsilon;9;-;71;32;;
S027;1175;alpha;17;+;122;57;;alpha
S027;1175;epsilon;17;+;72;42;;alpha
S027;1179;epsilon;4;-;73;43;delta;
S027;1181;alpha;6;-;123;68;alpha;
S027;1182;alpha;1;+;124;46;;
S027;1185;epsilon;6;+;74;55;;
S027;1186;epsilon;1;-;75;43;delta;
S027;1187;alpha;5;-;125;84;delta;
S027;1205;alpha;18;+;126;36;epsilon;epsilon
S027;1206;alpha;1;-;127;107;beta;
S027;1212;alpha;6;+;128;60;;
S027;1212;epsilon;26;+;76;8;;
S027;1213;epsilon;1;-;77;81;;
S027;1215;epsilon;2;+;78;50;;
S027;1218;epsilon;3;-;79;122;;
S027;1219;epsilon;1;+;80;78;;
S027;1220;gamma;131;+;38;97;;
S027;1230;alpha;18;-;129;49;;epsilon
S027;1230;epsilon;11;-;81;64;;
S027;1230;gamma;10;-;39;58;;
S027;1233;epsilon;3;+;82;8;;
S027;1234;alpha;4;+;130;113;;
S027;1234;gamma;4;+;40;76;;
S027;1236;gamma;2;-;41;0;;
S027;1237;gamma;1;+;42;1;;
S027;1241;beta;144;+;32;75;;
S027;1331;alpha;35;-;131;32;;
S027;1332;alpha;1;+;132;67;;
S027;1334;alpha;2;-;133;37;;
S027;1338;epsilon;43;-;83;81;;delta
S027;1339;epsilon;1;+;84;49;;
S027;1340;epsilon;1;-;85;110;alpha;
S027;1348;gamma;49;-;43;22;;
S027;1349;beta;46;-;33;53;;
S027;1366;alpha;32;+;134;49;;
S027;1368;beta;19;+;34;112;;gamma
S027;1369;gamma;21;+;44;62;;delta
S027;1370;epsilon;30;+;86;108;gamma;
S027;1391;alpha;25;-;135;99;;
S027;1392;gamma;23;-;45;0;;
S027;1398;epsilon;28;-;87;33;;
S027;1398;beta;30;-;35;54;;
S027;1400;epsilon;2;+;88;78;;
S027;1400;beta;2;+;36;34;;
S027;1403;epsilon;3;-;89;21;delta;
S027;1403;beta;3;-;37;89;;
S027;1405;epsilon;2;+;90;85;;
S027;1405;beta;2;+;38;3;;
S027;1408;epsilon;3;-;91;91;epsilon;
S027;1409;alpha;18;+;136;12;;epsilon
S027;1409;epsilon;1;+;92;22;;
S027;1414;gamma;22;+;46;22;;
S027;1416;gamma;2;-;47;95;;
S027;1418;alpha;9;-;137;2;;
S027;1418;epsilon;9;-;93;102;;
S027;1419;beta;14;-;39;60;;
S027;1421;alpha;3;+;138;23;;
S027;1421;epsilon;3;+;94;7;;
S027;1421;beta;2;+;40;94;;
S027;1422;gamma;6;+;48;67;;
S027;1425;alpha;4;-;139;107;beta;
S027;1425;epsilon;4;-;95;74;;
S027;1425;gamma;3;-;49;38;;
S027;1425;beta;4;-;41;55;;
S027;1426;alpha;1;+;140;55;;
S027;1426;epsilon;1;+;96;106;delta;
S027;1426;gamma;1;+;50;0;;
S027;1426;beta;1;+;42;43;delta;
S027;1427;alpha;1;-;141;43;delta;
S027;1427;epsilon;1;-;97;45;;
S027;1427;gamma;1;-;51;1;;
S027;1428;alpha;1;+;142;50;;
S027;1428;epsilon;1;+;98;70;;
S027;1428;gamma;1;+;52;11;;
S028;2;delta;2;-;1;2;;
S028;4;alpha;4;-;1;4;;
S028;4;epsilon;4;-;1;4;;
S028;4;gamma;4;-;1;4;;
S028;4;beta;4;-;1;4;;
S028;32;alpha;28;+;2;47;;
S028;38;alpha;6;-;3;95;;
S028;39;alpha;1;+;4;62;;
S028;48;alpha;9;-;5;121;;
S028;52;alpha;4;+;6;71;;
S028;53;alpha;1;-;7;76;;
S028;54;alpha;1;+;8;126;;
S028;55;alpha;1;-;9;118;;
S028;56;alpha;1;+;10;38;;
S028;57;alpha;1;-;11;0;;
S028;90;alpha;33;+;12;33;;
S028;93;alpha;3;-;13;79;;
S028;115;alpha;22;+;14;48;;
S028;116;alpha;1;-;15;100;gamma;
S028;123;alpha;7;+;16;118;;
S028;124;alpha;1;-;17;38;;
S028;125;alpha;1;+;18;0;;
S028;129;alpha;4;-;19;4;;
S028;139;alpha;10;+;20;29;;
S028;140;alpha;1;-;21;37;;
S028;159;alpha;19;+;22;36;epsilon;gamma
S028;160;alpha;1;-;23;107;beta;
S028;176;alpha;16;+;24;48;;
S028;178;alpha;2;-;25;101;;
S028;208;alpha;30;+;26;97;;
S028;209;alpha;1;-;27;82;;
S028;210;alpha;1;+;28;59;alpha;
S028;215;epsilon;211;+;2;20;beta;
S028;218;epsilon;3;-;3;76;;
S028;219;epsilon;1;+;4;126;;
S028;236;gamma;232;+;2;41;;
S028;237;gamma;1;-;3;30;;
S028;239;gamma;2;+;4;48;;
S028;250;beta;246;+;2;55;;
S028;255;beta;5;-;3;47;;
S028;257;beta;2;+;4;91;epsilon;
S028;258;beta;1;-;5;22;;
S028;259;beta;1;+;6;94;;
S028;262;alpha;52;-;29;110;alpha;
S028;262;beta;3;-;7;54;;
S028;265;alpha;3;+;30;87;;
S028;265;beta;3;+;8;35;;
S028;269;alpha;4;-;31;112;;
S028;270;alpha;1;+;32;105;;
S028;271;alpha;1;-;33;35;;
S028;272;alpha;1;+;34;97;;
S028;297;alpha;25;-;35;73;;
S028;301;epsilon;82;-;5;109;epsilon;
S028;309;epsilon;8;+;6;82;;
S028;310;epsilon;1;-;7;59;alpha;
S028;316;alpha;19;+;36;80;;gamma
S028;316;epsilon;6;+;8;88;;
S028;330;alpha;14;-;37;13;;
S028;330;epsilon;14;-;9;51;;
S028;331;gamma;92;-;5;66;;
S028;332;gamma;1;+;6;26;;
S028;335;gamma;3;-;7;9;;
S028;337;beta;72;-;9;16;;
S028;354;alpha;24;+;38;54;;
S028;354;beta;17;+;10;93;;alpha
S028;358;beta;4;-;11;45;;
S028;360;alpha;6;-;39;38;;
S028;366;alpha;6;+;40;5;;
S028;367;alpha;1;-;41;51;;
S028;368;alpha;1;+;42;3;;
S028;374;epsilon;44;+;10;64;;
S028;377;epsilon;3;-;11;8;;
S028;378;alpha;10;-;43;56;;
S028;379;alpha;1;+;44;53;;
S028;379;epsilon;2;+;12;82;;
S028;383;gamma;48;+;8;59;alpha;
S028;383;beta;25;+;12;80;;
S028;386;delta;384;+;2;98;;
S028;394;delta;8;-;3;99;;
S028;397;delta;3;+;4;104;;
S028;403;delta;6;-;5;30;;
S028;404;delta;1;+;6;47;;
S028;405;delta;1;-;7;90;;
S028;406;delta;1;+;8;12;;
S028;432;alpha;53;-;45;19;gamma;
S028;433;alpha;1;+;46;64;;
S028;434;alpha;1;-;47;6;;
S028;437;epsilon;58;-;13;3;;
S028;455;alpha;21;+;48;113;;delta
S028;456;epsilon;19;+;14;65;;gamma
S028;457;epsilon;1;-;15;16;;
S028;458;epsilon;1;+;16;34;;
S028;480;alpha;25;-;49;22;;
S028;481;alpha;1;+;50;94;;
S028;483;alpha;2;-;51;53;;
S028;488;epsilon;30;-;17;1;;
S028;489;epsilon;1;+;18;11;;
S028;493;epsilon;4;-;19;114;;
S028;494;epsilon;1;+;20;125;;
S028;495;epsilon;1;-;21;108;gamma;
S028;496;epsilon;1;+;22;65;;
S028;498;epsilon;2;-;23;17;alpha;
S028;500;gamma;117;-;9;62;;
S028;521;alpha;38;+;52;4;;
S028;524;epsilon;26;+;24;75;;
S028;524;gamma;24;+;10;1;;
S028;525;epsilon;1;-;25;116;;
S028;525;gamma;1;-;11;11;;
S028;526;epsilon;1;+;26;18;epsilon;
S028;526;gamma;1;+;12;111;;
S028;532;epsilon;6;-;27;59;alpha;
S028;532;gamma;6;-;13;100;gamma;
S028;533;alpha;12;-;53;31;;
S028;533;beta;150;-;13;13;;
S028;561;alpha;28;+;54;80;;
S028;562;alpha;1;-;55;39;;
S028;566;alpha;4;+;56;13;;
S028;570;epsilon;38;+;28;96;;
S028;578;gamma;46;+;14;13;;
S028;578;beta;45;+;14;75;;
S028;580;beta;2;-;15;117;;
S028;581;gamma;3;-;15;6;;
S028;584;gamma;3;+;16;63;;
S028;584;beta;4;+;16;31;;
S028;587;gamma;3;-;17;125;;
S028;587;beta;3;-;17;59;alpha;
S028;588;gamma;1;+;18;108;gamma;
S028;588;beta;1;+;18;83;;
S028;589;beta;1;-;19;69;;
S028;591;beta;2;+;20;57;;
S028;595;beta;4;-;21;66;;
S028;596;alpha;30;-;57;60;;
S028;597;alpha;1;+;58;93;;
S028;597;beta;2;+;22;27;gamma;
S028;600;alpha;3;-;59;44;;
S028;600;beta;3;-;23;19;gamma;
S028;602;epsilon;32;-;29;107;beta;
S028;602;gamma;14;-;19;19;gamma;
S028;603;epsilon;1;+;30;55;;
S028;603;gamma;1;+;20;64;;
S028;604;alpha;4;+;60;63;;
S028;604;beta;4;+;24;67;;
S028;605;alpha;1;-;61;123;;
S028;605;beta;1;-;25;36;epsilon;
S028;609;alpha;4;+;62;91;epsilon;
S028;609;beta;4;+;26;110;alpha;
S028;610;alpha;1;-;63;22;;
S028;610;beta;1;-;27;85;;
S028;613;epsilon;10;-;31;49;;
S028;615;gamma;12;-;21;62;;
S028;616;epsilon;3;+;32;112;;
S028;616;gamma;1;+;22;113;;
S028;617;epsilon;1;-;33;105;;
S028;617;gamma;1;-;23;115;;
S028;619;gamma;2;+;24;9;;
S028;620;gamma;1;-;25;91;epsilon;
S028;635;alpha;25;+;64;66;;
S028;635;gamma;15;+;26;98;;
S028;639;epsilon;22;+;34;108;gamma;
S028;639;beta;29;+;28;20;beta;
S028;640;beta;1;-;29;74;;
S028;641;beta;1;+;30;106;delta;
S028;648;epsilon;9;-;35;73;;
S028;648;beta;7;-;31;51;;
S028;649;alpha;14;-;65;10;;
S028;649;gamma;14;-;27;35;;
S028;653;alpha;4;+;66;104;;
S028;653;gamma;4;+;28;100;gamma;
S028;654;epsilon;6;+;36;101;;
S028;655;beta;7;+;32;9;;
S028;665;alpha;12;-;67;125;;
S028;666;gamma;13;-;29;107;beta;
S028;666;beta;11;-;33;22;;
S028;667;alpha;2;+;68;109;epsilon;
S028;667;gamma;1;+;30;55;;
S028;667;beta;1;+;34;94;;
S028;669;alpha;2;-;69;76;;
S028;669;epsilon;15;-;37;82;;
S028;669;gamma;2;-;31;44;;
S028;669;beta;2;-;35;53;;
S028;676;delta;270;-;9;78;;
S028;684;delta;8;+;10;26;;
S028;686;alpha;17;+;70;124;;alpha
S028;686;epsilon;17;+;38;89;;alpha
S028;686;gamma;17;+;32;99;;alpha
S028;686;beta;17;+;36;110;alpha;alpha
S028;687;gamma;1;-;33;102;;
S028;688;epsilon;2;-;39;3;;
S028;688;beta;2;-;37;86;;
S028;691;alpha;5;-;71;102;;
S028;692;alpha;1;+;72;5;;
S028;694;alpha;2;-;73;52;;
S028;695;alpha;1;+;74;13;;
S028;695;epsilon;7;+;40;37;;
S028;695;beta;7;+;38;105;;
S028;696;beta;1;-;39;35;;
S028;697;gamma;10;+;34;50;;
S028;697;beta;1;+;40;97;;
S028;698;gamma;1;-;35;120;;
S028;698;beta;1;-;41;82;;
S028;700;gamma;2;+;36;59;alpha;
S028;700;beta;2;+;42;60;;
S028;707;alpha;12;-;75;42;;
S028;707;gamma;7;-;37;89;;
S028;707;beta;7;-;43;99;;
S028;708;epsilon;13;-;41;30;;
S028;709;delta;25;-;11;85;;
S028;710;delta;1;+;12;89;;
S028;711;delta;1;-;13;2;;
S028;712;delta;1;+;14;21;delta;
S028;716;delta;4;-;15;87;;
S028;754;alpha;47;+;76;56;;
S028;757;epsilon;49;+;42;1;;
S028;758;epsilon;1;-;43;11;;
S028;762;epsilon;4;+;44;114;;
S028;763;epsilon;1;-;45;125;;
S028;765;epsilon;2;+;46;109;epsilon;
S028;766;gamma;59;+;38;69;;alpha
S028;768;beta;61;+;44;55;;
S028;769;delta;53;+;16;117;;
S028;786;delta;17;-;17;33;;alpha
S028;787;delta;1;+;18;77;;
S028;788;alpha;34;-;77;46;;
S028;788;delta;1;-;19;9;;
S028;789;beta;21;-;45;60;;delta
S028;790;gamma;24;-;39;66;;
S028;792;epsilon;27;-;47;5;;gamma
S028;855;alpha;67;+;78;95;;
S028;865;epsilon;73;+;48;65;;
S028;871;epsilon;6;-;49;21;delta;
S028;873;epsilon;2;+;50;85;;
S028;878;alpha;23;-;79;125;;
S028;878;epsilon;5;-;51;93;;
S028;880;epsilon;2;+;52;43;delta;
S028;881;alpha;3;+;80;110;alpha;
S028;882;alpha;1;-;81;85;;
S028;882;epsilon;2;-;53;51;;
S028;884;epsilon;2;+;54;4;;
S028;887;alpha;5;+;82;93;;
S028;900;alpha;13;-;83;42;;
S028;900;epsilon;16;-;55;35;;
S028;934;alpha;34;+;84;43;delta;
S028;935;alpha;1;-;85;50;;
S028;938;alpha;3;+;86;122;;
S028;940;alpha;2;-;87;79;;
S028;956;alpha;16;+;88;42;;
S028;961;epsilon;61;+;56;5;;
S028;971;gamma;181;+;40;14;;
S028;973;gamma;2;-;41;15;;
S028;974;gamma;1;+;42;24;;
S028;976;beta;187;+;46;116;;
S028;977;beta;1;-;47;18;epsilon;
S028;982;beta;5;+;48;58;;
S028;1001;alpha;45;-;89;54;;
S028;1002;alpha;1;+;90;33;;
S028;1017;alpha;15;-;91;13;;
S028;1019;alpha;2;+;92;5;;
S028;1020;alpha;1;-;93;51;;
S028;1021;alpha;1;+;94;3;;
S028;1043;alpha;22;-;95;68;alpha;
S028;1044;alpha;1;+;96;46;;
S028;1047;alpha;3;-;97;82;;
S028;1052;epsilon;91;-;57;83;;epsilon
S028;1054;epsilon;2;+;58;70;;
S028;1056;alpha;9;+;98;67;;
S028;1059;delta;271;+;20;0;;
S028;1061;delta;2;-;21;2;;
S028;1070;alpha;14;-;99;110;alpha;
S028;1071;alpha;1;+;100;85;;
S028;1072;alpha;1;-;101;89;;
S028;1074;alpha;2;+;102;3;;
S028;1075;alpha;1;-;103;31;;
S028;1078;alpha;3;+;104;59;alpha;
S028;1079;alpha;1;-;105;83;;
S028;1080;alpha;1;+;106;69;;
S028;1081;delta;20;+;22;93;;beta
S028;1087;delta;6;-;23;47;;
S028;1088;delta;1;+;24;90;;
S028;1124;alpha;44;-;107;86;;
S028;1127;epsilon;73;-;59;88;;
S028;1129;epsilon;2;+;60;120;;
S028;1130;epsilon;1;-;61;58;;
S028;1138;alpha;14;+;108;105;;
S028;1138;epsilon;8;+;62;80;;
S028;1146;alpha;8;-;109;42;;
S028;1146;epsilon;8;-;63;46;;
S028;1147;alpha;1;+;110;40;;
S028;1147;epsilon;1;+;64;80;;
S028;1173;alpha;26;-;111;89;;
S028;1174;epsilon;27;-;65;26;;gamma
S028;1176;epsilon;2;+;66;8;;
S028;1183;epsilon;7;-;67;87;;
S028;1184;alpha;11;+;112;21;delta;
S028;1184;epsilon;1;+;68;109;epsilon;
S028;1188;alpha;4;-;113;87;;
S028;1189;epsilon;5;-;69;79;;
S028;1190;alpha;2;+;114;110;alpha;
S028;1190;epsilon;1;+;70;29;;
S028;1201;alpha;11;-;115;89;;
S028;1201;epsilon;11;-;71;117;;
S028;1202;alpha;1;+;116;2;;
S028;1202;epsilon;1;+;72;28;;
S028;1207;alpha;5;-;117;25;;
S028;1208;epsilon;6;-;73;32;;
S028;1209;epsilon;1;+;74;67;;
S028;1210;alpha;3;+;118;126;;
S028;1211;alpha;1;-;119;118;;
S028;1212;alpha;1;+;120;38;;
S028;1213;alpha;1;-;121;0;;
S028;1213;epsilon;4;-;75;39;;
S028;1216;gamma;242;-;43;112;;
S028;1218;beta;236;-;49;70;;
S028;1219;beta;1;+;50;66;;
S028;1224;beta;5;-;51;30;;
S028;1234;beta;10;+;52;89;;
S028;1235;alpha;22;+;122;22;;
S028;1235;gamma;19;+;44;43;delta;gamma
S028;1237;gamma;2;-;45;51;;
S028;1238;epsilon;25;+;76;115;;
S028;1238;gamma;1;+;46;3;;
S028;1239;epsilon;1;-;77;8;;
S028;1239;gamma;1;-;47;31;;
S028;1241;gamma;2;+;48;58;;
S028;1242;epsilon;3;+;78;83;;
S028;1339;alpha;42;-;123;83;;
S028;1341;alpha;2;+;124;70;;
S028;1343;alpha;2;-;125;67;;
S028;1346;epsilon;42;-;79;87;;
S028;1348;epsilon;2;+;80;110;alpha;
S028;1349;epsilon;1;-;81;85;;
S028;1354;epsilon;5;+;82;93;;
S028;1355;epsilon;1;-;83;42;;
S028;1356;epsilon;1;+;84;40;;
S028;1357;epsilon;1;-;85;20;beta;
S028;1360;alpha;17;+;126;113;;alpha
S028;1360;epsilon;3;+;86;76;;
S028;1368;epsilon;8;-;87;6;;
S028;1370;epsilon;2;+;88;62;;
S028;1371;alpha;11;-;127;8;;
S028;1371;epsilon;1;-;89;113;;
S028;1373;alpha;2;+;128;82;;
S028;1374;epsilon;3;+;90;117;;
S028;1393;alpha;20;-;129;92;;beta
S028;1393;epsilon;19;-;91;35;;gamma
S028;1395;epsilon;2;+;92;98;;
S028;1399;alpha;6;+;130;37;;
S028;1400;alpha;1;-;131;117;;
S028;1401;alpha;1;+;132;28;;
S028;1402;alpha;1;-;133;27;gamma;
S028;1405;alpha;3;+;134;19;gamma;
S028;1406;alpha;1;-;135;64;;
S028;1407;alpha;1;+;136;6;;
S028;1408;alpha;1;-;137;61;;
S028;1410;alpha;2;+;138;104;;
S028;1412;alpha;2;-;139;26;;
S028;1413;epsilon;18;-;93;39;;epsilon
S028;1414;epsilon;1;+;94;10;;
S028;1415;alpha;3;+;140;9;;
S028;1416;alpha;1;-;141;91;epsilon;
S028;1416;epsilon;2;-;95;102;;
S028;1423;gamma;120;-;49;81;;
S028;1426;beta;130;-;53;103;;
S029;7;alpha;7;+;1;7;;
S029;22;alpha;15;-;2;80;;
S029;39;alpha;17;+;3;16;;alpha
S029;39;epsilon;39;+;1;39;;
S029;45;epsilon;6;-;2;15;;
S029;46;epsilon;1;+;3;24;;
S029;50;gamma;50;+;1;50;;
S029;53;gamma;3;-;2;122;;
S029;54;alpha;15;-;4;91;epsilon;
S029;55;alpha;1;+;5;22;;
S029;57;alpha;2;-;6;95;;
S029;57;epsilon;11;-;4;125;;
S029;59;delta;59;-;1;59;alpha;alpha
S029;66;delta;7;+;2;89;;
S029;67;delta;1;-;3;2;;
S029;68;delta;1;+;4;21;delta;
S029;69;delta;1;-;5;84;delta;
S029;90;alpha;33;+;7;8;;
S029;90;epsilon;33;+;5;87;;
S029;90;gamma;37;+;3;45;;
S029;90;delta;21;+;6;39;;delta
S029;92;epsilon;2;-;6;110;alpha;
S029;92;gamma;2;-;4;71;;
S029;92;delta;2;-;7;11;;
S029;95;epsilon;3;+;7;87;;
S029;95;gamma;3;+;5;78;;
S029;95;delta;3;+;8;113;;
S029;96;beta;96;+;1;96;;
S029;133;alpha;43;-;8;81;;delta
S029;135;alpha;2;+;9;50;;
S029;142;alpha;7;-;10;126;;
S029;143;alpha;1;+;11;118;;
S029;144;alpha;1;-;12;38;;
S029;145;alpha;1;+;13;0;;
S029;146;alpha;1;-;14;1;;
S029;147;alpha;1;+;15;11;;
S029;148;alpha;1;-;16;111;;
S029;150;epsilon;55;-;8;119;;
S029;151;epsilon;1;+;9;48;;
S029;152;alpha;4;+;17;98;;
S029;154;alpha;2;-;18;93;;
S029;155;alpha;1;+;19;42;;
S029;156;alpha;1;-;20;40;;
S029;159;epsilon;8;-;10;107;beta;
S029;166;gamma;71;-;6;124;;
S029;169;gamma;3;+;7;100;gamma;
S029;171;gamma;2;-;8;113;;
S029;173;beta;77;-;2;25;;
S029;174;beta;1;+;3;124;;
S029;175;beta;1;-;4;98;;
S029;178;delta;83;-;9;80;;
S029;181;delta;3;+;10;41;;
S029;182;delta;1;-;11;30;;
S029;183;delta;1;+;12;47;;
S029;185;beta;10;+;5;31;;
S029;186;beta;1;-;6;57;;
S029;189;alpha;33;+;21;96;;
S029;189;beta;3;+;7;65;;
S029;191;alpha;2;-;22;73;;
S029;191;beta;2;-;8;17;alpha;
S029;192;alpha;1;+;23;96;;
S029;192;beta;1;+;9;44;;
S029;193;beta;1;-;10;60;;
S029;194;alpha;2;-;24;73;;
S029;196;delta;13;-;13;14;;
S029;217;alpha;23;+;25;84;delta;
S029;222;epsilon;63;+;11;95;;
S029;224;epsilon;2;-;12;63;;
S029;225;epsilon;1;+;13;123;;
S029;226;delta;30;+;14;33;;
S029;236;beta;43;+;11;74;;delta
S029;237;beta;1;-;12;106;delta;
S029;240;gamma;69;+;9;66;;
S029;240;beta;3;+;13;47;;
S029;241;gamma;1;-;10;26;;
S029;241;beta;1;-;14;90;;
S029;243;gamma;2;+;11;8;;
S029;243;beta;2;+;15;13;;
S029;247;beta;4;-;16;7;;
S029;248;alpha;31;-;26;49;;
S029;248;gamma;5;-;12;85;;
S029;250;alpha;2;+;27;111;;
S029;250;gamma;2;+;13;90;;
S029;252;alpha;2;-;28;96;;
S029;252;gamma;2;-;14;13;;
S029;253;delta;27;-;15;25;;gamma
S029;254;epsilon;29;-;14;10;;
S029;256;epsilon;2;+;15;102;;
S029;257;delta;4;+;16;0;;
S029;259;gamma;7;+;15;10;;
S029;260;gamma;1;-;16;101;;
S029;260;delta;3;-;17;3;;
S029;261;epsilon;5;-;16;9;;
S029;271;alpha;19;+;29;94;;gamma
S029;271;epsilon;10;+;17;21;delta;
S029;271;gamma;11;+;17;78;;
S029;274;epsilon;3;-;18;86;;
S029;276;alpha;5;-;30;56;;
S029;276;gamma;5;-;18;23;;
S029;277;alpha;1;+;31;53;;
S029;277;gamma;1;+;19;104;;
S029;279;epsilon;5;+;19;103;;
S029;280;delta;20;+;18;66;;beta
S029;281;beta;34;+;17;99;;
S029;307;alpha;30;-;32;123;;
S029;311;epsilon;32;-;20;45;;
S029;315;epsilon;4;+;21;73;;
S029;319;alpha;12;+;33;120;;
S029;320;alpha;1;-;34;58;;
S029;321;alpha;1;+;35;73;;
S029;326;alpha;5;-;36;100;gamma;
S029;326;epsilon;11;-;22;72;;
S029;329;gamma;52;-;20;38;;
S029;329;beta;48;-;18;42;;
S029;329;delta;49;-;19;45;;
S029;340;beta;11;+;19;20;beta;
S029;344;beta;4;-;20;77;;
S029;350;alpha;24;+;37;118;;
S029;350;gamma;21;+;21;11;;delta
S029;350;beta;6;+;21;14;;
S029;350;delta;21;+;20;76;;delta
S029;351;gamma;1;-;22;111;;
S029;352;alpha;2;-;38;39;;
S029;352;beta;2;-;22;15;;
S029;352;delta;2;-;21;0;;
S029;353;alpha;1;+;39;10;;
S029;354;beta;2;+;23;25;;
S029;354;delta;2;+;22;2;;
S029;355;epsilon;29;+;23;117;;
S029;355;gamma;4;+;23;98;;
S029;360;alpha;7;-;40;107;beta;
S029;360;epsilon;5;-;24;32;;
S029;360;gamma;5;-;24;96;;
S029;360;beta;6;-;24;2;;
S029;360;delta;6;-;23;26;;
S029;362;alpha;2;+;41;56;;
S029;362;epsilon;2;+;25;68;alpha;
S029;362;beta;2;+;25;22;;
S029;362;delta;2;+;24;8;;
S029;363;alpha;1;-;42;53;;
S029;363;epsilon;1;-;26;46;;
S029;363;beta;1;-;26;94;;
S029;363;delta;1;-;25;81;;
S029;364;alpha;1;+;43;23;;
S029;364;epsilon;1;+;27;80;;
S029;364;gamma;4;+;25;75;;
S029;364;beta;1;+;27;52;;
S029;364;delta;1;+;26;49;;
S029;376;alpha;12;-;44;26;;
S029;377;epsilon;13;-;28;12;;
S029;377;gamma;13;-;26;20;beta;
S029;377;beta;13;-;28;6;;
S029;378;delta;14;-;27;88;;
S029;380;delta;2;+;28;120;;
S029;382;epsilon;5;+;29;125;;
S029;382;beta;5;+;29;65;;
S029;384;beta;2;-;30;17;alpha;
S029;385;alpha;9;+;45;15;;
S029;385;gamma;8;+;27;81;;
S029;385;beta;1;+;31;44;;
S029;410;alpha;25;-;46;1;;
S029;411;alpha;1;+;47;11;;
S029;487;alpha;76;-;48;33;;
S029;493;alpha;6;+;49;82;;
S029;514;alpha;21;-;50;93;;delta
S029;515;alpha;1;+;51;42;;
S029;516;alpha;1;-;52;40;;
S029;517;alpha;1;+;53;20;beta;
S029;518;alpha;1;-;54;74;;
S029;520;alpha;2;+;55;107;beta;
S029;523;alpha;3;-;56;57;;
S029;527;alpha;4;+;57;66;;
S029;534;alpha;7;-;58;32;;
S029;534;epsilon;152;-;30;57;;
S029;543;gamma;158;-;28;5;;
S029;556;alpha;22;+;59;47;;
S029;557;alpha;1;-;60;90;;
S029;558;alpha;1;+;61;12;;
S029;559;alpha;1;-;62;121;;
S029;560;alpha;1;+;63;68;alpha;
S029;564;gamma;21;+;29;13;;delta
S029;565;epsilon;31;+;31;16;;
S029;585;alpha;25;-;64;94;;
S029;585;epsilon;20;-;32;96;;beta
S029;585;gamma;21;-;30;51;;delta
S029;586;epsilon;1;+;33;72;;
S029;586;gamma;1;+;31;3;;
S029;588;gamma;2;-;32;32;;
S029;590;gamma;2;+;33;68;alpha;
S029;591;alpha;6;+;65;57;;
S029;592;alpha;1;-;66;63;;
S029;593;gamma;3;-;34;48;;
S029;595;gamma;2;+;35;101;;
S029;596;alpha;4;+;67;126;;
S029;612;alpha;16;-;68;43;delta;
S029;613;alpha;1;+;69;50;;
S029;614;alpha;1;-;70;120;;
S029;617;epsilon;31;-;34;119;;
S029;619;alpha;5;+;71;62;;
S029;619;epsilon;2;+;35;49;;
S029;629;alpha;10;-;72;114;;
S029;630;epsilon;11;-;36;85;;
S029;632;alpha;3;+;73;0;;
S029;632;epsilon;2;+;37;90;;
S029;633;alpha;1;-;74;1;;
S029;634;alpha;1;+;75;11;;
S029;637;alpha;3;-;76;113;;
S029;638;alpha;1;+;77;115;;
S029;639;alpha;1;-;78;8;;
S029;640;alpha;1;+;79;81;;
S029;644;alpha;4;-;80;52;;
S029;645;alpha;1;+;81;13;;
S029;647;alpha;2;-;82;5;;
S029;647;epsilon;15;-;38;125;;
S029;649;gamma;54;-;36;121;;
S029;649;beta;264;-;32;68;alpha;
S029;663;beta;14;+;33;83;;
S029;664;beta;1;-;34;69;;
S029;665;alpha;18;+;83;10;;epsilon
S029;665;beta;1;+;35;56;;
S029;666;epsilon;19;+;39;73;;gamma
S029;666;gamma;17;+;37;52;;alpha
S029;668;epsilon;2;-;40;97;;
S029;669;epsilon;1;+;41;82;;
S029;708;alpha;43;-;84;27;gamma;delta
S029;712;epsilon;43;-;42;115;;delta
S029;713;epsilon;1;+;43;8;;
S029;714;epsilon;1;-;44;81;;
S029;715;epsilon;1;+;45;49;;
S029;716;epsilon;1;-;46;110;alpha;
S029;717;epsilon;1;+;47;85;;
S029;718;epsilon;1;-;48;89;;
S029;720;epsilon;2;+;49;3;;
S029;724;epsilon;4;-;50;34;;
S029;726;epsilon;2;+;51;88;;
S029;727;epsilon;1;-;52;119;;
S029;733;alpha;25;+;85;58;;
S029;733;epsilon;6;+;53;53;;
S029;801;alpha;68;-;86;26;;alpha
S029;809;epsilon;76;-;54;42;;
S029;820;epsilon;11;+;55;20;beta;
S029;821;epsilon;1;-;56;74;;
S029;824;alpha;23;+;87;83;;
S029;826;epsilon;5;+;57;110;alpha;
S029;831;epsilon;5;-;58;89;;
S029;836;epsilon;5;+;59;6;;
S029;853;alpha;29;-;88;74;;
S029;854;alpha;1;+;89;106;delta;
S029;856;alpha;2;-;90;46;;
S029;858;alpha;2;+;91;81;;
S029;861;alpha;3;-;92;51;;
S029;864;epsilon;28;-;60;120;;
S029;869;gamma;203;-;38;6;;
S029;872;gamma;3;+;39;63;;
S029;873;gamma;1;-;40;123;;
S029;886;beta;221;-;36;87;;
S029;891;beta;5;+;37;113;;
S029;892;beta;1;-;38;115;;
S029;894;alpha;33;+;93;53;;
S029;894;beta;2;+;39;9;;
S029;895;alpha;1;-;94;23;;
S029;895;beta;1;-;40;91;epsilon;
S029;896;alpha;1;+;95;104;;
S029;896;beta;1;+;41;22;;
S029;897;alpha;1;-;96;25;;
S029;897;beta;1;-;42;94;;
S029;899;alpha;2;+;97;125;;
S029;900;alpha;1;-;98;108;gamma;
S029;901;alpha;1;+;99;65;;
S029;901;beta;4;+;43;55;;
S029;902;beta;1;-;44;43;delta;
S029;904;beta;2;+;45;51;;
S029;906;epsilon;42;+;61;104;;
S029;907;epsilon;1;-;62;25;;
S029;907;beta;3;-;46;5;;
S029;908;beta;1;+;47;51;;
S029;909;epsilon;2;+;63;125;;
S029;909;gamma;36;+;41;17;alpha;epsilon
S029;917;alpha;16;-;100;39;;
S029;917;gamma;8;-;42;51;;
S029;917;beta;9;-;48;11;;
S029;918;alpha;1;+;101;10;;
S029;918;gamma;1;+;43;3;;
S029;918;beta;1;+;49;111;;
S029;940;alpha;22;-;102;6;;
S029;941;gamma;23;-;44;69;;
S029;942;gamma;1;+;45;56;;
S029;944;alpha;4;+;103;64;;
S029;945;alpha;1;-;104;6;;
S029;951;alpha;6;+;105;66;;
S029;953;alpha;2;-;106;27;gamma;
S029;957;alpha;4;+;107;20;beta;
S029;960;alpha;3;-;108;76;;
S029;961;epsilon;52;-;64;106;delta;
S029;964;alpha;4;+;109;2;;
S029;964;epsilon;3;+;65;47;;
S029;968;alpha;4;-;110;24;;
S029;968;epsilon;4;-;66;93;;
S029;969;alpha;1;+;111;114;;
S029;969;epsilon;1;+;67;42;;
S029;971;alpha;2;-;112;126;;
S029;971;epsilon;2;-;68;41;;
S029;972;alpha;1;+;113;118;;
S029;973;alpha;1;-;114;38;;
S029;976;alpha;3;+;115;2;;
S029;976;epsilon;5;+;69;34;;
S029;980;alpha;4;-;116;24;;
S029;980;epsilon;4;-;70;90;;
S029;984;alpha;4;+;117;117;;
S029;984;epsilon;4;+;71;15;;
S029;985;alpha;1;-;118;28;;
S029;985;epsilon;1;-;72;24;;
S029;993;alpha;8;+;119;34;;
S029;993;epsilon;8;+;73;121;;
S029;998;alpha;5;-;120;91;epsilon;
S029;998;epsilon;5;-;74;72;;
S029;1005;gamma;63;-;46;75;;
S029;1006;gamma;1;+;47;116;;
S029;1007;gamma;1;-;48;18;epsilon;
S029;1008;alpha;10;+;121;93;;
S029;1008;gamma;1;+;49;54;;
S029;1009;epsilon;11;+;75;99;;
S029;1015;alpha;7;-;122;48;;
S029;1015;epsilon;6;-;76;107;beta;
S029;1015;gamma;7;-;50;39;;
S029;1017;beta;99;-;50;23;;
S029;1018;beta;1;+;51;104;;
S029;1021;beta;3;-;52;27;gamma;
S029;1024;beta;3;+;53;19;gamma;
S029;1025;beta;1;-;54;64;;
S029;1026;alpha;11;+;123;112;;
S029;1026;beta;1;+;55;6;;
S029;1027;epsilon;12;+;77;44;;
S029;1027;gamma;12;+;51;102;;
S029;1086;alpha;60;-;124;84;delta;
S029;1087;alpha;1;+;125;79;;
S029;1088;alpha;1;-;126;29;;
S029;1090;alpha;2;+;127;38;;
S029;1091;alpha;1;-;128;0;;
S029;1093;alpha;2;+;129;2;;
S029;1096;alpha;3;-;130;23;;
S029;1100;alpha;4;+;131;107;beta;
S029;1106;alpha;6;-;132;60;;
S029;1107;epsilon;80;-;78;35;;
S029;1110;gamma;83;-;52;123;;
S029;1112;gamma;2;+;53;89;;
S029;1116;gamma;4;-;54;5;;
S029;1117;gamma;1;+;55;51;;
S029;1121;gamma;4;-;56;6;;
S029;1126;beta;100;-;56;4;;gamma
S029;1131;beta;5;+;57;45;;
S029;1132;beta;1;-;58;70;;
S029;1133;beta;1;+;59;66;;
S029;1135;beta;2;-;60;27;gamma;
S029;1136;beta;1;+;61;17;alpha;
S029;1137;alpha;31;+;133;62;;
S029;1140;alpha;3;-;134;115;;
S029;1140;beta;4;-;62;47;;
S029;1143;beta;3;+;63;92;;
S029;1144;alpha;4;+;135;11;;
S029;1148;epsilon;41;+;79;112;;
S029;1149;gamma;28;+;57;120;;
S029;1156;gamma;7;-;58;64;;
S029;1160;alpha;16;-;136;100;gamma;
S029;1161;epsilon;13;-;80;37;;
S029;1161;beta;18;-;64;74;;epsilon
S029;1182;alpha;22;+;137;116;;
S029;1184;epsilon;23;+;81;40;;
S029;1184;beta;23;+;65;57;;
S029;1185;beta;1;-;66;63;;
S029;1186;beta;1;+;67;123;;
S029;1187;epsilon;3;-;82;22;;
S029;1187;beta;1;-;68;88;;
S029;1188;epsilon;1;+;83;94;;
S029;1188;beta;1;+;69;119;;
S029;1189;beta;1;-;70;48;;
S029;1190;epsilon;2;-;84;53;;
S029;1191;alpha;9;-;138;26;;
S029;1191;delta;811;-;29;34;;
S029;1193;delta;2;+;30;88;;
S029;1194;delta;1;-;31;119;;
S029;1204;delta;10;+;32;99;;
S029;1205;alpha;14;+;139;74;;
S029;1206;alpha;1;-;140;106;delta;
S029;1208;delta;4;-;33;105;;
S029;1209;delta;1;+;34;35;;
S029;1211;delta;2;-;35;98;;
S029;1212;delta;1;+;36;92;;
S029;1213;delta;1;-;37;32;;
S029;1215;alpha;9;+;141;53;;
S029;1215;delta;2;+;38;68;alpha;
S029;1220;epsilon;30;+;85;123;;
S029;1222;epsilon;2;-;86;89;;
S029;1225;alpha;10;-;142;103;;
S029;1225;delta;10;-;39;79;;
S029;1226;delta;1;+;40;29;;
S029;1227;delta;1;-;41;37;;
S029;1245;alpha;20;+;143;33;;beta
S029;1245;epsilon;23;+;87;33;;
S029;1246;epsilon;1;-;88;77;;
S029;1247;epsilon;1;+;89;9;;
S029;1248;alpha;3;-;144;79;;
S029;1248;epsilon;1;-;90;91;epsilon;
S029;1249;alpha;1;+;145;29;;
S029;1250;epsilon;2;+;91;23;;
S029;1252;gamma;96;+;59;19;gamma;
S029;1252;delta;25;+;42;42;;
S029;1254;gamma;2;-;60;65;;
S029;1255;epsilon;5;-;92;108;gamma;
S029;1255;delta;3;-;43;42;;
S029;1256;epsilon;1;+;93;65;;
S029;1321;alpha;10;-;146;116;;
S029;1321;epsilon;3;-;94;18;epsilon;
S029;1322;alpha;1;+;147;18;epsilon;
S029;1323;epsilon;2;+;95;55;;
S029;1327;alpha;5;-;148;58;;
S029;1327;epsilon;4;-;96;46;;
S029;1329;alpha;2;+;149;74;;
S029;1329;epsilon;2;+;97;81;;
S029;1330;alpha;1;-;150;106;delta;
S029;1333;alpha;3;+;151;47;;
S029;1335;alpha;2;-;152;91;epsilon;
S029;1335;epsilon;6;-;98;54;;
S029;1337;epsilon;2;+;99;34;;
S029;1338;epsilon;1;-;100;87;;
S029;1348;alpha;13;+;153;96;;
S029;1348;epsilon;10;+;101;74;;
S029;1349;alpha;1;-;154;72;;
S029;1349;epsilon;1;-;102;106;delta;
S029;1360;alpha;11;+;155;99;;
S029;1361;alpha;1;-;156;102;;
S029;1362;alpha;1;+;157;5;;
S029;1363;epsilon;14;+;103;73;;
S029;1363;gamma;47;+;61;70;;
S029;1365;epsilon;2;-;104;97;;
S029;1365;gamma;2;-;62;67;;
S029;1369;epsilon;4;+;105;85;;
S029;1369;gamma;4;+;63;39;;
S029;1370;alpha;8;-;158;58;;
S029;1370;epsilon;1;-;106;89;;
S029;1370;gamma;1;-;64;10;;
S029;1371;alpha;1;+;159;73;;
S029;1372;alpha;1;-;160;96;;
S029;1374;alpha;2;+;161;73;;
S029;1375;alpha;1;-;162;96;;
S029;1377;alpha;2;+;163;73;;
S029;1377;epsilon;7;+;107;8;;
S029;1377;gamma;7;+;65;107;beta;
S029;1378;gamma;1;-;66;55;;
S029;1380;gamma;2;+;67;44;;
S029;1381;alpha;4;-;164;99;;
S029;1381;epsilon;4;-;108;84;delta;
S029;1381;gamma;1;-;68;60;;
S029;1382;alpha;1;+;165;102;;
S029;1382;epsilon;1;+;109;79;;
S029;1383;gamma;2;+;69;94;;
S029;1384;beta;133;+;71;0;;
S029;1385;beta;1;-;72;1;;
S029;1386;beta;1;+;73;11;;
S029;1391;delta;74;+;44;83;;
S029;1394;delta;3;-;45;71;;
S029;1399;delta;5;+;46;80;;
S029;1400;delta;1;-;47;39;;
S029;1401;alpha;19;-;166;59;alpha;gamma
S029;1403;alpha;2;+;167;84;delta;
S029;1404;alpha;1;-;168;79;;
S029;1405;epsilon;23;-;110;49;;
S029;1405;gamma;22;-;70;24;;
S029;1405;beta;19;-;74;103;;gamma
S029;1406;epsilon;1;+;111;110;alpha;
S029;1406;gamma;1;+;71;114;;
S029;1406;beta;1;+;75;15;;
S029;1408;epsilon;2;-;112;86;;
S029;1410;gamma;4;-;72;1;;
S029;1410;beta;4;-;76;27;gamma;
S029;1415;beta;5;+;77;21;delta;
S029;1416;epsilon;8;+;113;106;delta;
S029;1416;gamma;6;+;73;16;;
S029;1417;epsilon;1;-;114;45;;
S029;1417;gamma;1;-;74;34;;
S029;1418;beta;3;-;78;86;;
S029;1419;alpha;15;+;169;41;;
S029;1419;epsilon;2;+;115;71;;
S029;1419;gamma;2;+;75;88;;
S029;1419;beta;1;+;79;99;;
S029;1420;delta;20;+;48;110;alpha;beta
S029;1421;delta;1;-;49;85;;
S029;1423;delta;2;+;50;90;;
S029;1424;delta;1;-;51;12;;
S029;1425;delta;1;+;52;121;;
S029;1428;alpha;9;-;170;38;;
S029;1428;epsilon;9;-;116;84;delta;
S029;1428;gamma;9;-;76;0;;
S029;1428;beta;9;-;80;110;alpha;
S029;1428;delta;3;-;53;70;;
S029;1429;alpha;1;+;171;0;;
S029;1429;epsilon;1;+;117;79;;
S029;1429;gamma;1;+;77;1;;
S029;1429;beta;1;+;81;85;;
S029;1432;epsilon;3;-;118;31;;
S029;1433;epsilon;1;+;119;57;;
S029;1434;delta;6;+;54;71;;
S029;1437;delta;3;-;55;78;;
S029;1439;delta;2;+;56;20;beta;
S030;1;alpha;1;-;1;1;;
S030;1;epsilon;1;-;1;1;;
S030;2;gamma;2;-;1;2;;
S030;3;gamma;1;+;2;21;delta;
S030;4;alpha;3;+;2;13;;
S030;4;epsilon;3;+;2;13;;
S030;4;delta;4;+;1;4;;
S030;22;alpha;18;-;3;48;;epsilon
S030;26;alpha;4;+;4;103;;
S030;29;alpha;3;-;5;17;alpha;
S030;33;epsilon;29;-;3;59;alpha;
S030;34;epsilon;1;+;4;83;;
S030;36;epsilon;2;-;5;70;;
S030;36;gamma;33;-;3;101;;
S030;36;delta;32;-;2;51;;
S030;37;beta;37;-;1;37;;
S030;41;beta;4;+;2;120;;
S030;42;beta;1;-;3;58;;
S030;60;alpha;31;+;6;80;;
S030;60;gamma;24;+;4;91;epsilon;
S030;60;beta;18;+;4;103;;epsilon
S030;60;delta;24;+;3;44;;
S030;61;epsilon;25;+;6;40;;
S030;84;alpha;24;-;7;23;;
S030;89;alpha;5;+;8;108;gamma;
S030;93;alpha;4;-;9;68;alpha;
S030;95;alpha;2;+;10;47;;
S030;96;alpha;1;-;11;90;;
S030;101;epsilon;40;-;7;103;;
S030;101;gamma;41;-;5;124;;
S030;102;beta;42;-;5;55;;
S030;102;delta;42;-;4;124;;
S030;110;beta;8;+;6;50;;
S030;110;delta;8;+;5;105;;
S030;112;beta;2;-;7;121;;
S030;113;beta;1;+;8;68;alpha;
S030;115;alpha;19;+;12;2;;gamma
S030;115;gamma;14;+;6;95;;
S030;117;epsilon;16;+;8;29;;
S030;121;epsilon;4;-;9;40;;
S030;124;epsilon;3;+;10;22;;
S030;129;epsilon;5;-;11;98;;
S030;130;epsilon;1;+;12;92;;
S030;131;epsilon;1;-;13;32;;
S030;132;epsilon;1;+;14;67;;
S030;133;alpha;18;-;13;91;epsilon;epsilon
S030;133;epsilon;1;-;15;36;epsilon;
S030;141;alpha;8;+;14;29;;
S030;141;epsilon;8;+;16;114;;
S030;143;alpha;2;-;15;38;;
S030;144;epsilon;3;-;17;0;;
S030;144;gamma;29;-;7;4;;
S030;144;beta;31;-;9;100;gamma;
S030;147;delta;37;-;6;123;;
S030;148;delta;1;+;7;88;;
S030;151;delta;3;-;8;121;;
S030;152;delta;1;+;9;68;alpha;
S030;153;alpha;10;+;16;0;;
S030;153;epsilon;9;+;18;9;;
S030;153;gamma;9;+;8;49;;
S030;153;beta;9;+;10;120;;
S030;191;alpha;38;-;17;38;;
S030;210;epsilon;57;-;19;68;alpha;
S030;223;alpha;32;+;18;22;;
S030;224;alpha;1;-;19;94;;
S030;225;alpha;1;+;20;52;;
S030;228;alpha;3;-;21;15;;
S030;230;alpha;2;+;22;25;;
S030;231;alpha;1;-;23;124;;
S030;232;alpha;1;+;24;98;;
S030;234;epsilon;24;+;20;93;;
S030;261;alpha;29;-;25;50;;
S030;269;epsilon;35;-;21;64;;
S030;270;gamma;117;-;9;95;;
S030;272;epsilon;3;+;22;8;;
S030;272;gamma;2;+;10;63;;
S030;275;alpha;14;+;26;61;;
S030;297;alpha;22;-;27;26;;
S030;299;alpha;2;+;28;8;;
S030;303;alpha;4;-;29;84;delta;
S030;304;epsilon;32;-;23;70;;
S030;305;gamma;33;-;11;110;alpha;
S030;306;gamma;1;+;12;85;;
S030;307;epsilon;3;+;24;68;alpha;
S030;308;epsilon;1;-;25;46;;
S030;309;gamma;3;-;13;91;epsilon;
S030;310;beta;157;-;11;15;;
S030;311;beta;1;+;12;24;;
S030;314;alpha;11;+;30;29;;
S030;314;epsilon;6;+;26;85;;
S030;314;gamma;5;+;14;26;;
S030;323;alpha;9;-;31;45;;
S030;323;epsilon;9;-;27;97;;
S030;323;gamma;9;-;15;15;;
S030;323;beta;12;-;13;126;;
S030;324;alpha;1;+;32;70;;
S030;324;epsilon;1;+;28;82;;
S030;324;gamma;1;+;16;24;;
S030;324;beta;1;+;14;118;;
S030;326;epsilon;2;-;29;60;;
S030;327;epsilon;1;+;30;93;;
S030;330;alpha;6;-;33;71;;
S030;330;epsilon;3;-;31;44;;
S030;331;gamma;7;-;17;120;;
S030;331;beta;7;-;15;44;;
S030;337;gamma;6;+;18;63;;
S030;337;beta;6;+;16;65;;
S030;338;alpha;8;+;34;83;;
S030;338;epsilon;8;+;32;67;;
S030;341;alpha;3;-;35;71;;
S030;341;epsilon;3;-;33;38;;
S030;342;alpha;1;+;36;76;;
S030;342;epsilon;1;+;34;0;;
S030;347;alpha;5;-;37;3;;
S030;347;epsilon;5;-;35;5;;
S030;347;gamma;10;-;19;87;;
S030;350;alpha;3;+;38;33;;
S030;350;epsilon;3;+;36;53;;
S030;350;gamma;3;+;20;111;;
S030;366;alpha;16;-;39;14;;
S030;368;epsilon;18;-;37;111;;epsilon
S030;370;gamma;20;-;21;71;;beta
S030;372;beta;35;-;17;58;;
S030;386;delta;234;-;10;35;;
S030;387;delta;1;+;11;97;;
S030;403;alpha;37;+;40;40;;
S030;405;alpha;2;-;41;21;delta;
S030;407;delta;20;-;12;68;alpha;beta
S030;408;alpha;3;+;42;86;;
S030;408;delta;1;+;13;46;;
S030;414;alpha;6;-;43;104;;
S030;415;delta;7;-;14;86;;
S030;419;delta;4;+;15;102;;
S030;420;delta;1;-;16;5;;
S030;459;alpha;45;+;44;31;;
S030;477;alpha;18;-;45;70;;epsilon
S030;479;alpha;2;+;46;67;;
S030;480;alpha;1;-;47;36;epsilon;
S030;482;alpha;2;+;48;108;gamma;
S030;482;epsilon;114;+;38;116;;
S030;496;alpha;14;-;49;19;gamma;
S030;497;alpha;1;+;50;64;;
S030;500;alpha;3;-;51;8;;
S030;501;alpha;1;+;52;81;;
S030;502;alpha;1;-;53;49;;
S030;504;alpha;2;+;54;111;;
S030;506;alpha;2;-;55;96;;
S030;506;epsilon;24;-;39;67;;
S030;545;alpha;39;+;56;114;;
S030;546;alpha;1;-;57;125;;
S030;551;alpha;5;+;58;112;;
S030;555;epsilon;49;+;40;18;epsilon;
S030;556;epsilon;1;-;41;54;;
S030;560;epsilon;4;+;42;36;epsilon;
S030;563;epsilon;3;-;43;109;epsilon;
S030;564;epsilon;1;+;44;75;;
S030;565;epsilon;1;-;45;116;;
S030;567;epsilon;2;+;46;19;gamma;
S030;577;alpha;26;-;59;50;;
S030;582;epsilon;15;-;47;10;;
S030;583;epsilon;1;+;48;101;;
S030;584;epsilon;1;-;49;122;;
S030;586;epsilon;2;+;50;79;;
S030;587;epsilon;1;-;51;29;;
S030;590;epsilon;3;+;52;39;;
S030;592;epsilon;2;-;53;11;;
S030;613;alpha;36;+;60;83;;epsilon
S030;615;alpha;2;-;61;70;;
S030;638;alpha;23;+;62;38;;
S030;640;epsilon;48;+;54;5;;
S030;653;gamma;283;+;22;36;epsilon;
S030;654;gamma;1;-;23;107;beta;
S030;658;alpha;20;-;63;10;;beta
S030;658;epsilon;18;-;55;10;;epsilon
S030;660;alpha;2;+;64;102;;
S030;660;epsilon;2;+;56;102;;
S030;661;alpha;1;-;65;5;;
S030;661;epsilon;1;-;57;5;;
S030;662;epsilon;1;+;58;51;;
S030;663;epsilon;1;-;59;3;;
S030;682;alpha;21;+;66;13;;delta
S030;683;alpha;1;-;67;4;;
S030;685;alpha;2;+;68;42;;
S030;686;epsilon;23;+;60;69;;
S030;686;gamma;32;+;24;64;;
S030;687;gamma;1;-;25;6;;
S030;689;gamma;2;+;26;62;;
S030;692;gamma;3;-;27;115;;
S030;695;gamma;3;+;28;10;;
S030;698;beta;326;+;18;33;;
S030;718;alpha;33;-;69;42;;
S030;721;alpha;3;+;70;42;;
S030;726;alpha;5;-;71;44;;
S030;736;epsilon;50;-;61;92;;
S030;740;epsilon;4;+;62;35;;
S030;742;alpha;16;+;72;98;;
S030;743;alpha;1;-;73;92;;
S030;743;epsilon;3;-;63;99;;
S030;744;gamma;49;-;29;33;;
S030;746;gamma;2;+;30;78;;
S030;747;gamma;1;-;31;19;gamma;
S030;747;beta;49;-;19;47;;
S030;751;alpha;8;+;74;39;;
S030;751;gamma;4;+;32;67;;
S030;751;beta;4;+;20;93;;
S030;752;alpha;1;-;75;10;;
S030;754;alpha;2;+;76;102;;
S030;755;alpha;1;-;77;5;;
S030;755;gamma;4;-;33;39;;
S030;756;alpha;1;+;78;51;;
S030;756;gamma;1;+;34;10;;
S030;758;epsilon;15;+;64;9;;
S030;779;alpha;23;-;79;43;delta;
S030;779;epsilon;21;-;65;32;;delta
S030;780;epsilon;1;+;66;67;;
S030;781;alpha;2;+;80;51;;
S030;785;delta;365;+;17;31;;
S030;807;alpha;26;-;81;46;;
S030;808;alpha;1;+;82;80;;
S030;811;alpha;3;-;83;41;;
S030;815;epsilon;35;-;67;4;;
S030;817;gamma;61;-;35;45;;
S030;817;delta;32;-;18;84;delta;
S030;818;beta;67;-;21;96;;
S030;820;beta;2;+;22;73;;
S030;822;gamma;5;+;36;74;;
S030;822;delta;5;+;19;83;;
S030;826;gamma;4;-;37;109;epsilon;
S030;826;beta;6;-;23;101;;
S030;826;delta;4;-;20;72;;
S030;847;alpha;36;+;84;72;;epsilon
S030;849;alpha;2;-;85;87;;
S030;852;alpha;3;+;86;111;;
S030;862;alpha;10;-;87;61;;
S030;877;alpha;15;+;88;19;gamma;
S030;879;epsilon;64;+;68;83;;
S030;889;epsilon;10;-;69;55;;
S030;890;alpha;13;-;89;8;;
S030;892;alpha;2;+;90;82;;
S030;892;epsilon;3;+;70;45;;
S030;896;alpha;4;-;91;62;;
S030;896;epsilon;4;-;71;73;;
S030;906;alpha;10;+;92;114;;
S030;906;epsilon;10;+;72;71;;
S030;909;alpha;3;-;93;0;;
S030;909;epsilon;3;-;73;78;;
S030;935;alpha;26;+;94;26;;
S030;936;alpha;1;-;95;7;;
S030;942;alpha;6;+;96;76;;
S030;946;epsilon;37;+;74;90;;
S030;948;epsilon;2;-;75;13;;
S030;953;alpha;11;-;97;118;;
S030;965;epsilon;17;+;76;47;;alpha
S030;967;epsilon;2;-;77;91;epsilon;
S030;973;alpha;20;+;98;9;;beta
S030;973;epsilon;6;+;78;27;gamma;
S030;975;alpha;2;-;99;92;;
S030;975;epsilon;2;-;79;18;epsilon;
S030;976;alpha;1;+;100;32;;
S030;976;epsilon;1;+;80;54;;
S030;983;alpha;7;-;101;73;;
S030;983;epsilon;7;-;81;39;;
S030;988;alpha;5;+;102;100;gamma;
S030;988;epsilon;5;+;82;14;;
S030;990;gamma;164;+;38;71;;
S030;991;gamma;1;-;39;76;;
S030;993;gamma;2;+;40;0;;
S030;998;beta;172;+;24;80;;
S030;1021;alpha;33;-;103;0;;
S030;1025;alpha;4;+;104;4;;
S030;1039;alpha;14;-;105;33;;
S030;1043;alpha;4;+;106;80;;
S030;1044;alpha;1;-;107;39;;
S030;1044;epsilon;56;-;83;59;alpha;
S030;1063;alpha;19;+;108;109;epsilon;gamma
S030;1064;epsilon;20;+;84;78;;beta
S030;1082;delta;256;+;21;120;;
S030;1084;delta;2;-;22;59;alpha;
S030;1091;delta;7;+;23;89;;
S030;1131;alpha;68;-;109;46;;alpha
S030;1140;alpha;9;+;110;88;;
S030;1142;alpha;2;-;111;120;;
S030;1146;alpha;4;+;112;61;;
S030;1151;alpha;5;-;113;107;beta;
S030;1152;alpha;1;+;114;55;;
S030;1172;alpha;20;-;115;59;alpha;beta
S030;1173;epsilon;109;-;85;4;;epsilon
S030;1180;gamma;187;-;41;60;;
S030;1188;gamma;8;+;42;100;gamma;
S030;1190;alpha;18;+;116;76;;epsilon
S030;1191;alpha;1;-;117;126;;
S030;1192;alpha;1;+;118;118;;
S030;1193;alpha;1;-;119;38;;
S030;1194;gamma;6;-;43;117;;
S030;1195;alpha;2;+;120;1;;
S030;1195;gamma;1;+;44;28;;
S030;1196;epsilon;23;+;86;42;;
S030;1199;epsilon;3;-;87;42;;
S030;1201;gamma;6;-;45;32;;
S030;1203;gamma;2;+;46;68;alpha;
S030;1207;epsilon;8;+;88;47;;
S030;1223;alpha;28;-;121;1;;
S030;1225;epsilon;18;-;89;19;gamma;epsilon
S030;1225;gamma;22;-;47;91;epsilon;
S030;1226;epsilon;1;+;90;64;;
S030;1230;gamma;5;+;48;26;;
S030;1232;gamma;2;-;49;8;;
S030;1234;alpha;11;+;122;111;;
S030;1234;gamma;2;+;50;82;;
S030;1235;alpha;1;-;123;95;;
S030;1235;epsilon;9;-;91;14;;
S030;1235;gamma;1;-;51;59;alpha;
S030;1243;beta;245;-;25;108;gamma;
S030;1248;beta;5;+;26;69;;
S030;1251;alpha;16;+;124;118;;
S030;1251;epsilon;16;+;92;19;gamma;
S030;1252;gamma;17;+;52;75;;alpha
S030;1253;epsilon;2;-;93;65;;
S030;1253;gamma;1;-;53;116;;
S030;1254;epsilon;1;+;94;16;;
S030;1254;gamma;1;+;54;18;epsilon;
S031;22;alpha;22;+;1;22;;
S031;25;epsilon;25;+;1;25;;
S031;27;gamma;27;+;1;27;gamma;gamma
S031;29;gamma;2;-;2;18;epsilon;
S031;35;epsilon;10;-;2;97;;
S031;36;epsilon;1;+;3;82;;
S031;37;epsilon;1;-;4;59;alpha;
S031;39;epsilon;2;+;5;84;delta;
S031;42;alpha;20;-;2;61;;beta
S031;42;epsilon;3;-;6;81;;
S031;43;alpha;1;+;3;103;;
S031;43;epsilon;1;+;7;49;;
S031;44;alpha;1;-;4;15;;
S031;45;epsilon;2;-;8;111;;
S031;59;alpha;15;+;5;118;;
S031;59;epsilon;14;+;9;65;;
S031;60;alpha;1;-;6;38;;
S031;60;epsilon;1;-;10;16;;
S031;77;alpha;17;+;7;7;;alpha
S031;78;epsilon;18;+;11;94;;epsilon
S031;83;gamma;54;+;3;76;;
S031;84;gamma;1;-;4;126;;
S031;85;gamma;1;+;5;118;;
S031;91;gamma;6;-;6;43;delta;
S031;93;gamma;2;+;7;51;;
S031;98;alpha;21;-;8;86;;delta
S031;99;gamma;6;-;8;8;;
S031;102;gamma;3;+;9;83;;
S031;105;gamma;3;-;10;71;;
S031;106;epsilon;28;-;12;30;;
S031;110;epsilon;4;+;13;50;;
S031;110;gamma;5;+;11;80;;
S031;111;epsilon;1;-;14;120;;
S031;111;gamma;1;-;12;39;;
S031;126;alpha;28;+;9;119;;
S031;137;epsilon;26;+;15;88;;
S031;137;gamma;26;+;13;116;;
S031;138;epsilon;1;-;16;119;;
S031;138;gamma;1;-;14;18;epsilon;
S031;140;epsilon;2;+;17;49;;
S031;141;gamma;3;+;15;56;;
S031;142;gamma;1;-;16;53;;
S031;143;gamma;1;+;17;23;;
S031;143;beta;143;+;1;16;;
S031;144;beta;1;-;2;34;;
S031;145;epsilon;5;-;18;114;;
S031;145;gamma;2;-;18;105;;
S031;146;epsilon;1;+;19;125;;
S031;147;gamma;2;+;19;36;epsilon;
S031;147;beta;3;+;3;89;;
S031;208;delta;208;+;1;81;;
S031;211;delta;3;-;2;51;;
S031;214;alpha;88;-;10;50;;
S031;215;alpha;1;+;11;120;;
S031;220;alpha;5;-;12;62;;
S031;227;alpha;7;+;13;119;;
S031;227;delta;16;+;3;36;epsilon;
S031;228;alpha;1;-;14;48;;
S031;228;delta;1;-;4;107;beta;
S031;233;epsilon;87;-;20;14;;
S031;234;epsilon;1;+;21;14;;
S031;234;delta;6;+;5;60;;
S031;235;delta;1;-;6;93;;
S031;237;epsilon;3;-;22;16;;
S031;249;alpha;21;+;15;122;;delta
S031;249;epsilon;12;+;23;88;;
S031;249;delta;14;+;7;43;delta;
S031;252;epsilon;3;-;24;121;;
S031;256;epsilon;4;+;25;71;;
S031;262;epsilon;6;-;26;81;;
S031;263;epsilon;1;+;27;49;;
S031;270;alpha;21;-;16;29;;delta
S031;271;epsilon;8;-;28;117;;
S031;275;gamma;128;-;20;60;;
S031;284;gamma;9;+;21;101;;
S031;286;gamma;2;-;22;123;;
S031;289;alpha;19;+;17;125;;gamma
S031;289;epsilon;18;+;29;34;;epsilon
S031;289;gamma;3;+;23;90;;
S031;294;epsilon;5;-;30;91;epsilon;
S031;294;gamma;5;-;24;16;;
S031;298;gamma;4;+;25;37;;
S031;299;gamma;1;-;26;117;;
S031;300;epsilon;6;+;31;27;gamma;
S031;300;gamma;1;+;27;28;;
S031;301;epsilon;1;-;32;17;alpha;
S031;301;gamma;1;-;28;27;gamma;
S031;302;epsilon;1;+;33;44;;
S031;302;gamma;1;+;29;17;alpha;
S031;303;alpha;14;-;18;68;alpha;
S031;303;epsilon;1;-;34;60;;
S031;303;gamma;1;-;30;44;;
S031;304;alpha;1;+;19;46;;
S031;306;alpha;2;-;20;81;;
S031;307;beta;160;-;4;6;;
S031;320;alpha;14;+;21;113;;
S031;321;epsilon;18;+;35;49;;epsilon
S031;321;beta;14;+;5;106;delta;
S031;322;gamma;19;+;31;101;;gamma
S031;352;alpha;32;-;22;29;;
S031;353;alpha;1;+;23;37;;
S031;354;alpha;1;-;24;117;;
S031;357;epsilon;36;-;36;110;alpha;epsilon
S031;357;gamma;35;-;32;102;;
S031;357;beta;36;-;6;95;;epsilon
S031;371;delta;122;-;8;69;;
S031;373;delta;2;+;9;57;;
S031;380;alpha;26;+;25;42;;
S031;383;alpha;3;-;26;42;;
S031;386;delta;13;-;10;125;;
S031;387;delta;1;+;11;108;gamma;
S031;389;delta;2;-;12;66;;
S031;390;delta;1;+;13;26;;
S031;391;delta;1;-;14;7;;
S031;392;delta;1;+;15;71;;
S031;394;delta;2;-;16;77;;
S031;410;alpha;27;+;27;36;epsilon;gamma
S031;410;delta;16;+;17;96;;
S031;412;delta;2;-;18;73;;
S031;413;alpha;3;-;28;109;epsilon;
S031;414;alpha;1;+;29;75;;
S031;415;delta;3;+;19;98;;
S031;417;delta;2;-;20;93;;
S031;419;delta;2;+;21;43;delta;
S031;420;alpha;6;-;30;121;;
S031;420;delta;1;-;22;50;;
S031;427;alpha;7;+;31;74;;
S031;428;alpha;1;-;32;106;delta;
S031;452;alpha;24;+;33;83;;
S031;454;alpha;2;-;34;70;;
S031;456;alpha;2;+;35;67;;
S031;458;epsilon;101;+;37;119;;
S031;462;gamma;105;+;33;124;;
S031;465;gamma;3;-;34;100;gamma;
S031;467;gamma;2;+;35;113;;
S031;470;delta;50;+;23;97;;
S031;474;beta;117;+;7;121;;
S031;499;alpha;43;-;36;12;;delta
S031;500;alpha;1;+;37;121;;
S031;503;alpha;3;-;38;70;;
S031;509;alpha;6;+;39;71;;
S031;521;alpha;12;-;40;0;;
S031;521;epsilon;63;-;38;25;;
S031;534;delta;64;-;24;112;;
S031;535;gamma;68;-;36;65;;alpha
S031;536;gamma;1;+;37;16;;
S031;537;gamma;1;-;38;34;;
S031;537;beta;63;-;8;98;;
S031;539;beta;2;+;9;93;;
S031;540;gamma;3;+;39;89;;
S031;544;gamma;4;-;40;5;;
S031;544;beta;5;-;10;46;;
S031;548;beta;4;+;11;83;;
S031;550;alpha;29;+;41;29;;
S031;551;alpha;1;-;42;37;;
S031;554;alpha;3;+;43;119;;
S031;554;gamma;10;+;41;2;;
S031;555;gamma;1;-;42;21;delta;
S031;556;gamma;1;+;43;84;delta;
S031;556;delta;22;+;25;46;;
S031;557;gamma;1;-;44;79;;
S031;557;delta;1;-;26;80;;
S031;558;gamma;1;+;45;29;;
S031;558;delta;1;+;27;39;;
S031;559;epsilon;38;+;39;125;;
S031;560;epsilon;1;-;40;108;gamma;
S031;561;gamma;3;-;46;39;;
S031;561;delta;3;-;28;12;;
S031;563;delta;2;+;29;122;;
S031;564;delta;1;-;30;78;;
S031;566;alpha;12;-;44;101;;
S031;567;alpha;1;+;45;122;;
S031;568;epsilon;8;+;41;72;;
S031;568;delta;4;+;31;22;;
S031;569;gamma;8;+;47;17;alpha;
S031;575;gamma;6;-;48;49;;
S031;575;delta;7;-;32;100;gamma;
S031;577;gamma;2;+;49;111;;
S031;577;delta;2;+;33;113;;
S031;582;gamma;5;-;50;99;;
S031;583;alpha;16;-;46;24;;
S031;583;epsilon;15;-;42;103;;
S031;583;delta;6;-;34;120;;
S031;586;beta;38;-;12;83;;
S031;600;alpha;17;+;47;4;;alpha
S031;602;alpha;2;-;48;42;;
S031;604;alpha;2;+;49;41;;
S031;605;epsilon;22;+;43;35;;
S031;606;gamma;24;+;51;18;epsilon;
S031;606;beta;20;+;13;65;;beta
S031;607;gamma;1;-;52;54;;
S031;608;gamma;1;+;53;33;;
S031;609;gamma;1;-;54;77;;
S031;610;gamma;1;+;55;9;;
S031;610;delta;27;+;35;89;;gamma
S031;622;delta;12;-;36;22;;
S031;623;delta;1;+;37;94;;
S031;625;alpha;21;-;50;57;;delta
S031;625;delta;2;-;38;53;;
S031;627;beta;21;-;14;44;;delta
S031;628;beta;1;+;15;60;;
S031;628;delta;3;+;39;25;;
S031;630;epsilon;25;-;44;96;;
S031;630;gamma;20;-;56;31;;beta
S031;630;beta;2;-;16;94;;
S031;630;delta;2;-;40;125;;
S031;662;alpha;37;+;51;22;;
S031;668;alpha;6;-;52;99;;
S031;679;alpha;11;+;53;5;;
S031;680;alpha;1;-;54;51;;
S031;681;alpha;1;+;55;3;;
S031;682;alpha;1;-;56;31;;
S031;683;alpha;1;+;57;57;;
S031;686;epsilon;56;+;45;4;;
S031;689;gamma;59;+;57;111;;alpha
S031;690;gamma;1;-;58;95;;
S031;693;gamma;3;+;59;64;;
S031;694;gamma;1;-;60;6;;
S031;699;gamma;5;+;61;65;;
S031;701;gamma;2;-;62;17;alpha;
S031;703;gamma;2;+;63;45;;
S031;703;beta;73;+;17;75;;
S031;710;beta;7;-;18;122;;
S031;711;beta;1;+;19;78;;
S031;713;delta;83;+;41;10;;
S031;718;delta;5;-;42;105;;
S031;719;delta;1;+;43;35;;
S031;720;delta;1;-;44;97;;
S031;721;alpha;38;-;58;23;;
S031;722;beta;11;-;20;64;;
S031;724;beta;2;+;21;7;;
S031;725;alpha;4;+;59;107;beta;
S031;725;delta;5;+;45;86;;
S031;726;delta;1;-;46;99;;
S031;727;delta;1;+;47;102;;
S031;754;alpha;29;-;60;61;;
S031;755;alpha;1;+;61;103;;
S031;758;alpha;3;-;62;17;alpha;
S031;760;alpha;2;+;63;45;;
S031;763;alpha;3;-;64;72;;
S031;766;alpha;3;+;65;88;;
S031;778;alpha;12;-;66;49;;
S031;779;alpha;1;+;67;110;alpha;
S031;780;alpha;1;-;68;85;;
S031;781;alpha;1;+;69;89;;
S031;782;alpha;1;-;70;2;;
S031;782;epsilon;96;-;46;115;;
S031;783;alpha;1;+;71;21;delta;
S031;783;epsilon;1;+;47;8;;
S031;792;alpha;9;-;72;92;;
S031;792;epsilon;9;-;48;89;;
S031;794;epsilon;2;+;49;3;;
S031;795;epsilon;1;-;50;31;;
S031;796;alpha;4;+;73;35;;
S031;796;epsilon;1;+;51;57;;
S031;803;alpha;7;-;74;103;;
S031;804;alpha;1;+;75;15;;
S031;816;alpha;12;-;76;115;;
S031;817;alpha;1;+;77;8;;
S031;818;alpha;1;-;78;81;;
S031;818;epsilon;22;-;52;7;;
S031;821;gamma;118;-;64;33;;
S031;823;gamma;2;+;65;78;;
S031;824;gamma;1;-;66;19;gamma;
S031;834;gamma;10;+;67;5;;
S031;835;alpha;17;+;79;116;;alpha
S031;835;epsilon;17;+;53;82;;alpha
S031;857;alpha;22;-;80;65;;
S031;858;alpha;1;+;81;16;;
S031;886;alpha;28;-;82;104;;
S031;892;epsilon;57;-;54;2;;
S031;909;alpha;23;+;83;9;;
S031;911;alpha;2;-;84;92;;
S031;912;alpha;1;+;85;32;;
S031;913;alpha;1;-;86;67;;
S031;914;gamma;80;-;68;72;;
S031;924;gamma;10;+;69;98;;
S031;925;alpha;12;+;87;108;gamma;
S031;926;alpha;1;-;88;65;;
S031;926;gamma;2;-;70;93;;
S031;927;gamma;1;+;71;42;;
S031;928;gamma;1;-;72;40;;
S031;930;alpha;4;+;89;19;gamma;
S031;931;alpha;1;-;90;64;;
S031;932;alpha;1;+;91;6;;
S031;932;epsilon;40;+;55;113;;
S031;932;gamma;4;+;73;23;;
S031;939;gamma;7;-;74;110;alpha;
S031;940;gamma;1;+;75;85;;
S031;941;epsilon;9;-;56;123;;
S031;941;gamma;1;-;76;89;;
S031;944;alpha;12;-;92;104;;
S031;950;beta;226;-;22;114;;
S031;985;delta;258;-;48;23;;
S031;986;delta;1;+;49;104;;
S031;987;delta;1;-;50;25;;
S031;988;delta;1;+;51;124;;
S031;990;delta;2;-;52;99;;
S031;1005;alpha;61;+;93;47;;
S031;1007;delta;17;+;53;11;;alpha
S031;1009;epsilon;68;+;57;49;;alpha
S031;1021;gamma;80;+;77;90;;
S031;1022;beta;72;+;23;42;;
S031;1047;alpha;42;-;94;43;delta;
S031;1054;alpha;7;+;95;56;;
S031;1061;alpha;7;-;96;59;alpha;
S031;1062;alpha;1;+;97;83;;
S031;1066;alpha;4;-;98;72;;
S031;1067;alpha;1;+;99;86;;
S031;1068;alpha;1;-;100;99;;
S031;1070;epsilon;61;-;58;8;;
S031;1093;alpha;25;+;101;19;gamma;
S031;1095;epsilon;25;+;59;63;;
S031;1104;epsilon;9;-;60;4;;
S031;1109;alpha;16;-;102;11;;
S031;1111;gamma;90;-;78;73;;
S031;1113;alpha;4;+;103;114;;
S031;1113;gamma;2;+;79;97;;
S031;1114;epsilon;10;+;61;29;;
S031;1121;alpha;8;-;104;5;;
S031;1121;epsilon;7;-;62;43;delta;
S031;1121;gamma;8;-;80;89;;
S031;1124;epsilon;3;+;63;52;;
S031;1126;alpha;5;+;105;55;;
S031;1126;gamma;5;+;81;6;;
S031;1127;alpha;1;-;106;43;delta;
S031;1127;gamma;1;-;82;61;;
S031;1128;alpha;1;+;107;50;;
S031;1129;gamma;2;+;83;104;;
S031;1130;gamma;1;-;84;25;;
S031;1131;alpha;3;-;108;122;;
S031;1132;epsilon;8;-;64;20;beta;
S031;1135;beta;113;-;24;76;;
S031;1137;beta;2;+;25;0;;
S031;1142;beta;5;-;26;5;;
S031;1143;beta;1;+;27;51;;
S031;1145;alpha;14;+;109;22;;
S031;1146;alpha;1;-;110;94;;
S031;1146;beta;3;-;28;5;;
S031;1147;delta;140;-;54;91;epsilon;
S031;1196;alpha;50;+;111;52;;
S031;1198;epsilon;66;+;65;34;;
S031;1216;gamma;86;+;85;46;;
S031;1222;beta;76;+;29;68;alpha;
S031;1224;beta;2;-;30;47;;
S031;1226;beta;2;+;31;91;epsilon;
S031;1229;delta;82;+;55;38;;
S031;1230;delta;1;-;56;0;;
S031;1232;delta;2;+;57;2;;
S031;1320;alpha;62;-;112;55;;
S031;1320;epsilon;60;-;66;31;;
S031;1320;gamma;42;-;86;70;;
S031;1320;beta;32;-;32;115;;
S031;1320;delta;26;-;58;99;;
S031;1321;gamma;1;+;87;66;;
S031;1323;beta;3;+;33;10;;
S031;1324;beta;1;-;34;101;;
S031;1325;beta;1;+;35;122;;
S031;1330;epsilon;10;+;67;62;;
S031;1331;alpha;11;+;113;50;;
S031;1331;delta;11;+;59;5;;
S031;1357;alpha;26;-;114;73;;
S031;1358;alpha;1;+;115;96;;
S031;1361;alpha;3;-;116;74;;
S031;1368;alpha;7;+;117;112;;
S031;1369;alpha;1;-;118;105;;
S031;1374;alpha;5;+;119;39;;
S031;1376;alpha;2;-;120;11;;
S031;1377;alpha;1;+;121;111;;
S031;1386;alpha;9;-;122;103;;
S031;1389;alpha;3;+;123;17;alpha;
S031;1392;alpha;3;-;124;46;;
S031;1393;epsilon;63;-;68;40;;
S031;1396;alpha;4;+;125;83;;
S031;1396;epsilon;3;+;69;22;;
S031;1397;alpha;1;-;126;69;;
S031;1397;epsilon;1;-;70;94;;
S031;1399;alpha;2;+;127;57;;
S031;1399;epsilon;2;+;71;53;;
S031;1418;alpha;19;-;128;4;;gamma
S031;1419;alpha;1;+;129;41;;
S031;1431;alpha;12;-;130;48;;
S031;1432;alpha;1;+;131;100;gamma;
S031;1433;alpha;1;-;132;112;;
S031;1434;alpha;1;+;133;105;;
S031;1437;alpha;3;-;134;37;;
S031;1439;epsilon;40;-;72;6;;
S032;34;alpha;34;-;1;34;;
S032;40;alpha;6;+;2;92;;
S032;41;alpha;1;-;3;32;;
S032;46;alpha;5;+;4;71;;
S032;75;alpha;29;-;5;17;alpha;
S032;76;alpha;1;+;6;44;;
S032;129;alpha;53;-;7;8;;
S032;137;epsilon;137;-;1;10;;
S032;148;epsilon;11;+;2;122;;
S032;149;alpha;20;+;8;58;;beta
S032;150;alpha;1;-;9;73;;
S032;150;epsilon;2;-;3;79;;
S032;151;alpha;1;+;10;96;;
S032;151;epsilon;1;+;4;29;;
S032;152;epsilon;1;-;5;37;;
S032;156;alpha;5;-;11;76;;
S032;157;alpha;1;+;12;126;;
S032;157;epsilon;5;+;6;121;;
S032;184;alpha;27;-;13;54;;gamma
S032;187;epsilon;30;-;7;65;;
S032;191;gamma;191;-;1;64;;
S032;210;beta;210;-;1;83;;
S032;221;alpha;37;+;14;103;;
S032;228;alpha;7;-;15;21;delta;
S032;230;alpha;2;+;16;85;;
S032;231;alpha;1;-;17;89;;
S032;235;alpha;4;+;18;5;;
S032;236;alpha;1;-;19;51;;
S032;237;alpha;1;+;20;3;;
S032;238;alpha;1;-;21;31;;
S032;240;alpha;2;+;22;58;;
S032;241;alpha;1;-;23;73;;
S032;244;alpha;3;+;24;98;;
S032;244;epsilon;57;+;8;80;;
S032;246;gamma;55;+;2;105;;
S032;246;beta;36;+;2;81;;epsilon
S032;257;gamma;11;-;3;97;;
S032;257;beta;11;-;3;110;alpha;
S032;259;alpha;15;-;25;36;epsilon;
S032;260;alpha;1;+;26;107;beta;
S032;261;alpha;1;-;27;55;;
S032;264;alpha;3;+;28;45;;
S032;264;gamma;7;+;4;88;;
S032;266;gamma;2;-;5;120;;
S032;267;gamma;1;+;6;58;;
S032;267;beta;10;+;4;88;;
S032;274;alpha;10;-;29;65;;
S032;274;gamma;7;-;7;79;;
S032;274;beta;7;-;5;125;;
S032;276;gamma;2;+;8;30;;
S032;276;beta;2;+;6;109;epsilon;
S032;279;alpha;5;+;30;20;beta;
S032;281;alpha;2;-;31;75;;
S032;282;beta;6;-;7;80;;
S032;284;epsilon;40;-;9;39;;
S032;284;gamma;8;-;9;54;;
S032;287;epsilon;3;+;10;12;;
S032;287;gamma;3;+;10;35;;
S032;287;beta;5;+;8;43;delta;
S032;288;alpha;7;+;32;122;;
S032;310;alpha;22;-;33;30;;
S032;311;alpha;1;+;34;47;;
S032;315;alpha;4;-;35;93;;
S032;325;alpha;10;+;36;39;;
S032;329;alpha;4;-;37;13;;
S032;331;alpha;2;+;38;5;;
S032;342;alpha;11;-;39;3;;
S032;344;epsilon;57;-;11;114;;
S032;346;epsilon;2;+;12;126;;
S032;348;epsilon;2;-;13;119;;
S032;354;gamma;67;-;11;11;;
S032;357;beta;70;-;9;52;;
S032;367;beta;10;+;10;3;;
S032;368;beta;1;-;11;31;;
S032;369;beta;1;+;12;57;;
S032;370;alpha;28;+;40;74;;
S032;371;alpha;1;-;41;106;delta;
S032;373;beta;4;-;13;66;;
S032;374;alpha;3;+;42;47;;
S032;374;beta;1;+;14;26;;
S032;375;alpha;1;-;43;90;;
S032;375;beta;1;-;15;7;;
S032;378;alpha;3;+;44;14;;
S032;378;beta;3;+;16;73;;
S032;379;alpha;1;-;45;14;;
S032;379;beta;1;-;17;96;;
S032;383;alpha;4;+;46;17;alpha;
S032;385;alpha;2;-;47;45;;
S032;400;delta;400;-;1;19;gamma;
S032;404;delta;4;+;2;67;;
S032;407;alpha;22;+;48;77;;
S032;408;alpha;1;-;49;9;;
S032;409;delta;5;-;3;40;;
S032;416;alpha;8;+;50;98;;
S032;417;delta;8;+;4;27;gamma;
S032;421;delta;4;-;5;20;beta;
S032;422;alpha;6;-;51;97;;
S032;423;alpha;1;+;52;82;;
S032;423;delta;2;+;6;75;;
S032;426;epsilon;78;+;14;40;;
S032;427;epsilon;1;-;15;20;beta;
S032;427;delta;4;-;7;119;;
S032;428;alpha;5;-;53;63;;
S032;433;alpha;5;+;54;0;;
S032;436;alpha;3;-;55;3;;
S032;450;alpha;14;+;56;60;;
S032;451;alpha;1;-;57;93;;
S032;452;alpha;1;+;58;42;;
S032;453;epsilon;26;+;16;121;;
S032;456;epsilon;3;-;17;70;;
S032;457;epsilon;1;+;18;66;;
S032;459;alpha;7;-;59;46;;
S032;459;epsilon;2;-;19;27;gamma;
S032;460;alpha;1;+;60;80;;
S032;460;epsilon;1;+;20;17;alpha;
S032;465;gamma;111;+;12;62;;
S032;470;gamma;5;-;13;117;;
S032;471;gamma;1;+;14;28;;
S032;472;gamma;1;-;15;27;gamma;
S032;473;gamma;1;+;16;17;alpha;
S032;474;gamma;1;-;17;44;;
S032;475;gamma;1;+;18;60;;
S032;478;delta;51;+;8;13;;
S032;479;delta;1;-;9;4;;
S032;481;alpha;21;-;61;20;beta;delta
S032;481;gamma;6;-;19;98;;
S032;482;epsilon;22;-;21;71;;
S032;489;alpha;8;+;62;81;;
S032;489;epsilon;7;+;22;82;;
S032;489;gamma;8;+;20;99;;
S032;490;beta;111;+;18;99;;
S032;490;delta;11;+;10;30;;
S032;495;alpha;6;-;63;54;;
S032;495;beta;5;-;19;106;delta;
S032;495;delta;5;-;11;51;;
S032;496;alpha;1;+;64;33;;
S032;499;alpha;3;-;65;79;;
S032;501;epsilon;12;-;23;84;delta;
S032;501;gamma;12;-;21;6;;
S032;502;epsilon;1;+;24;79;;
S032;502;gamma;1;+;22;61;;
S032;503;epsilon;1;-;25;29;;
S032;503;gamma;1;-;23;103;;
S032;505;gamma;2;+;24;16;;
S032;507;gamma;2;-;25;35;;
S032;508;gamma;1;+;26;97;;
S032;509;gamma;1;-;27;82;;
S032;510;alpha;11;+;66;37;;
S032;510;epsilon;7;+;26;43;delta;
S032;510;gamma;1;+;28;59;alpha;
S032;510;beta;15;+;20;74;;
S032;512;delta;17;+;12;37;;alpha
S032;539;alpha;29;-;67;46;;
S032;543;alpha;4;+;68;83;;
S032;559;alpha;16;-;69;61;;
S032;561;alpha;2;+;70;104;;
S032;617;alpha;56;-;71;42;;
S032;618;alpha;1;+;72;40;;
S032;632;alpha;14;-;73;77;;
S032;640;alpha;8;+;74;16;;
S032;641;alpha;1;-;75;34;;
S032;645;epsilon;135;-;27;82;;
S032;667;gamma;157;-;29;102;;
S032;671;gamma;4;+;30;8;;
S032;672;alpha;31;+;76;2;;
S032;675;alpha;3;-;77;23;;
S032;675;gamma;4;-;31;84;delta;
S032;687;alpha;12;+;78;26;;
S032;691;alpha;4;-;79;10;;
S032;692;alpha;1;+;80;101;;
S032;696;alpha;4;-;81;125;;
S032;698;beta;188;-;21;20;beta;
S032;699;beta;1;+;22;74;;
S032;702;alpha;6;+;82;113;;
S032;703;epsilon;58;+;28;3;;
S032;710;gamma;35;+;32;53;;
S032;715;gamma;5;-;33;27;gamma;
S032;719;alpha;17;-;83;14;;alpha
S032;719;epsilon;16;-;29;62;;
S032;719;beta;20;-;23;54;;beta
S032;720;alpha;1;+;84;14;;
S032;720;epsilon;1;+;30;113;;
S032;720;gamma;5;+;34;21;delta;
S032;720;beta;1;+;24;33;;
S032;722;gamma;2;-;35;85;;
S032;725;alpha;5;-;85;18;epsilon;
S032;725;epsilon;5;-;31;119;;
S032;725;beta;5;-;25;81;;
S032;726;epsilon;1;+;32;48;;
S032;727;beta;2;+;26;50;;
S032;729;alpha;4;+;86;57;;
S032;730;gamma;8;+;36;96;;
S032;733;alpha;4;-;87;66;;
S032;733;epsilon;7;-;33;106;delta;
S032;733;gamma;3;-;37;74;;
S032;733;beta;6;-;27;125;;
S032;735;epsilon;2;+;34;46;;
S032;737;epsilon;2;-;35;81;;
S032;752;alpha;19;+;88;15;;gamma
S032;755;epsilon;18;+;36;117;;epsilon
S032;755;gamma;22;+;38;56;;
S032;756;epsilon;1;-;37;28;;
S032;756;gamma;1;-;39;53;;
S032;757;epsilon;1;+;38;27;gamma;
S032;757;gamma;1;+;40;23;;
S032;758;epsilon;1;-;39;17;alpha;
S032;758;gamma;1;-;41;104;;
S032;760;alpha;8;-;89;31;;
S032;773;alpha;13;+;90;65;;
S032;774;alpha;1;-;91;16;;
S032;776;alpha;2;+;92;35;;
S032;777;epsilon;19;+;40;68;alpha;gamma
S032;780;alpha;4;-;93;100;gamma;
S032;780;epsilon;3;-;41;48;;
S032;781;alpha;1;+;94;112;;
S032;782;alpha;1;-;95;105;;
S032;785;alpha;3;+;96;37;;
S032;786;alpha;1;-;97;117;;
S032;789;alpha;3;+;98;30;;
S032;790;alpha;1;-;99;47;;
S032;792;alpha;2;+;100;91;epsilon;
S032;793;alpha;1;-;101;22;;
S032;795;alpha;2;+;102;95;;
S032;795;epsilon;15;+;42;116;;
S032;800;alpha;5;-;103;66;;
S032;800;epsilon;5;-;43;22;;
S032;807;alpha;7;+;104;32;;
S032;807;epsilon;7;+;44;100;gamma;
S032;809;gamma;51;+;42;37;;
S032;809;beta;76;+;28;3;;
S032;810;gamma;1;-;43;117;;
S032;810;beta;1;-;29;31;;
S032;811;gamma;1;+;44;28;;
S032;814;gamma;3;-;45;29;;
S032;815;gamma;1;+;46;37;;
S032;816;beta;6;+;30;62;;
S032;832;alpha;25;-;105;50;;
S032;835;alpha;3;+;106;122;;
S032;840;alpha;5;-;107;82;;
S032;842;alpha;2;+;108;60;;
S032;843;alpha;1;-;109;93;;
S032;845;epsilon;38;-;45;5;;
S032;845;beta;29;-;31;6;;
S032;846;gamma;31;-;47;48;;
S032;847;gamma;1;+;48;100;gamma;
S032;847;beta;2;+;32;62;;
S032;848;gamma;1;-;49;112;;
S032;848;beta;1;-;33;113;;
S032;849;gamma;1;+;50;105;;
S032;850;gamma;1;-;51;35;;
S032;852;gamma;2;+;52;98;;
S032;853;beta;5;+;34;119;;
S032;854;alpha;11;+;110;40;;
S032;854;epsilon;9;+;46;59;alpha;
S032;871;alpha;17;-;111;80;;alpha
S032;871;epsilon;17;-;47;75;;alpha
S032;873;epsilon;2;+;48;117;;
S032;874;alpha;3;+;112;41;;
S032;876;alpha;2;-;113;31;;
S032;878;alpha;2;+;114;58;;
S032;881;alpha;3;-;115;75;;
S032;887;epsilon;14;-;49;30;;
S032;889;gamma;37;-;53;58;;
S032;889;beta;36;-;35;125;;epsilon
S032;890;beta;1;+;36;108;gamma;
S032;891;beta;1;-;37;65;;
S032;892;beta;1;+;38;16;;
S032;893;beta;1;-;39;34;;
S032;894;beta;1;+;40;87;;
S032;898;gamma;9;+;54;81;;
S032;900;gamma;2;-;55;50;;
S032;900;beta;6;-;41;114;;
S032;901;beta;1;+;42;125;;
S032;903;gamma;3;+;56;122;;
S032;904;alpha;23;+;116;30;;
S032;908;alpha;4;-;117;50;;
S032;908;gamma;5;-;57;82;;
S032;909;beta;8;-;43;115;;
S032;912;delta;400;-;13;62;;
S032;934;alpha;26;+;118;73;;
S032;936;alpha;2;-;119;97;;
S032;964;alpha;28;+;120;76;;
S032;966;alpha;2;-;121;0;;
S032;967;alpha;1;+;122;1;;
S032;968;alpha;1;-;123;11;;
S032;969;alpha;1;+;124;111;;
S032;971;alpha;2;-;125;96;;
S032;976;alpha;5;+;126;76;;
S032;979;alpha;3;-;127;1;;
S032;983;alpha;4;+;128;14;;
S032;988;epsilon;101;+;50;2;;
S032;1006;gamma;98;+;58;43;delta;
S032;1007;gamma;1;-;59;50;;
S032;1008;gamma;1;+;60;120;;
S032;1024;alpha;41;-;129;44;;
S032;1029;alpha;5;+;130;64;;
S032;1030;alpha;1;-;131;6;;
S032;1031;alpha;1;+;132;61;;
S032;1035;beta;126;+;44;64;;
S032;1040;alpha;9;-;133;111;;
S032;1040;epsilon;52;-;51;125;;
S032;1040;beta;5;-;45;10;;
S032;1041;epsilon;1;+;52;108;gamma;
S032;1043;alpha;3;+;134;97;;
S032;1043;beta;3;+;46;103;;
S032;1046;alpha;3;-;135;84;delta;
S032;1046;beta;3;-;47;17;alpha;
S032;1047;epsilon;6;-;53;70;;
S032;1048;alpha;2;+;136;80;;
S032;1048;epsilon;1;+;54;66;;
S032;1048;beta;2;+;48;45;;
S032;1059;delta;147;+;14;44;;
S032;1083;alpha;35;-;137;34;;
S032;1091;alpha;8;+;138;94;;
S032;1092;alpha;1;-;139;52;;
S032;1094;alpha;2;+;140;14;;
S032;1095;alpha;1;-;141;14;;
S032;1101;alpha;6;+;142;19;gamma;
S032;1126;alpha;25;-;143;20;beta;
S032;1127;alpha;1;+;144;74;;
S032;1143;alpha;16;-;145;50;;
S032;1148;epsilon;100;-;55;60;;gamma
S032;1149;epsilon;1;+;56;93;;
S032;1152;alpha;9;+;146;1;;
S032;1153;alpha;1;-;147;11;;
S032;1153;epsilon;4;-;57;45;;
S032;1154;epsilon;1;+;58;70;;
S032;1155;epsilon;1;-;59;66;;
S032;1158;epsilon;3;+;60;28;;
S032;1160;alpha;7;+;148;117;;
S032;1170;alpha;10;-;149;26;;
S032;1170;epsilon;12;-;61;18;epsilon;
S032;1171;gamma;163;-;61;21;delta;
S032;1172;gamma;1;+;62;84;delta;
S032;1173;gamma;1;-;63;79;;
S032;1176;gamma;3;+;64;31;;
S032;1184;gamma;8;-;65;64;;
S032;1200;alpha;30;+;150;90;;
S032;1200;epsilon;30;+;62;52;;
S032;1200;gamma;16;+;66;66;;
S032;1216;alpha;16;-;151;126;;
S032;1216;epsilon;16;-;63;9;;
S032;1216;gamma;16;-;67;12;;
S032;1218;beta;170;-;49;85;;
S032;1223;beta;5;+;50;93;;
S032;1224;beta;1;-;51;42;;
S032;1249;alpha;33;+;152;60;;
S032;1255;alpha;6;-;153;98;;
S032;1320;alpha;3;+;154;94;;
S032;1322;epsilon;44;+;64;55;;
S032;1323;gamma;45;+;68;102;;
S032;1324;gamma;1;-;69;5;;
S032;1333;gamma;9;+;70;59;alpha;
S032;1334;beta;48;+;52;57;;
S032;1368;alpha;48;-;155;50;;
S032;1369;alpha;1;+;156;120;;
S032;1371;alpha;2;-;157;59;alpha;
S032;1383;alpha;12;+;158;70;;
S032;1387;alpha;4;-;159;69;;
S032;1388;epsilon;66;-;65;105;;
S032;1389;epsilon;1;+;66;35;;
S032;1390;epsilon;1;-;67;97;;
S032;1395;alpha;8;+;160;63;;
S032;1396;epsilon;6;+;68;87;;
S032;1397;epsilon;1;-;69;109;epsilon;
S032;1398;epsilon;1;+;70;75;;
S032;1402;epsilon;4;-;71;119;;
S032;1404;alpha;9;-;161;4;;
S032;1405;alpha;1;+;162;41;;
S032;1405;epsilon;3;+;72;50;;
S032;1406;epsilon;1;-;73;120;;
S032;1407;epsilon;1;+;74;58;;
S032;1408;alpha;3;-;163;32;;
S032;1408;epsilon;1;-;75;73;;
S032;1412;alpha;4;+;164;70;;
S032;1413;epsilon;5;+;76;100;gamma;
S032;1414;epsilon;1;-;77;112;;
S032;1415;alpha;3;-;165;68;alpha;
S032;1424;gamma;91;-;71;22;;epsilon
S032;1424;beta;90;-;53;75;;
S032;1425;beta;1;+;54;116;;
S032;1429;beta;4;-;55;21;delta;
S032;1431;beta;2;+;56;85;;
S032;1432;beta;1;-;57;89;;
S033;1;gamma;1;-;1;1;;
S033;2;epsilon;2;-;1;2;;
S033;4;alpha;4;-;1;4;;
S033;5;alpha;1;+;2;41;;
S033;6;alpha;1;-;3;30;;
S033;6;beta;6;-;1;6;;
S033;8;alpha;2;+;4;48;;
S033;8;epsilon;6;+;2;26;;
S033;8;beta;2;+;2;62;;
S033;9;gamma;8;+;2;18;epsilon;
S033;10;gamma;1;-;3;54;;
S033;12;epsilon;4;-;3;10;;
S033;14;epsilon;2;+;4;102;;
S033;15;alpha;7;-;5;106;delta;
S033;15;epsilon;1;-;5;5;;
S033;15;beta;7;-;3;119;;
S033;21;delta;21;-;1;21;delta;delta
S033;22;delta;1;+;2;84;delta;
S033;28;alpha;13;+;6;72;;
S033;33;alpha;5;-;7;90;;
S033;37;delta;15;-;3;33;;
S033;39;delta;2;+;4;78;;
S033;43;delta;4;-;5;22;;
S033;44;delta;1;+;6;94;;
S033;46;alpha;13;+;8;123;;
S033;48;epsilon;33;+;6;25;;
S033;49;gamma;39;+;4;105;;
S033;50;gamma;1;-;5;35;;
S033;54;epsilon;6;-;7;2;;
S033;55;epsilon;1;+;8;21;delta;
S033;56;gamma;6;+;6;102;;
S033;58;gamma;2;-;7;6;;
S033;59;gamma;1;+;8;61;;
S033;60;beta;45;+;4;7;;
S033;85;alpha;39;-;9;20;beta;
S033;88;epsilon;33;-;9;101;;
S033;89;epsilon;1;+;10;122;;
S033;91;epsilon;2;-;11;79;;
S033;91;beta;31;-;5;96;;
S033;92;gamma;33;-;9;37;;
S033;93;gamma;1;+;10;117;;
S033;93;beta;2;+;6;73;;
S033;94;gamma;1;-;11;28;;
S033;94;beta;1;-;7;96;;
S033;94;delta;50;-;7;52;;
S033;111;alpha;26;+;10;121;;
S033;113;delta;19;+;8;12;;gamma
S033;115;delta;2;-;9;122;;
S033;116;alpha;5;-;11;72;;
S033;117;alpha;1;+;12;86;;
S033;118;alpha;1;-;13;99;;
S033;127;alpha;9;+;14;110;alpha;
S033;130;alpha;3;-;15;87;;
S033;167;alpha;37;+;16;101;;
S033;168;alpha;1;-;17;122;;
S033;169;alpha;1;+;18;78;;
S033;170;alpha;1;-;19;19;gamma;
S033;171;alpha;1;+;20;64;;
S033;172;epsilon;81;+;12;107;beta;
S033;175;epsilon;3;-;13;57;;
S033;179;epsilon;4;+;14;66;;
S033;193;gamma;99;+;12;105;;
S033;212;beta;118;+;8;106;delta;
S033;213;beta;1;-;9;45;;
S033;215;alpha;44;-;21;94;;
S033;216;epsilon;37;-;15;33;;
S033;216;gamma;23;-;13;109;epsilon;
S033;217;epsilon;1;+;16;77;;
S033;217;gamma;1;+;14;75;;
S033;221;alpha;6;+;22;57;;
S033;221;beta;8;+;10;77;;
S033;227;alpha;6;-;23;68;alpha;
S033;227;beta;6;-;11;14;;
S033;228;alpha;1;+;24;46;;
S033;229;beta;2;+;12;15;;
S033;235;delta;120;+;10;73;;
S033;261;alpha;33;-;25;61;;
S033;265;epsilon;48;-;17;1;;
S033;265;delta;30;-;11;91;epsilon;
S033;268;epsilon;3;+;18;13;;
S033;269;delta;4;+;12;25;;
S033;270;epsilon;2;-;19;5;;
S033;270;delta;1;-;13;124;;
S033;273;gamma;56;-;15;63;;
S033;275;gamma;2;+;16;124;;
S033;280;gamma;5;-;17;102;;
S033;288;alpha;27;+;26;31;;gamma
S033;288;gamma;8;+;18;12;;
S033;290;alpha;2;-;27;58;;
S033;290;gamma;2;-;19;122;;
S033;299;beta;70;-;13;46;;
S033;300;beta;1;+;14;80;;
S033;301;beta;1;-;15;39;;
S033;318;alpha;28;+;28;113;;
S033;320;alpha;2;-;29;116;;
S033;321;alpha;1;+;30;18;epsilon;
S033;322;alpha;1;-;31;54;;
S033;355;alpha;33;+;32;99;;
S033;358;alpha;3;-;33;104;;
S033;359;alpha;1;+;34;25;;
S033;360;alpha;1;-;35;124;;
S033;369;alpha;9;+;36;106;delta;
S033;370;alpha;1;-;37;45;;
S033;408;alpha;38;+;38;93;;
S033;410;alpha;2;-;39;43;delta;
S033;411;alpha;1;+;40;50;;
S033;421;alpha;10;-;41;57;;
S033;448;alpha;27;+;42;12;;gamma
S033;449;alpha;1;-;43;121;;
S033;454;alpha;5;+;44;72;;
S033;455;alpha;1;-;45;86;;
S033;464;alpha;9;+;46;107;beta;
S033;465;alpha;1;-;47;55;;
S033;466;alpha;1;+;48;43;delta;
S033;469;epsilon;199;+;20;119;;
S033;478;gamma;188;+;20;14;;
S033;479;gamma;1;-;21;14;;
S033;482;gamma;3;+;22;16;;
S033;484;gamma;2;-;23;35;;
S033;485;gamma;1;+;24;97;;
S033;486;gamma;1;-;25;82;;
S033;487;gamma;1;+;26;59;alpha;
S033;491;beta;190;+;16;74;;
S033;497;beta;6;-;17;111;;
S033;498;beta;1;+;18;95;;
S033;520;alpha;54;-;49;36;epsilon;
S033;521;alpha;1;+;50;107;beta;
S033;522;alpha;1;-;51;55;;
S033;535;epsilon;66;-;21;28;;
S033;536;epsilon;1;+;22;27;gamma;
S033;538;alpha;16;+;52;55;;
S033;563;delta;293;+;14;87;;
S033;564;delta;1;-;15;109;epsilon;
S033;565;delta;1;+;16;75;;
S033;585;alpha;47;-;53;86;;
S033;586;delta;21;-;17;28;;delta
S033;589;epsilon;53;-;23;86;;
S033;595;alpha;10;+;54;101;;
S033;595;epsilon;6;+;24;104;;
S033;595;delta;9;+;18;35;;
S033;628;alpha;33;-;55;100;gamma;
S033;630;epsilon;35;-;25;21;delta;
S033;634;epsilon;4;+;26;87;;
S033;636;alpha;8;+;56;119;;
S033;660;alpha;24;-;57;113;;
S033;665;alpha;5;+;58;119;;
S033;671;alpha;6;-;59;53;;
S033;674;epsilon;40;-;27;104;;
S033;675;epsilon;1;+;28;25;;
S033;677;epsilon;2;-;29;125;;
S033;678;gamma;191;-;27;9;;
S033;688;beta;190;-;19;67;;
S033;689;beta;1;+;20;36;epsilon;
S033;695;alpha;24;+;60;117;;
S033;698;alpha;3;-;61;30;;
S033;700;alpha;2;+;62;48;;
S033;701;alpha;1;-;63;100;gamma;
S033;702;alpha;1;+;64;112;;
S033;707;alpha;5;-;65;109;epsilon;
S033;707;beta;18;-;21;62;;epsilon
S033;714;alpha;7;+;66;81;;
S033;715;beta;8;+;22;120;;
S033;716;alpha;2;-;67;50;;
S033;716;beta;1;-;23;58;;
S033;717;alpha;1;+;68;120;;
S033;717;beta;1;+;24;73;;
S033;718;beta;1;-;25;96;;
S033;719;alpha;2;-;69;59;alpha;
S033;720;alpha;1;+;70;83;;
S033;720;epsilon;43;+;30;97;;delta
S033;720;beta;2;+;26;73;;
S033;724;gamma;46;+;28;57;;
S033;725;gamma;1;-;29;63;;
S033;726;gamma;1;+;30;123;;
S033;727;gamma;1;-;31;88;;
S033;729;gamma;2;+;32;120;;
S033;758;alpha;38;-;71;83;;
S033;774;epsilon;54;-;31;102;;
S033;775;epsilon;1;+;32;5;;
S033;776;epsilon;1;-;33;51;;
S033;783;alpha;25;+;72;70;;
S033;783;epsilon;7;+;34;9;;
S033;801;alpha;18;-;73;33;;epsilon
S033;801;epsilon;18;-;35;29;;epsilon
S033;808;alpha;7;+;74;83;;
S033;808;epsilon;7;+;36;43;delta;
S033;858;alpha;50;-;75;95;;
S033;863;epsilon;55;-;37;37;;
S033;865;epsilon;2;+;38;118;;
S033;872;epsilon;7;-;39;44;;
S033;877;epsilon;5;+;40;64;;
S033;878;alpha;20;+;76;122;;beta
S033;881;epsilon;4;-;41;9;;
S033;882;epsilon;1;+;42;91;epsilon;
S033;893;alpha;15;-;77;23;;
S033;893;epsilon;11;-;43;94;;
S033;897;alpha;4;+;78;107;beta;
S033;897;epsilon;4;+;44;55;;
S033;898;alpha;1;-;79;55;;
S033;899;epsilon;2;-;45;44;;
S033;900;alpha;2;+;80;44;;
S033;900;epsilon;1;+;46;60;;
S033;901;alpha;1;-;81;60;;
S033;901;epsilon;1;-;47;93;;
S033;905;gamma;176;-;33;34;;
S033;906;gamma;1;+;34;87;;
S033;909;gamma;3;-;35;111;;
S033;910;gamma;1;+;36;95;;
S033;915;gamma;5;-;37;66;;
S033;917;gamma;2;+;38;27;gamma;
S033;919;alpha;18;+;82;49;;epsilon
S033;919;epsilon;18;+;48;47;;epsilon
S033;920;epsilon;1;-;49;90;;
S033;921;epsilon;1;+;50;12;;
S033;922;alpha;3;-;83;112;;
S033;922;epsilon;1;-;51;121;;
S033;922;gamma;5;-;39;21;delta;
S033;928;beta;208;-;27;56;;
S033;938;alpha;16;+;84;40;;
S033;938;beta;10;+;28;22;;
S033;944;alpha;6;-;85;25;;
S033;944;beta;6;-;29;99;;
S033;955;alpha;11;+;86;98;;
S033;958;epsilon;36;+;52;71;;epsilon
S033;959;epsilon;1;-;53;76;;
S033;960;epsilon;1;+;54;126;;
S033;960;beta;16;+;30;10;;
S033;961;beta;1;-;31;101;;
S033;963;beta;2;+;32;123;;
S033;964;beta;1;-;33;88;;
S033;965;alpha;10;-;87;31;;
S033;965;epsilon;5;-;55;122;;
S033;972;alpha;7;+;88;63;;
S033;973;alpha;1;-;89;123;;
S033;974;alpha;1;+;90;88;;
S033;974;epsilon;9;+;56;86;;
S033;979;alpha;5;-;91;123;;
S033;979;epsilon;5;-;57;103;;
S033;1005;alpha;26;+;92;7;;
S033;1007;alpha;2;-;93;72;;
S033;1010;delta;415;-;19;109;epsilon;
S033;1048;alpha;41;+;94;2;;
S033;1061;alpha;13;-;95;86;;
S033;1076;alpha;15;+;96;106;delta;
S033;1076;epsilon;97;+;58;110;alpha;
S033;1078;alpha;2;-;97;46;;
S033;1078;epsilon;2;-;59;86;;
S033;1102;alpha;24;+;98;52;;
S033;1111;epsilon;33;+;60;124;;
S033;1118;epsilon;7;-;61;104;;
S033;1119;alpha;17;-;99;10;;alpha
S033;1148;alpha;29;+;100;13;;
S033;1155;alpha;7;-;101;10;;
S033;1156;alpha;1;+;102;101;;
S033;1162;epsilon;44;+;62;30;;
S033;1173;gamma;251;+;40;42;;
S033;1185;beta;221;+;34;83;;
S033;1188;beta;3;-;35;71;;
S033;1190;beta;2;+;36;77;;
S033;1228;alpha;72;-;103;12;;
S033;1232;epsilon;70;-;63;22;;
S033;1256;gamma;83;-;41;92;;
S033;1257;gamma;1;+;42;32;;
S033;1320;gamma;1;-;43;67;;
S033;1322;beta;70;-;37;23;;
S033;1325;beta;3;+;38;106;delta;
S033;1327;alpha;37;+;104;94;;
S033;1328;alpha;1;-;105;52;;
S033;1331;beta;6;-;39;50;;
S033;1346;alpha;18;+;106;11;;epsilon
S033;1346;beta;15;+;40;62;;
S033;1347;alpha;1;-;107;111;;
S033;1347;beta;1;-;41;113;;
S033;1348;alpha;1;+;108;95;;
S033;1348;beta;1;+;42;115;;
S033;1349;alpha;1;-;109;62;;
S033;1349;beta;1;-;43;8;;
S033;1395;alpha;46;+;110;23;;
S033;1396;alpha;1;-;111;104;;
S033;1402;alpha;6;+;112;30;;
S033;1403;alpha;1;-;113;47;;
S033;1404;alpha;1;+;114;90;;
S033;1406;alpha;2;-;115;13;;
S033;1407;alpha;1;+;116;4;;
S033;1415;alpha;8;-;117;48;;
S033;1419;alpha;4;+;118;103;;
S033;1420;epsilon;126;+;64;28;;
S033;1438;gamma;118;+;44;62;;
S034;1;gamma;1;+;1;1;;
S034;11;beta;11;+;1;11;;
S034;12;beta;1;-;2;111;;
S034;17;beta;5;+;3;99;;
S034;42;delta;42;+;1;42;;
S034;58;alpha;58;-;1;58;;
S034;59;delta;17;-;2;26;;alpha
S034;60;epsilon;60;-;1;60;;
S034;63;gamma;62;-;2;35;;
S034;63;beta;46;-;4;40;;
S034;72;gamma;9;+;3;105;;
S034;72;beta;9;+;5;28;;
S034;74;alpha;16;+;2;101;;
S034;77;epsilon;17;+;2;48;;alpha
S034;78;epsilon;1;-;3;100;gamma;
S034;84;alpha;10;-;3;77;;
S034;84;gamma;12;-;4;98;;
S034;89;alpha;5;+;4;13;;
S034;90;alpha;1;-;5;4;;
S034;91;beta;19;-;6;25;;gamma
S034;117;alpha;27;+;6;46;;gamma
S034;120;alpha;3;-;7;82;;
S034;121;alpha;1;+;8;59;alpha;
S034;123;alpha;2;-;9;84;delta;
S034;130;alpha;7;+;10;85;;
S034;132;epsilon;54;+;4;21;delta;
S034;135;beta;44;+;7;4;;
S034;139;beta;4;-;8;44;;
S034;141;beta;2;+;9;61;;
S034;142;beta;1;-;10;103;;
S034;146;gamma;62;+;5;83;;
S034;146;beta;4;+;11;18;epsilon;
S034;147;gamma;1;-;6;69;;
S034;148;beta;2;-;12;55;;
S034;150;gamma;3;+;7;58;;
S034;151;beta;3;+;13;45;;
S034;151;delta;92;+;3;25;;
S034;225;alpha;95;-;11;86;;
S034;232;epsilon;100;-;5;18;epsilon;gamma
S034;237;epsilon;5;+;6;58;;
S034;239;epsilon;2;-;7;74;;
S034;245;alpha;20;+;12;111;;beta
S034;245;epsilon;6;+;8;111;;
S034;247;epsilon;2;-;9;96;;
S034;250;epsilon;3;+;10;74;;
S034;314;alpha;69;-;13;120;;
S034;317;alpha;3;+;14;60;;
S034;323;alpha;6;-;15;98;;
S034;325;alpha;2;+;16;93;;
S034;327;alpha;2;-;17;43;delta;
S034;328;epsilon;78;-;11;112;;
S034;331;gamma;181;-;8;15;;
S034;332;gamma;1;+;9;24;;
S034;335;alpha;8;+;18;57;;
S034;335;epsilon;7;+;12;111;;
S034;360;alpha;25;-;19;10;;
S034;371;alpha;11;+;20;122;;
S034;381;alpha;10;-;21;18;epsilon;
S034;382;epsilon;47;-;13;98;;
S034;385;alpha;4;+;22;57;;
S034;385;epsilon;3;+;14;94;;
S034;392;alpha;7;-;23;69;;
S034;392;epsilon;7;-;15;58;;
S034;411;gamma;79;-;10;66;;
S034;416;alpha;24;+;24;66;;
S034;416;gamma;5;+;11;30;;
S034;417;epsilon;25;+;16;110;alpha;
S034;418;epsilon;1;-;17;85;;
S034;419;alpha;3;-;25;28;;
S034;420;gamma;4;-;12;50;;
S034;421;beta;270;-;14;58;;
S034;447;alpha;28;+;26;34;;
S034;452;epsilon;34;+;18;25;;
S034;457;beta;36;+;15;121;;epsilon
S034;458;gamma;38;+;13;85;;
S034;459;gamma;1;-;14;89;;
S034;459;beta;2;-;16;69;;
S034;462;epsilon;10;-;19;97;;
S034;463;alpha;16;-;27;114;;
S034;467;alpha;4;+;28;1;;
S034;467;epsilon;5;+;20;86;;
S034;468;alpha;1;-;29;11;;
S034;469;alpha;1;+;30;111;;
S034;471;alpha;2;-;31;96;;
S034;472;alpha;1;+;32;72;;
S034;473;alpha;1;-;33;86;;
S034;473;epsilon;6;-;21;104;;
S034;474;alpha;1;+;34;99;;
S034;474;epsilon;1;+;22;25;;
S034;475;gamma;16;+;15;26;;
S034;476;beta;17;+;17;59;alpha;alpha
S034;478;beta;2;-;18;84;delta;
S034;479;beta;1;+;19;79;;
S034;481;beta;2;-;20;30;;
S034;483;gamma;8;-;16;14;;
S034;484;alpha;10;-;35;4;;
S034;484;epsilon;10;-;23;97;;
S034;499;delta;348;-;4;75;;
S034;528;alpha;44;+;36;63;;
S034;536;epsilon;52;+;24;100;gamma;
S034;538;epsilon;2;-;25;113;;
S034;539;epsilon;1;+;26;115;;
S034;540;epsilon;1;-;27;8;;
S034;542;alpha;14;-;37;91;epsilon;
S034;555;epsilon;15;+;28;53;;
S034;556;epsilon;1;-;29;23;;
S034;569;alpha;27;+;38;110;alpha;gamma
S034;570;epsilon;14;+;30;28;;
S034;574;epsilon;4;-;31;30;;
S034;575;epsilon;1;+;32;47;;
S034;576;alpha;7;-;39;91;epsilon;
S034;576;epsilon;1;-;33;90;;
S034;577;alpha;1;+;40;22;;
S034;578;epsilon;2;+;34;13;;
S034;582;epsilon;4;-;35;7;;
S034;583;epsilon;1;+;36;71;;
S034;584;epsilon;1;-;37;76;;
S034;585;epsilon;1;+;38;126;;
S034;587;epsilon;2;-;39;119;;
S034;588;alpha;11;-;41;52;;
S034;595;epsilon;8;+;40;55;;
S034;596;alpha;8;+;42;20;beta;
S034;599;gamma;116;+;17;19;gamma;
S034;601;alpha;5;-;43;78;;
S034;601;gamma;2;-;18;65;;
S034;602;epsilon;7;-;41;49;;
S034;604;alpha;3;+;44;21;delta;
S034;604;epsilon;2;+;42;111;;
S034;604;gamma;3;+;19;18;epsilon;
S034;605;gamma;1;-;20;54;;
S034;606;alpha;2;-;45;85;;
S034;606;epsilon;2;-;43;96;;
S034;612;alpha;6;+;46;94;;
S034;612;epsilon;6;+;44;77;;
S034;613;alpha;1;-;47;52;;
S034;613;epsilon;1;-;45;9;;
S034;654;alpha;41;+;48;34;;
S034;665;alpha;11;-;49;109;epsilon;
S034;673;alpha;8;+;50;82;;
S034;674;alpha;1;-;51;59;alpha;
S034;678;alpha;4;+;52;86;;
S034;679;epsilon;66;+;46;77;;
S034;683;epsilon;4;-;47;12;;
S034;684;alpha;6;-;53;104;;
S034;686;alpha;2;+;54;26;;
S034;686;epsilon;3;+;48;123;;
S034;698;alpha;12;-;55;72;;
S034;699;alpha;1;+;56;86;;
S034;703;alpha;4;-;57;102;;
S034;704;alpha;1;+;58;5;;
S034;706;gamma;101;+;21;126;;
S034;707;gamma;1;-;22;118;;
S034;709;gamma;2;+;23;39;;
S034;712;alpha;8;-;59;58;;
S034;712;gamma;3;-;24;12;;
S034;713;epsilon;27;-;49;8;;gamma
S034;716;epsilon;3;+;50;83;;
S034;717;alpha;5;+;60;77;;
S034;717;gamma;5;+;25;125;;
S034;724;alpha;7;-;61;15;;
S034;725;epsilon;9;-;51;77;;
S034;725;gamma;8;-;26;115;;
S034;731;alpha;7;+;62;30;;
S034;731;epsilon;6;+;52;14;;
S034;731;gamma;6;+;27;13;;
S034;734;alpha;3;-;63;49;;
S034;734;epsilon;3;-;53;16;;
S034;735;alpha;1;+;64;110;alpha;
S034;735;epsilon;1;+;54;34;;
S034;735;beta;254;+;21;28;;
S034;744;beta;9;-;22;35;;
S034;745;alpha;10;-;65;88;;
S034;745;epsilon;10;-;55;108;gamma;
S034;746;gamma;15;-;28;45;;
S034;749;alpha;4;+;66;122;;
S034;749;epsilon;4;+;56;68;alpha;
S034;749;gamma;3;+;29;72;;
S034;750;alpha;1;-;67;78;;
S034;750;epsilon;1;-;57;46;;
S034;750;gamma;1;-;30;86;;
S034;751;alpha;1;+;68;19;gamma;
S034;751;epsilon;1;+;58;80;;
S034;751;gamma;1;+;31;99;;
S034;751;beta;7;+;23;103;;
S034;758;alpha;7;-;69;70;;
S034;759;epsilon;8;-;59;46;;
S034;759;beta;8;-;24;22;;
S034;760;alpha;2;+;70;67;;
S034;760;epsilon;1;+;60;80;;
S034;760;beta;1;+;25;94;;
S034;761;alpha;1;-;71;36;epsilon;
S034;761;epsilon;1;-;61;39;;
S034;761;beta;1;-;26;52;;
S034;762;gamma;11;-;32;5;;
S034;763;gamma;1;+;33;51;;
S034;766;epsilon;5;+;62;14;;
S034;766;beta;5;+;27;17;alpha;
S034;767;alpha;6;+;72;112;;
S034;787;alpha;20;-;73;44;;beta
S034;787;epsilon;21;-;63;24;;delta
S034;788;gamma;25;-;34;45;;
S034;789;epsilon;2;+;64;115;;
S034;789;gamma;1;+;35;70;;
S034;790;alpha;3;+;74;62;;
S034;792;alpha;2;-;75;114;;
S034;793;epsilon;4;-;65;11;;
S034;794;gamma;5;-;36;70;;
S034;795;gamma;1;+;37;66;;
S034;799;epsilon;6;+;66;116;;
S034;800;epsilon;1;-;67;18;epsilon;
S034;801;gamma;6;-;38;31;;
S034;801;beta;35;-;28;84;delta;
S034;807;gamma;6;+;39;62;;
S034;807;beta;6;+;29;84;delta;
S034;808;gamma;1;-;40;113;;
S034;809;beta;2;-;30;80;;
S034;814;alpha;22;+;76;119;;
S034;814;gamma;6;+;41;120;;
S034;814;beta;5;+;31;43;delta;
S034;815;alpha;1;-;77;48;;
S034;815;gamma;1;-;42;58;;
S034;815;beta;1;-;32;50;;
S034;847;alpha;32;+;78;6;;
S034;858;epsilon;58;+;68;80;;
S034;863;epsilon;5;-;69;43;delta;
S034;864;epsilon;1;+;70;50;;
S034;870;alpha;23;-;79;115;;
S034;872;epsilon;8;-;71;0;;
S034;890;alpha;20;+;80;90;;beta
S034;890;epsilon;18;+;72;18;epsilon;epsilon
S034;891;alpha;1;-;81;12;;
S034;891;epsilon;1;-;73;54;;
S034;892;alpha;1;+;82;121;;
S034;892;epsilon;1;+;74;33;;
S034;895;epsilon;3;-;75;79;;
S034;896;epsilon;1;+;76;29;;
S034;899;epsilon;3;-;77;39;;
S034;900;epsilon;1;+;78;10;;
S034;906;gamma;91;+;43;49;;epsilon
S034;911;beta;96;+;33;16;;
S034;915;beta;4;-;34;37;;
S034;919;alpha;27;-;83;62;;gamma
S034;925;alpha;6;+;84;118;;
S034;926;alpha;1;-;85;38;;
S034;933;epsilon;33;-;79;17;alpha;
S034;934;gamma;28;-;44;102;;
S034;935;gamma;1;+;45;5;;
S034;936;gamma;1;-;46;51;;
S034;937;gamma;1;+;47;3;;
S034;938;gamma;1;-;48;31;;
S034;993;alpha;67;+;86;57;;
S034;997;epsilon;64;+;80;113;;
S034;1019;alpha;26;-;87;11;;
S034;1020;alpha;1;+;88;111;;
S034;1024;gamma;86;+;49;11;;
S034;1025;gamma;1;-;50;111;;
S034;1028;gamma;3;+;51;97;;
S034;1034;beta;119;+;35;35;;
S034;1036;beta;2;-;36;98;;
S034;1044;alpha;24;-;89;75;;
S034;1045;alpha;1;+;90;116;;
S034;1046;beta;10;+;37;31;;
S034;1047;beta;1;-;38;57;;
S034;1048;beta;1;+;39;63;;
S034;1056;alpha;11;-;91;54;;
S034;1056;beta;8;-;40;3;;
S034;1057;beta;1;+;41;31;;
S034;1058;alpha;2;+;92;34;;
S034;1060;alpha;2;-;93;88;;
S034;1061;beta;4;-;42;60;;
S034;1062;alpha;2;+;94;120;;
S034;1062;beta;1;+;43;93;;
S034;1063;alpha;1;-;95;58;;
S034;1064;beta;2;-;44;43;delta;
S034;1065;epsilon;68;-;81;65;;alpha
S034;1069;alpha;6;+;96;78;;
S034;1069;epsilon;4;+;82;19;gamma;
S034;1069;beta;5;+;45;54;;
S034;1071;alpha;2;-;97;20;beta;
S034;1072;alpha;1;+;98;74;;
S034;1081;alpha;9;-;99;114;;
S034;1083;epsilon;14;-;83;9;;
S034;1096;alpha;15;+;100;112;;
S034;1096;epsilon;13;+;84;24;;
S034;1098;alpha;2;-;101;106;delta;
S034;1098;epsilon;2;-;85;115;;
S034;1099;alpha;1;+;102;45;;
S034;1099;epsilon;1;+;86;8;;
S034;1100;epsilon;1;-;87;81;;
S034;1101;alpha;2;-;103;71;;
S034;1102;alpha;1;+;104;76;;
S034;1102;epsilon;2;+;88;50;;
S034;1110;alpha;8;-;105;6;;
S034;1110;epsilon;8;-;89;0;;
S034;1113;gamma;85;-;52;6;;
S034;1115;gamma;2;+;53;62;;
S034;1116;gamma;1;-;54;113;;
S034;1119;gamma;3;+;55;117;;
S034;1120;gamma;1;-;56;28;;
S034;1121;epsilon;11;+;90;11;;
S034;1121;gamma;1;+;57;27;gamma;
S034;1122;alpha;12;+;106;104;;
S034;1123;alpha;1;-;107;25;;
S034;1123;epsilon;2;-;91;112;;
S034;1126;alpha;3;+;108;126;;
S034;1126;epsilon;3;+;92;107;beta;
S034;1143;alpha;17;-;109;44;;alpha
S034;1144;epsilon;18;-;93;50;;epsilon
S034;1146;gamma;25;-;58;58;;
S034;1147;gamma;1;+;59;73;;
S034;1148;gamma;1;-;60;96;;
S034;1151;gamma;3;+;61;74;;
S034;1152;gamma;1;-;62;106;delta;
S034;1156;beta;87;-;46;26;;
S034;1182;alpha;39;+;110;121;;
S034;1183;alpha;1;-;111;68;alpha;
S034;1184;alpha;1;+;112;46;;
S034;1188;alpha;4;-;113;83;;
S034;1189;alpha;1;+;114;69;;
S034;1194;epsilon;50;+;94;97;;
S034;1195;epsilon;1;-;95;82;;
S034;1196;epsilon;1;+;96;59;alpha;
S034;1198;epsilon;2;-;97;84;delta;
S034;1199;alpha;10;-;115;52;;
S034;1200;alpha;1;+;116;13;;
S034;1200;epsilon;2;+;98;80;;
S034;1201;alpha;1;-;117;4;;
S034;1201;epsilon;1;-;99;39;;
S034;1221;alpha;20;+;118;39;;beta
S034;1221;epsilon;20;+;100;110;alpha;beta
S034;1222;epsilon;1;-;101;85;;
S034;1223;epsilon;1;+;102;89;;
S034;1224;epsilon;1;-;103;2;;
S034;1228;epsilon;4;+;104;24;;
S034;1231;gamma;79;+;63;11;;
S034;1235;beta;79;+;47;12;;
S034;1243;delta;744;+;5;52;;
S034;1320;alpha;37;-;119;0;;
S034;1323;delta;18;-;6;11;;epsilon
S034;1324;alpha;4;+;120;4;;
S034;1324;delta;1;+;7;111;;
S034;1326;alpha;2;-;121;42;;
S034;1330;delta;6;-;8;100;gamma;
S034;1333;epsilon;43;-;105;30;;delta
S034;1336;beta;39;-;48;96;;
S034;1337;beta;1;+;49;72;;
S034;1339;beta;2;-;50;87;;
S034;1340;beta;1;+;51;109;epsilon;
S034;1356;gamma;63;-;64;20;beta;
S034;1356;beta;16;-;52;121;;
S034;1377;alpha;51;+;122;60;;
S034;1377;beta;21;+;53;56;;delta
S034;1380;alpha;3;-;123;95;;
S034;1380;beta;3;-;54;55;;
S034;1388;alpha;8;+;124;69;;
S034;1389;beta;9;+;55;51;;
S034;1390;epsilon;57;+;106;9;;
S034;1391;gamma;35;+;65;3;;
S034;1393;delta;63;+;9;30;;
S034;1394;delta;1;-;10;47;;
S034;1395;delta;1;+;11;90;;
S034;1419;alpha;31;-;125;73;;
S034;1422;alpha;3;+;126;98;;
S034;1423;alpha;1;-;127;92;;
S034;1425;epsilon;35;-;107;46;;
S034;1425;gamma;34;-;66;80;;
S034;1425;beta;36;-;56;56;;epsilon
S034;1425;delta;30;-;12;13;;
S034;1430;epsilon;5;+;108;84;delta;
S034;1430;gamma;5;+;67;43;delta;
S034;1430;beta;5;+;57;57;;
S034;1430;delta;5;+;13;8;;
S034;1431;epsilon;1;-;109;79;;
S034;1431;gamma;1;-;68;50;;
S034;1431;beta;1;-;58;63;;
S034;1431;delta;1;-;14;81;;
S034;1433;epsilon;2;+;110;30;;
S034;1433;gamma;2;+;69;121;;
S034;1433;beta;2;+;59;124;;
S034;1433;delta;2;+;15;50;;
S034;1434;epsilon;1;-;111;47;;
S034;1435;epsilon;1;+;112;90;;
S034;1437;epsilon;2;-;113;13;;
S034;1438;alpha;15;+;128;71;;
S034;1438;epsilon;1;+;114;4;;
S035;23;alpha;23;-;1;23;;
S035;25;alpha;2;+;2;105;;
S035;52;alpha;27;-;3;113;;gamma
S035;54;alpha;2;+;4;116;;
S035;55;alpha;1;-;5;18;epsilon;
S035;57;alpha;2;+;6;55;;
S035;58;alpha;1;-;7;43;delta;
S035;62;epsilon;62;-;1;62;;
S035;70;alpha;12;+;8;121;;
S035;70;epsilon;8;+;2;120;;
S035;80;alpha;10;-;9;45;;
S035;80;epsilon;10;-;3;72;;
S035;81;alpha;1;+;10;70;;
S035;81;epsilon;1;+;4;86;;
S035;86;epsilon;5;-;5;103;;
S035;88;epsilon;2;+;6;16;;
S035;116;alpha;35;-;11;50;;
S035;119;alpha;3;+;12;122;;
S035;124;alpha;5;-;13;82;;
S035;129;epsilon;41;-;7;117;;
S035;134;alpha;10;+;14;82;;
S035;134;epsilon;5;+;8;32;;
S035;205;alpha;71;-;15;16;;
S035;206;alpha;1;+;16;34;;
S035;208;alpha;2;-;17;88;;
S035;210;epsilon;76;-;9;101;;
S035;229;alpha;21;+;18;58;;delta
S035;231;alpha;2;-;19;74;;
S035;232;alpha;1;+;20;106;delta;
S035;234;epsilon;24;+;10;91;epsilon;
S035;241;epsilon;7;-;11;28;;
S035;242;epsilon;1;+;12;27;gamma;
S035;250;alpha;18;-;21;77;;epsilon
S035;250;epsilon;8;-;13;24;;
S035;251;alpha;1;+;22;9;;
S035;251;epsilon;1;+;14;114;;
S035;253;alpha;2;-;23;92;;
S035;253;epsilon;2;-;15;126;;
S035;254;gamma;254;-;1;0;;
S035;258;gamma;4;+;2;4;;
S035;259;gamma;1;-;3;41;;
S035;260;alpha;7;+;24;38;;
S035;260;epsilon;7;+;16;124;;
S035;260;gamma;1;+;4;30;;
S035;261;alpha;1;-;25;0;;
S035;261;epsilon;1;-;17;98;;
S035;261;gamma;1;-;5;47;;
S035;262;alpha;1;+;26;1;;
S035;262;epsilon;1;+;18;92;;
S035;262;gamma;1;+;6;90;;
S035;263;alpha;1;-;27;11;;
S035;263;epsilon;1;-;19;32;;
S035;263;gamma;1;-;7;12;;
S035;267;beta;267;-;1;13;;
S035;285;alpha;22;+;28;106;delta;
S035;289;epsilon;26;+;20;51;;
S035;289;gamma;26;+;8;83;;
S035;289;beta;22;+;2;52;;
S035;291;gamma;2;-;9;70;;
S035;294;epsilon;5;-;21;7;;
S035;294;beta;5;-;3;17;alpha;
S035;297;alpha;12;-;29;71;;
S035;298;alpha;1;+;30;76;;
S035;299;alpha;1;-;31;126;;
S035;322;alpha;23;+;32;50;;
S035;323;alpha;1;-;33;120;;
S035;326;alpha;3;+;34;60;;
S035;331;epsilon;37;+;22;102;;
S035;332;epsilon;1;-;23;5;;
S035;333;epsilon;1;+;24;51;;
S035;335;alpha;9;-;35;101;;
S035;335;epsilon;2;-;25;4;;
S035;336;alpha;1;+;36;122;;
S035;337;epsilon;2;+;26;42;;
S035;338;gamma;47;+;10;62;;
S035;339;gamma;1;-;11;113;;
S035;340;gamma;1;+;12;115;;
S035;344;beta;50;+;4;99;;
S035;364;alpha;28;-;37;36;epsilon;
S035;364;beta;20;-;5;14;;beta
S035;365;epsilon;28;-;27;37;;
S035;365;gamma;25;-;13;95;;
S035;377;delta;377;-;1;123;;
S035;381;delta;4;+;2;91;epsilon;
S035;387;delta;6;-;3;27;gamma;
S035;388;delta;1;+;4;17;alpha;
S035;390;alpha;26;+;38;70;;
S035;391;alpha;1;-;39;66;;
S035;392;alpha;1;+;40;26;;
S035;393;gamma;28;+;14;3;;
S035;394;epsilon;29;+;28;46;;
S035;394;beta;30;+;6;33;;
S035;395;beta;1;-;7;77;;
S035;398;beta;3;+;8;11;;
S035;405;beta;7;-;9;117;;
S035;406;epsilon;12;-;29;40;;
S035;406;gamma;13;-;15;59;alpha;
S035;407;epsilon;1;+;30;20;beta;
S035;407;gamma;1;+;16;83;;
S035;408;beta;3;+;10;30;;
S035;417;alpha;25;-;41;85;;
S035;418;alpha;1;+;42;89;;
S035;429;alpha;11;-;43;21;delta;
S035;430;alpha;1;+;44;84;delta;
S035;435;alpha;5;-;45;83;;
S035;436;alpha;1;+;46;69;;
S035;437;alpha;1;-;47;56;;
S035;438;alpha;1;+;48;53;;
S035;439;alpha;1;-;49;23;;
S035;440;alpha;1;+;50;104;;
S035;468;alpha;28;-;51;14;;
S035;469;alpha;1;+;52;14;;
S035;478;alpha;9;-;53;22;;
S035;479;alpha;1;+;54;94;;
S035;499;alpha;20;-;55;22;;beta
S035;500;alpha;1;+;56;94;;
S035;520;alpha;20;-;57;22;;beta
S035;521;alpha;1;+;58;94;;
S035;526;alpha;5;-;59;56;;
S035;534;alpha;8;+;60;60;;
S035;535;alpha;1;-;61;93;;
S035;536;epsilon;129;-;31;63;;
S035;544;alpha;9;+;62;50;;
S035;544;epsilon;8;+;32;3;;
S035;546;alpha;2;-;63;121;;
S035;546;epsilon;2;-;33;32;;
S035;547;alpha;1;+;64;68;alpha;
S035;547;epsilon;1;+;34;67;;
S035;584;alpha;37;-;65;106;delta;
S035;585;alpha;1;+;66;45;;
S035;586;alpha;1;-;67;70;;
S035;589;epsilon;42;-;35;11;;
S035;597;epsilon;8;+;36;118;;
S035;599;epsilon;2;-;37;39;;
S035;600;alpha;14;+;68;29;;
S035;600;epsilon;1;+;38;10;;
S035;601;alpha;1;-;69;37;;
S035;601;epsilon;1;-;39;101;;
S035;607;gamma;200;-;17;15;;
S035;608;gamma;1;+;18;24;;
S035;609;gamma;1;-;19;114;;
S035;611;gamma;2;+;20;126;;
S035;613;alpha;12;+;70;29;;
S035;617;epsilon;16;+;40;83;;
S035;623;epsilon;6;-;41;74;;
S035;624;epsilon;1;+;42;106;delta;
S035;630;alpha;17;-;71;123;;alpha
S035;630;epsilon;6;-;43;50;;
S035;636;gamma;25;-;21;52;;
S035;637;alpha;7;+;72;94;;
S035;637;epsilon;7;+;44;126;;
S035;637;gamma;1;+;22;13;;
S035;642;alpha;5;-;73;56;;
S035;645;epsilon;8;-;45;125;;
S035;645;gamma;8;-;23;11;;
S035;652;epsilon;7;+;46;114;;
S035;653;alpha;11;+;74;23;;
S035;653;gamma;8;+;24;118;;
S035;654;gamma;1;-;25;38;;
S035;655;gamma;1;+;26;0;;
S035;656;alpha;3;-;75;106;delta;
S035;656;epsilon;4;-;47;1;;
S035;656;gamma;1;-;27;1;;
S035;657;alpha;1;+;76;45;;
S035;657;epsilon;1;+;48;11;;
S035;657;gamma;1;+;28;11;;
S035;658;gamma;1;-;29;111;;
S035;659;gamma;1;+;30;95;;
S035;664;alpha;7;-;77;76;;
S035;664;epsilon;7;-;49;117;;
S035;664;gamma;5;-;31;66;;
S035;665;alpha;1;+;78;126;;
S035;665;epsilon;1;+;50;28;;
S035;665;gamma;1;+;32;26;;
S035;666;epsilon;1;-;51;27;gamma;
S035;666;gamma;1;-;33;7;;
S035;667;alpha;2;-;79;119;;
S035;667;beta;259;-;11;33;;
S035;675;beta;8;+;12;84;delta;
S035;677;beta;2;-;13;80;;
S035;690;alpha;23;+;80;112;;
S035;691;epsilon;25;+;52;58;;
S035;691;gamma;25;+;34;90;;
S035;691;beta;14;+;14;13;;
S035;714;alpha;24;-;81;48;;
S035;716;beta;25;-;15;55;;
S035;717;beta;1;+;16;43;delta;
S035;720;alpha;6;+;82;105;;
S035;722;alpha;2;-;83;36;epsilon;
S035;722;beta;5;-;17;54;;
S035;723;epsilon;32;-;53;117;;
S035;723;gamma;32;-;35;15;;
S035;740;alpha;18;+;84;62;;epsilon
S035;740;epsilon;17;+;54;33;;alpha
S035;740;gamma;17;+;36;120;;alpha
S035;740;beta;18;+;18;84;delta;epsilon
S035;773;alpha;33;-;85;10;;
S035;774;alpha;1;+;86;101;;
S035;801;alpha;27;-;87;94;;gamma
S035;802;epsilon;62;-;55;60;;
S035;807;epsilon;5;+;56;97;;
S035;808;epsilon;1;-;57;82;;
S035;810;epsilon;2;+;58;60;;
S035;811;alpha;10;+;88;12;;
S035;836;alpha;25;-;89;82;;
S035;838;alpha;2;+;90;60;;
S035;841;alpha;3;-;91;95;;
S035;847;alpha;6;+;92;67;;
S035;851;alpha;4;-;93;39;;
S035;854;epsilon;44;-;59;75;;
S035;862;gamma;122;-;37;107;beta;
S035;863;gamma;1;+;38;55;;
S035;865;gamma;2;-;39;44;;
S035;875;beta;135;-;19;61;;
S035;878;beta;3;+;20;105;;
S035;879;beta;1;-;21;35;;
S035;910;alpha;59;+;94;22;;alpha
S035;914;alpha;4;-;95;97;;
S035;917;alpha;3;+;96;84;delta;
S035;917;epsilon;63;+;60;70;;
S035;918;epsilon;1;-;61;66;;
S035;920;epsilon;2;+;62;27;gamma;
S035;921;epsilon;1;-;63;17;alpha;
S035;922;epsilon;1;+;64;44;;
S035;933;gamma;68;+;40;23;;alpha
S035;934;gamma;1;-;41;104;;
S035;940;alpha;23;-;97;41;;
S035;942;alpha;2;+;98;31;;
S035;944;alpha;2;-;99;58;;
S035;947;alpha;3;+;100;75;;
S035;948;alpha;1;-;101;116;;
S035;949;alpha;1;+;102;18;epsilon;
S035;950;alpha;1;-;103;54;;
S035;951;epsilon;29;-;65;111;;
S035;965;alpha;15;+;104;81;;
S035;965;epsilon;14;+;66;65;;
S035;966;gamma;32;+;42;18;epsilon;
S035;968;epsilon;3;-;67;18;epsilon;
S035;968;gamma;2;-;43;55;;
S035;969;alpha;4;-;105;52;;
S035;975;alpha;6;+;106;18;epsilon;
S035;977;alpha;2;-;107;55;;
S035;986;delta;598;-;5;72;;
S035;999;alpha;22;+;108;61;;
S035;1000;delta;14;+;6;102;;
S035;1001;epsilon;33;+;68;55;;
S035;1001;gamma;33;+;44;72;;
S035;1003;beta;124;+;22;72;;
S035;1004;beta;1;-;23;86;;
S035;1010;gamma;9;-;45;94;;
S035;1014;gamma;4;+;46;55;;
S035;1015;beta;11;+;24;102;;
S035;1018;beta;3;-;25;7;;
S035;1019;beta;1;+;26;71;;
S035;1020;beta;1;-;27;76;;
S035;1021;alpha;22;-;109;26;;
S035;1021;gamma;7;-;47;49;;
S035;1023;alpha;2;+;110;8;;
S035;1023;gamma;2;+;48;111;;
S035;1024;beta;4;+;28;2;;
S035;1025;alpha;2;-;111;82;;
S035;1025;gamma;2;-;49;96;;
S035;1025;beta;1;-;29;21;delta;
S035;1026;alpha;1;+;112;59;alpha;
S035;1026;gamma;1;+;50;72;;
S035;1026;beta;1;+;30;84;delta;
S035;1034;alpha;8;-;113;90;;
S035;1034;epsilon;33;-;69;72;;
S035;1034;gamma;8;-;51;93;;
S035;1034;beta;8;-;31;86;;
S035;1035;delta;35;-;7;75;;
S035;1084;alpha;50;+;114;33;;
S035;1090;epsilon;56;+;70;17;alpha;
S035;1104;alpha;20;-;115;18;epsilon;beta
S035;1104;epsilon;14;-;71;63;;
S035;1105;epsilon;1;+;72;123;;
S035;1106;alpha;2;+;116;55;;
S035;1109;alpha;3;-;117;45;;
S035;1112;alpha;3;+;118;72;;
S035;1115;gamma;81;+;52;110;alpha;
S035;1116;gamma;1;-;53;85;;
S035;1117;alpha;5;-;119;90;;
S035;1124;alpha;7;+;120;18;epsilon;
S035;1125;gamma;9;+;54;97;;
S035;1128;gamma;3;-;55;84;delta;
S035;1130;alpha;6;-;121;59;alpha;
S035;1130;epsilon;25;-;73;6;;
S035;1132;alpha;2;+;122;84;delta;
S035;1132;epsilon;2;+;74;62;;
S035;1133;alpha;1;-;123;79;;
S035;1133;epsilon;1;-;75;113;;
S035;1134;epsilon;1;+;76;115;;
S035;1135;epsilon;1;-;77;8;;
S035;1137;alpha;4;+;124;32;;
S035;1137;epsilon;2;+;78;82;;
S035;1137;gamma;9;+;56;87;;
S035;1138;alpha;1;-;125;67;;
S035;1138;epsilon;1;-;79;59;alpha;
S035;1138;gamma;1;-;57;109;epsilon;
S035;1141;alpha;3;+;126;38;;
S035;1141;epsilon;3;+;80;85;;
S035;1141;gamma;3;+;58;77;;
S035;1151;beta;117;+;32;11;;
S035;1159;beta;8;-;33;118;;
S035;1160;beta;1;+;34;38;;
S035;1161;alpha;20;-;127;10;;beta
S035;1161;beta;1;-;35;0;;
S035;1162;alpha;1;+;128;101;;
S035;1163;alpha;1;-;129;122;;
S035;1166;epsilon;25;-;81;16;;
S035;1169;gamma;28;-;59;108;gamma;
S035;1170;gamma;1;+;60;65;;
S035;1171;epsilon;5;+;82;38;;
S035;1171;beta;10;+;36;10;;
S035;1172;beta;1;-;37;101;;
S035;1173;epsilon;2;-;83;1;;
S035;1174;gamma;4;-;61;19;gamma;
S035;1179;gamma;5;+;62;68;alpha;
S035;1181;gamma;2;-;63;47;;
S035;1192;alpha;29;+;130;37;;
S035;1193;alpha;1;-;131;117;;
S035;1194;alpha;1;+;132;28;;
S035;1197;alpha;3;-;133;29;;
S035;1199;alpha;2;+;134;38;;
S035;1202;epsilon;29;+;84;2;;
S035;1202;gamma;21;+;64;22;;delta
S035;1202;beta;30;+;38;97;;
S035;1223;alpha;24;-;135;14;;
S035;1224;alpha;1;+;136;14;;
S035;1229;alpha;5;-;137;18;epsilon;
S035;1233;epsilon;31;-;85;104;;
S035;1233;gamma;31;-;65;72;;
S035;1233;beta;31;-;39;79;;
S035;1253;alpha;24;+;138;46;;
S035;1253;epsilon;20;+;86;6;;beta
S035;1253;gamma;20;+;66;108;gamma;beta
S035;1253;beta;20;+;40;46;;beta
S035;1255;delta;220;+;8;36;epsilon;
S036;10;alpha;10;+;1;10;;
S036;12;epsilon;12;+;1;12;;
S036;14;epsilon;2;-;2;122;;
S036;16;epsilon;2;+;3;79;;
S036;20;gamma;20;+;1;20;beta;beta
S036;24;beta;24;+;1;24;;
S036;30;gamma;10;-;2;105;;
S036;30;beta;6;-;2;119;;
S036;31;gamma;1;+;3;35;;
S036;31;beta;1;+;3;48;;
S036;59;delta;59;+;1;59;alpha;alpha
S036;61;alpha;51;-;2;35;;
S036;61;delta;2;-;2;84;delta;
S036;62;alpha;1;+;3;97;;
S036;65;alpha;3;-;4;84;delta;
S036;71;alpha;6;+;5;84;delta;
S036;72;delta;11;+;3;29;;
S036;94;alpha;23;-;6;41;;
S036;96;epsilon;80;-;4;106;delta;
S036;97;epsilon;1;+;5;45;;
S036;101;alpha;7;+;7;36;epsilon;
S036;107;alpha;6;-;8;112;;
S036;111;epsilon;14;-;6;69;;
S036;113;alpha;6;+;9;110;alpha;
S036;113;epsilon;2;+;7;57;;
S036;115;alpha;2;-;10;86;;
S036;115;epsilon;2;-;8;64;;
S036;120;gamma;89;-;4;33;;
S036;120;delta;48;-;4;27;gamma;
S036;127;delta;7;+;5;23;;
S036;128;gamma;8;+;5;84;delta;
S036;130;alpha;15;+;11;106;delta;
S036;135;epsilon;20;+;9;70;;beta
S036;136;epsilon;1;-;10;66;;
S036;138;alpha;8;-;12;52;;
S036;138;gamma;10;-;6;28;;
S036;139;delta;12;-;6;26;;
S036;142;alpha;4;+;13;16;;
S036;142;delta;3;+;7;9;;
S036;144;gamma;6;+;7;32;;
S036;145;gamma;1;-;8;67;;
S036;146;epsilon;10;+;11;6;;
S036;146;gamma;1;+;9;36;epsilon;
S036;147;alpha;5;-;14;38;;
S036;147;epsilon;1;-;12;61;;
S036;147;gamma;1;-;10;107;beta;
S036;147;delta;5;-;8;95;;
S036;148;delta;1;+;9;62;;
S036;150;delta;2;-;10;114;;
S036;151;alpha;4;+;15;3;;
S036;151;delta;1;+;11;125;;
S036;152;epsilon;5;+;13;107;beta;
S036;152;gamma;5;+;11;59;alpha;
S036;153;epsilon;1;-;14;55;;
S036;153;gamma;1;-;12;83;;
S036;155;epsilon;2;+;15;44;;
S036;155;gamma;2;+;13;70;;
S036;158;gamma;3;-;14;68;alpha;
S036;159;alpha;8;-;16;38;;
S036;159;epsilon;4;-;16;63;;
S036;162;beta;131;-;4;125;;
S036;162;delta;11;-;12;65;;
S036;165;delta;3;+;13;18;epsilon;
S036;166;delta;1;-;14;54;;
S036;202;alpha;43;+;17;33;;delta
S036;206;alpha;4;-;18;80;;
S036;207;alpha;1;+;19;39;;
S036;212;alpha;5;-;20;14;;
S036;213;alpha;1;+;21;14;;
S036;215;epsilon;56;+;17;6;;
S036;225;gamma;67;+;15;9;;
S036;225;delta;59;+;15;125;;alpha
S036;226;gamma;1;-;16;91;epsilon;
S036;227;delta;2;-;16;109;epsilon;
S036;230;alpha;17;-;22;20;beta;alpha
S036;230;epsilon;15;-;18;107;beta;
S036;277;alpha;47;+;23;15;;
S036;278;alpha;1;-;24;24;;
S036;280;alpha;2;+;25;115;;
S036;281;alpha;1;-;26;8;;
S036;282;alpha;1;+;27;81;;
S036;283;alpha;1;-;28;49;;
S036;286;alpha;3;+;29;112;;
S036;288;alpha;2;-;30;106;delta;
S036;291;alpha;3;+;31;47;;
S036;292;epsilon;62;+;19;94;;
S036;298;gamma;72;+;17;28;;
S036;299;beta;137;+;5;42;;
S036;301;delta;74;+;17;52;;
S036;302;beta;3;-;6;42;;
S036;302;delta;1;-;18;13;;
S036;303;beta;1;+;7;40;;
S036;303;delta;1;+;19;4;;
S036;325;alpha;34;-;32;35;;
S036;334;alpha;9;+;33;105;;
S036;338;alpha;4;-;34;38;;
S036;339;alpha;1;+;35;0;;
S036;340;alpha;1;-;36;1;;
S036;342;epsilon;50;-;20;52;;
S036;342;delta;39;-;20;58;;
S036;345;delta;3;+;21;75;;
S036;348;epsilon;6;+;21;18;epsilon;
S036;349;epsilon;1;-;22;54;;
S036;350;alpha;10;+;37;110;alpha;
S036;350;epsilon;1;+;23;33;;
S036;352;alpha;2;-;38;86;;
S036;352;epsilon;2;-;24;78;;
S036;352;delta;7;-;22;122;;
S036;354;gamma;56;-;18;62;;
S036;354;beta;51;-;8;114;;
S036;386;alpha;34;+;39;125;;
S036;388;alpha;2;-;40;109;epsilon;
S036;390;alpha;2;+;41;76;;
S036;393;epsilon;41;+;25;94;;
S036;394;gamma;40;+;19;17;alpha;
S036;394;beta;40;+;9;10;;
S036;394;delta;42;+;23;50;;
S036;395;gamma;1;-;20;44;;
S036;395;delta;1;-;24;120;;
S036;396;beta;2;-;10;102;;
S036;398;epsilon;5;-;26;56;;
S036;399;epsilon;1;+;27;53;;
S036;401;beta;5;+;11;9;;
S036;402;beta;1;-;12;91;epsilon;
S036;405;beta;3;+;13;24;;
S036;406;alpha;16;-;42;123;;
S036;406;beta;1;-;14;114;;
S036;407;alpha;1;+;43;88;;
S036;408;beta;2;+;15;126;;
S036;413;gamma;18;+;21;100;gamma;epsilon
S036;414;gamma;1;-;22;112;;
S036;417;alpha;10;-;44;47;;
S036;417;beta;9;-;16;126;;
S036;419;alpha;2;+;45;91;epsilon;
S036;419;beta;2;+;17;119;;
S036;421;gamma;7;+;23;111;;
S036;422;delta;27;+;25;89;;gamma
S036;429;delta;7;-;26;8;;
S036;430;alpha;11;-;46;94;;
S036;431;alpha;1;+;47;52;;
S036;432;alpha;1;-;48;13;;
S036;433;alpha;1;+;49;4;;
S036;434;delta;5;+;27;85;;
S036;450;alpha;17;-;50;36;epsilon;alpha
S036;451;alpha;1;+;51;107;beta;
S036;452;alpha;1;-;52;55;;
S036;456;alpha;4;+;53;46;;
S036;458;alpha;2;-;54;81;;
S036;471;epsilon;72;-;28;38;;
S036;473;delta;39;-;28;30;;
S036;474;beta;55;-;18;17;alpha;
S036;475;beta;1;+;19;44;;
S036;475;delta;2;+;29;48;;
S036;481;alpha;23;+;55;122;;
S036;482;epsilon;11;+;29;1;;
S036;484;alpha;3;-;56;80;;
S036;484;epsilon;2;-;30;12;;
S036;488;alpha;4;+;57;42;;
S036;489;alpha;1;-;58;40;;
S036;490;alpha;1;+;59;20;beta;
S036;491;alpha;1;-;60;74;;
S036;492;alpha;1;+;61;106;delta;
S036;493;alpha;1;-;62;45;;
S036;493;gamma;72;-;24;123;;
S036;493;delta;18;-;30;119;;epsilon
S036;495;delta;2;+;31;49;;
S036;496;gamma;3;+;25;90;;
S036;497;alpha;4;+;63;73;;
S036;497;epsilon;13;+;31;70;;
S036;515;alpha;18;-;64;79;;epsilon
S036;517;alpha;2;+;65;30;;
S036;518;alpha;1;-;66;47;;
S036;519;epsilon;22;-;32;37;;
S036;519;gamma;23;-;26;6;;
S036;520;epsilon;1;+;33;117;;
S036;520;gamma;1;+;27;61;;
S036;522;epsilon;2;-;34;29;;
S036;522;gamma;2;-;28;104;;
S036;523;epsilon;1;+;35;37;;
S036;523;gamma;1;+;29;25;;
S036;525;alpha;7;+;67;96;;
S036;526;alpha;1;-;68;72;;
S036;528;epsilon;5;-;36;121;;
S036;529;gamma;6;-;30;2;;
S036;532;epsilon;4;+;37;71;;
S036;532;gamma;3;+;31;23;;
S036;534;epsilon;2;-;38;77;;
S036;534;gamma;2;-;32;105;;
S036;541;alpha;15;+;69;103;;
S036;541;epsilon;7;+;39;15;;
S036;541;gamma;7;+;33;41;;
S036;546;alpha;5;-;70;19;gamma;
S036;546;epsilon;5;-;40;28;;
S036;546;gamma;5;-;34;34;;
S036;547;alpha;1;+;71;64;;
S036;547;gamma;1;+;35;87;;
S036;548;epsilon;2;+;41;28;;
S036;549;alpha;2;-;72;7;;
S036;549;epsilon;1;-;42;27;gamma;
S036;549;gamma;2;-;36;110;alpha;
S036;552;beta;77;-;20;32;;
S036;556;beta;4;+;21;70;;
S036;557;alpha;8;+;73;78;;
S036;557;gamma;8;+;37;92;;
S036;561;epsilon;12;+;43;45;;
S036;584;alpha;27;-;74;80;;gamma
S036;589;epsilon;28;-;44;83;;
S036;595;gamma;38;-;38;94;;
S036;597;gamma;2;+;39;53;;
S036;598;epsilon;9;+;45;77;;
S036;599;epsilon;1;-;46;9;;
S036;600;epsilon;1;+;47;91;epsilon;
S036;602;epsilon;2;-;48;23;;
S036;604;alpha;20;+;75;19;gamma;beta
S036;604;epsilon;2;+;49;105;;
S036;605;epsilon;1;-;50;35;;
S036;608;epsilon;3;+;51;99;;
S036;610;alpha;6;-;76;69;;
S036;610;epsilon;2;-;52;103;;
S036;611;alpha;1;+;77;56;;
S036;612;alpha;1;-;78;53;;
S036;612;gamma;15;-;40;108;gamma;
S036;614;gamma;2;+;41;66;;
S036;615;alpha;3;+;79;25;;
S036;616;alpha;1;-;80;124;;
S036;617;alpha;1;+;81;98;;
S036;621;epsilon;11;+;53;24;;
S036;622;epsilon;1;-;54;114;;
S036;623;epsilon;1;+;55;125;;
S036;663;alpha;46;-;82;67;;
S036;664;epsilon;41;-;56;95;;
S036;666;epsilon;2;+;57;63;;
S036;672;alpha;9;+;83;44;;
S036;673;alpha;1;-;84;60;;
S036;675;alpha;2;+;85;94;;
S036;686;alpha;11;-;86;13;;
S036;686;epsilon;20;-;58;97;;beta
S036;687;epsilon;1;+;59;82;;
S036;688;alpha;2;+;87;5;;
S036;691;alpha;3;-;88;53;;
S036;691;epsilon;4;-;60;62;;
S036;700;gamma;86;-;42;82;;
S036;701;beta;145;-;22;41;;
S036;709;delta;214;-;32;65;;
S036;727;alpha;36;+;89;2;;epsilon
S036;729;alpha;2;-;90;22;;
S036;730;alpha;1;+;91;94;;
S036;732;delta;23;+;33;46;;
S036;735;epsilon;44;+;61;21;delta;
S036;736;epsilon;1;-;62;84;delta;
S036;738;epsilon;2;+;63;80;;
S036;739;gamma;39;+;43;111;;
S036;739;beta;38;+;23;74;;
S036;741;gamma;2;-;44;96;;
S036;742;gamma;1;+;45;72;;
S036;776;alpha;46;-;92;48;;
S036;781;alpha;5;+;93;104;;
S036;785;alpha;4;-;94;28;;
S036;786;alpha;1;+;95;27;gamma;
S036;822;alpha;36;-;96;69;;epsilon
S036;824;alpha;2;+;97;57;;
S036;825;alpha;1;-;98;63;;
S036;826;alpha;1;+;99;123;;
S036;828;alpha;2;-;100;89;;
S036;829;alpha;1;+;101;2;;
S036;830;alpha;1;-;102;21;delta;
S036;833;alpha;3;+;103;86;;
S036;835;alpha;2;-;104;100;gamma;
S036;836;alpha;1;+;105;112;;
S036;837;alpha;1;-;106;105;;
S036;840;alpha;3;+;107;37;;
S036;841;alpha;1;-;108;117;;
S036;842;epsilon;104;-;64;94;;
S036;843;alpha;2;+;109;29;;
S036;843;epsilon;1;+;65;52;;
S036;853;alpha;10;-;110;116;;
S036;853;epsilon;10;-;66;3;;
S036;876;gamma;134;-;46;125;;
S036;877;gamma;1;+;47;108;gamma;
S036;879;alpha;26;+;111;69;;
S036;880;alpha;1;-;112;56;;
S036;881;gamma;4;-;48;68;alpha;
S036;888;alpha;8;+;113;60;;
S036;888;gamma;7;+;49;52;;
S036;889;alpha;1;-;114;93;;
S036;889;gamma;1;-;50;13;;
S036;892;alpha;3;+;115;44;;
S036;893;alpha;1;-;116;60;;
S036;900;alpha;7;+;117;99;;
S036;903;epsilon;50;+;67;96;;
S036;903;gamma;14;+;51;44;;
S036;907;gamma;4;-;52;63;;
S036;908;alpha;8;-;118;109;epsilon;
S036;908;epsilon;5;-;68;76;;
S036;909;alpha;1;+;119;75;;
S036;910;alpha;1;-;120;116;;
S036;911;alpha;1;+;121;18;epsilon;
S036;911;epsilon;3;+;69;1;;
S036;916;alpha;5;-;122;58;;
S036;916;epsilon;5;-;70;15;;
S036;916;beta;177;-;24;9;;
S036;925;alpha;9;+;123;81;;
S036;925;epsilon;9;+;71;32;;
S036;925;beta;9;+;25;99;;
S036;927;gamma;20;+;53;97;;beta
S036;935;gamma;8;-;54;89;;
S036;936;alpha;11;-;124;110;alpha;
S036;936;epsilon;11;-;72;36;epsilon;
S036;936;beta;11;-;26;5;;
S036;958;alpha;22;+;125;100;gamma;
S036;967;epsilon;31;+;73;75;;
S036;967;gamma;32;+;55;42;;
S036;968;gamma;1;-;56;40;;
S036;969;gamma;1;+;57;20;beta;
S036;970;epsilon;3;-;74;118;;
S036;970;gamma;1;-;58;74;;
S036;971;epsilon;1;+;75;38;;
S036;974;epsilon;3;-;76;2;;
S036;975;epsilon;1;+;77;21;delta;
S036;975;gamma;5;+;59;110;alpha;
S036;976;gamma;1;-;60;85;;
S036;977;epsilon;2;-;78;85;;
S036;979;epsilon;2;+;79;90;;
S036;979;gamma;3;+;61;91;epsilon;
S036;980;alpha;22;-;126;116;;
S036;980;epsilon;1;-;80;12;;
S036;980;gamma;1;-;62;22;;
S036;981;alpha;1;+;127;18;epsilon;
S036;981;epsilon;1;+;81;121;;
S036;982;gamma;2;+;63;95;;
S036;983;gamma;1;-;64;62;;
S036;984;alpha;3;-;128;56;;
S036;984;epsilon;3;-;82;70;;
S036;990;epsilon;6;+;83;71;;
S036;992;epsilon;2;-;84;77;;
S036;999;epsilon;7;+;85;15;;
S036;1000;epsilon;1;-;86;24;;
S036;1009;alpha;25;+;129;37;;
S036;1011;alpha;2;-;130;118;;
S036;1012;alpha;1;+;131;38;;
S036;1012;epsilon;12;+;87;126;;
S036;1013;gamma;30;+;65;7;;
S036;1018;epsilon;6;-;88;123;;
S036;1018;gamma;5;-;66;75;;
S036;1020;epsilon;2;+;89;89;;
S036;1020;gamma;2;+;67;117;;
S036;1020;beta;84;+;27;76;;delta
S036;1038;alpha;26;-;132;16;;
S036;1038;epsilon;18;-;90;28;;epsilon
S036;1038;gamma;18;-;68;34;;epsilon
S036;1038;beta;18;-;28;125;;epsilon
S036;1040;alpha;2;+;133;35;;
S036;1040;epsilon;2;+;91;28;;
S036;1040;gamma;2;+;69;88;;
S036;1040;beta;2;+;29;109;epsilon;
S036;1041;alpha;1;-;134;97;;
S036;1043;alpha;2;+;135;83;;
S036;1045;alpha;2;-;136;70;;
S036;1046;beta;6;-;30;80;;
S036;1047;beta;1;+;31;39;;
S036;1048;alpha;3;+;137;68;alpha;
S036;1055;alpha;7;-;138;52;;
S036;1056;epsilon;16;-;92;22;;
S036;1056;beta;9;-;32;18;epsilon;
S036;1060;beta;4;+;33;57;;
S036;1061;beta;1;-;34;63;;
S036;1062;beta;1;+;35;123;;
S036;1068;alpha;13;+;139;6;;
S036;1068;epsilon;12;+;93;53;;
S036;1087;alpha;19;-;140;111;;gamma
S036;1089;epsilon;21;-;94;114;;delta
S036;1089;gamma;49;-;70;86;;
S036;1089;beta;27;-;36;8;;gamma
S036;1094;gamma;5;+;71;103;;
S036;1094;beta;5;+;37;85;;
S036;1095;gamma;1;-;72;15;;
S036;1095;beta;1;-;38;89;;
S036;1122;delta;390;-;34;35;;
S036;1195;alpha;108;+;141;110;alpha;gamma
S036;1200;epsilon;111;+;95;65;;
S036;1215;alpha;20;-;142;98;;beta
S036;1217;alpha;2;+;143;93;;
S036;1222;alpha;5;-;144;46;;
S036;1223;alpha;1;+;145;80;;
S036;1224;alpha;1;-;146;39;;
S036;1224;epsilon;24;-;96;47;;
S036;1251;alpha;27;+;147;117;;gamma
S036;1320;epsilon;34;+;97;35;;
S036;1321;gamma;164;+;73;51;;
S036;1326;beta;169;+;39;15;;
S036;1327;beta;1;-;40;24;;
S036;1342;alpha;29;-;148;45;;
S036;1345;alpha;3;+;149;72;;
S036;1346;beta;19;+;41;6;;gamma
S036;1347;alpha;2;-;150;87;;
S036;1347;beta;1;-;42;61;;
S036;1354;epsilon;34;-;98;105;;
S036;1355;epsilon;1;+;99;35;;
S036;1357;epsilon;2;-;100;98;;
S036;1360;epsilon;3;+;101;94;;
S036;1361;epsilon;1;-;102;52;;
S036;1361;gamma;40;-;74;60;;
S036;1362;gamma;1;+;75;93;;
S036;1368;alpha;21;+;151;85;;delta
S036;1368;beta;21;+;43;25;;delta
S036;1369;epsilon;8;+;103;20;beta;
S036;1372;epsilon;3;-;104;76;;
S036;1374;epsilon;2;+;105;0;;
S036;1376;alpha;8;-;152;96;;
S036;1376;epsilon;2;-;106;2;;
S036;1378;gamma;16;-;76;45;;
S036;1378;beta;10;-;44;97;;
S036;1379;gamma;1;+;77;70;;
S036;1379;beta;1;+;45;82;;
S036;1380;alpha;4;+;153;75;;
S036;1381;alpha;1;-;154;116;;
S036;1382;alpha;1;+;155;18;epsilon;
S036;1382;epsilon;6;+;107;26;;
S036;1384;alpha;2;-;156;55;;
S036;1384;epsilon;2;-;108;8;;
S036;1385;alpha;1;+;157;43;delta;
S036;1386;alpha;1;-;158;50;;
S036;1386;gamma;7;-;78;72;;
S036;1386;beta;7;-;46;65;;
S036;1387;gamma;1;+;79;86;;
S036;1387;beta;1;+;47;16;;
S036;1389;alpha;3;+;159;122;;
S036;1389;epsilon;5;+;109;85;;
S036;1399;alpha;10;-;160;18;epsilon;
S036;1399;epsilon;10;-;110;1;;
S036;1401;gamma;14;-;80;105;;
S036;1401;beta;14;-;48;90;;
S036;1403;epsilon;4;+;111;14;;
S036;1403;gamma;2;+;81;36;epsilon;
S036;1403;beta;2;+;49;13;;
S036;1404;alpha;5;+;161;58;;
S036;1407;alpha;3;-;162;75;;
S036;1408;alpha;1;+;163;116;;
S036;1418;alpha;10;-;164;53;;
S036;1418;epsilon;15;-;112;18;epsilon;
S036;1419;epsilon;1;+;113;54;;
S036;1420;alpha;2;+;165;24;;
S036;1423;alpha;3;-;166;116;;
S036;1424;epsilon;5;-;114;37;;
S036;1424;gamma;21;-;82;65;;delta
S036;1427;beta;24;-;50;54;;
S036;1429;alpha;6;+;167;23;;
S036;1429;epsilon;5;+;115;121;;
S036;1429;gamma;5;+;83;20;beta;
S036;1429;beta;2;+;51;34;;
S036;1430;alpha;1;-;168;104;;
S036;1431;epsilon;2;-;116;69;;
S036;1431;gamma;2;-;84;75;;
S036;1437;beta;8;-;52;94;;
S037;22;alpha;22;+;1;22;;
S037;37;epsilon;37;+;1;37;;
S037;46;gamma;46;+;1;46;;
S037;47;gamma;1;-;2;80;;
S037;52;gamma;5;+;3;43;delta;
S037;56;beta;56;+;1;56;;
S037;60;delta;60;+;1;60;;
S037;77;alpha;55;-;2;96;;
S037;77;delta;17;-;2;48;;alpha
S037;81;delta;4;+;3;103;;
S037;83;delta;2;-;4;16;;
S037;84;delta;1;+;5;34;;
S037;85;delta;1;-;6;87;;
S037;86;delta;1;+;7;109;epsilon;
S037;90;delta;4;-;8;78;;
S037;93;delta;3;+;9;21;delta;
S037;95;epsilon;58;-;2;75;;
S037;95;delta;2;-;10;85;;
S037;96;gamma;44;-;4;26;;
S037;96;beta;40;-;2;52;;
S037;97;gamma;1;+;5;7;;
S037;99;beta;3;+;3;15;;
S037;100;beta;1;-;4;24;;
S037;101;gamma;4;-;6;74;;
S037;120;alpha;43;+;3;118;;delta
S037;121;alpha;1;-;4;38;;
S037;123;alpha;2;+;5;1;;
S037;134;alpha;11;-;6;111;;
S037;135;alpha;1;+;7;95;;
S037;136;alpha;1;-;8;62;;
S037;137;alpha;1;+;9;113;;
S037;138;alpha;1;-;10;115;;
S037;140;alpha;2;+;11;9;;
S037;141;alpha;1;-;12;91;epsilon;
S037;143;alpha;2;+;13;23;;
S037;144;epsilon;49;+;3;56;;
S037;145;epsilon;1;-;4;53;;
S037;147;epsilon;2;+;5;24;;
S037;152;alpha;9;-;14;112;;
S037;153;epsilon;6;-;6;119;;
S037;154;alpha;2;+;15;106;delta;
S037;154;epsilon;1;+;7;48;;
S037;155;alpha;1;-;16;45;;
S037;155;epsilon;1;-;8;100;gamma;
S037;174;alpha;19;+;17;74;;gamma
S037;175;alpha;1;-;18;106;delta;
S037;177;alpha;2;+;19;46;;
S037;178;epsilon;23;+;9;117;;
S037;180;epsilon;2;-;10;29;;
S037;183;epsilon;3;+;11;39;;
S037;185;gamma;84;+;7;118;;delta
S037;187;gamma;2;-;8;39;;
S037;191;epsilon;8;-;12;17;alpha;
S037;192;epsilon;1;+;13;44;;
S037;195;alpha;18;-;20;46;;epsilon
S037;195;epsilon;3;-;14;62;;
S037;203;alpha;8;+;21;87;;
S037;203;epsilon;8;+;15;120;;
S037;204;alpha;1;-;22;109;epsilon;
S037;204;epsilon;1;-;16;58;;
S037;205;epsilon;1;+;17;73;;
S037;206;alpha;2;+;23;76;;
S037;206;gamma;19;+;9;109;epsilon;gamma
S037;220;beta;120;+;5;117;;
S037;222;delta;127;+;11;37;;
S037;236;alpha;30;-;24;10;;
S037;236;delta;14;-;12;31;;
S037;237;alpha;1;+;25;101;;
S037;237;delta;1;+;13;57;;
S037;247;alpha;10;-;26;77;;
S037;254;epsilon;49;-;18;110;alpha;
S037;254;delta;17;-;14;2;;alpha
S037;256;gamma;50;-;10;28;;
S037;256;beta;36;-;6;52;;epsilon
S037;259;gamma;3;+;11;29;;
S037;259;beta;3;+;7;15;;
S037;262;gamma;3;-;12;39;;
S037;263;gamma;1;+;13;10;;
S037;264;gamma;1;-;14;101;;
S037;264;beta;5;-;8;28;;
S037;299;alpha;52;+;27;5;;
S037;307;epsilon;53;+;19;4;;
S037;312;gamma;48;+;15;115;;
S037;312;beta;48;+;9;54;;
S037;317;gamma;5;-;16;12;;
S037;317;beta;5;-;10;37;;
S037;319;alpha;20;-;28;12;;beta
S037;321;epsilon;14;-;20;33;;
S037;322;epsilon;1;+;21;77;;
S037;324;epsilon;2;-;22;10;;
S037;334;epsilon;10;+;23;121;;
S037;337;alpha;18;+;29;75;;epsilon
S037;340;gamma;23;+;17;80;;
S037;341;gamma;1;-;18;39;;
S037;344;alpha;7;-;30;122;;
S037;344;epsilon;10;-;24;45;;
S037;347;alpha;3;+;31;80;;
S037;348;epsilon;4;+;25;73;;
S037;353;gamma;12;+;19;102;;
S037;354;beta;37;+;11;54;;
S037;355;beta;1;-;12;33;;
S037;356;beta;1;+;13;77;;
S037;357;beta;1;-;14;9;;
S037;359;alpha;12;-;32;11;;
S037;359;epsilon;11;-;26;72;;
S037;359;gamma;6;-;20;10;;
S037;377;alpha;18;+;33;102;;epsilon
S037;378;epsilon;19;+;27;107;beta;gamma
S037;378;gamma;19;+;21;3;;gamma
S037;380;alpha;3;-;34;7;;
S037;380;epsilon;2;-;28;56;;
S037;380;gamma;2;-;22;32;;
S037;384;alpha;4;+;35;74;;
S037;386;epsilon;6;+;29;58;;
S037;386;gamma;6;+;23;72;;
S037;389;beta;32;+;15;43;delta;
S037;391;delta;137;+;15;105;;
S037;402;delta;11;-;16;97;;
S037;404;alpha;20;-;36;54;;beta
S037;406;epsilon;20;-;30;105;;beta
S037;406;gamma;20;-;24;108;gamma;beta
S037;406;beta;17;-;16;126;;alpha
S037;407;epsilon;1;+;31;35;;
S037;407;gamma;1;+;25;65;;
S037;407;beta;1;+;17;118;;
S037;409;epsilon;2;-;32;98;;
S037;409;gamma;2;-;26;17;alpha;
S037;409;beta;2;-;18;39;;
S037;412;epsilon;3;+;33;94;;
S037;413;epsilon;1;-;34;52;;
S037;414;epsilon;1;+;35;13;;
S037;414;gamma;5;+;27;48;;
S037;414;beta;5;+;19;14;;
S037;418;epsilon;4;-;36;7;;
S037;418;gamma;4;-;28;103;;
S037;418;beta;4;-;20;17;alpha;
S037;432;alpha;28;+;37;94;;
S037;433;gamma;15;+;29;28;;
S037;433;beta;15;+;21;64;;
S037;434;epsilon;16;+;37;81;;
S037;435;epsilon;1;-;38;49;;
S037;436;gamma;3;-;30;29;;
S037;436;beta;3;-;22;8;;
S037;437;beta;1;+;23;81;;
S037;438;alpha;6;-;38;57;;
S037;438;beta;1;-;24;49;;
S037;441;alpha;3;+;39;65;;
S037;443;alpha;2;-;40;17;alpha;
S037;447;alpha;4;+;41;47;;
S037;450;alpha;3;-;42;92;;
S037;451;alpha;1;+;43;32;;
S037;452;alpha;1;-;44;67;;
S037;458;alpha;6;+;45;41;;
S037;458;epsilon;23;+;39;97;;
S037;460;alpha;2;-;46;31;;
S037;460;epsilon;2;-;40;83;;
S037;462;alpha;2;+;47;58;;
S037;462;epsilon;2;+;41;70;;
S037;467;alpha;5;-;48;77;;
S037;467;epsilon;5;-;42;70;;
S037;469;alpha;2;+;49;10;;
S037;470;alpha;1;-;50;101;;
S037;497;alpha;27;+;51;94;;gamma
S037;498;alpha;1;-;52;52;;
S037;499;alpha;1;+;53;13;;
S037;502;epsilon;35;+;43;50;;
S037;502;gamma;66;+;31;45;;
S037;503;beta;65;+;25;12;;
S037;511;beta;8;-;26;1;;
S037;512;beta;1;+;27;11;;
S037;515;beta;3;-;28;113;;
S037;516;beta;1;+;29;115;;
S037;518;delta;116;+;17;88;;
S037;568;alpha;69;-;54;99;;
S037;569;alpha;1;+;55;102;;
S037;572;alpha;3;-;56;7;;
S037;574;alpha;2;+;57;72;;
S037;583;alpha;9;-;58;94;;
S037;585;alpha;2;+;59;53;;
S037;588;alpha;3;-;60;25;;
S037;591;alpha;3;+;61;126;;
S037;597;alpha;6;-;62;123;;
S037;604;epsilon;102;-;44;64;;
S037;605;epsilon;1;+;45;6;;
S037;606;alpha;9;+;63;96;;
S037;614;alpha;8;-;64;79;;
S037;615;alpha;1;+;65;29;;
S037;621;alpha;6;-;66;42;;
S037;623;alpha;2;+;67;41;;
S037;624;alpha;1;-;68;30;;
S037;626;epsilon;21;-;46;113;;delta
S037;632;gamma;130;-;32;45;;
S037;634;gamma;2;+;33;71;;
S037;637;gamma;3;-;34;78;;
S037;638;gamma;1;+;35;19;gamma;
S037;642;alpha;18;+;69;97;;epsilon
S037;642;epsilon;16;+;47;13;;
S037;644;alpha;2;-;70;83;;
S037;644;epsilon;2;-;48;5;;
S037;644;gamma;6;-;36;69;;
S037;645;beta;129;-;30;67;;
S037;647;delta;129;-;18;118;;
S037;649;delta;2;+;19;39;;
S037;660;alpha;16;+;71;61;;
S037;662;alpha;2;-;72;104;;
S037;665;alpha;3;+;73;27;gamma;
S037;669;alpha;4;-;74;20;beta;
S037;684;delta;35;-;20;125;;
S037;721;alpha;52;+;75;20;beta;
S037;727;epsilon;83;+;49;75;;
S037;741;alpha;20;-;76;115;;beta
S037;741;epsilon;14;-;50;21;delta;
S037;744;epsilon;3;+;51;86;;
S037;745;epsilon;1;-;52;99;;
S037;748;epsilon;3;+;53;104;;
S037;749;epsilon;1;-;54;25;;
S037;771;alpha;30;+;77;100;gamma;
S037;778;epsilon;29;+;55;116;;
S037;782;gamma;138;+;37;50;;
S037;785;beta;140;+;31;84;delta;
S037;787;beta;2;-;32;80;;
S037;791;beta;4;+;33;42;;
S037;800;alpha;29;-;78;123;;
S037;800;epsilon;22;-;56;65;;
S037;800;gamma;18;-;38;65;;epsilon
S037;800;beta;9;-;34;48;;
S037;835;alpha;35;+;79;16;;
S037;836;alpha;1;-;80;34;;
S037;837;alpha;1;+;81;87;;
S037;842;alpha;5;-;82;113;;
S037;856;alpha;14;+;83;11;;
S037;857;epsilon;57;+;57;80;;
S037;874;gamma;74;+;39;97;;
S037;877;beta;77;+;35;51;;
S037;878;beta;1;-;36;3;;
S037;886;gamma;12;-;40;60;;
S037;887;gamma;1;+;41;93;;
S037;890;alpha;34;-;84;118;;
S037;890;gamma;3;-;42;44;;
S037;894;epsilon;37;-;58;36;epsilon;
S037;895;epsilon;1;+;59;107;beta;
S037;897;epsilon;2;-;60;56;;
S037;900;epsilon;3;+;61;55;;
S037;900;gamma;10;+;43;92;;
S037;901;epsilon;1;-;62;43;delta;
S037;901;gamma;1;-;44;32;;
S037;902;epsilon;1;+;63;50;;
S037;902;gamma;1;+;45;67;;
S037;905;alpha;15;+;85;4;;
S037;906;alpha;1;-;86;41;;
S037;906;epsilon;4;-;64;123;;
S037;907;alpha;1;+;87;30;;
S037;907;epsilon;1;+;65;88;;
S037;909;alpha;2;-;88;48;;
S037;909;epsilon;2;-;66;120;;
S037;909;gamma;7;-;46;42;;
S037;910;gamma;1;+;47;40;;
S037;911;gamma;1;-;48;20;beta;
S037;915;alpha;6;+;89;105;;
S037;915;gamma;4;+;49;77;;
S037;916;epsilon;7;+;67;64;;
S037;916;beta;38;+;37;84;delta;
S037;938;alpha;23;-;90;109;epsilon;
S037;938;epsilon;22;-;68;72;;
S037;938;gamma;23;-;50;103;;
S037;938;beta;22;-;38;40;;
S037;965;alpha;27;+;91;5;;gamma
S037;967;alpha;2;-;92;52;;
S037;971;alpha;4;+;93;16;;
S037;979;epsilon;41;+;69;2;;
S037;979;beta;41;+;39;104;;
S037;980;epsilon;1;-;70;21;delta;
S037;980;beta;1;-;40;25;;
S037;983;alpha;12;-;94;88;;
S037;996;alpha;13;+;95;50;;
S037;996;epsilon;16;+;71;84;delta;
S037;1002;alpha;6;-;96;125;;
S037;1002;epsilon;6;-;72;84;delta;
S037;1045;alpha;43;+;97;97;;delta
S037;1049;epsilon;47;+;73;65;;
S037;1066;alpha;21;-;98;69;;delta
S037;1067;alpha;1;+;99;56;;
S037;1071;gamma;133;+;51;9;;
S037;1077;beta;97;+;41;57;;
S037;1102;alpha;35;-;100;47;;
S037;1104;alpha;2;+;101;91;epsilon;
S037;1105;alpha;1;-;102;22;;
S037;1106;alpha;1;+;103;94;;
S037;1117;delta;433;+;21;84;delta;
S037;1135;alpha;29;-;104;31;;
S037;1147;epsilon;98;-;74;121;;
S037;1149;delta;32;-;22;50;;
S037;1154;epsilon;7;+;75;74;;
S037;1154;delta;5;+;23;124;;
S037;1156;epsilon;2;-;76;107;beta;
S037;1159;delta;5;-;24;102;;
S037;1160;delta;1;+;25;5;;
S037;1164;alpha;29;+;105;81;;
S037;1164;epsilon;8;+;77;62;;
S037;1180;alpha;16;-;106;115;;
S037;1180;epsilon;16;-;78;120;;
S037;1184;epsilon;4;+;79;61;;
S037;1186;epsilon;2;-;80;104;;
S037;1187;epsilon;1;+;81;25;;
S037;1188;alpha;8;+;107;15;;
S037;1207;alpha;19;-;108;122;;gamma
S037;1215;alpha;8;+;109;85;;
S037;1234;alpha;19;-;110;10;;gamma
S037;1240;epsilon;53;-;82;13;;
S037;1242;epsilon;2;+;83;5;;
S037;1243;epsilon;1;-;84;51;;
S037;1245;epsilon;2;+;85;4;;
S037;1248;alpha;14;+;111;125;;
S037;1249;alpha;1;-;112;108;gamma;
S037;1250;epsilon;5;-;86;45;;
S037;1251;epsilon;1;+;87;70;;
S037;1256;epsilon;5;-;88;70;;
S037;1322;alpha;11;+;113;16;;
S037;1322;epsilon;4;+;89;69;;
S037;1323;alpha;1;-;114;34;;
S037;1323;epsilon;1;-;90;56;;
S037;1327;alpha;4;+;115;90;;
S037;1329;epsilon;6;+;91;58;;
S037;1330;alpha;3;-;116;14;;
S037;1330;epsilon;1;-;92;73;;
S037;1332;alpha;2;+;117;15;;
S037;1332;epsilon;2;+;93;97;;
S037;1334;epsilon;2;-;94;83;;
S037;1337;epsilon;3;+;95;71;;
S037;1339;epsilon;2;-;96;77;;
S037;1340;epsilon;1;+;97;9;;
S037;1344;alpha;12;-;118;115;;
S037;1344;epsilon;4;-;98;94;;
S037;1347;gamma;214;-;52;70;;
S037;1347;beta;208;-;42;58;;
S037;1348;beta;1;+;43;73;;
S037;1349;beta;1;-;44;96;;
S037;1359;delta;137;-;26;57;;
S037;1362;delta;3;+;27;65;;
S037;1364;delta;2;-;28;17;alpha;
S037;1365;delta;1;+;29;44;;
S037;1373;alpha;29;+;119;99;;
S037;1375;epsilon;31;+;99;33;;
S037;1376;beta;27;+;45;102;;gamma
S037;1377;gamma;30;+;53;45;;
S037;1422;alpha;49;-;120;43;delta;
S037;1423;alpha;1;+;121;50;;
S037;1424;alpha;1;-;122;120;;
S037;1428;epsilon;53;-;100;51;;
S038;10;alpha;10;+;1;10;;
S038;12;alpha;2;-;2;102;;
S038;14;alpha;2;+;3;6;;
S038;17;alpha;3;-;4;63;;
S038;18;gamma;18;-;1;18;epsilon;epsilon
S038;18;beta;18;-;1;18;epsilon;epsilon
S038;19;beta;1;+;2;54;;
S038;21;beta;2;-;3;34;;
S038;36;delta;36;-;1;36;epsilon;epsilon
S038;38;delta;2;+;2;108;gamma;
S038;44;alpha;27;+;5;104;;gamma
S038;48;alpha;4;-;6;28;;
S038;49;alpha;1;+;7;27;gamma;
S038;50;alpha;1;-;8;17;alpha;
S038;52;delta;14;-;3;19;gamma;
S038;61;alpha;11;+;9;60;;
S038;61;delta;9;+;4;72;;
S038;65;alpha;4;-;10;96;;
S038;66;delta;5;-;5;90;;
S038;86;alpha;21;+;11;96;;delta
S038;89;alpha;3;-;12;74;;
S038;91;alpha;2;+;13;107;beta;
S038;93;epsilon;93;+;1;93;;
S038;94;epsilon;1;-;2;42;;
S038;95;alpha;4;-;14;58;;
S038;137;alpha;42;+;15;0;;
S038;140;alpha;3;-;16;3;;
S038;199;alpha;59;+;17;105;;alpha
S038;204;alpha;5;-;18;39;;
S038;206;alpha;2;+;19;11;;
S038;210;epsilon;116;+;3;79;;
S038;225;alpha;19;-;20;103;;gamma
S038;226;alpha;1;+;21;15;;
S038;236;alpha;10;-;22;113;;
S038;241;epsilon;31;-;4;57;;
S038;268;alpha;32;+;23;29;;
S038;278;epsilon;37;+;5;22;;
S038;280;epsilon;2;-;6;95;;
S038;282;epsilon;2;+;7;63;;
S038;283;epsilon;1;-;8;123;;
S038;284;epsilon;1;+;9;88;;
S038;289;gamma;271;+;2;110;alpha;
S038;291;gamma;2;-;3;86;;
S038;292;gamma;1;+;4;99;;
S038;293;gamma;1;-;5;102;;
S038;298;alpha;30;-;24;9;;
S038;307;epsilon;23;-;10;60;;
S038;308;epsilon;1;+;11;93;;
S038;310;epsilon;2;-;12;43;delta;
S038;317;alpha;19;+;25;30;;gamma
S038;317;epsilon;7;+;13;56;;
S038;318;alpha;1;-;26;47;;
S038;318;epsilon;1;-;14;53;;
S038;363;alpha;45;+;27;46;;
S038;364;alpha;1;-;28;80;;
S038;365;alpha;1;+;29;39;;
S038;366;alpha;1;-;30;10;;
S038;379;alpha;13;+;31;124;;
S038;380;alpha;1;-;32;98;;
S038;381;alpha;1;+;33;92;;
S038;389;alpha;8;-;34;39;;
S038;390;alpha;1;+;35;10;;
S038;391;alpha;1;-;36;101;;
S038;422;alpha;31;+;37;98;;
S038;424;epsilon;106;+;15;20;beta;delta
S038;442;gamma;149;+;6;41;;
S038;463;alpha;41;-;38;62;;
S038;468;alpha;5;+;39;117;;
S038;469;alpha;1;-;40;28;;
S038;475;epsilon;51;-;16;19;gamma;
S038;476;gamma;34;-;7;70;;
S038;481;gamma;5;+;8;70;;
S038;483;gamma;2;-;9;67;;
S038;486;gamma;3;+;10;38;;
S038;489;gamma;3;-;11;2;;
S038;490;gamma;1;+;12;21;delta;
S038;492;alpha;23;+;41;29;;
S038;493;alpha;1;-;42;37;;
S038;494;alpha;1;+;43;117;;
S038;494;epsilon;19;+;17;14;;gamma
S038;494;beta;473;+;4;56;;
S038;496;epsilon;2;-;18;15;;
S038;498;epsilon;2;+;19;25;;
S038;523;alpha;29;-;44;45;;
S038;525;alpha;2;+;45;71;;
S038;541;alpha;16;-;46;4;;
S038;544;epsilon;46;-;20;6;;
S038;547;gamma;57;-;13;125;;
S038;549;gamma;2;+;14;109;epsilon;
S038;551;epsilon;7;+;21;67;;
S038;555;alpha;14;+;47;33;;
S038;578;alpha;23;-;48;21;delta;
S038;579;alpha;1;+;49;84;delta;
S038;584;alpha;5;-;50;83;;
S038;592;alpha;8;+;51;76;;
S038;593;alpha;1;-;52;126;;
S038;595;alpha;2;+;53;119;;
S038;596;delta;530;+;6;106;delta;
S038;597;alpha;2;-;54;49;;
S038;597;delta;1;-;7;45;;
S038;600;alpha;3;+;55;112;;
S038;602;delta;5;+;8;74;;
S038;618;alpha;18;-;56;42;;epsilon
S038;619;epsilon;68;-;22;37;;alpha
S038;619;delta;17;-;9;51;;alpha
S038;634;epsilon;15;+;23;32;;
S038;634;delta;15;+;10;35;;
S038;635;alpha;17;+;57;26;;alpha
S038;638;alpha;3;-;58;9;;
S038;638;epsilon;4;-;24;70;;
S038;638;delta;4;-;11;100;gamma;
S038;639;epsilon;1;+;25;66;;
S038;639;delta;1;+;12;112;;
S038;640;alpha;2;+;59;92;;
S038;641;alpha;1;-;60;32;;
S038;641;epsilon;2;-;26;27;gamma;
S038;641;delta;2;-;13;106;delta;
S038;642;delta;1;+;14;45;;
S038;643;alpha;2;+;61;68;alpha;
S038;643;epsilon;2;+;27;18;epsilon;
S038;644;epsilon;1;-;28;54;;
S038;645;alpha;2;-;62;47;;
S038;646;alpha;1;+;63;90;;
S038;647;epsilon;3;+;29;35;;
S038;649;epsilon;2;-;30;98;;
S038;651;epsilon;2;+;31;93;;
S038;653;alpha;7;-;64;18;epsilon;
S038;653;epsilon;2;-;32;43;delta;
S038;655;gamma;106;-;15;13;;delta
S038;655;beta;161;-;5;27;gamma;
S038;655;delta;13;-;15;68;alpha;
S038;751;alpha;98;+;65;120;;
S038;760;epsilon;107;+;33;54;;beta
S038;773;gamma;118;+;16;37;;
S038;782;gamma;9;-;17;125;;
S038;783;alpha;32;-;66;94;;
S038;791;gamma;9;+;18;116;;
S038;792;alpha;9;+;67;60;;
S038;799;alpha;7;-;68;99;;
S038;801;epsilon;41;-;34;107;beta;
S038;801;gamma;10;-;19;53;;
S038;817;gamma;16;+;20;109;epsilon;
S038;819;gamma;2;-;21;76;;
S038;825;alpha;26;+;69;20;beta;
S038;825;gamma;6;+;22;4;;
S038;826;epsilon;25;+;35;57;;
S038;827;epsilon;1;-;36;63;;
S038;828;epsilon;1;+;37;123;;
S038;830;beta;175;+;6;124;;
S038;831;beta;1;-;7;98;;
S038;832;alpha;7;-;70;80;;
S038;832;epsilon;4;-;38;91;epsilon;
S038;832;gamma;7;-;23;47;;
S038;874;alpha;42;+;71;41;;
S038;882;alpha;8;-;72;37;;
S038;893;alpha;11;+;73;28;;
S038;894;alpha;1;-;74;27;gamma;
S038;929;alpha;35;+;75;68;alpha;
S038;932;alpha;3;-;76;48;;
S038;933;alpha;1;+;77;100;gamma;
S038;938;alpha;5;-;78;116;;
S038;939;alpha;1;+;79;18;epsilon;
S038;945;epsilon;113;+;39;54;;
S038;951;gamma;119;+;24;2;;
S038;962;beta;131;+;8;87;;
S038;967;beta;5;-;9;113;;
S038;968;beta;1;+;10;115;;
S038;969;beta;1;-;11;8;;
S038;971;beta;2;+;12;82;;
S038;976;alpha;37;-;80;59;alpha;
S038;976;beta;5;-;13;63;;
S038;978;beta;2;+;14;124;;
S038;979;alpha;3;+;81;85;;
S038;980;alpha;1;-;82;89;;
S038;982;beta;4;-;15;101;;
S038;989;epsilon;44;-;40;110;alpha;
S038;990;epsilon;1;+;41;85;;
S038;993;epsilon;3;-;42;91;epsilon;
S038;1006;beta;24;+;16;91;epsilon;
S038;1007;alpha;27;+;83;37;;gamma
S038;1008;alpha;1;-;84;117;;
S038;1011;beta;5;-;17;26;;
S038;1015;alpha;7;+;85;34;;
S038;1015;beta;4;+;18;10;;
S038;1016;epsilon;23;+;43;106;delta;
S038;1017;epsilon;1;-;44;45;;
S038;1022;epsilon;5;+;45;74;;
S038;1023;epsilon;1;-;46;106;delta;
S038;1024;alpha;9;-;86;95;;
S038;1026;alpha;2;+;87;63;;
S038;1027;alpha;1;-;88;123;;
S038;1028;alpha;1;+;89;88;;
S038;1031;alpha;3;-;90;121;;
S038;1031;gamma;80;-;25;26;;
S038;1032;gamma;1;+;26;7;;
S038;1033;alpha;2;+;91;69;;
S038;1033;epsilon;10;+;47;69;;
S038;1034;epsilon;1;-;48;56;;
S038;1035;epsilon;1;+;49;53;;
S038;1047;alpha;14;-;92;56;;
S038;1047;epsilon;12;-;50;105;;
S038;1047;gamma;15;-;27;80;;
S038;1048;beta;33;-;19;17;alpha;
S038;1049;beta;1;+;20;44;;
S038;1053;beta;4;-;21;63;;
S038;1113;alpha;66;+;93;78;;
S038;1120;alpha;7;-;94;25;;
S038;1121;alpha;1;+;95;124;;
S038;1122;alpha;1;-;96;98;;
S038;1123;alpha;1;+;97;92;;
S038;1125;alpha;2;-;98;33;;
S038;1127;alpha;2;+;99;78;;
S038;1130;alpha;3;-;100;21;delta;
S038;1142;alpha;12;+;101;80;;
S038;1144;alpha;2;-;102;40;;
S038;1146;alpha;2;+;103;21;delta;
S038;1146;epsilon;99;+;51;58;;
S038;1147;epsilon;1;-;52;73;;
S038;1148;epsilon;1;+;53;96;;
S038;1156;gamma;109;+;28;99;;epsilon
S038;1160;beta;107;+;22;115;;beta
S038;1161;beta;1;-;23;8;;
S038;1171;beta;10;+;24;48;;
S038;1180;beta;9;-;25;108;gamma;
S038;1181;beta;1;+;26;65;;
S038;1182;alpha;36;-;104;104;;epsilon
S038;1183;alpha;1;+;105;25;;
S038;1184;alpha;1;-;106;124;;
S038;1184;beta;3;-;27;18;epsilon;
S038;1185;beta;1;+;28;54;;
S038;1186;alpha;2;+;107;99;;
S038;1212;alpha;26;-;108;20;beta;
S038;1215;alpha;3;+;109;76;;
S038;1232;alpha;17;-;110;124;;alpha
S038;1233;epsilon;85;-;54;33;;
S038;1236;epsilon;3;+;55;79;;
S038;1239;alpha;7;+;111;104;;
S038;1240;alpha;1;-;112;25;;
S038;1241;alpha;1;+;113;124;;
S038;1246;delta;591;+;16;11;;
S038;1257;alpha;16;-;114;97;;
S038;1320;epsilon;22;-;56;48;;
S038;1320;gamma;102;-;29;42;;
S038;1320;delta;12;-;17;96;;
S038;1321;beta;74;-;29;13;;
S038;1322;beta;1;+;30;4;;
S038;1325;gamma;5;+;30;44;;
S038;1325;delta;5;+;18;76;;
S038;1326;epsilon;6;+;57;105;;
S038;1327;epsilon;1;-;58;35;;
S038;1327;delta;2;-;19;0;;
S038;1329;epsilon;2;+;59;98;;
S038;1329;delta;2;+;20;2;;
S038;1330;epsilon;1;-;60;92;;
S038;1330;delta;1;-;21;21;delta;
S038;1332;delta;2;+;22;85;;
S038;1333;delta;1;-;23;89;;
S038;1334;delta;1;+;24;2;;
S038;1335;delta;1;-;25;21;delta;
S038;1336;gamma;11;-;31;93;;
S038;1337;gamma;1;+;32;42;;
S038;1337;delta;2;+;26;85;;
S038;1341;gamma;4;-;33;43;delta;
S038;1343;alpha;24;+;115;72;;
S038;1343;gamma;2;+;34;51;;
S038;1344;alpha;1;-;116;86;;
S038;1344;gamma;1;-;35;3;;
S038;1344;delta;7;-;27;95;;
S038;1345;alpha;1;+;117;99;;
S038;1345;gamma;1;+;36;31;;
S038;1345;delta;1;+;28;62;;
S038;1349;alpha;4;-;118;105;;
S038;1349;gamma;4;-;37;60;;
S038;1350;delta;5;-;29;117;;
S038;1363;alpha;14;+;119;100;gamma;
S038;1363;delta;13;+;30;29;;
S038;1366;epsilon;36;+;61;92;;epsilon
S038;1367;alpha;4;-;120;115;;
S038;1367;epsilon;1;-;62;32;;
S038;1367;delta;4;-;31;40;;
S038;1368;delta;1;+;32;20;beta;
S038;1369;alpha;2;+;121;9;;
S038;1371;epsilon;4;+;63;70;;
S038;1372;alpha;3;-;122;93;;
S038;1372;epsilon;1;-;64;66;;
S038;1372;beta;50;-;31;69;;
S038;1372;delta;4;-;33;77;;
S038;1373;alpha;1;+;123;42;;
S038;1373;beta;1;+;32;56;;
S038;1373;delta;1;+;34;9;;
S038;1374;epsilon;2;+;65;27;gamma;
S038;1375;epsilon;1;-;66;17;alpha;
S038;1377;beta;4;-;33;56;;
S038;1379;alpha;6;-;124;45;;
S038;1379;delta;6;-;35;96;;
S038;1437;alpha;58;+;125;113;;
S038;1438;alpha;1;-;126;115;;
S039;1;epsilon;1;+;1;1;;
S039;7;epsilon;6;-;2;16;;
S039;8;alpha;8;-;1;8;;
S039;9;alpha;1;+;2;81;;
S039;11;epsilon;4;+;3;37;;
S039;15;alpha;6;-;3;54;;
S039;15;epsilon;4;-;4;120;;
S039;28;alpha;13;+;4;79;;
S039;28;epsilon;13;+;5;75;;
S039;29;alpha;1;-;5;29;;
S039;30;epsilon;2;-;6;117;;
S039;65;alpha;36;+;6;15;;epsilon
S039;67;alpha;2;-;7;25;;
S039;71;alpha;4;+;8;0;;
S039;71;epsilon;41;+;7;57;;
S039;80;gamma;80;+;1;80;;
S039;84;gamma;4;-;2;42;;
S039;87;gamma;3;+;3;42;;
S039;90;gamma;3;-;4;42;;
S039;91;alpha;20;-;9;20;beta;beta
S039;92;alpha;1;+;10;74;;
S039;94;alpha;2;-;11;107;beta;
S039;95;alpha;1;+;12;55;;
S039;96;alpha;1;-;13;43;delta;
S039;97;epsilon;26;-;8;11;;
S039;104;epsilon;7;+;9;117;;
S039;106;epsilon;2;-;10;29;;
S039;107;epsilon;1;+;11;37;;
S039;108;epsilon;1;-;12;117;;
S039;115;alpha;19;+;14;1;;gamma
S039;117;epsilon;9;+;13;36;epsilon;
S039;118;epsilon;1;-;14;107;beta;
S039;121;alpha;6;-;15;16;;
S039;139;alpha;18;+;16;94;;epsilon
S039;148;epsilon;30;+;15;62;;
S039;150;gamma;60;+;5;69;;
S039;150;beta;150;+;1;23;;
S039;158;beta;8;-;2;111;;
S039;159;beta;1;+;3;95;;
S039;185;alpha;46;-;17;48;;
S039;186;alpha;1;+;18;100;gamma;
S039;189;alpha;3;-;19;114;;
S039;192;alpha;3;+;20;0;;
S039;197;delta;197;+;1;70;;
S039;234;alpha;42;-;21;42;;
S039;235;alpha;1;+;22;40;;
S039;236;alpha;1;-;23;20;beta;
S039;240;alpha;4;+;24;77;;
S039;244;alpha;4;-;25;12;;
S039;244;epsilon;96;-;16;73;;
S039;245;alpha;1;+;26;121;;
S039;245;epsilon;1;+;17;96;;
S039;246;alpha;1;-;27;68;alpha;
S039;247;epsilon;2;-;18;73;;
S039;253;alpha;7;+;28;52;;
S039;253;epsilon;6;+;19;101;;
S039;282;alpha;29;-;29;22;;
S039;283;alpha;1;+;30;94;;
S039;287;alpha;4;-;31;55;;
S039;290;epsilon;37;-;20;104;;
S039;292;epsilon;2;+;21;26;;
S039;294;epsilon;2;-;22;8;;
S039;300;gamma;150;-;6;62;;
S039;304;alpha;17;+;32;56;;alpha
S039;304;epsilon;10;+;23;48;;
S039;304;gamma;4;+;7;116;;
S039;334;alpha;30;-;33;42;;
S039;335;epsilon;31;-;24;5;;
S039;335;gamma;31;-;8;74;;
S039;336;epsilon;1;+;25;51;;
S039;336;gamma;1;+;9;106;delta;
S039;337;epsilon;1;-;26;3;;
S039;338;gamma;2;-;10;46;;
S039;341;beta;182;-;4;59;alpha;
S039;368;alpha;34;+;34;43;delta;
S039;370;beta;29;+;5;87;;
S039;371;epsilon;34;+;27;80;;
S039;371;gamma;33;+;11;61;;
S039;404;alpha;36;-;35;18;epsilon;epsilon
S039;408;alpha;4;+;36;57;;
S039;418;alpha;10;-;37;122;;
S039;421;alpha;3;+;38;80;;
S039;423;alpha;2;-;39;40;;
S039;424;epsilon;53;-;28;52;;
S039;427;gamma;56;-;12;60;;
S039;428;beta;58;-;6;122;;
S039;450;alpha;27;+;40;90;;gamma
S039;451;alpha;1;-;41;12;;
S039;452;alpha;1;+;42;121;;
S039;455;gamma;28;+;13;59;alpha;
S039;455;beta;27;+;7;35;;gamma
S039;456;epsilon;32;+;29;25;;
S039;474;alpha;22;-;43;57;;
S039;474;epsilon;18;-;30;105;;epsilon
S039;474;gamma;19;-;14;77;;gamma
S039;474;beta;19;-;8;90;;gamma
S039;476;epsilon;2;+;31;36;epsilon;
S039;477;epsilon;1;-;32;107;beta;
S039;493;delta;296;-;2;65;;
S039;500;delta;7;+;3;22;;
S039;501;delta;1;-;4;94;;
S039;502;delta;1;+;5;52;;
S039;503;alpha;29;+;44;14;;
S039;507;alpha;4;-;45;17;alpha;
S039;507;delta;5;-;6;17;alpha;
S039;553;alpha;46;+;46;95;;
S039;554;alpha;1;-;47;62;;
S039;567;alpha;13;+;48;117;;
S039;568;alpha;1;-;49;28;;
S039;573;alpha;5;+;50;31;;
S039;575;epsilon;98;+;33;3;;
S039;579;epsilon;4;-;34;34;;
S039;580;epsilon;1;+;35;87;;
S039;584;gamma;110;+;15;21;delta;alpha
S039;585;gamma;1;-;16;84;delta;
S039;591;gamma;6;+;17;84;delta;
S039;605;beta;131;+;9;88;;
S039;606;beta;1;-;10;119;;
S039;607;beta;1;+;11;48;;
S039;609;beta;2;-;12;101;;
S039;610;beta;1;+;13;122;;
S039;624;alpha;51;-;51;103;;
S039;626;alpha;2;+;52;16;;
S039;632;alpha;6;-;53;39;;
S039;633;alpha;1;+;54;10;;
S039;648;alpha;15;-;55;126;;
S039;649;epsilon;69;-;36;6;;
S039;664;alpha;16;+;56;43;delta;
S039;664;epsilon;15;+;37;107;beta;
S039;665;alpha;1;-;57;50;;
S039;665;epsilon;1;-;38;55;;
S039;666;alpha;1;+;58;120;;
S039;666;epsilon;1;+;39;43;delta;
S039;667;alpha;1;-;59;58;;
S039;667;epsilon;1;-;40;50;;
S039;668;alpha;1;+;60;73;;
S039;669;epsilon;2;+;41;121;;
S039;674;epsilon;5;-;42;72;;
S039;675;alpha;7;-;61;102;;
S039;677;alpha;2;+;62;6;;
S039;678;epsilon;4;+;43;89;;
S039;681;delta;174;+;7;29;;
S039;691;delta;10;-;8;116;;
S039;692;delta;1;+;9;18;epsilon;
S039;695;delta;3;-;10;56;;
S039;696;delta;1;+;11;53;;
S039;716;alpha;39;-;63;4;;
S039;723;epsilon;45;-;44;55;;
S039;726;epsilon;3;+;45;45;;
S039;727;epsilon;1;-;46;70;;
S039;728;alpha;12;+;64;31;;
S039;728;epsilon;1;+;47;66;;
S039;740;alpha;12;-;65;64;;
S039;740;epsilon;12;-;48;8;;
S039;742;epsilon;2;+;49;82;;
S039;743;epsilon;1;-;50;59;alpha;
S039;745;alpha;5;+;66;10;;
S039;745;epsilon;2;+;51;84;delta;
S039;747;alpha;2;-;67;102;;
S039;748;epsilon;3;-;52;81;;
S039;751;gamma;160;-;18;86;;
S039;751;beta;141;-;14;94;;
S039;751;delta;55;-;12;21;delta;
S039;766;alpha;19;+;68;59;alpha;gamma
S039;766;beta;15;+;15;17;alpha;
S039;766;delta;15;+;13;83;;
S039;768;epsilon;20;+;53;119;;beta
S039;768;gamma;17;+;19;108;gamma;alpha
S039;800;alpha;34;-;69;92;;
S039;804;alpha;4;+;70;35;;
S039;806;alpha;2;-;71;98;;
S039;812;epsilon;44;-;54;6;;
S039;816;gamma;48;-;20;53;;
S039;817;beta;51;-;16;100;gamma;
S039;820;delta;54;-;14;99;;
S039;829;delta;9;+;15;110;alpha;
S039;830;delta;1;-;16;85;;
S039;844;alpha;38;+;72;59;alpha;
S039;845;alpha;1;-;73;83;;
S039;846;alpha;1;+;74;69;;
S039;847;alpha;1;-;75;56;;
S039;849;alpha;2;+;76;54;;
S039;850;alpha;1;-;77;33;;
S039;855;alpha;5;+;78;81;;
S039;856;delta;26;+;17;17;alpha;
S039;859;delta;3;-;18;46;;
S039;860;delta;1;+;19;80;;
S039;861;epsilon;49;+;55;14;;
S039;868;alpha;13;-;79;112;;
S039;868;epsilon;7;-;56;20;beta;
S039;868;delta;8;-;20;46;;
S039;869;alpha;1;+;80;105;;
S039;869;epsilon;1;+;57;74;;
S039;869;delta;1;+;21;80;;
S039;870;alpha;1;-;81;35;;
S039;870;epsilon;1;-;58;106;delta;
S039;870;delta;1;-;22;39;;
S039;888;alpha;18;+;82;89;;epsilon
S039;889;epsilon;19;+;59;78;;gamma
S039;889;delta;19;+;23;109;epsilon;gamma
S039;892;delta;3;-;24;77;;
S039;894;alpha;6;-;83;7;;
S039;894;epsilon;5;-;60;23;;
S039;896;alpha;2;+;84;72;;
S039;899;alpha;3;-;85;88;;
S039;901;alpha;2;+;86;120;;
S039;904;alpha;3;-;87;60;;
S039;905;alpha;1;+;88;93;;
S039;907;alpha;2;-;89;43;delta;
S039;908;alpha;1;+;90;50;;
S039;909;epsilon;15;+;61;29;;
S039;911;gamma;95;+;21;61;;
S039;911;delta;19;+;25;99;;gamma
S039;916;beta;99;+;17;66;;
S039;990;alpha;82;-;91;2;;
S039;991;alpha;1;+;92;21;delta;
S039;992;alpha;1;-;93;84;delta;
S039;1002;epsilon;93;-;62;72;;
S039;1003;epsilon;1;+;63;86;;
S039;1007;epsilon;4;-;64;102;;
S039;1019;gamma;108;-;22;21;delta;gamma
S039;1022;gamma;3;+;23;86;;
S039;1023;gamma;1;-;24;99;;
S039;1035;alpha;43;+;94;61;;delta
S039;1039;alpha;4;-;95;106;delta;
S039;1041;alpha;2;+;96;46;;
S039;1045;alpha;4;-;97;83;;
S039;1048;alpha;3;+;98;71;;
S039;1049;alpha;1;-;99;76;;
S039;1050;alpha;1;+;100;126;;
S039;1058;alpha;8;-;101;125;;
S039;1067;alpha;9;+;102;116;;
S039;1067;epsilon;60;+;65;100;gamma;
S039;1068;alpha;1;-;103;18;epsilon;
S039;1068;epsilon;1;-;66;112;;
S039;1070;beta;154;-;18;114;;
S039;1103;alpha;35;+;104;57;;
S039;1104;alpha;1;-;105;63;;
S039;1107;alpha;3;+;106;125;;
S039;1112;epsilon;44;+;67;68;alpha;
S039;1115;gamma;92;+;25;86;;
S039;1116;gamma;1;-;26;99;;
S039;1118;gamma;2;+;27;103;;
S039;1129;alpha;22;-;107;76;;
S039;1129;gamma;11;-;28;24;;
S039;1131;alpha;2;+;108;0;;
S039;1132;gamma;3;+;29;116;;
S039;1139;alpha;8;-;109;8;;
S039;1141;epsilon;29;-;68;98;;
S039;1141;gamma;9;-;30;26;;
S039;1158;alpha;19;+;110;57;;gamma
S039;1161;alpha;3;-;111;65;;
S039;1162;alpha;1;+;112;16;;
S039;1162;gamma;21;+;31;81;;delta
S039;1163;epsilon;22;+;69;43;delta;
S039;1164;beta;94;+;19;64;;
S039;1187;alpha;25;-;113;101;;
S039;1193;epsilon;30;-;70;12;;
S039;1193;gamma;31;-;32;3;;
S039;1193;beta;29;-;20;79;;
S039;1193;delta;282;-;26;95;;
S039;1194;delta;1;+;27;62;;
S039;1198;delta;4;-;28;116;;
S039;1201;delta;3;+;29;20;beta;
S039;1213;alpha;26;+;114;93;;
S039;1213;gamma;20;+;33;66;;beta
S039;1213;beta;20;+;21;46;;beta
S039;1214;gamma;1;-;34;26;;
S039;1214;beta;1;-;22;80;;
S039;1215;alpha;2;-;115;43;delta;
S039;1216;alpha;1;+;116;50;;
S039;1220;gamma;6;+;35;12;;
S039;1220;beta;6;+;23;44;;
S039;1221;gamma;1;-;36;121;;
S039;1224;gamma;3;+;37;70;;
S039;1225;epsilon;32;+;71;89;;
S039;1252;alpha;36;-;117;83;;epsilon
S039;1320;alpha;6;+;118;74;;
S039;1321;alpha;1;-;119;106;delta;
S039;1322;alpha;1;+;120;45;;
S039;1333;alpha;11;-;121;66;;
S039;1335;epsilon;48;-;72;58;;
S039;1337;gamma;51;-;38;66;;
S039;1340;gamma;3;+;39;28;;
S039;1343;gamma;3;-;40;29;;
S039;1344;beta;62;-;24;17;alpha;
S039;1354;gamma;11;+;41;117;;
S039;1354;beta;10;+;25;59;alpha;
S039;1355;alpha;22;+;122;18;epsilon;
S039;1356;alpha;1;-;123;54;;
S039;1357;alpha;1;+;124;33;;
S039;1360;epsilon;25;+;73;110;alpha;
S039;1361;epsilon;1;-;74;85;;
S039;1363;epsilon;2;+;75;90;;
S039;1365;epsilon;2;-;76;13;;
S039;1366;alpha;9;-;125;85;;
S039;1366;gamma;12;-;42;28;;
S039;1368;beta;14;-;26;72;;
S039;1369;beta;1;+;27;86;;
S039;1370;beta;1;-;28;99;;
S039;1376;alpha;10;+;126;1;;
S039;1376;beta;6;+;29;107;beta;
S039;1380;alpha;4;-;127;14;;
S039;1380;beta;4;-;30;58;;
S039;1383;alpha;3;+;128;16;;
S039;1383;epsilon;18;+;77;48;;epsilon
S039;1383;gamma;17;+;43;23;;alpha
S039;1383;beta;3;+;31;75;;
S039;1384;alpha;1;-;129;34;;
S039;1384;epsilon;1;-;78;100;gamma;
S039;1384;gamma;1;-;44;104;;
S039;1384;beta;1;-;32;116;;
S039;1385;delta;122;-;30;56;;
S039;1408;alpha;24;+;130;122;;
S039;1409;alpha;1;-;131;78;;
S039;1423;alpha;14;+;132;67;;
S039;1424;alpha;1;-;133;36;epsilon;
S039;1425;alpha;1;+;134;107;beta;
S039;1426;alpha;1;-;135;55;;
S040;1;alpha;1;-;1;1;;
S040;2;alpha;1;+;2;11;;
S040;3;alpha;1;-;3;111;;
S040;7;alpha;4;+;4;98;;
S040;8;alpha;1;-;5;92;;
S040;9;alpha;1;+;6;32;;
S040;11;epsilon;11;+;1;11;;
S040;13;gamma;13;+;1;13;;
S040;15;beta;15;+;1;15;;
S040;17;beta;2;-;2;25;;
S040;18;beta;1;+;3;124;;
S040;18;delta;18;+;1;18;epsilon;epsilon
S040;19;delta;1;-;2;54;;
S040;20;beta;2;-;4;99;;
S040;23;beta;3;+;5;104;;
S040;23;delta;4;+;3;36;epsilon;
S040;28;delta;5;-;4;111;;
S040;29;beta;6;-;6;30;;
S040;30;beta;1;+;7;47;;
S040;30;delta;2;+;5;96;;
S040;60;alpha;51;-;7;76;;
S040;63;epsilon;52;-;2;9;;
S040;67;gamma;54;-;2;84;delta;
S040;67;beta;37;-;8;38;;
S040;67;delta;37;-;6;112;;
S040;69;gamma;2;+;3;80;;
S040;69;beta;2;+;9;1;;
S040;69;delta;2;+;7;106;delta;
S040;73;gamma;4;-;4;42;;
S040;73;beta;4;-;10;14;;
S040;73;delta;4;-;8;48;;
S040;84;alpha;24;+;8;4;;
S040;84;gamma;11;+;5;20;beta;
S040;84;beta;11;+;11;14;;
S040;84;delta;11;+;9;112;;
S040;87;alpha;3;-;9;43;delta;
S040;87;gamma;3;-;6;76;;
S040;87;beta;3;-;12;16;;
S040;87;delta;3;-;10;107;beta;
S040;90;alpha;3;+;10;52;;
S040;90;gamma;3;+;7;1;;
S040;90;beta;3;+;13;36;epsilon;
S040;90;delta;3;+;11;57;;
S040;92;alpha;2;-;11;14;;
S040;92;gamma;2;-;8;12;;
S040;92;beta;2;-;14;108;gamma;
S040;92;delta;2;-;12;64;;
S040;93;alpha;1;+;12;14;;
S040;93;gamma;1;+;9;121;;
S040;93;beta;1;+;15;65;;
S040;93;delta;1;+;13;6;;
S040;94;gamma;1;-;10;68;alpha;
S040;94;delta;1;-;14;61;;
S040;96;delta;2;+;15;104;;
S040;97;alpha;4;-;13;17;alpha;
S040;97;beta;4;-;16;19;gamma;
S040;97;delta;1;-;16;25;;
S040;98;alpha;1;+;14;44;;
S040;98;gamma;4;+;11;49;;
S040;98;beta;1;+;17;64;;
S040;98;delta;1;+;17;124;;
S040;99;alpha;1;-;15;60;;
S040;99;gamma;1;-;12;110;alpha;
S040;99;beta;1;-;18;6;;
S040;99;delta;1;-;18;98;;
S040;139;alpha;40;+;16;71;;
S040;143;alpha;4;-;17;79;;
S040;150;alpha;7;+;18;35;;
S040;154;epsilon;91;+;3;102;;epsilon
S040;164;gamma;65;+;13;16;;
S040;168;gamma;4;-;14;37;;
S040;169;gamma;1;+;15;117;;
S040;170;gamma;1;-;16;28;;
S040;174;alpha;24;-;19;95;;
S040;177;alpha;3;+;20;64;;
S040;177;gamma;7;+;17;33;;
S040;182;alpha;5;-;21;10;;
S040;182;gamma;5;-;18;81;;
S040;183;epsilon;29;-;4;69;;
S040;191;epsilon;8;+;5;63;;
S040;192;epsilon;1;-;6;123;;
S040;194;epsilon;2;+;7;89;;
S040;196;alpha;14;+;22;125;;
S040;196;gamma;14;+;19;113;;
S040;201;alpha;5;-;23;112;;
S040;201;epsilon;7;-;8;8;;
S040;201;gamma;5;-;20;119;;
S040;203;gamma;2;+;21;49;;
S040;204;alpha;3;+;24;107;beta;
S040;206;alpha;2;-;25;56;;
S040;206;gamma;3;-;22;112;;
S040;232;alpha;26;+;26;38;;
S040;234;alpha;2;-;27;1;;
S040;257;alpha;23;+;28;123;;
S040;262;alpha;5;-;29;92;;
S040;266;alpha;4;+;30;35;;
S040;267;alpha;1;-;31;97;;
S040;269;alpha;2;+;32;83;;
S040;270;alpha;1;-;33;69;;
S040;278;alpha;8;+;34;63;;
S040;280;epsilon;79;+;9;117;;
S040;282;alpha;4;-;35;126;;
S040;282;epsilon;2;-;10;29;;
S040;283;alpha;1;+;36;118;;
S040;283;epsilon;1;+;11;37;;
S040;290;alpha;7;-;37;44;;
S040;290;epsilon;7;-;12;123;;
S040;292;alpha;2;+;38;61;;
S040;292;epsilon;2;+;13;89;;
S040;293;alpha;1;-;39;103;;
S040;293;epsilon;1;-;14;2;;
S040;299;alpha;6;+;40;20;beta;
S040;299;epsilon;6;+;15;26;;
S040;303;alpha;4;-;41;77;;
S040;303;epsilon;4;-;16;10;;
S040;305;alpha;2;+;42;10;;
S040;305;epsilon;2;+;17;102;;
S040;307;gamma;101;+;23;87;;
S040;308;gamma;1;-;24;109;epsilon;
S040;309;alpha;4;-;43;104;;
S040;309;epsilon;4;-;18;8;;
S040;324;alpha;15;+;44;1;;
S040;328;epsilon;19;+;19;57;;gamma
S040;329;epsilon;1;-;20;63;;
S040;330;alpha;6;-;45;16;;
S040;386;alpha;56;+;46;5;;
S040;393;alpha;7;-;47;57;;
S040;394;alpha;1;+;48;63;;
S040;396;alpha;2;-;49;124;;
S040;425;alpha;29;+;50;110;alpha;
S040;433;epsilon;104;+;21;112;;
S040;434;epsilon;1;-;22;105;;
S040;436;epsilon;2;+;23;36;epsilon;
S040;437;epsilon;1;-;24;107;beta;
S040;438;epsilon;1;+;25;55;;
S040;439;epsilon;1;-;26;43;delta;
S040;441;epsilon;2;+;27;51;;
S040;446;gamma;138;+;25;45;;
S040;455;gamma;9;-;26;78;;
S040;456;gamma;1;+;27;19;gamma;
S040;472;alpha;47;-;51;125;;
S040;475;epsilon;34;-;28;54;;
S040;475;gamma;19;-;28;14;;gamma
S040;477;gamma;2;+;29;15;;
S040;478;gamma;1;-;30;24;;
S040;503;alpha;31;+;52;85;;
S040;511;alpha;8;-;53;96;;
S040;533;alpha;22;+;54;97;;
S040;535;alpha;2;-;55;83;;
S040;536;alpha;1;+;56;69;;
S040;552;alpha;16;-;57;58;;
S040;555;alpha;3;+;58;75;;
S040;556;alpha;1;-;59;116;;
S040;568;alpha;12;+;60;55;;
S040;568;epsilon;93;+;29;32;;
S040;578;alpha;10;-;61;49;;
S040;578;epsilon;10;-;30;35;;
S040;605;alpha;27;+;62;101;;gamma
S040;611;epsilon;33;+;31;104;;
S040;614;gamma;136;+;31;6;;
S040;615;gamma;1;-;32;61;;
S040;618;gamma;3;+;33;105;;
S040;619;epsilon;8;-;32;32;;
S040;619;gamma;1;-;34;35;;
S040;620;epsilon;1;+;33;67;;
S040;623;epsilon;3;-;34;38;;
S040;624;epsilon;1;+;35;0;;
S040;625;alpha;20;-;63;87;;beta
S040;625;epsilon;1;-;36;1;;
S040;626;alpha;1;+;64;109;epsilon;
S040;626;epsilon;1;+;37;11;;
S040;627;alpha;1;-;65;75;;
S040;628;epsilon;2;-;38;112;;
S040;630;epsilon;2;+;39;106;delta;
S040;631;epsilon;1;-;40;45;;
S040;632;epsilon;1;+;41;70;;
S040;633;epsilon;1;-;42;66;;
S040;656;alpha;29;+;66;36;epsilon;
S040;660;alpha;4;-;67;110;alpha;
S040;674;alpha;14;+;68;92;;
S040;679;alpha;5;-;69;36;epsilon;
S040;696;alpha;17;+;70;61;;alpha
S040;698;alpha;2;-;71;104;;
S040;702;alpha;4;+;72;28;;
S040;703;alpha;1;-;73;27;gamma;
S040;704;alpha;1;+;74;17;alpha;
S040;708;alpha;4;-;75;47;;
S040;709;alpha;1;+;76;90;;
S040;710;alpha;1;-;77;12;;
S040;711;alpha;1;+;78;121;;
S040;711;epsilon;78;+;43;74;;
S040;713;epsilon;2;-;44;107;beta;
S040;714;alpha;3;-;79;70;;
S040;717;alpha;3;+;80;68;alpha;
S040;717;epsilon;4;+;45;58;;
S040;722;alpha;5;-;81;50;;
S040;722;epsilon;5;-;46;77;;
S040;723;alpha;1;+;82;120;;
S040;723;epsilon;1;+;47;9;;
S040;724;gamma;105;+;35;53;;
S040;725;beta;626;+;19;22;;
S040;726;beta;1;-;20;94;;
S040;727;beta;1;+;21;52;;
S040;729;beta;2;-;22;14;;
S040;731;alpha;8;-;83;65;;
S040;731;gamma;7;-;36;29;;
S040;732;alpha;1;+;84;16;;
S040;733;gamma;2;+;37;38;;
S040;733;beta;4;+;23;17;alpha;
S040;750;alpha;18;-;85;94;;epsilon
S040;750;epsilon;27;-;48;38;;gamma
S040;750;gamma;17;-;38;7;;alpha
S040;750;beta;17;-;24;66;;alpha
S040;776;alpha;26;+;86;28;;
S040;791;epsilon;41;+;49;31;;
S040;804;alpha;28;-;87;34;;
S040;805;alpha;1;+;88;87;;
S040;806;alpha;1;-;89;109;epsilon;
S040;811;epsilon;20;-;50;72;;beta
S040;812;epsilon;1;+;51;86;;
S040;816;epsilon;4;-;52;102;;
S040;826;alpha;20;+;90;125;;beta
S040;827;alpha;1;-;91;108;gamma;
S040;828;alpha;1;+;92;65;;
S040;829;epsilon;13;+;53;53;;
S040;830;epsilon;1;-;54;23;;
S040;836;epsilon;6;+;55;109;epsilon;
S040;836;gamma;86;+;39;24;;
S040;842;beta;92;+;25;88;;
S040;858;alpha;30;-;93;53;;
S040;858;beta;16;-;26;53;;
S040;863;epsilon;27;-;56;5;;gamma
S040;870;epsilon;7;+;57;57;;
S040;874;epsilon;4;-;58;66;;
S040;878;alpha;20;+;94;113;;beta
S040;878;epsilon;4;+;59;29;;
S040;878;beta;20;+;27;113;;beta
S040;880;alpha;2;-;95;116;;
S040;880;epsilon;2;-;60;38;;
S040;880;beta;2;-;28;116;;
S040;882;alpha;2;+;96;19;gamma;
S040;884;epsilon;4;+;61;3;;
S040;884;beta;4;+;29;21;delta;
S040;885;epsilon;1;-;62;31;;
S040;885;beta;1;-;30;84;delta;
S040;886;beta;1;+;31;79;;
S040;888;epsilon;3;+;63;59;alpha;
S040;890;alpha;8;-;97;71;;
S040;890;epsilon;2;-;64;84;delta;
S040;890;beta;4;-;32;32;;
S040;891;alpha;1;+;98;76;;
S040;891;beta;1;+;33;67;;
S040;897;epsilon;7;+;65;85;;
S040;900;alpha;9;-;99;7;;
S040;900;epsilon;3;-;66;91;epsilon;
S040;902;alpha;2;+;100;72;;
S040;902;epsilon;2;+;67;23;;
S040;903;epsilon;1;-;68;104;;
S040;904;alpha;2;-;101;87;;
S040;907;gamma;71;-;40;58;;
S040;911;gamma;4;+;41;76;;
S040;912;gamma;1;-;42;126;;
S040;913;beta;22;-;34;118;;
S040;929;alpha;25;+;102;89;;
S040;930;beta;17;+;35;6;;alpha
S040;931;epsilon;28;+;69;14;;
S040;932;epsilon;1;-;70;14;;
S040;932;beta;2;-;36;62;;
S040;933;beta;1;+;37;113;;
S040;935;beta;2;-;38;116;;
S040;943;epsilon;11;+;71;14;;
S040;951;gamma;39;+;43;66;;
S040;951;beta;16;+;39;59;alpha;
S040;967;alpha;38;-;103;48;;
S040;968;gamma;17;-;44;13;;alpha
S040;968;beta;17;-;40;75;;alpha
S040;969;gamma;1;+;45;4;;
S040;969;beta;1;+;41;116;;
S040;979;alpha;12;+;104;113;;
S040;980;alpha;1;-;105;115;;
S040;981;alpha;1;+;106;8;;
S040;990;delta;891;+;19;85;;
S040;992;delta;2;-;20;90;;
S040;998;alpha;17;-;107;55;;alpha
S040;999;alpha;1;+;108;43;delta;
S040;1001;alpha;2;-;109;51;;
S040;1002;alpha;1;+;110;3;;
S040;1005;alpha;3;-;111;33;;
S040;1005;epsilon;62;-;72;65;;
S040;1006;epsilon;1;+;73;16;;
S040;1010;alpha;5;+;112;81;;
S040;1011;delta;19;+;21;2;;gamma
S040;1025;alpha;15;-;113;114;;
S040;1041;epsilon;35;-;74;111;;
S040;1047;delta;36;-;22;109;epsilon;epsilon
S040;1048;gamma;79;-;46;98;;
S040;1049;gamma;1;+;47;92;;
S040;1050;delta;3;+;23;77;;
S040;1051;alpha;26;+;114;123;;
S040;1052;epsilon;11;+;75;62;;
S040;1053;alpha;2;-;115;89;;
S040;1053;epsilon;1;-;76;113;;
S040;1054;alpha;1;+;116;2;;
S040;1055;epsilon;2;+;77;116;;
S040;1060;epsilon;5;-;78;22;;
S040;1062;alpha;8;-;117;28;;
S040;1064;alpha;2;+;118;28;;
S040;1068;alpha;4;-;119;30;;
S040;1069;alpha;1;+;120;47;;
S040;1070;alpha;1;-;121;90;;
S040;1070;gamma;21;-;48;77;;delta
S040;1072;delta;22;-;24;102;;
S040;1075;beta;106;-;42;28;;delta
S040;1077;beta;2;+;43;28;;
S040;1079;delta;7;+;25;11;;
S040;1085;beta;8;-;44;34;;
S040;1085;delta;6;-;26;116;;
S040;1087;delta;2;+;27;19;gamma;
S040;1088;delta;1;-;28;64;;
S040;1091;delta;3;+;29;8;;
S040;1092;alpha;22;+;122;5;;
S040;1092;beta;7;+;45;93;;
S040;1093;epsilon;33;+;79;74;;
S040;1094;gamma;24;+;49;104;;
S040;1096;gamma;2;-;50;26;;
S040;1098;gamma;2;+;51;8;;
S040;1112;alpha;20;-;123;12;;beta
S040;1112;gamma;14;-;52;52;;
S040;1115;epsilon;22;-;80;56;;
S040;1116;beta;24;-;46;53;;
S040;1117;beta;1;+;47;23;;
S040;1118;epsilon;3;+;81;55;;
S040;1122;gamma;10;+;53;3;;
S040;1123;alpha;11;+;124;68;alpha;
S040;1125;alpha;2;-;125;47;;
S040;1125;gamma;3;-;54;33;;
S040;1126;gamma;1;+;55;77;;
S040;1132;alpha;7;+;126;96;;
S040;1140;alpha;8;-;127;79;;
S040;1140;epsilon;22;-;82;61;;
S040;1140;gamma;14;-;56;94;;
S040;1140;beta;23;-;48;37;;
S040;1149;delta;58;-;30;96;;
S040;1153;delta;4;+;31;75;;
S040;1154;delta;1;-;32;116;;
S040;1172;alpha;32;+;128;58;;
S040;1182;alpha;10;-;129;95;;
S040;1193;alpha;11;+;130;113;;
S040;1193;epsilon;53;+;83;57;;
S040;1194;delta;40;+;33;83;;
S040;1196;gamma;56;+;57;58;;
S040;1198;gamma;2;-;58;74;;
S040;1198;delta;4;-;34;72;;
S040;1200;delta;2;+;35;87;;
S040;1201;delta;1;-;36;109;epsilon;
S040;1203;delta;2;+;37;76;;
S040;1204;delta;1;-;38;126;;
S040;1206;delta;2;+;39;119;;
S040;1209;gamma;11;+;59;45;;
S040;1210;beta;70;+;49;87;;
S040;1212;beta;2;-;50;110;alpha;
S040;1214;gamma;5;-;60;74;;
S040;1215;gamma;1;+;61;106;delta;
S040;1218;beta;6;+;51;90;;
S040;1235;alpha;42;-;131;39;;
S040;1239;beta;21;-;52;4;;delta
S040;1240;epsilon;47;-;84;32;;
S040;1242;epsilon;2;+;85;68;alpha;
S040;1242;beta;3;+;53;43;delta;
S040;1244;epsilon;2;-;86;47;;
S040;1244;beta;2;-;54;51;;
S040;1245;beta;1;+;55;3;;
S040;1246;beta;1;-;56;31;;
S040;1247;epsilon;3;+;87;92;;
S040;1247;beta;1;+;57;57;;
S040;1252;epsilon;5;-;88;36;epsilon;
S040;1252;beta;5;-;58;67;;
S040;1253;epsilon;1;+;89;107;beta;
S040;1253;beta;1;+;59;36;epsilon;
S040;1254;epsilon;1;-;90;55;;
S040;1254;beta;1;-;60;107;beta;
S040;1255;beta;1;+;61;55;;
S040;1256;beta;1;-;62;43;delta;
S040;1257;delta;51;-;40;13;;
S041;4;alpha;4;-;1;4;;
S041;4;delta;4;-;1;4;;
S041;6;delta;2;+;2;42;;
S041;7;delta;1;-;3;40;;
S041;8;beta;8;-;1;8;;
S041;9;beta;1;+;2;81;;
S041;10;epsilon;10;-;1;10;;
S041;10;gamma;10;-;1;10;;
S041;10;beta;1;-;3;49;;
S041;11;epsilon;1;+;2;101;;
S041;11;gamma;1;+;2;101;;
S041;11;beta;1;+;4;110;alpha;
S041;11;delta;4;+;4;23;;
S041;12;epsilon;1;-;3;122;;
S041;12;gamma;1;-;3;122;;
S041;12;beta;1;-;5;85;;
S041;12;delta;1;-;5;104;;
S041;15;gamma;3;+;4;80;;
S041;16;epsilon;4;+;4;81;;
S041;16;beta;4;+;6;92;;
S041;16;delta;4;+;6;28;;
S041;17;delta;1;-;7;27;gamma;
S041;18;epsilon;2;-;5;50;;
S041;19;gamma;4;-;5;42;;
S041;19;beta;3;-;7;34;;
S041;20;gamma;1;+;6;40;;
S041;20;beta;1;+;8;87;;
S041;21;alpha;17;+;2;36;epsilon;alpha
S041;21;epsilon;3;+;6;122;;
S041;21;delta;4;+;8;20;beta;
S041;22;alpha;1;-;3;107;beta;
S041;23;alpha;1;+;4;55;;
S041;61;alpha;38;-;5;77;;
S041;61;epsilon;40;-;7;48;;
S041;62;epsilon;1;+;8;100;gamma;
S041;63;alpha;2;+;6;10;;
S041;84;alpha;21;-;7;5;;delta
S041;85;alpha;1;+;8;51;;
S041;108;alpha;23;-;9;43;delta;
S041;117;alpha;9;+;10;58;;
S041;118;alpha;1;-;11;73;;
S041;119;epsilon;57;-;9;24;;
S041;121;epsilon;2;+;10;115;;
S041;122;epsilon;1;-;11;8;;
S041;125;alpha;7;+;12;102;;
S041;125;epsilon;3;+;12;83;;
S041;126;alpha;1;-;13;5;;
S041;127;epsilon;2;-;13;70;;
S041;138;gamma;118;-;7;113;;
S041;139;gamma;1;+;8;115;;
S041;141;gamma;2;-;9;9;;
S041;148;beta;128;-;9;6;;
S041;150;beta;2;+;10;62;;
S041;152;beta;2;-;11;114;;
S041;153;beta;1;+;12;125;;
S041;158;alpha;32;+;14;24;;
S041;162;alpha;4;-;15;117;;
S041;162;beta;9;-;13;116;;
S041;163;beta;1;+;14;18;epsilon;
S041;164;alpha;2;+;16;29;;
S041;166;epsilon;39;+;14;54;;
S041;167;gamma;26;+;10;37;;
S041;168;gamma;1;-;11;117;;
S041;172;gamma;4;+;12;31;;
S041;195;alpha;31;-;17;10;;
S041;196;gamma;24;-;13;76;;
S041;198;gamma;2;+;14;0;;
S041;199;epsilon;33;-;15;99;;
S041;199;gamma;1;-;15;1;;
S041;200;beta;37;-;15;59;alpha;
S041;204;beta;4;+;16;86;;
S041;205;beta;1;-;17;99;;
S041;221;alpha;26;+;18;10;;
S041;227;alpha;6;-;19;106;delta;
S041;236;alpha;9;+;20;53;;
S041;237;alpha;1;-;21;23;;
S041;239;alpha;2;+;22;105;;
S041;240;alpha;1;-;23;35;;
S041;241;alpha;1;+;24;97;;
S041;242;epsilon;43;+;16;37;;delta
S041;242;gamma;43;+;16;16;;delta
S041;244;epsilon;2;-;17;118;;
S041;244;gamma;2;-;17;35;;
S041;245;epsilon;1;+;18;38;;
S041;248;alpha;7;-;25;88;;
S041;248;epsilon;3;-;19;2;;
S041;255;delta;234;-;9;41;;
S041;256;delta;1;+;10;30;;
S041;259;delta;3;-;11;49;;
S041;279;alpha;31;+;26;68;alpha;
S041;280;epsilon;32;+;20;105;;
S041;280;delta;21;+;12;95;;delta
S041;283;epsilon;3;-;21;37;;
S041;286;delta;6;-;13;67;;
S041;287;alpha;8;-;27;53;;
S041;289;alpha;2;+;28;24;;
S041;290;alpha;1;-;29;114;;
S041;311;alpha;21;+;30;118;;delta
S041;313;epsilon;30;+;22;47;;
S041;315;epsilon;2;-;23;91;epsilon;
S041;316;epsilon;1;+;24;22;;
S041;322;epsilon;6;-;25;99;;
S041;324;epsilon;2;+;26;103;;
S041;325;epsilon;1;-;27;15;;
S041;326;epsilon;1;+;28;24;;
S041;331;alpha;20;-;31;9;;beta
S041;331;epsilon;5;-;29;118;;
S041;364;alpha;33;+;32;44;;
S041;370;alpha;6;-;33;65;;
S041;377;alpha;7;+;34;22;;
S041;379;epsilon;48;+;30;37;;
S041;380;epsilon;1;-;31;117;;
S041;381;epsilon;1;+;32;28;;
S041;383;epsilon;2;-;33;28;;
S041;386;epsilon;3;+;34;29;;
S041;388;alpha;11;-;35;52;;
S041;388;epsilon;2;-;35;38;;
S041;422;alpha;34;+;36;27;gamma;
S041;423;alpha;1;-;37;17;alpha;
S041;424;alpha;1;+;38;44;;
S041;433;epsilon;45;+;36;35;;
S041;436;epsilon;3;-;37;99;;
S041;437;alpha;13;-;39;95;;
S041;439;alpha;2;+;40;63;;
S041;443;alpha;4;-;41;126;;
S041;446;alpha;3;+;42;120;;
S041;446;epsilon;10;+;38;4;;
S041;448;alpha;2;-;43;59;alpha;
S041;448;epsilon;2;-;39;42;;
S041;450;alpha;2;+;44;84;delta;
S041;450;epsilon;2;+;40;41;;
S041;455;alpha;5;-;45;83;;
S041;457;epsilon;7;-;41;36;epsilon;
S041;471;alpha;16;+;46;61;;
S041;472;alpha;1;-;47;103;;
S041;473;alpha;1;+;48;15;;
S041;480;epsilon;23;+;42;67;;
S041;482;epsilon;2;-;43;37;;
S041;483;epsilon;1;+;44;117;;
S041;484;epsilon;1;-;45;28;;
S041;486;epsilon;2;+;46;28;;
S041;489;gamma;245;+;18;66;;
S041;496;gamma;7;-;19;32;;
S041;497;gamma;1;+;20;67;;
S041;498;alpha;25;-;49;1;;
S041;498;gamma;1;-;21;36;epsilon;
S041;500;alpha;2;+;50;12;;
S041;500;gamma;2;+;22;108;gamma;
S041;507;alpha;7;-;51;0;;
S041;508;gamma;8;-;23;72;;
S041;509;epsilon;23;-;47;29;;
S041;510;epsilon;1;+;48;37;;
S041;510;gamma;2;+;24;87;;
S041;511;alpha;4;+;52;4;;
S041;512;beta;307;+;18;120;;
S041;542;alpha;31;-;53;50;;
S041;546;alpha;4;+;54;123;;
S041;547;alpha;1;-;55;88;;
S041;548;alpha;1;+;56;119;;
S041;549;alpha;1;-;57;48;;
S041;551;epsilon;41;-;49;58;;
S041;552;epsilon;1;+;50;73;;
S041;553;epsilon;1;-;51;96;;
S041;555;epsilon;2;+;52;73;;
S041;559;alpha;10;+;58;111;;
S041;562;alpha;3;-;59;97;;
S041;564;epsilon;9;-;53;104;;
S041;567;alpha;5;+;60;86;;
S041;567;epsilon;3;+;54;27;gamma;
S041;590;delta;304;+;14;121;;
S041;594;delta;4;-;15;71;;
S041;597;delta;3;+;16;78;;
S041;619;alpha;52;-;61;16;;
S041;621;epsilon;54;-;55;87;;
S041;622;delta;25;-;17;78;;
S041;623;delta;1;+;18;19;gamma;
S041;632;alpha;13;+;62;89;;
S041;632;epsilon;11;+;56;75;;
S041;634;alpha;2;-;63;3;;
S041;634;epsilon;2;-;57;117;;
S041;635;alpha;1;+;64;31;;
S041;635;epsilon;1;+;58;28;;
S041;684;alpha;49;-;65;101;;
S041;691;epsilon;56;-;59;62;;
S041;698;gamma;188;-;25;66;;
S041;700;gamma;2;+;26;27;gamma;
S041;708;alpha;24;+;66;91;epsilon;
S041;708;epsilon;17;+;60;121;;alpha
S041;711;epsilon;3;-;61;70;;
S041;716;epsilon;5;+;62;70;;
S041;717;epsilon;1;-;63;66;;
S041;720;epsilon;3;+;64;28;;
S041;721;epsilon;1;-;65;27;gamma;
S041;722;epsilon;1;+;66;17;alpha;
S041;727;alpha;19;-;67;102;;gamma
S041;727;epsilon;5;-;67;48;;
S041;728;alpha;1;+;68;5;;
S041;728;epsilon;1;+;68;100;gamma;
S041;729;alpha;1;-;69;51;;
S041;729;epsilon;1;-;69;112;;
S041;730;alpha;1;+;70;3;;
S041;730;epsilon;1;+;70;105;;
S041;751;alpha;21;-;71;67;;delta
S041;753;alpha;2;+;72;37;;
S041;756;alpha;3;-;73;119;;
S041;761;epsilon;31;-;71;117;;
S041;763;epsilon;2;+;72;29;;
S041;764;alpha;8;+;74;55;;
S041;765;alpha;1;-;75;43;delta;
S041;767;epsilon;4;-;73;40;;
S041;770;epsilon;3;+;74;22;;
S041;771;epsilon;1;-;75;94;;
S041;775;gamma;75;-;27;108;gamma;
S041;778;beta;266;-;19;124;;
S041;779;gamma;4;+;28;68;alpha;
S041;779;beta;1;+;20;98;;
S041;780;alpha;15;+;76;124;;
S041;780;epsilon;9;+;76;60;;
S041;781;epsilon;1;-;77;93;;
S041;782;epsilon;1;+;78;42;;
S041;785;epsilon;3;-;79;42;;
S041;786;epsilon;1;+;80;40;;
S041;787;epsilon;1;-;81;20;beta;
S041;789;alpha;9;-;77;106;delta;
S041;789;gamma;10;-;29;79;;
S041;789;beta;10;-;21;31;;
S041;802;alpha;13;+;78;72;;
S041;802;epsilon;15;+;82;110;alpha;
S041;802;gamma;13;+;30;39;;
S041;802;beta;13;+;22;65;;
S041;805;epsilon;3;-;83;87;;
S041;805;gamma;3;-;31;12;;
S041;806;alpha;4;-;79;89;;
S041;806;beta;4;-;23;19;gamma;
S041;807;alpha;1;+;80;2;;
S041;807;beta;1;+;24;64;;
S041;809;alpha;2;-;81;22;;
S041;809;beta;2;-;25;7;;
S041;811;alpha;2;+;82;95;;
S041;812;alpha;1;-;83;62;;
S041;820;alpha;8;+;84;120;;
S041;821;alpha;1;-;85;58;;
S041;823;alpha;2;+;86;74;;
S041;823;epsilon;18;+;84;82;;epsilon
S041;823;beta;14;+;26;79;;
S041;824;gamma;19;+;32;76;;gamma
S041;850;alpha;27;-;87;61;;gamma
S041;853;epsilon;30;-;85;102;;
S041;856;gamma;32;-;33;12;;
S041;856;beta;33;-;27;59;alpha;
S041;865;delta;242;-;19;65;;
S041;890;alpha;40;+;88;44;;
S041;903;alpha;13;-;89;95;;
S041;908;alpha;5;+;90;66;;
S041;912;alpha;4;-;91;29;;
S041;934;alpha;22;+;92;1;;
S041;935;alpha;1;-;93;11;;
S041;945;alpha;10;+;94;94;;
S041;946;alpha;1;-;95;52;;
S041;990;alpha;44;+;96;37;;
S041;991;epsilon;138;+;86;30;;
S041;991;gamma;135;+;34;70;;
S041;992;gamma;1;-;35;66;;
S041;1001;gamma;9;+;36;34;;
S041;1006;gamma;5;-;37;91;epsilon;
S041;1008;gamma;2;+;38;23;;
S041;1018;alpha;28;-;97;45;;
S041;1018;gamma;10;-;39;24;;
S041;1023;gamma;5;+;40;118;;
S041;1025;alpha;7;+;98;76;;
S041;1028;alpha;3;-;99;1;;
S041;1030;gamma;7;-;41;44;;
S041;1032;epsilon;41;-;87;120;;
S041;1063;alpha;35;+;100;8;;
S041;1065;epsilon;33;+;88;95;;
S041;1065;gamma;35;+;42;117;;
S041;1066;epsilon;1;-;89;62;;
S041;1067;gamma;2;-;43;29;;
S041;1074;epsilon;8;+;90;120;;
S041;1075;gamma;8;+;44;44;;
S041;1077;gamma;2;-;45;61;;
S041;1078;epsilon;4;-;91;61;;
S041;1080;alpha;17;-;101;55;;alpha
S041;1132;alpha;52;+;102;91;epsilon;
S041;1135;alpha;3;-;103;24;;
S041;1195;alpha;60;+;104;47;;
S041;1200;alpha;5;-;105;94;;
S041;1201;alpha;1;+;106;52;;
S041;1206;epsilon;128;+;92;41;;
S041;1212;alpha;11;-;107;4;;
S041;1212;epsilon;6;-;93;35;;
S041;1214;alpha;2;+;108;42;;
S041;1215;alpha;1;-;109;40;;
S041;1220;alpha;5;+;110;24;;
S041;1220;epsilon;8;+;94;104;;
S041;1225;alpha;5;-;111;118;;
S041;1227;epsilon;7;-;95;31;;
S041;1244;alpha;19;+;112;8;;gamma
S041;1244;epsilon;17;+;96;69;;alpha
S041;1245;epsilon;1;-;97;56;;
S041;1246;alpha;2;-;113;82;;
S041;1247;alpha;1;+;114;59;alpha;
S041;1247;epsilon;2;+;98;54;;
S041;1250;epsilon;3;-;99;35;;
S041;1254;epsilon;4;+;100;100;gamma;
S041;1320;epsilon;4;-;101;115;;
S041;1323;epsilon;3;+;102;10;;
S041;1325;alpha;16;-;115;74;;
S041;1325;epsilon;2;-;103;102;;
S041;1352;alpha;27;+;116;61;;gamma
S041;1353;alpha;1;-;117;103;;
S041;1388;alpha;35;+;118;48;;
S041;1396;epsilon;71;+;104;111;;
S041;1415;alpha;27;-;119;1;;gamma
S041;1415;epsilon;19;-;105;70;;gamma
S041;1425;epsilon;10;+;106;25;;
S041;1426;epsilon;1;-;107;124;;
S041;1430;alpha;15;+;120;115;;
S041;1430;epsilon;4;+;108;101;;
S041;1431;alpha;1;-;121;8;;
S041;1431;epsilon;1;-;109;122;;
S042;2;alpha;2;+;1;2;;
S042;3;alpha;1;-;2;21;delta;
S042;40;alpha;37;+;3;105;;
S042;43;alpha;3;-;4;37;;
S042;48;alpha;5;+;5;121;;
S042;49;alpha;1;-;6;68;alpha;
S042;50;alpha;1;+;7;46;;
S042;57;alpha;7;-;8;86;;
S042;58;alpha;1;+;9;99;;
S042;59;epsilon;59;+;1;59;alpha;alpha
S042;61;gamma;61;+;1;61;;
S042;61;beta;61;+;1;61;;
S042;65;beta;4;-;2;106;delta;
S042;67;gamma;6;-;2;108;gamma;
S042;70;alpha;12;-;10;6;;
S042;71;epsilon;12;-;2;70;;
S042;101;alpha;31;+;11;123;;
S042;102;alpha;1;-;12;88;;
S042;104;alpha;2;+;13;120;;
S042;105;alpha;1;-;14;58;;
S042;123;alpha;18;+;15;103;;epsilon
S042;124;alpha;1;-;16;15;;
S042;127;alpha;3;+;17;26;;
S042;131;alpha;4;-;18;10;;
S042;142;alpha;11;+;19;122;;
S042;146;alpha;4;-;20;81;;
S042;149;alpha;3;+;21;51;;
S042;151;epsilon;80;+;3;95;;
S042;157;gamma;90;+;3;95;;
S042;158;beta;93;+;3;25;;
S042;160;beta;2;-;4;125;;
S042;166;beta;6;+;5;113;;
S042;189;alpha;40;-;22;60;;
S042;200;epsilon;49;-;4;24;;
S042;202;epsilon;2;+;5;115;;
S042;205;epsilon;3;-;6;10;;
S042;206;beta;40;-;6;37;;
S042;213;beta;7;+;7;123;;
S042;214;beta;1;-;8;88;;
S042;218;beta;4;+;9;122;;
S042;221;beta;3;-;10;80;;
S042;222;beta;1;+;11;39;;
S042;223;alpha;34;+;23;65;;
S042;228;epsilon;23;+;7;7;;
S042;230;epsilon;2;-;8;72;;
S042;231;epsilon;1;+;9;86;;
S042;233;alpha;10;-;24;33;;
S042;233;epsilon;2;-;10;100;gamma;
S042;234;alpha;1;+;25;77;;
S042;236;epsilon;3;+;11;114;;
S042;237;epsilon;1;-;12;125;;
S042;238;alpha;4;-;26;12;;
S042;239;alpha;1;+;27;121;;
S042;240;alpha;1;-;28;68;alpha;
S042;241;gamma;84;-;4;59;alpha;delta
S042;243;gamma;2;+;5;84;delta;
S042;246;epsilon;9;+;13;116;;
S042;247;alpha;7;+;29;52;;
S042;268;alpha;21;-;30;14;;delta
S042;270;alpha;2;+;31;15;;
S042;271;alpha;1;-;32;24;;
S042;271;epsilon;25;-;14;68;alpha;
S042;271;gamma;28;-;6;46;;
S042;273;beta;51;-;12;14;;
S042;274;beta;1;+;13;14;;
S042;275;alpha;4;+;33;117;;
S042;275;epsilon;4;+;15;49;;
S042;275;gamma;4;+;7;83;;
S042;278;alpha;3;-;34;30;;
S042;280;alpha;2;+;35;48;;
S042;289;delta;289;+;1;35;;
S042;361;alpha;81;-;36;55;;
S042;369;epsilon;94;-;16;41;;
S042;370;epsilon;1;+;17;30;;
S042;374;alpha;13;+;37;52;;
S042;409;alpha;35;-;38;28;;
S042;412;alpha;3;+;39;29;;
S042;419;alpha;7;-;40;43;delta;
S042;421;alpha;2;+;41;51;;
S042;422;alpha;1;-;42;3;;
S042;423;alpha;1;+;43;31;;
S042;433;alpha;10;-;44;62;;
S042;434;alpha;1;+;45;113;;
S042;446;alpha;12;-;46;9;;
S042;446;epsilon;76;-;18;28;;
S042;447;epsilon;1;+;19;27;gamma;
S042;448;epsilon;1;-;20;17;alpha;
S042;449;epsilon;1;+;21;44;;
S042;451;alpha;5;+;47;95;;
S042;455;alpha;4;-;48;65;;
S042;457;alpha;2;+;49;17;alpha;
S042;472;alpha;15;-;50;64;;
S042;473;alpha;1;+;51;6;;
S042;481;alpha;8;-;52;68;alpha;
S042;482;epsilon;33;-;22;115;;
S042;483;gamma;208;-;8;23;;
S042;484;gamma;1;+;9;104;;
S042;485;gamma;1;-;10;25;;
S042;497;alpha;16;+;53;85;;
S042;497;gamma;12;+;11;99;;
S042;498;epsilon;16;+;23;86;;
S042;499;epsilon;1;-;24;99;;
S042;500;epsilon;1;+;25;102;;
S042;501;epsilon;1;-;26;5;;
S042;502;alpha;5;-;54;93;;
S042;502;gamma;5;-;12;106;delta;
S042;506;beta;232;-;14;8;;
S042;534;alpha;32;+;55;61;;
S042;539;epsilon;38;+;27;30;;
S042;542;epsilon;3;-;28;49;;
S042;553;alpha;19;-;56;23;;gamma
S042;561;epsilon;19;+;29;93;;gamma
S042;562;epsilon;1;-;30;42;;
S042;565;epsilon;3;+;31;42;;
S042;566;epsilon;1;-;32;40;;
S042;569;alpha;16;+;57;30;;
S042;569;epsilon;3;+;33;22;;
S042;571;alpha;2;-;58;48;;
S042;571;epsilon;2;-;34;95;;
S042;582;alpha;11;+;59;112;;
S042;582;epsilon;11;+;35;113;;
S042;586;epsilon;4;-;36;118;;
S042;588;alpha;6;-;60;110;alpha;
S042;590;alpha;2;+;61;86;;
S042;591;epsilon;5;+;37;42;;
S042;593;epsilon;2;-;38;41;;
S042;594;epsilon;1;+;39;30;;
S042;600;alpha;10;-;62;101;;
S042;600;epsilon;6;-;40;52;;
S042;602;alpha;2;+;63;123;;
S042;602;epsilon;2;+;41;14;;
S042;605;alpha;3;-;64;90;;
S042;605;epsilon;3;-;42;16;;
S042;607;alpha;2;+;65;13;;
S042;607;epsilon;2;+;43;35;;
S042;608;alpha;1;-;66;4;;
S042;608;epsilon;1;-;44;97;;
S042;619;alpha;11;+;67;30;;
S042;619;epsilon;11;+;45;59;alpha;
S042;619;gamma;117;+;13;72;;
S042;621;alpha;2;-;68;48;;
S042;621;epsilon;2;-;46;84;delta;
S042;621;gamma;2;-;14;87;;
S042;647;delta;358;-;2;52;;
S042;648;delta;1;+;3;13;;
S042;649;delta;1;-;4;4;;
S042;657;alpha;36;+;69;10;;epsilon
S042;658;alpha;1;-;70;101;;
S042;681;alpha;23;+;71;90;;
S042;697;epsilon;76;+;47;94;;
S042;705;alpha;24;-;72;7;;
S042;705;epsilon;8;-;48;59;alpha;
S042;708;epsilon;3;+;49;85;;
S042;709;epsilon;1;-;50;89;;
S042;710;epsilon;1;+;51;2;;
S042;712;epsilon;2;-;52;22;;
S042;713;epsilon;1;+;53;94;;
S042;717;epsilon;4;-;54;55;;
S042;720;alpha;15;+;73;80;;
S042;720;epsilon;3;+;55;45;;
S042;723;alpha;3;-;74;41;;
S042;724;alpha;1;+;75;30;;
S042;725;alpha;1;-;76;47;;
S042;725;epsilon;5;-;56;74;;
S042;743;alpha;18;+;77;19;gamma;epsilon
S042;743;epsilon;18;+;57;52;;epsilon
S042;744;epsilon;1;-;58;13;;
S042;748;alpha;5;-;78;68;alpha;
S042;749;alpha;1;+;79;46;;
S042;752;alpha;3;-;80;82;;
S042;753;alpha;1;+;81;59;alpha;
S042;754;epsilon;10;+;59;40;;
S042;755;epsilon;1;-;60;20;beta;
S042;757;epsilon;2;+;61;75;;
S042;758;epsilon;1;-;62;116;;
S042;759;epsilon;1;+;63;18;epsilon;
S042;760;epsilon;1;-;64;54;;
S042;761;alpha;8;-;82;90;;
S042;778;alpha;17;+;83;0;;alpha
S042;779;epsilon;19;+;65;85;;gamma
S042;780;alpha;2;-;84;2;;
S042;780;epsilon;1;-;66;89;;
S042;784;alpha;4;+;85;24;;
S042;784;epsilon;4;+;67;5;;
S042;785;epsilon;1;-;68;51;;
S042;788;alpha;4;-;86;117;;
S042;794;alpha;6;+;87;33;;
S042;794;epsilon;9;+;69;11;;
S042;796;gamma;175;+;15;53;;
S042;797;gamma;1;-;16;23;;
S042;800;alpha;6;-;88;82;;
S042;800;epsilon;6;-;70;116;;
S042;811;alpha;11;+;89;83;;
S042;812;epsilon;12;+;71;55;;
S042;813;gamma;16;+;17;30;;
S042;815;beta;309;+;15;54;;
S042;816;gamma;3;-;18;49;;
S042;816;beta;1;-;16;33;;
S042;817;alpha;6;-;90;74;;
S042;817;epsilon;5;-;72;47;;
S042;818;alpha;1;+;91;106;delta;
S042;819;alpha;1;-;92;45;;
S042;827;alpha;8;+;93;77;;
S042;828;epsilon;11;+;73;12;;
S042;828;gamma;12;+;19;86;;
S042;829;gamma;1;-;20;99;;
S042;830;gamma;1;+;21;102;;
S042;831;beta;15;+;17;13;;
S042;832;beta;1;-;18;4;;
S042;833;beta;1;+;19;41;;
S042;836;beta;3;-;20;32;;
S042;837;beta;1;+;21;67;;
S042;857;alpha;30;-;94;110;alpha;
S042;858;alpha;1;+;95;85;;
S042;860;alpha;2;-;96;90;;
S042;861;alpha;1;+;97;12;;
S042;868;alpha;7;-;98;0;;
S042;869;alpha;1;+;99;1;;
S042;870;alpha;1;-;100;11;;
S042;874;epsilon;46;-;74;103;;
S042;881;gamma;51;-;22;91;epsilon;
S042;881;beta;44;-;22;13;;
S042;893;beta;12;+;23;42;;
S042;894;beta;1;-;24;40;;
S042;906;alpha;36;+;101;120;;epsilon
S042;908;epsilon;34;+;75;47;;
S042;908;gamma;27;+;23;110;alpha;gamma
S042;908;beta;14;+;25;77;;
S042;911;epsilon;3;-;76;92;;
S042;912;gamma;4;-;24;88;;
S042;912;beta;4;-;26;12;;
S042;914;beta;2;+;27;122;;
S042;915;epsilon;4;+;77;35;;
S042;915;gamma;3;+;25;121;;
S042;918;delta;269;+;5;78;;
S042;919;delta;1;-;6;19;gamma;
S042;924;delta;5;+;7;68;alpha;
S042;927;delta;3;-;8;48;;
S042;930;delta;3;+;9;102;;
S042;933;delta;3;-;10;7;;
S042;934;delta;1;+;11;71;;
S042;954;alpha;48;-;102;110;alpha;
S042;959;epsilon;44;-;78;115;;
S042;964;epsilon;5;+;79;12;;
S042;972;alpha;18;+;103;96;;epsilon
S042;976;alpha;4;-;104;75;;
S042;976;epsilon;12;-;80;69;;
S042;978;alpha;2;+;105;117;;
S042;978;epsilon;2;+;81;57;;
S042;980;epsilon;2;-;82;64;;
S042;982;alpha;4;-;106;31;;
S042;986;alpha;4;+;107;60;;
S042;987;alpha;1;-;108;93;;
S042;992;alpha;5;+;109;46;;
S042;993;alpha;1;-;110;80;;
S042;1001;gamma;86;-;26;121;;
S042;1006;gamma;5;+;27;72;;
S042;1007;gamma;1;-;28;86;;
S042;1010;alpha;17;+;111;16;;alpha
S042;1010;gamma;3;+;29;101;;
S042;1012;epsilon;32;+;83;82;;
S042;1014;epsilon;2;-;84;60;;
S042;1014;gamma;4;-;30;125;;
S042;1016;alpha;6;-;112;39;;
S042;1022;alpha;6;+;113;15;;
S042;1023;alpha;1;-;114;24;;
S042;1025;alpha;2;+;115;115;;
S042;1025;epsilon;11;+;85;42;;
S042;1026;epsilon;1;-;86;40;;
S042;1027;alpha;2;-;116;9;;
S042;1031;alpha;4;+;117;94;;
S042;1032;epsilon;6;+;87;25;;
S042;1034;gamma;20;+;31;74;;beta
S042;1037;alpha;6;-;118;57;;
S042;1037;epsilon;5;-;88;1;;
S042;1037;gamma;3;-;32;108;gamma;
S042;1038;alpha;1;+;119;63;;
S042;1038;epsilon;1;+;89;11;;
S042;1039;alpha;1;-;120;123;;
S042;1039;epsilon;1;-;90;111;;
S042;1042;alpha;3;+;121;90;;
S042;1042;epsilon;3;+;91;97;;
S042;1042;gamma;5;+;33;69;;
S042;1049;gamma;7;-;34;62;;
S042;1050;gamma;1;+;35;113;;
S042;1099;alpha;57;-;122;40;;
S042;1100;alpha;1;+;123;20;beta;
S042;1105;alpha;5;-;124;78;;
S042;1106;alpha;1;+;125;19;gamma;
S042;1111;alpha;5;-;126;68;alpha;
S042;1115;epsilon;73;-;92;121;;
S042;1140;alpha;29;+;127;98;;
S042;1144;epsilon;29;+;93;64;;
S042;1164;alpha;24;-;128;45;;
S042;1164;epsilon;20;-;94;70;;beta
S042;1164;gamma;114;-;36;84;delta;
S042;1172;beta;258;-;28;84;delta;
S042;1173;beta;1;+;29;79;;
S042;1183;alpha;19;+;129;74;;gamma
S042;1183;epsilon;19;+;95;34;;gamma
S042;1183;gamma;19;+;37;37;;gamma
S042;1186;gamma;3;-;38;119;;
S042;1187;gamma;1;+;39;48;;
S042;1188;epsilon;5;-;96;91;epsilon;
S042;1188;gamma;1;-;40;100;gamma;
S042;1189;alpha;6;-;130;111;;
S042;1190;alpha;1;+;131;95;;
S042;1192;epsilon;4;+;97;25;;
S042;1192;gamma;4;+;41;115;;
S042;1194;epsilon;2;-;98;125;;
S042;1194;gamma;2;-;42;9;;
S042;1195;alpha;5;-;132;66;;
S042;1195;beta;22;-;30;48;;
S042;1202;alpha;7;+;133;32;;
S042;1202;beta;7;+;31;106;delta;
S042;1204;alpha;2;-;134;68;alpha;
S042;1204;beta;2;-;32;46;;
S042;1205;beta;1;+;33;80;;
S042;1207;beta;2;-;34;40;;
S042;1215;alpha;11;+;135;80;;
S042;1216;epsilon;22;+;99;76;;
S042;1217;gamma;23;+;43;34;;
S042;1217;beta;10;+;35;73;;
S042;1222;beta;5;-;36;100;gamma;
S042;1224;alpha;9;-;136;47;;
S042;1224;epsilon;8;-;100;6;;
S042;1224;gamma;7;-;44;93;;
S042;1233;alpha;9;+;137;98;;
S042;1235;epsilon;11;+;101;103;;
S042;1238;alpha;5;-;138;96;;
S042;1238;epsilon;3;-;102;17;alpha;
S042;1239;alpha;1;+;139;72;;
S042;1239;epsilon;1;+;103;44;;
S042;1241;gamma;17;+;45;46;;alpha
S042;1243;beta;21;+;37;115;;delta
S042;1255;alpha;16;-;140;104;;
S042;1255;gamma;14;-;46;42;;
S042;1255;beta;12;-;38;82;;
S042;1256;alpha;1;+;141;25;;
S042;1256;gamma;1;+;47;40;;
S042;1256;beta;1;+;39;59;alpha;
S042;1320;alpha;2;-;142;125;;
S042;1320;epsilon;19;-;104;101;;gamma
S042;1320;gamma;2;-;48;21;delta;
S042;1320;beta;2;-;40;84;delta;
S042;1349;delta;353;-;12;106;delta;
S042;1355;delta;6;+;13;50;;
S042;1356;delta;1;-;14;120;;
S042;1363;alpha;43;+;143;97;;delta
S042;1363;delta;7;+;15;64;;
S042;1364;delta;1;-;16;6;;
S042;1365;alpha;2;-;144;83;;
S042;1369;alpha;4;+;145;72;;
S042;1369;delta;5;+;17;65;;
S042;1370;epsilon;50;+;105;117;;
S042;1371;gamma;51;+;49;119;;
S042;1372;gamma;1;-;50;48;;
S042;1375;gamma;3;+;51;102;;
S042;1376;beta;56;+;41;74;;
S042;1396;alpha;27;-;146;115;;gamma
S042;1398;beta;22;-;42;56;;
S042;1399;beta;1;+;43;53;;
S042;1400;epsilon;30;-;106;46;;
S042;1400;gamma;25;-;52;65;;
S042;1400;beta;1;-;44;23;;
S042;1405;epsilon;5;+;107;84;delta;
S042;1405;gamma;5;+;53;20;beta;
S042;1405;beta;5;+;45;108;gamma;
S042;1408;epsilon;3;-;108;81;;
S042;1408;gamma;3;-;54;76;;
S042;1408;beta;3;-;46;67;;
S042;1411;gamma;3;+;55;1;;
S042;1412;alpha;16;+;147;86;;
S042;1412;epsilon;4;+;109;52;;
S042;1412;beta;4;+;47;39;;
S042;1425;epsilon;13;-;110;6;;
S042;1428;epsilon;3;+;111;63;;
S042;1430;epsilon;2;-;112;124;;
S042;1432;epsilon;2;+;113;99;;
S042;1433;epsilon;1;-;114;102;;
S042;1434;alpha;22;-;148;113;;
S042;1436;beta;24;-;48;114;;
S042;1437;beta;1;+;49;125;;
S042;1438;gamma;27;-;56;0;;gamma
S042;1438;beta;1;-;50;108;gamma;
S042;1439;gamma;1;+;57;1;;
S043;3;alpha;3;-;1;3;;
S043;3;epsilon;3;-;1;3;;
S043;4;alpha;1;+;2;31;;
S043;4;epsilon;1;+;2;31;;
S043;5;alpha;1;-;3;57;;
S043;5;epsilon;1;-;3;57;;
S043;6;epsilon;1;+;4;63;;
S043;8;epsilon;2;-;5;124;;
S043;12;gamma;12;-;1;12;;
S043;12;beta;12;-;1;12;;
S043;12;delta;12;-;1;12;;
S043;50;alpha;45;+;4;30;;
S043;55;epsilon;47;+;6;1;;
S043;56;epsilon;1;-;7;11;;
S043;60;epsilon;4;+;8;114;;
S043;61;epsilon;1;-;9;125;;
S043;63;alpha;13;-;5;92;;
S043;92;alpha;29;+;6;85;;
S043;102;alpha;10;-;7;1;;
S043;151;alpha;49;+;8;22;;
S043;160;alpha;9;-;9;102;;
S043;185;alpha;25;+;10;65;;
S043;186;alpha;1;-;11;16;;
S043;194;alpha;8;+;12;41;;
S043;197;epsilon;136;+;10;41;;
S043;219;gamma;207;+;2;15;;
S043;244;alpha;50;-;13;86;;
S043;245;alpha;1;+;14;99;;
S043;246;beta;234;+;2;42;;
S043;269;alpha;24;-;15;18;epsilon;
S043;270;alpha;1;+;16;54;;
S043;273;alpha;3;-;17;35;;
S043;277;epsilon;80;-;11;116;;
S043;278;epsilon;1;+;12;18;epsilon;
S043;280;alpha;7;+;18;103;;
S043;283;alpha;3;-;19;17;alpha;
S043;284;epsilon;6;-;13;59;alpha;
S043;304;gamma;85;-;3;61;;
S043;309;beta;63;-;3;72;;
S043;313;beta;4;+;4;89;;
S043;314;alpha;31;+;20;80;;
S043;314;gamma;10;+;4;14;;
S043;315;epsilon;31;+;14;89;;
S043;342;delta;330;+;2;11;;
S043;356;alpha;42;-;21;41;;
S043;357;delta;15;-;3;99;;
S043;361;delta;4;+;4;105;;
S043;362;alpha;6;+;22;35;;
S043;376;alpha;14;-;23;85;;
S043;378;epsilon;63;-;15;73;;
S043;379;epsilon;1;+;16;96;;
S043;380;alpha;4;+;24;92;;
S043;381;alpha;1;-;25;32;;
S043;381;epsilon;2;-;17;73;;
S043;382;alpha;1;+;26;67;;
S043;382;epsilon;1;+;18;96;;
S043;384;alpha;2;-;27;37;;
S043;385;epsilon;3;-;19;74;;
S043;386;epsilon;1;+;20;106;delta;
S043;388;epsilon;2;-;21;46;;
S043;398;gamma;84;-;5;87;;delta
S043;399;delta;38;-;5;124;;
S043;400;beta;87;-;5;97;;
S043;404;beta;4;+;6;85;;
S043;405;beta;1;-;7;89;;
S043;434;alpha;50;+;28;67;;
S043;447;alpha;13;-;29;109;epsilon;
S043;476;alpha;29;+;30;7;;
S043;481;alpha;5;-;31;75;;
S043;489;alpha;8;+;32;123;;
S043;490;alpha;1;-;33;88;;
S043;495;alpha;5;+;34;123;;
S043;500;alpha;5;-;35;92;;
S043;505;alpha;5;+;36;36;epsilon;
S043;506;epsilon;118;+;22;17;alpha;
S043;515;gamma;117;+;6;122;;
S043;516;gamma;1;-;7;78;;
S043;523;gamma;7;+;8;25;;
S043;524;gamma;1;-;9;124;;
S043;525;gamma;1;+;10;98;;
S043;537;beta;132;+;8;105;;
S043;540;beta;3;-;9;37;;
S043;542;alpha;37;-;37;81;;
S043;543;epsilon;37;-;23;86;;
S043;543;gamma;18;-;11;39;;epsilon
S043;569;alpha;27;+;38;126;;gamma
S043;572;alpha;3;-;39;120;;
S043;573;alpha;1;+;40;58;;
S043;577;alpha;4;-;41;76;;
S043;578;alpha;1;+;42;126;;
S043;579;alpha;1;-;43;118;;
S043;582;alpha;3;+;44;40;;
S043;590;alpha;8;-;45;27;gamma;
S043;591;alpha;1;+;46;17;alpha;
S043;592;epsilon;49;+;24;13;;
S043;597;alpha;6;-;47;49;;
S043;597;epsilon;5;-;25;8;;
S043;630;alpha;33;+;48;107;beta;
S043;631;alpha;1;-;49;55;;
S043;632;alpha;1;+;50;43;delta;
S043;635;epsilon;38;+;26;76;;
S043;639;gamma;96;+;12;59;alpha;
S043;644;gamma;5;-;13;87;;
S043;647;gamma;3;+;14;111;;
S043;648;beta;108;+;10;24;;gamma
S043;659;beta;11;-;11;125;;
S043;660;alpha;28;-;51;10;;
S043;663;alpha;3;+;52;103;;
S043;663;beta;4;+;12;111;;
S043;680;alpha;17;-;53;30;;alpha
S043;681;alpha;1;+;54;47;;
S043;683;alpha;2;-;55;91;epsilon;
S043;687;epsilon;52;-;27;32;;
S043;689;gamma;42;-;15;93;;
S043;689;beta;26;-;13;77;;
S043;694;gamma;5;+;16;46;;
S043;694;beta;5;+;14;13;;
S043;697;alpha;14;+;56;97;;
S043;697;epsilon;10;+;28;35;;
S043;698;alpha;1;-;57;82;;
S043;698;epsilon;1;-;29;97;;
S043;707;gamma;13;-;17;41;;
S043;707;beta;13;-;15;43;delta;
S043;708;gamma;1;+;18;30;;
S043;708;beta;1;+;16;50;;
S043;714;gamma;6;-;19;52;;
S043;716;gamma;2;+;20;14;;
S043;717;alpha;19;+;58;91;epsilon;gamma
S043;718;alpha;1;-;59;22;;
S043;718;gamma;2;-;21;15;;
S043;719;alpha;1;+;60;94;;
S043;719;gamma;1;+;22;24;;
S043;721;epsilon;23;+;30;71;;
S043;746;alpha;27;-;61;29;;gamma
S043;747;epsilon;26;-;31;14;;
S043;747;gamma;28;-;23;15;;
S043;748;beta;40;-;17;87;;
S043;750;alpha;4;+;62;40;;
S043;750;epsilon;3;+;32;16;;
S043;750;gamma;3;+;24;26;;
S043;750;beta;2;+;18;110;alpha;
S043;750;delta;351;+;6;18;epsilon;
S043;751;delta;1;-;7;54;;
S043;752;alpha;2;-;63;21;delta;
S043;752;epsilon;2;-;33;35;;
S043;752;gamma;2;-;25;8;;
S043;752;beta;2;-;19;86;;
S043;792;alpha;40;+;64;108;gamma;
S043;794;epsilon;42;+;34;113;;
S043;795;epsilon;1;-;35;115;;
S043;799;epsilon;4;+;36;11;;
S043;804;gamma;52;+;26;90;;
S043;805;beta;53;+;20;17;alpha;
S043;806;beta;1;-;21;44;;
S043;810;gamma;6;-;27;17;alpha;
S043;811;gamma;1;+;28;44;;
S043;814;beta;8;+;22;67;;
S043;816;beta;2;-;23;37;;
S043;817;beta;1;+;24;117;;
S043;819;delta;68;+;8;7;;alpha
S043;821;delta;2;-;9;72;;
S043;823;alpha;31;-;65;36;epsilon;
S043;823;beta;6;-;25;33;;
S043;824;alpha;1;+;66;107;beta;
S043;824;beta;1;+;26;77;;
S043;825;alpha;1;-;67;55;;
S043;825;gamma;14;-;29;96;;
S043;825;beta;1;-;27;9;;
S043;827;epsilon;28;-;37;112;;
S043;842;alpha;17;+;68;56;;alpha
S043;843;alpha;1;-;69;53;;
S043;869;alpha;26;+;70;119;;
S043;871;epsilon;44;+;38;68;alpha;
S043;871;gamma;46;+;30;121;;
S043;872;gamma;1;-;31;68;alpha;
S043;874;gamma;2;+;32;47;;
S043;874;beta;49;+;28;60;;
S043;884;beta;10;-;29;41;;
S043;885;alpha;16;-;71;105;;
S043;885;gamma;11;-;33;12;;
S043;887;alpha;2;+;72;36;epsilon;
S043;887;gamma;2;+;34;122;;
S043;887;beta;3;+;30;32;;
S043;899;alpha;12;-;73;56;;
S043;900;alpha;1;+;74;53;;
S043;901;alpha;1;-;75;23;;
S043;902;alpha;1;+;76;104;;
S043;904;delta;83;+;10;44;;
S043;905;delta;1;-;11;60;;
S043;909;alpha;7;-;77;31;;
S043;912;epsilon;41;-;39;110;alpha;
S043;912;gamma;25;-;35;33;;
S043;912;beta;25;-;31;50;;
S043;915;epsilon;3;+;40;87;;
S043;915;gamma;3;+;36;79;;
S043;915;beta;3;+;32;122;;
S043;916;epsilon;1;-;41;109;epsilon;
S043;916;gamma;1;-;37;29;;
S043;916;beta;1;-;33;78;;
S043;917;gamma;1;+;38;37;;
S043;917;beta;1;+;34;19;gamma;
S043;918;epsilon;2;+;42;76;;
S043;919;epsilon;1;-;43;126;;
S043;920;gamma;3;-;39;119;;
S043;920;beta;3;-;35;66;;
S043;925;gamma;5;+;40;52;;
S043;925;beta;5;+;36;30;;
S043;927;alpha;18;+;78;70;;epsilon
S043;928;epsilon;9;+;44;126;;
S043;930;alpha;3;-;79;68;alpha;
S043;930;epsilon;2;-;45;119;;
S043;931;alpha;1;+;80;46;;
S043;933;epsilon;3;+;46;50;;
S043;945;delta;40;+;12;71;;
S043;946;delta;1;-;13;76;;
S043;947;delta;1;+;14;126;;
S043;955;delta;8;-;15;125;;
S043;956;alpha;25;-;81;53;;
S043;957;epsilon;24;-;47;71;;
S043;958;epsilon;1;+;48;76;;
S043;960;epsilon;2;-;49;0;;
S043;960;gamma;35;-;41;28;;
S043;960;beta;35;-;37;114;;
S043;962;gamma;2;+;42;28;;
S043;962;beta;2;+;38;126;;
S043;963;epsilon;3;+;50;3;;
S043;965;epsilon;2;-;51;32;;
S043;966;epsilon;1;+;52;67;;
S043;970;alpha;14;+;82;107;beta;
S043;970;delta;15;+;16;69;;
S043;971;alpha;1;-;83;55;;
S043;971;delta;1;-;17;56;;
S043;972;epsilon;6;-;53;41;;
S043;973;gamma;11;-;43;17;alpha;
S043;975;beta;13;-;39;40;;
S043;986;beta;11;+;40;74;;
S043;990;alpha;19;+;84;58;;gamma
S043;991;gamma;18;+;44;67;;epsilon
S043;992;epsilon;20;+;54;56;;beta
S043;992;delta;21;+;18;33;;delta
S043;1026;alpha;36;-;85;121;;epsilon
S043;1034;alpha;8;+;86;75;;
S043;1040;alpha;6;-;87;121;;
S043;1043;epsilon;51;-;55;63;;
S043;1045;epsilon;2;+;56;124;;
S043;1046;epsilon;1;-;57;98;;
S043;1058;alpha;18;+;88;53;;epsilon
S043;1058;epsilon;12;+;58;33;;
S043;1059;epsilon;1;-;59;77;;
S043;1060;epsilon;1;+;60;9;;
S043;1071;epsilon;11;-;61;22;;
S043;1072;epsilon;1;+;62;94;;
S043;1087;alpha;29;-;89;122;;
S043;1089;epsilon;17;-;63;19;gamma;alpha
S043;1096;gamma;105;-;45;49;;
S043;1104;beta;118;-;41;77;;
S043;1105;beta;1;+;42;9;;
S043;1106;beta;1;-;43;91;epsilon;
S043;1107;beta;1;+;44;22;;
S043;1111;beta;4;-;45;97;;
S043;1128;delta;136;-;19;116;;
S043;1130;delta;2;+;20;19;gamma;
S043;1137;alpha;50;+;90;58;;
S043;1140;alpha;3;-;91;75;;
S043;1145;delta;15;-;21;10;;
S043;1146;delta;1;+;22;101;;
S043;1157;delta;11;-;23;78;;
S043;1160;delta;3;+;24;21;delta;
S043;1162;delta;2;-;25;85;;
S043;1163;delta;1;+;26;89;;
S043;1164;alpha;24;+;92;31;;
S043;1165;alpha;1;-;93;57;;
S043;1166;alpha;1;+;94;63;;
S043;1169;alpha;3;-;95;125;;
S043;1170;alpha;1;+;96;108;gamma;
S043;1172;epsilon;83;+;64;78;;
S043;1188;gamma;92;+;46;39;;
S043;1191;gamma;3;-;47;12;;
S043;1192;gamma;1;+;48;121;;
S043;1196;alpha;26;-;97;31;;
S043;1196;gamma;4;-;49;71;;
S043;1197;alpha;1;+;98;57;;
S043;1197;gamma;1;+;50;76;;
S043;1199;alpha;2;-;99;64;;
S043;1199;gamma;2;-;51;0;;
S043;1200;gamma;1;+;52;1;;
S043;1202;gamma;2;-;53;12;;
S043;1203;alpha;4;+;100;9;;
S043;1203;gamma;1;+;54;121;;
S043;1211;beta;100;+;46;72;;gamma
S043;1236;alpha;33;-;101;44;;
S043;1243;alpha;7;+;102;66;;
S043;1244;alpha;1;-;103;26;;
S043;1245;alpha;1;+;104;7;;
S043;1248;alpha;3;-;105;73;;
S043;1252;alpha;4;+;106;99;;
S043;1255;alpha;3;-;107;104;;
S043;1256;alpha;1;+;108;25;;
S043;1257;alpha;1;-;109;124;;
S043;1257;epsilon;85;-;65;11;;
S043;1323;alpha;4;+;110;101;;
S043;1323;epsilon;4;+;66;114;;
S043;1365;alpha;42;-;111;109;epsilon;
S043;1374;epsilon;51;-;67;21;delta;
S043;1388;gamma;123;-;55;92;;
S043;1396;beta;123;-;47;114;;
S043;1413;delta;188;-;27;34;;
S043;1414;delta;1;+;28;87;;
S043;1420;alpha;55;+;112;33;;
S043;1423;alpha;3;-;113;79;;
S043;1425;delta;11;-;29;75;;
S043;1428;delta;3;+;30;118;;
S043;1429;alpha;6;+;114;34;;
S043;1432;alpha;3;-;115;89;;
S043;1433;delta;5;-;31;42;;
S044;49;alpha;49;+;1;49;;
S044;55;epsilon;55;+;1;55;;
S044;64;epsilon;9;-;2;51;;
S044;65;alpha;16;-;2;90;;
S044;67;alpha;2;+;3;13;;
S044;67;epsilon;3;+;3;5;;
S044;68;alpha;1;-;4;4;;
S044;68;epsilon;1;-;4;51;;
S044;71;alpha;3;+;5;43;delta;
S044;71;epsilon;3;+;5;5;;
S044;72;alpha;1;-;6;50;;
S044;73;alpha;1;+;7;120;;
S044;75;alpha;2;-;8;59;alpha;
S044;78;alpha;3;+;9;85;;
S044;80;gamma;80;+;1;80;;
S044;92;alpha;14;-;10;5;;
S044;92;gamma;12;-;2;11;;
S044;96;gamma;4;+;3;114;;
S044;97;alpha;5;+;11;55;;
S044;103;beta;103;+;1;103;;
S044;106;delta;106;+;1;106;delta;delta
S044;113;delta;7;-;2;51;;
S044;115;delta;2;+;3;4;;
S044;129;alpha;32;-;12;71;;
S044;134;alpha;5;+;13;80;;
S044;135;alpha;1;-;14;39;;
S044;136;alpha;1;+;15;10;;
S044;137;alpha;1;-;16;101;;
S044;142;alpha;5;+;17;126;;
S044;159;alpha;17;-;18;44;;alpha
S044;160;alpha;1;+;19;60;;
S044;161;alpha;1;-;20;93;;
S044;164;epsilon;93;-;6;85;;
S044;165;epsilon;1;+;7;89;;
S044;166;epsilon;1;-;8;2;;
S044;174;alpha;13;+;21;42;;
S044;174;epsilon;8;+;9;28;;
S044;175;alpha;1;-;22;40;;
S044;179;alpha;4;+;23;23;;
S044;180;alpha;1;-;24;104;;
S044;180;epsilon;6;-;10;32;;
S044;188;alpha;8;+;25;32;;
S044;190;alpha;2;-;26;68;alpha;
S044;191;alpha;1;+;27;46;;
S044;191;epsilon;11;+;11;36;epsilon;
S044;198;alpha;7;-;28;86;;
S044;198;epsilon;7;-;12;113;;
S044;200;alpha;2;+;29;100;gamma;
S044;204;alpha;4;-;30;115;;
S044;206;alpha;2;+;31;9;;
S044;208;alpha;2;-;32;92;;
S044;208;gamma;112;-;4;66;;
S044;220;alpha;12;+;33;68;alpha;
S044;220;epsilon;22;+;13;19;gamma;
S044;220;gamma;12;+;5;8;;
S044;264;alpha;44;-;34;113;;
S044;276;epsilon;56;-;14;51;;
S044;278;epsilon;2;+;15;4;;
S044;281;epsilon;3;-;16;43;delta;
S044;283;alpha;19;+;35;16;;gamma
S044;283;epsilon;2;+;17;51;;
S044;285;alpha;2;-;36;35;;
S044;286;epsilon;3;-;18;5;;
S044;287;alpha;2;+;37;98;;
S044;287;epsilon;1;+;19;51;;
S044;288;epsilon;1;-;20;3;;
S044;289;epsilon;1;+;21;31;;
S044;292;epsilon;3;-;22;59;alpha;
S044;298;alpha;11;-;38;32;;
S044;300;alpha;2;+;39;68;alpha;
S044;301;epsilon;9;+;23;91;epsilon;
S044;306;alpha;6;-;40;51;;
S044;306;epsilon;5;-;24;26;;
S044;307;alpha;1;+;41;3;;
S044;307;epsilon;1;+;25;7;;
S044;309;alpha;2;-;42;32;;
S044;310;epsilon;3;-;26;73;;
S044;313;gamma;93;-;6;4;;
S044;313;beta;210;-;2;86;;
S044;316;beta;3;+;3;101;;
S044;321;beta;5;-;4;126;;
S044;330;alpha;21;+;43;46;;delta
S044;330;beta;9;+;5;126;;
S044;331;epsilon;21;+;27;82;;delta
S044;331;gamma;18;+;7;37;;epsilon
S044;336;gamma;5;-;8;121;;
S044;337;gamma;1;+;9;68;alpha;
S044;338;gamma;1;-;10;46;;
S044;339;epsilon;8;-;28;66;;
S044;341;epsilon;2;+;29;27;gamma;
S044;341;gamma;3;+;11;82;;
S044;384;alpha;54;-;44;82;;
S044;385;alpha;1;+;45;59;alpha;
S044;392;alpha;7;-;46;89;;
S044;393;alpha;1;+;47;2;;
S044;405;alpha;12;-;48;85;;
S044;408;epsilon;67;-;30;100;gamma;
S044;426;alpha;21;+;49;12;;delta
S044;427;alpha;1;-;50;121;;
S044;429;alpha;2;+;51;69;;
S044;433;epsilon;25;+;31;119;;
S044;434;epsilon;1;-;32;48;;
S044;435;epsilon;1;+;33;100;gamma;
S044;444;epsilon;9;-;34;120;;
S044;445;epsilon;1;+;35;58;;
S044;457;alpha;28;-;52;70;;
S044;458;alpha;1;+;53;66;;
S044;461;alpha;3;-;54;28;;
S044;462;gamma;121;-;12;79;;
S044;463;gamma;1;+;13;29;;
S044;464;epsilon;19;-;36;104;;gamma
S044;464;gamma;1;-;14;37;;
S044;465;alpha;4;+;55;30;;
S044;465;epsilon;1;+;37;25;;
S044;465;gamma;1;+;15;117;;
S044;466;alpha;1;-;56;47;;
S044;467;alpha;1;+;57;90;;
S044;501;alpha;34;-;58;17;alpha;
S044;506;epsilon;41;-;38;1;;
S044;507;epsilon;1;+;39;11;;
S044;508;epsilon;1;-;40;111;;
S044;514;gamma;49;-;16;65;;
S044;515;beta;185;-;6;74;;
S044;516;beta;1;+;7;106;delta;
S044;518;beta;2;-;8;46;;
S044;519;gamma;5;+;17;20;beta;
S044;519;beta;1;+;9;80;;
S044;520;gamma;1;-;18;74;;
S044;521;beta;2;-;10;40;;
S044;523;beta;2;+;11;21;delta;
S044;527;beta;4;-;12;87;;
S044;542;alpha;41;+;59;90;;
S044;543;beta;16;+;13;80;;
S044;548;alpha;6;-;60;17;alpha;
S044;548;beta;5;-;14;43;delta;
S044;581;alpha;33;+;61;82;;
S044;582;alpha;1;-;62;59;alpha;
S044;583;alpha;1;+;63;83;;
S044;586;alpha;3;-;64;71;;
S044;587;alpha;1;+;65;76;;
S044;595;alpha;8;-;66;6;;
S044;613;alpha;18;+;67;110;alpha;epsilon
S044;617;alpha;4;-;68;88;;
S044;620;delta;505;-;4;60;;
S044;623;delta;3;+;5;95;;
S044;625;delta;2;-;6;63;;
S044;662;alpha;45;+;69;82;;
S044;667;alpha;5;-;70;63;;
S044;669;alpha;2;+;71;124;;
S044;670;alpha;1;-;72;98;;
S044;685;alpha;15;+;73;36;epsilon;
S044;688;epsilon;180;+;41;55;;
S044;693;gamma;173;+;19;5;;
S044;694;gamma;1;-;20;51;;
S044;700;gamma;6;+;21;8;;
S044;701;beta;153;+;15;100;gamma;
S044;705;beta;4;-;16;115;;
S044;707;beta;2;+;17;9;;
S044;717;beta;10;-;18;21;delta;
S044;718;alpha;33;-;74;77;;
S044;723;beta;6;+;19;89;;
S044;724;beta;1;-;20;2;;
S044;726;epsilon;38;-;42;77;;
S044;726;gamma;26;-;22;64;;
S044;730;gamma;4;+;23;9;;
S044;731;gamma;1;-;24;91;epsilon;
S044;732;gamma;1;+;25;22;;
S044;733;gamma;1;-;26;94;;
S044;735;alpha;17;+;75;97;;alpha
S044;735;epsilon;9;+;43;17;alpha;
S044;735;gamma;2;+;27;53;;
S044;735;beta;11;+;21;84;delta;
S044;736;beta;1;-;22;79;;
S044;737;beta;1;+;23;29;;
S044;740;alpha;5;-;76;86;;
S044;740;epsilon;5;-;44;48;;
S044;740;gamma;5;-;28;27;gamma;
S044;740;beta;3;-;24;39;;
S044;741;alpha;1;+;77;99;;
S044;741;epsilon;1;+;45;100;gamma;
S044;741;gamma;1;+;29;17;alpha;
S044;741;beta;1;+;25;10;;
S044;749;alpha;8;-;78;109;epsilon;
S044;749;epsilon;8;-;46;119;;
S044;749;gamma;8;-;30;51;;
S044;749;beta;8;-;26;108;gamma;
S044;751;alpha;2;+;79;76;;
S044;751;epsilon;2;+;47;49;;
S044;751;gamma;2;+;31;4;;
S044;751;beta;2;+;27;66;;
S044;753;alpha;2;-;80;0;;
S044;753;epsilon;2;-;48;111;;
S044;753;gamma;2;-;32;42;;
S044;753;beta;2;-;28;27;gamma;
S044;756;gamma;3;+;33;42;;
S044;757;gamma;1;-;34;40;;
S044;760;alpha;7;+;81;7;;
S044;760;epsilon;7;+;49;101;;
S044;760;gamma;3;+;35;22;;
S044;760;beta;7;+;29;23;;
S044;761;alpha;1;-;82;71;;
S044;761;epsilon;1;-;50;122;;
S044;761;gamma;1;-;36;94;;
S044;761;beta;1;-;30;104;;
S044;782;alpha;21;+;83;9;;delta
S044;784;alpha;2;-;84;92;;
S044;786;alpha;2;+;85;33;;
S044;787;alpha;1;-;86;77;;
S044;789;alpha;2;+;87;10;;
S044;798;epsilon;37;+;51;45;;
S044;800;epsilon;2;-;52;71;;
S044;803;epsilon;3;+;53;78;;
S044;804;gamma;43;+;37;45;;delta
S044;804;beta;43;+;31;29;;delta
S044;813;delta;188;+;7;69;;
S044;846;alpha;57;-;88;41;;
S044;848;alpha;2;+;89;31;;
S044;857;alpha;9;-;90;65;;
S044;861;epsilon;58;-;54;111;;
S044;862;epsilon;1;+;55;95;;
S044;863;alpha;6;+;91;21;delta;
S044;864;alpha;1;-;92;84;delta;
S044;867;alpha;3;+;93;81;;
S044;873;alpha;6;-;94;54;;
S044;873;epsilon;11;-;56;113;;
S044;877;epsilon;4;+;57;118;;
S044;878;epsilon;1;-;58;38;;
S044;884;gamma;80;-;38;8;;
S044;886;delta;73;-;8;115;;
S044;888;beta;84;-;32;63;;delta
S044;890;beta;2;+;33;124;;
S044;891;beta;1;-;34;98;;
S044;895;beta;4;+;35;95;;
S044;896;beta;1;-;36;62;;
S044;902;beta;6;+;37;118;;
S044;902;delta;16;+;9;86;;
S044;903;alpha;30;+;95;96;;
S044;904;gamma;20;+;39;58;;beta
S044;905;epsilon;27;+;59;17;alpha;gamma
S044;938;alpha;35;-;96;110;alpha;
S044;952;alpha;14;+;97;92;;
S044;956;alpha;4;-;98;35;;
S044;957;alpha;1;+;99;97;;
S044;985;alpha;28;-;100;76;;
S044;986;alpha;1;+;101;126;;
S044;988;alpha;2;-;102;119;;
S044;990;epsilon;85;-;60;7;;
S044;991;epsilon;1;+;61;71;;
S044;992;epsilon;1;-;62;76;;
S044;1005;gamma;101;-;40;62;;
S044;1012;gamma;7;+;41;119;;
S044;1014;gamma;2;-;42;49;;
S044;1026;beta;124;-;38;14;;
S044;1037;alpha;49;+;103;11;;
S044;1037;beta;11;+;39;14;;
S044;1041;beta;4;-;40;17;alpha;
S044;1043;beta;2;+;41;45;;
S044;1044;beta;1;-;42;70;;
S044;1045;beta;1;+;43;66;;
S044;1048;epsilon;56;+;63;36;epsilon;
S044;1049;gamma;35;+;43;109;epsilon;
S044;1081;alpha;44;-;104;1;;
S044;1083;alpha;2;+;105;12;;
S044;1084;alpha;1;-;106;121;;
S044;1086;alpha;2;+;107;69;;
S044;1087;alpha;1;-;108;56;;
S044;1092;epsilon;44;-;64;88;;
S044;1104;alpha;17;+;109;29;;alpha
S044;1104;epsilon;12;+;65;49;;
S044;1117;epsilon;13;-;66;87;;
S044;1118;alpha;14;-;110;120;;
S044;1121;alpha;3;+;111;60;;
S044;1121;epsilon;4;+;67;112;;
S044;1142;alpha;21;-;112;52;;delta
S044;1146;alpha;4;+;113;16;;
S044;1169;alpha;23;-;114;99;;
S044;1171;alpha;2;+;115;103;;
S044;1173;alpha;2;-;116;16;;
S044;1178;epsilon;57;-;68;81;;
S044;1179;epsilon;1;+;69;49;;
S044;1180;epsilon;1;-;70;110;alpha;
S044;1181;epsilon;1;+;71;85;;
S044;1185;alpha;12;+;117;88;;
S044;1200;epsilon;19;-;72;10;;gamma
S044;1201;epsilon;1;+;73;101;;
S044;1209;alpha;24;-;118;61;;
S044;1209;epsilon;8;-;74;2;;
S044;1212;epsilon;3;+;75;23;;
S044;1214;epsilon;2;-;76;105;;
S044;1221;epsilon;7;+;77;41;;
S044;1223;alpha;14;+;119;18;epsilon;
S044;1224;alpha;1;-;120;54;;
S044;1225;epsilon;4;-;78;33;;
S044;1227;gamma;178;-;44;85;;
S044;1229;gamma;2;+;45;90;;
S044;1231;alpha;7;+;121;39;;
S044;1231;epsilon;6;+;79;82;;
S044;1236;epsilon;5;-;80;63;;
S044;1238;epsilon;2;+;81;124;;
S044;1242;alpha;11;-;122;101;;
S044;1242;epsilon;4;-;82;101;;
S044;1243;alpha;1;+;123;122;;
S044;1243;epsilon;1;+;83;122;;
S044;1244;epsilon;1;-;84;78;;
S044;1245;alpha;2;-;124;79;;
S044;1246;alpha;1;+;125;29;;
S044;1246;epsilon;2;+;85;20;beta;
S044;1247;alpha;1;-;126;37;;
S044;1247;epsilon;1;-;86;74;;
S044;1249;alpha;2;+;127;118;;
S044;1250;alpha;1;-;128;38;;
S044;1251;alpha;1;+;129;0;;
S044;1251;epsilon;4;+;87;109;epsilon;
S044;1256;alpha;5;-;130;5;;
S044;1257;epsilon;6;-;88;80;;
S044;1257;gamma;28;-;46;11;;
S044;1320;beta;213;-;44;46;;
S044;1337;alpha;19;+;131;11;;gamma
S044;1339;alpha;2;-;132;112;;
S044;1358;delta;394;-;10;34;;
S044;1365;delta;7;+;11;93;;
S044;1366;delta;1;-;12;42;;
S044;1367;delta;1;+;13;40;;
S044;1368;alpha;29;+;133;53;;
S044;1369;epsilon;50;+;89;49;;
S044;1370;epsilon;1;-;90;110;alpha;
S044;1371;epsilon;1;+;91;85;;
S044;1381;gamma;62;+;47;19;gamma;
S044;1383;beta;63;+;45;91;epsilon;
S044;1386;beta;3;-;46;24;;
S044;1387;beta;1;+;47;114;;
S044;1388;gamma;7;-;48;70;;
S044;1388;beta;1;-;48;125;;
S044;1389;alpha;21;-;134;114;;delta
S044;1389;epsilon;18;-;92;9;;epsilon
S044;1389;delta;22;-;14;85;;
S044;1390;delta;1;+;15;89;;
S044;1392;epsilon;3;+;93;93;;
S044;1393;epsilon;1;-;94;42;;
S044;1394;delta;4;-;16;5;;
S044;1421;alpha;32;+;135;2;;
S044;1425;alpha;4;-;136;24;;
S044;1430;alpha;5;+;137;118;;
S044;1433;epsilon;40;+;95;49;;
S044;1436;epsilon;3;-;96;112;;
S044;1437;epsilon;1;+;97;105;;
S044;1438;gamma;50;+;49;65;;
S044;1439;delta;45;+;17;37;;
S045;1;gamma;1;-;1;1;;
S045;1;delta;1;-;1;1;;
S045;2;alpha;2;-;1;2;;
S045;2;epsilon;2;-;1;2;;
S045;5;alpha;3;+;2;23;;
S045;5;epsilon;3;+;2;23;;
S045;5;gamma;4;+;2;14;;
S045;5;delta;4;+;2;14;;
S045;6;beta;6;+;1;6;;
S045;8;beta;2;-;2;62;;
S045;9;delta;4;-;3;17;alpha;
S045;10;beta;2;+;3;114;;
S045;10;delta;1;+;4;44;;
S045;54;alpha;49;-;3;63;;
S045;61;alpha;7;+;4;2;;
S045;101;alpha;40;-;5;113;;
S045;107;alpha;6;+;6;120;;
S045;113;alpha;6;-;7;63;;
S045;118;epsilon;113;-;3;126;;
S045;119;epsilon;1;+;4;118;;
S045;121;epsilon;2;-;5;39;;
S045;124;alpha;11;+;8;88;;
S045;124;epsilon;3;+;6;12;;
S045;126;alpha;2;-;9;120;;
S045;126;epsilon;2;-;7;122;;
S045;128;alpha;2;+;10;59;alpha;
S045;128;epsilon;2;+;8;79;;
S045;146;alpha;18;-;11;76;;epsilon
S045;147;alpha;1;+;12;126;;
S045;150;alpha;3;-;13;120;;
S045;150;epsilon;22;-;9;48;;
S045;153;epsilon;3;+;10;102;;
S045;154;epsilon;1;-;11;5;;
S045;164;gamma;159;-;3;62;;
S045;165;gamma;1;+;4;113;;
S045;167;alpha;17;+;14;79;;alpha
S045;167;epsilon;13;+;12;5;;
S045;170;epsilon;3;-;13;53;;
S045;173;epsilon;3;+;14;25;;
S045;182;epsilon;9;-;15;5;;
S045;183;epsilon;1;+;16;51;;
S045;184;alpha;17;-;15;43;delta;alpha
S045;184;epsilon;1;-;17;3;;
S045;184;gamma;19;-;5;16;;gamma
S045;193;beta;183;-;4;10;;
S045;194;beta;1;+;5;101;;
S045;197;beta;3;-;6;124;;
S045;231;alpha;47;+;16;29;;
S045;238;epsilon;54;+;18;100;gamma;
S045;251;alpha;20;-;17;126;;beta
S045;252;epsilon;14;-;19;108;gamma;
S045;268;alpha;17;+;18;44;;alpha
S045;268;epsilon;16;+;20;21;delta;
S045;278;epsilon;10;-;21;78;;
S045;279;epsilon;1;+;22;19;gamma;
S045;281;alpha;13;-;19;95;;
S045;281;epsilon;2;-;23;65;;
S045;282;alpha;1;+;20;62;;
S045;285;epsilon;4;+;24;19;gamma;
S045;285;gamma;101;+;6;99;;
S045;287;gamma;2;-;7;103;;
S045;292;alpha;10;-;21;114;;
S045;293;alpha;1;+;22;125;;
S045;294;gamma;7;+;8;21;delta;
S045;295;alpha;2;-;23;109;epsilon;
S045;295;gamma;1;-;9;84;delta;
S045;296;alpha;1;+;24;75;;
S045;296;gamma;1;+;10;79;;
S045;297;alpha;1;-;25;116;;
S045;297;epsilon;12;-;25;7;;
S045;297;gamma;1;-;11;29;;
S045;300;alpha;3;+;26;20;beta;
S045;300;epsilon;3;+;26;73;;
S045;300;gamma;3;+;12;39;;
S045;303;alpha;3;-;27;76;;
S045;303;gamma;3;-;13;12;;
S045;304;alpha;1;+;28;126;;
S045;304;gamma;1;+;14;121;;
S045;307;beta;110;+;7;31;;alpha
S045;336;alpha;32;-;29;59;alpha;
S045;338;epsilon;38;-;27;99;;
S045;343;epsilon;5;+;28;106;delta;
S045;344;alpha;8;+;30;90;;
S045;345;alpha;1;-;31;12;;
S045;345;epsilon;2;-;29;46;;
S045;349;gamma;45;-;15;80;;
S045;349;beta;42;-;8;94;;
S045;358;delta;348;-;5;25;;
S045;370;delta;12;+;6;99;;
S045;371;delta;1;-;7;102;;
S045;378;alpha;33;+;32;90;;
S045;380;delta;9;+;8;13;;
S045;381;delta;1;-;9;4;;
S045;382;delta;1;+;10;41;;
S045;383;delta;1;-;11;30;;
S045;390;epsilon;45;+;30;73;;
S045;391;epsilon;1;-;31;96;;
S045;394;epsilon;3;+;32;74;;
S045;402;alpha;24;-;33;7;;
S045;403;epsilon;9;-;33;114;;
S045;427;alpha;25;+;34;90;;
S045;429;alpha;2;-;35;13;;
S045;430;alpha;1;+;36;4;;
S045;431;alpha;1;-;37;41;;
S045;433;alpha;2;+;38;31;;
S045;434;epsilon;31;+;34;1;;
S045;437;epsilon;3;-;35;13;;
S045;439;epsilon;2;+;36;5;;
S045;441;epsilon;2;-;37;52;;
S045;442;alpha;9;-;39;65;;
S045;443;alpha;1;+;40;16;;
S045;443;epsilon;2;+;38;14;;
S045;444;alpha;1;-;41;34;;
S045;444;epsilon;1;-;39;14;;
S045;446;alpha;2;+;42;88;;
S045;449;epsilon;5;+;40;18;epsilon;
S045;453;alpha;7;-;43;125;;
S045;453;epsilon;4;-;41;57;;
S045;454;epsilon;1;+;42;63;;
S045;455;epsilon;1;-;43;123;;
S045;501;alpha;48;+;44;102;;
S045;507;alpha;6;-;45;10;;
S045;512;alpha;5;+;46;105;;
S045;516;alpha;4;-;47;38;;
S045;523;alpha;7;+;48;6;;
S045;524;epsilon;69;+;44;50;;
S045;531;alpha;8;-;49;68;alpha;
S045;531;epsilon;7;-;45;126;;
S045;614;alpha;83;+;50;25;;
S045;616;epsilon;85;+;46;112;;
S045;627;gamma;278;+;16;14;;
S045;632;beta;283;+;9;49;;
S045;634;beta;2;-;10;111;;
S045;637;beta;3;+;11;97;;
S045;641;beta;4;-;12;85;;
S045;644;alpha;30;-;51;117;;
S045;645;gamma;18;-;17;21;delta;epsilon
S045;646;gamma;1;+;18;84;delta;
S045;647;gamma;1;-;19;79;;
S045;648;gamma;1;+;20;29;;
S045;651;gamma;3;-;21;39;;
S045;653;gamma;2;+;22;11;;
S045;655;alpha;11;+;52;27;gamma;
S045;655;beta;14;+;13;5;;
S045;662;alpha;7;-;53;23;;
S045;662;beta;7;-;14;57;;
S045;663;alpha;1;+;54;104;;
S045;663;beta;1;+;15;63;;
S045;668;alpha;5;-;55;29;;
S045;668;epsilon;52;-;47;76;;
S045;668;beta;5;-;16;0;;
S045;669;epsilon;1;+;48;126;;
S045;670;epsilon;1;-;49;118;;
S045;673;epsilon;3;+;50;40;;
S045;673;beta;5;+;17;5;;
S045;674;alpha;6;+;56;42;;
S045;675;alpha;1;-;57;40;;
S045;675;epsilon;2;-;51;21;delta;
S045;675;beta;2;-;18;52;;
S045;676;gamma;23;-;23;107;beta;
S045;733;alpha;58;+;58;121;;
S045;734;alpha;1;-;59;68;alpha;
S045;737;alpha;3;+;60;48;;
S045;738;alpha;1;-;61;100;gamma;
S045;760;alpha;22;+;62;116;;
S045;762;epsilon;87;+;52;28;;
S045;768;epsilon;6;-;53;32;;
S045;769;epsilon;1;+;54;67;;
S045;773;epsilon;4;-;55;39;;
S045;774;epsilon;1;+;56;10;;
S045;783;alpha;23;-;63;66;;
S045;783;epsilon;9;-;57;109;epsilon;
S045;794;alpha;11;+;64;7;;
S045;794;epsilon;11;+;58;116;;
S045;795;alpha;1;-;65;71;;
S045;795;epsilon;1;-;59;18;epsilon;
S045;828;alpha;33;+;66;21;delta;
S045;834;epsilon;39;+;60;61;;
S045;835;epsilon;1;-;61;103;;
S045;836;epsilon;1;+;62;15;;
S045;840;alpha;12;-;67;80;;
S045;840;epsilon;4;-;63;27;gamma;
S045;841;alpha;1;+;68;39;;
S045;842;alpha;1;-;69;10;;
S045;843;alpha;1;+;70;101;;
S045;844;alpha;1;-;71;122;;
S045;850;alpha;6;+;72;83;;
S045;850;epsilon;10;+;64;43;delta;
S045;851;alpha;1;-;73;69;;
S045;851;epsilon;1;-;65;50;;
S045;858;epsilon;7;+;66;126;;
S045;859;alpha;8;+;74;63;;
S045;863;alpha;4;-;75;126;;
S045;863;epsilon;5;-;67;122;;
S045;870;alpha;7;+;76;124;;
S045;870;epsilon;7;+;68;84;delta;
S045;871;alpha;1;-;77;98;;
S045;871;epsilon;1;-;69;79;;
S045;872;alpha;1;+;78;92;;
S045;873;epsilon;2;+;70;30;;
S045;874;gamma;198;+;24;10;;
S045;875;gamma;1;-;25;101;;
S045;877;gamma;2;+;26;123;;
S045;879;gamma;2;-;27;89;;
S045;880;gamma;1;+;28;2;;
S045;882;beta;207;+;19;10;;
S045;883;beta;1;-;20;101;;
S045;885;beta;2;+;21;123;;
S045;900;alpha;28;-;79;84;delta;
S045;901;beta;16;-;22;124;;
S045;902;epsilon;29;-;71;108;gamma;
S045;903;gamma;23;-;29;96;;
S045;904;gamma;1;+;30;72;;
S045;906;gamma;2;-;31;87;;
S045;909;gamma;3;+;32;111;;
S045;911;gamma;2;-;33;96;;
S045;919;alpha;19;+;80;37;;gamma
S045;919;gamma;8;+;34;79;;
S045;920;alpha;1;-;81;117;;
S045;921;alpha;1;+;82;28;;
S045;921;epsilon;19;+;72;24;;gamma
S045;922;beta;21;+;23;102;;delta
S045;923;epsilon;2;-;73;115;;
S045;923;beta;1;-;24;5;;
S045;924;epsilon;1;+;74;8;;
S045;924;beta;1;+;25;51;;
S045;929;epsilon;5;-;75;85;;
S045;930;alpha;9;-;83;35;;
S045;930;gamma;11;-;35;37;;
S045;930;beta;6;-;26;8;;
S045;931;alpha;1;+;84;97;;
S045;931;gamma;1;+;36;117;;
S045;932;beta;2;+;27;82;;
S045;934;alpha;3;-;85;84;delta;
S045;934;gamma;3;-;37;30;;
S045;934;beta;2;-;28;60;;
S045;938;alpha;4;+;86;82;;
S045;938;gamma;4;+;38;50;;
S045;939;alpha;1;-;87;59;alpha;
S045;939;gamma;1;-;39;120;;
S045;942;gamma;3;+;40;60;;
S045;943;gamma;1;-;41;93;;
S045;964;alpha;25;+;88;83;;
S045;965;alpha;1;-;89;69;;
S045;968;alpha;3;+;90;58;;
S045;970;epsilon;41;+;76;32;;
S045;971;epsilon;1;-;77;67;;
S045;977;alpha;9;-;91;81;;
S045;982;alpha;5;+;92;53;;
S045;984;epsilon;13;+;78;109;epsilon;
S045;986;gamma;43;+;42;72;;delta
S045;986;beta;52;+;29;83;;
S045;999;gamma;13;-;43;101;;
S045;999;beta;13;-;30;58;;
S045;1000;gamma;1;+;44;122;;
S045;1000;beta;1;+;31;73;;
S045;1009;alpha;27;-;93;120;;gamma
S045;1010;alpha;1;+;94;58;;
S045;1011;alpha;1;-;95;73;;
S045;1013;alpha;2;+;96;97;;
S045;1014;alpha;1;-;97;82;;
S045;1016;alpha;2;+;98;60;;
S045;1020;alpha;4;-;99;96;;
S045;1021;alpha;1;+;100;72;;
S045;1054;alpha;33;-;101;121;;
S045;1055;alpha;1;+;102;68;alpha;
S045;1062;delta;679;+;12;72;;
S045;1079;alpha;24;-;103;93;;
S045;1080;alpha;1;+;104;42;;
S045;1083;alpha;3;-;105;42;;
S045;1084;epsilon;100;-;79;7;;gamma
S045;1084;delta;22;-;13;110;alpha;
S045;1087;delta;3;+;14;87;;
S045;1090;epsilon;6;+;80;76;;
S045;1092;alpha;9;+;106;48;;
S045;1097;alpha;5;-;107;104;;
S045;1098;alpha;1;+;108;25;;
S045;1099;alpha;1;-;109;124;;
S045;1100;epsilon;10;-;81;117;;
S045;1108;alpha;9;+;110;106;delta;
S045;1108;epsilon;8;+;82;35;;
S045;1109;epsilon;1;-;83;97;;
S045;1111;epsilon;2;+;84;83;;
S045;1116;alpha;8;-;111;52;;
S045;1116;epsilon;5;-;85;73;;
S045;1118;gamma;118;-;45;71;;
S045;1119;delta;32;-;15;96;;
S045;1120;delta;1;+;16;72;;
S045;1123;alpha;7;+;112;19;gamma;
S045;1123;gamma;5;+;46;80;;
S045;1124;epsilon;8;+;86;103;;
S045;1148;alpha;25;-;113;20;beta;
S045;1152;epsilon;28;-;87;41;;
S045;1153;epsilon;1;+;88;30;;
S045;1161;epsilon;8;-;89;54;;
S045;1166;gamma;43;-;47;42;;delta
S045;1167;gamma;1;+;48;40;;
S045;1168;gamma;1;-;49;20;beta;
S045;1169;gamma;1;+;50;74;;
S045;1170;gamma;1;-;51;106;delta;
S045;1173;gamma;3;+;52;47;;
S045;1174;gamma;1;-;53;90;;
S045;1176;gamma;2;+;54;13;;
S045;1177;alpha;29;+;114;124;;
S045;1178;alpha;1;-;115;98;;
S045;1179;alpha;1;+;116;92;;
S045;1180;alpha;1;-;117;32;;
S045;1180;gamma;4;-;55;7;;
S045;1181;gamma;1;+;56;71;;
S045;1184;alpha;4;+;118;70;;
S045;1184;epsilon;23;+;90;89;;
S045;1185;epsilon;1;-;91;2;;
S045;1186;epsilon;1;+;92;21;delta;
S045;1189;epsilon;3;-;93;86;;
S045;1191;alpha;7;-;119;72;;
S045;1192;gamma;11;-;57;126;;
S045;1192;beta;192;-;32;40;;
S045;1195;alpha;4;+;120;89;;
S045;1195;epsilon;6;+;94;104;;
S045;1195;gamma;3;+;58;120;;
S045;1195;beta;3;+;33;22;;
S045;1221;alpha;26;-;121;36;epsilon;
S045;1223;alpha;2;+;122;108;gamma;
S045;1224;alpha;1;-;123;65;;
S045;1235;epsilon;40;-;95;26;;
S045;1236;epsilon;1;+;96;7;;
S045;1237;epsilon;1;-;97;71;;
S045;1237;gamma;42;-;59;104;;
S045;1240;beta;45;-;34;86;;
S045;1241;beta;1;+;35;99;;
S045;1243;gamma;6;+;60;30;;
S045;1244;gamma;1;-;61;47;;
S045;1254;beta;13;-;36;7;;
S045;1256;beta;2;+;37;72;;
S045;1257;beta;1;-;38;86;;
S046;2;alpha;2;-;1;2;;
S046;4;epsilon;4;-;1;4;;
S046;5;epsilon;1;+;2;41;;
S046;7;epsilon;2;-;3;31;;
S046;9;epsilon;2;+;4;58;;
S046;10;epsilon;1;-;5;73;;
S046;11;beta;11;-;1;11;;
S046;12;gamma;12;-;1;12;;
S046;12;delta;12;-;1;12;;
S046;13;delta;1;+;2;121;;
S046;14;delta;1;-;3;68;alpha;
S046;89;alpha;87;+;2;33;;
S046;94;epsilon;84;+;6;18;epsilon;delta
S046;109;gamma;97;+;2;27;gamma;
S046;114;gamma;5;-;3;21;delta;
S046;115;gamma;1;+;4;84;delta;
S046;136;alpha;47;-;3;45;;
S046;137;alpha;1;+;4;70;;
S046;141;beta;130;+;2;81;;
S046;143;alpha;6;-;5;71;;
S046;143;beta;2;-;3;50;;
S046;146;epsilon;52;-;7;74;;
S046;149;epsilon;3;+;8;108;gamma;
S046;150;epsilon;1;-;9;65;;
S046;153;alpha;10;+;6;125;;
S046;153;epsilon;3;+;10;18;epsilon;
S046;153;beta;10;+;4;57;;
S046;157;alpha;4;-;7;111;;
S046;157;beta;4;-;5;66;;
S046;158;alpha;1;+;8;95;;
S046;158;beta;1;+;6;26;;
S046;163;alpha;5;-;9;66;;
S046;164;alpha;1;+;10;26;;
S046;179;alpha;15;-;11;75;;
S046;180;epsilon;27;-;11;49;;gamma
S046;182;epsilon;2;+;12;111;;
S046;185;alpha;6;+;12;121;;
S046;186;alpha;1;-;13;68;alpha;
S046;187;epsilon;5;-;13;99;;
S046;188;alpha;2;+;14;47;;
S046;188;epsilon;1;+;14;102;;
S046;209;alpha;21;-;15;22;;delta
S046;209;epsilon;21;-;15;61;;delta
S046;210;epsilon;1;+;16;103;;
S046;211;epsilon;1;-;17;15;;
S046;211;gamma;96;-;5;114;;
S046;216;gamma;5;+;6;2;;
S046;217;gamma;1;-;7;21;delta;
S046;236;alpha;27;+;16;68;alpha;gamma
S046;237;alpha;1;-;17;46;;
S046;238;beta;80;-;7;13;;
S046;258;alpha;21;+;18;49;;delta
S046;261;epsilon;50;+;18;26;;
S046;261;beta;23;+;8;53;;
S046;262;beta;1;-;9;23;;
S046;263;gamma;46;+;8;114;;
S046;263;beta;1;+;10;104;;
S046;264;gamma;1;-;9;125;;
S046;265;gamma;1;+;10;108;gamma;
S046;280;alpha;22;-;19;96;;
S046;280;gamma;15;-;11;20;beta;
S046;281;gamma;1;+;12;74;;
S046;282;epsilon;21;-;19;81;;delta
S046;282;gamma;1;-;13;106;delta;
S046;282;beta;19;-;11;5;;gamma
S046;294;epsilon;12;+;20;111;;
S046;296;alpha;16;+;20;91;epsilon;
S046;296;gamma;14;+;14;73;;
S046;296;beta;14;+;12;6;;
S046;313;delta;299;+;4;100;gamma;
S046;316;delta;3;-;5;114;;
S046;318;alpha;22;-;21;105;;
S046;318;epsilon;24;-;21;75;;
S046;320;epsilon;2;+;22;117;;
S046;321;epsilon;1;-;23;28;;
S046;321;gamma;25;-;15;86;;
S046;321;beta;25;-;13;117;;
S046;335;alpha;17;+;22;103;;alpha
S046;335;epsilon;14;+;24;20;beta;
S046;335;gamma;14;+;16;105;;
S046;335;beta;14;+;14;30;;
S046;337;alpha;2;-;23;16;;
S046;337;epsilon;2;-;25;75;;
S046;337;gamma;2;-;17;36;epsilon;
S046;337;beta;2;-;15;48;;
S046;340;alpha;3;+;24;36;epsilon;
S046;341;alpha;1;-;25;107;beta;
S046;343;alpha;2;+;26;56;;
S046;345;gamma;8;+;18;114;;
S046;346;epsilon;9;+;26;124;;
S046;346;beta;9;+;16;108;gamma;
S046;347;epsilon;1;-;27;98;;
S046;347;gamma;2;-;19;126;;
S046;347;beta;1;-;17;65;;
S046;348;alpha;5;-;27;57;;
S046;350;alpha;2;+;28;64;;
S046;353;gamma;6;+;20;123;;
S046;354;epsilon;7;+;28;98;;
S046;354;beta;7;+;18;22;;
S046;355;epsilon;1;-;29;92;;
S046;355;gamma;2;-;21;89;;
S046;355;beta;1;-;19;94;;
S046;356;epsilon;1;+;30;32;;
S046;356;gamma;1;+;22;2;;
S046;356;beta;1;+;20;52;;
S046;358;epsilon;2;-;31;68;alpha;
S046;358;gamma;2;-;23;22;;
S046;358;beta;2;-;21;14;;
S046;360;alpha;10;-;29;60;;
S046;369;alpha;9;+;30;101;;
S046;369;epsilon;11;+;32;80;;
S046;370;gamma;12;+;24;53;;
S046;370;beta;12;+;22;15;;
S046;371;gamma;1;-;25;23;;
S046;372;gamma;1;+;26;104;;
S046;373;gamma;1;-;27;25;;
S046;373;beta;3;-;23;26;;
S046;374;alpha;5;-;31;126;;
S046;374;epsilon;5;-;33;43;delta;
S046;375;epsilon;1;+;34;50;;
S046;377;alpha;3;+;32;120;;
S046;377;beta;4;+;24;10;;
S046;378;gamma;5;+;28;1;;
S046;380;alpha;3;-;33;60;;
S046;380;gamma;2;-;29;12;;
S046;380;beta;3;-;25;103;;
S046;381;alpha;1;+;34;93;;
S046;382;alpha;1;-;35;42;;
S046;382;epsilon;7;-;35;126;;
S046;384;alpha;2;+;36;41;;
S046;384;epsilon;2;+;36;119;;
S046;385;alpha;1;-;37;30;;
S046;385;epsilon;1;-;37;48;;
S046;392;alpha;7;+;38;53;;
S046;394;alpha;2;-;39;24;;
S046;395;alpha;1;+;40;114;;
S046;395;epsilon;10;+;38;111;;
S046;395;gamma;15;+;30;72;;
S046;395;beta;15;+;26;28;;
S046;396;gamma;1;-;31;86;;
S046;396;beta;1;-;27;27;gamma;
S046;397;beta;1;+;28;17;alpha;
S046;398;gamma;2;+;32;100;gamma;
S046;399;gamma;1;-;33;112;;
S046;399;beta;2;-;29;45;;
S046;400;gamma;1;+;34;105;;
S046;400;beta;1;+;30;70;;
S046;402;gamma;2;-;35;36;epsilon;
S046;403;beta;3;-;31;68;alpha;
S046;404;alpha;9;-;41;6;;
S046;404;epsilon;9;-;39;103;;
S046;427;alpha;23;+;42;115;;
S046;433;epsilon;29;+;40;42;;
S046;433;gamma;31;+;36;75;;
S046;435;gamma;2;-;37;117;;
S046;438;epsilon;5;-;41;44;;
S046;439;epsilon;1;+;42;60;;
S046;441;gamma;6;+;38;33;;
S046;443;gamma;2;-;39;78;;
S046;445;gamma;2;+;40;20;beta;
S046;446;gamma;1;-;41;74;;
S046;447;alpha;20;-;43;90;;beta
S046;447;epsilon;8;-;43;100;gamma;
S046;471;alpha;24;+;44;7;;
S046;480;epsilon;33;+;44;0;;
S046;483;gamma;37;+;42;71;;
S046;486;beta;83;+;32;25;;
S046;489;beta;3;-;33;126;;
S046;490;beta;1;+;34;118;;
S046;491;beta;1;-;35;38;;
S046;492;gamma;9;-;43;84;delta;
S046;495;alpha;24;-;45;89;;
S046;496;alpha;1;+;46;2;;
S046;497;gamma;5;+;44;83;;
S046;500;alpha;4;-;47;24;;
S046;500;gamma;3;-;45;71;;
S046;509;gamma;9;+;46;84;delta;
S046;510;alpha;10;+;48;124;;
S046;512;beta;21;+;36;11;;delta
S046;517;beta;5;-;37;115;;
S046;518;alpha;8;-;49;105;;
S046;519;alpha;1;+;50;35;;
S046;520;beta;3;+;38;10;;
S046;524;delta;208;+;6;35;;
S046;544;alpha;25;-;51;96;;
S046;546;delta;22;-;7;93;;
S046;549;epsilon;69;-;45;69;;
S046;564;alpha;20;+;52;95;;beta
S046;564;epsilon;15;+;46;57;;
S046;565;epsilon;1;-;47;63;;
S046;567;epsilon;2;+;48;124;;
S046;568;delta;22;+;8;51;;
S046;569;delta;1;-;9;3;;
S046;570;delta;1;+;10;31;;
S046;576;epsilon;9;-;49;106;delta;
S046;577;epsilon;1;+;50;45;;
S046;598;alpha;34;-;53;9;;
S046;602;alpha;4;+;54;94;;
S046;605;alpha;3;-;55;54;;
S046;606;alpha;1;+;56;33;;
S046;607;alpha;1;-;57;77;;
S046;607;epsilon;30;-;51;85;;
S046;608;epsilon;1;+;52;89;;
S046;609;alpha;2;+;58;10;;
S046;610;alpha;1;-;59;101;;
S046;613;epsilon;5;-;53;6;;
S046;615;gamma;106;-;47;32;;delta
S046;615;delta;45;-;11;97;;
S046;618;delta;3;+;12;84;delta;
S046;619;gamma;4;+;48;70;;
S046;620;gamma;1;-;49;66;;
S046;621;gamma;1;+;50;26;;
S046;624;gamma;3;-;51;9;;
S046;625;gamma;1;+;52;91;epsilon;
S046;626;alpha;16;+;60;83;;
S046;626;epsilon;13;+;54;105;;
S046;629;alpha;3;-;61;71;;
S046;629;epsilon;3;-;55;37;;
S046;629;gamma;4;-;53;25;;
S046;629;beta;109;-;39;76;;epsilon
S046;629;delta;11;-;13;29;;
S046;634;beta;5;+;40;3;;
S046;635;beta;1;-;41;31;;
S046;636;alpha;7;+;62;82;;
S046;636;beta;1;+;42;57;;
S046;636;delta;7;+;14;43;delta;
S046;637;alpha;1;-;63;59;alpha;
S046;638;alpha;1;+;64;83;;
S046;639;gamma;10;+;54;97;;
S046;640;epsilon;11;+;56;28;;
S046;641;alpha;3;-;65;71;;
S046;641;epsilon;1;-;57;27;gamma;
S046;641;gamma;2;-;55;83;;
S046;641;beta;5;-;43;67;;
S046;641;delta;5;-;15;54;;
S046;649;alpha;8;+;66;83;;
S046;649;beta;8;+;44;43;delta;
S046;649;delta;8;+;16;40;;
S046;650;alpha;1;-;67;69;;
S046;650;beta;1;-;45;50;;
S046;650;delta;1;-;17;20;beta;
S046;653;alpha;3;+;68;58;;
S046;653;delta;3;+;18;76;;
S046;654;delta;1;-;19;126;;
S046;656;alpha;3;-;69;75;;
S046;675;alpha;19;+;70;26;;gamma
S046;677;epsilon;36;+;58;69;;epsilon
S046;680;alpha;5;-;71;11;;
S046;680;epsilon;3;-;59;58;;
S046;701;alpha;21;+;72;105;;delta
S046;703;epsilon;23;+;60;108;gamma;
S046;709;gamma;68;+;56;113;;alpha
S046;709;beta;59;+;46;106;delta;alpha
S046;709;delta;55;+;20;82;;
S046;710;beta;1;-;47;45;;
S046;710;delta;1;-;21;59;alpha;
S046;711;beta;1;+;48;70;;
S046;711;delta;1;+;22;83;;
S046;739;alpha;38;-;73;124;;
S046;741;alpha;2;+;74;99;;
S046;772;alpha;31;-;75;25;;
S046;780;epsilon;77;-;61;82;;
S046;781;epsilon;1;+;62;59;alpha;
S046;790;epsilon;9;-;63;91;epsilon;
S046;795;alpha;23;+;76;110;alpha;
S046;795;epsilon;5;+;64;26;;
S046;798;epsilon;3;-;65;9;;
S046;799;alpha;4;-;77;88;;
S046;814;gamma;105;-;57;75;;
S046;815;gamma;1;+;58;116;;
S046;816;gamma;1;-;59;18;epsilon;
S046;820;alpha;21;+;78;58;;delta
S046;820;gamma;4;+;60;57;;
S046;821;alpha;1;-;79;73;;
S046;822;alpha;1;+;80;96;;
S046;824;epsilon;26;+;66;37;;
S046;825;epsilon;1;-;67;117;;
S046;826;alpha;4;-;81;75;;
S046;826;gamma;6;-;61;68;alpha;
S046;828;beta;117;-;49;13;;
S046;830;delta;119;-;23;61;;
S046;878;alpha;52;+;82;59;alpha;
S046;890;alpha;12;-;83;70;;
S046;892;alpha;2;+;84;67;;
S046;896;epsilon;71;+;68;87;;
S046;899;epsilon;3;-;69;111;;
S046;900;epsilon;1;+;70;95;;
S046;902;alpha;10;-;85;106;delta;
S046;902;epsilon;2;-;71;63;;
S046;903;alpha;1;+;86;45;;
S046;903;epsilon;1;+;72;123;;
S046;904;alpha;1;-;87;70;;
S046;904;epsilon;1;-;73;88;;
S046;907;epsilon;3;+;74;121;;
S046;909;alpha;5;+;88;70;;
S046;910;alpha;1;-;89;66;;
S046;910;epsilon;3;-;75;70;;
S046;936;alpha;26;+;90;22;;
S046;937;alpha;1;-;91;94;;
S046;938;alpha;1;+;92;52;;
S046;942;epsilon;32;+;76;47;;
S046;943;epsilon;1;-;77;90;;
S046;944;epsilon;1;+;78;12;;
S046;947;epsilon;3;-;79;123;;
S046;948;alpha;10;-;93;3;;
S046;977;alpha;29;+;94;75;;
S046;981;alpha;4;-;95;119;;
S046;983;alpha;2;+;96;49;;
S046;985;epsilon;38;+;80;19;gamma;
S046;989;epsilon;4;-;81;67;;
S046;990;epsilon;1;+;82;36;epsilon;
S046;996;alpha;13;-;97;87;;
S046;996;epsilon;6;-;83;112;;
S046;1004;alpha;8;+;98;116;;
S046;1004;epsilon;8;+;84;112;;
S046;1007;gamma;181;+;62;109;epsilon;
S046;1009;gamma;2;-;63;76;;
S046;1010;alpha;6;-;99;23;;
S046;1011;alpha;1;+;100;104;;
S046;1012;gamma;3;+;64;1;;
S046;1015;alpha;4;-;101;28;;
S046;1015;gamma;3;-;65;13;;
S046;1019;alpha;4;+;102;30;;
S046;1019;gamma;4;+;66;7;;
S046;1021;alpha;2;-;103;48;;
S046;1021;epsilon;17;-;85;41;;alpha
S046;1021;gamma;2;-;67;72;;
S046;1024;epsilon;3;+;86;32;;
S046;1025;alpha;4;+;104;103;;
S046;1025;gamma;4;+;68;89;;
S046;1026;beta;198;+;50;117;;
S046;1030;beta;4;-;51;31;;
S046;1031;beta;1;+;52;57;;
S046;1034;beta;3;-;53;65;;
S046;1035;beta;1;+;54;16;;
S046;1064;alpha;39;-;105;52;;
S046;1070;epsilon;46;-;87;71;;
S046;1071;epsilon;1;+;88;76;;
S046;1076;alpha;12;+;106;5;;
S046;1096;alpha;20;-;107;12;;beta
S046;1097;epsilon;26;-;89;6;;
S046;1100;alpha;4;+;108;124;;
S046;1100;epsilon;3;+;90;63;;
S046;1102;alpha;2;-;109;99;;
S046;1104;alpha;2;+;110;103;;
S046;1104;delta;274;+;24;60;;
S046;1106;delta;2;-;25;94;;
S046;1107;delta;1;+;26;52;;
S046;1128;alpha;24;-;111;37;;
S046;1142;alpha;14;+;112;31;;
S046;1150;alpha;8;-;113;64;;
S046;1151;epsilon;51;-;91;1;;
S046;1155;gamma;130;-;69;103;;
S046;1155;delta;48;-;27;41;;
S046;1158;beta;123;-;55;121;;
S046;1205;alpha;55;+;114;105;;
S046;1223;epsilon;72;+;92;45;;
S046;1229;delta;74;+;28;110;alpha;
S046;1246;alpha;41;-;115;0;;
S046;1246;delta;17;-;29;95;;alpha
S046;1247;delta;1;+;30;62;;
S046;1253;alpha;7;+;116;7;;
S046;1253;gamma;98;+;70;111;;
S046;1254;alpha;1;-;117;71;;
S046;1255;gamma;2;-;71;96;;
S046;1256;epsilon;33;-;93;88;;
S046;1320;delta;11;-;31;115;;
S046;1321;gamma;4;+;72;75;;
S046;1321;delta;1;+;32;8;;
S046;1322;epsilon;4;+;94;122;;
S046;1323;epsilon;1;-;95;78;;
S046;1326;alpha;10;+;118;125;;
S046;1326;epsilon;3;+;96;21;delta;
S046;1331;alpha;5;-;119;112;;
S046;1331;epsilon;5;-;97;88;;
S046;1336;gamma;15;-;73;22;;
S046;1336;delta;15;-;33;53;;
S046;1337;gamma;1;+;74;94;;
S046;1337;delta;1;+;34;23;;
S046;1338;alpha;7;+;120;111;;
S046;1339;epsilon;8;+;98;126;;
S046;1340;alpha;2;-;121;96;;
S046;1340;epsilon;1;-;99;118;;
S046;1341;alpha;1;+;122;72;;
S046;1341;epsilon;1;+;100;38;;
S046;1346;beta;126;+;56;95;;
S046;1362;alpha;21;-;123;109;epsilon;delta
S046;1363;epsilon;22;-;101;12;;
S046;1363;beta;17;-;57;119;;alpha
S046;1364;epsilon;1;+;102;121;;
S046;1364;beta;1;+;58;48;;
S046;1369;epsilon;5;-;103;72;;
S046;1370;epsilon;1;+;104;86;;
S046;1371;epsilon;1;-;105;99;;
S046;1372;epsilon;1;+;106;102;;
S046;1374;alpha;12;+;124;117;;
S046;1384;alpha;10;-;125;26;;
S046;1385;alpha;1;+;126;7;;
S046;1386;alpha;1;-;127;71;;
S046;1386;epsilon;14;-;107;54;;
S046;1387;epsilon;1;+;108;33;;
S046;1388;epsilon;1;-;109;77;;
S046;1389;epsilon;1;+;110;9;;
S046;1390;alpha;4;+;128;79;;
S046;1391;alpha;1;-;129;29;;
S046;1391;epsilon;2;-;111;92;;
S046;1392;epsilon;1;+;112;32;;
S046;1394;epsilon;2;-;113;68;alpha;
S046;1395;gamma;58;-;75;60;;
S046;1395;beta;31;-;59;5;;
S046;1396;delta;59;-;35;73;;alpha
S047;1;alpha;1;+;1;1;;
S047;2;epsilon;2;+;1;2;;
S047;3;alpha;2;-;2;12;;
S047;3;epsilon;1;-;2;21;delta;
S047;8;alpha;5;+;3;125;;
S047;9;epsilon;6;+;3;89;;
S047;15;alpha;7;-;4;114;;
S047;15;epsilon;6;-;4;7;;
S047;16;alpha;1;+;5;125;;
S047;17;alpha;1;-;6;108;gamma;
S047;45;alpha;28;+;7;33;;
S047;56;alpha;11;-;8;9;;
S047;57;alpha;1;+;9;91;epsilon;
S047;58;alpha;1;-;10;22;;
S047;68;alpha;10;+;11;51;;
S047;71;epsilon;56;+;5;121;;
S047;75;epsilon;4;-;6;71;;
S047;76;epsilon;1;+;7;76;;
S047;76;gamma;76;+;1;76;;
S047;81;beta;81;+;1;81;;
S047;83;beta;2;-;2;50;;
S047;85;beta;2;+;3;121;;
S047;86;beta;1;-;4;68;alpha;
S047;92;beta;6;+;5;51;;
S047;103;delta;103;+;1;103;;
S047;138;alpha;70;-;12;90;;
S047;140;alpha;2;+;13;13;;
S047;143;alpha;3;-;14;6;;
S047;149;alpha;6;+;15;66;;
S047;172;alpha;23;-;16;19;gamma;
S047;179;epsilon;103;-;8;30;;
S047;196;alpha;24;+;17;19;gamma;
S047;196;epsilon;17;+;9;96;;alpha
S047;252;alpha;56;-;18;51;;
S047;258;alpha;6;+;19;8;;
S047;262;alpha;4;-;20;84;delta;
S047;263;alpha;1;+;21;79;;
S047;264;alpha;1;-;22;29;;
S047;270;epsilon;74;-;10;22;;
S047;272;epsilon;2;+;11;95;;
S047;273;alpha;9;+;23;45;;
S047;274;alpha;1;-;24;70;;
S047;275;epsilon;3;-;12;64;;
S047;276;alpha;2;+;25;67;;
S047;276;epsilon;1;+;13;6;;
S047;281;alpha;5;-;26;40;;
S047;281;epsilon;5;-;14;65;;
S047;289;gamma;213;-;2;13;;
S047;291;gamma;2;+;3;5;;
S047;292;gamma;1;-;4;51;;
S047;299;gamma;7;+;5;9;;
S047;300;gamma;1;-;6;91;epsilon;
S047;301;alpha;20;+;27;83;;beta
S047;301;epsilon;20;+;15;43;delta;beta
S047;301;gamma;1;+;7;22;;
S047;308;alpha;7;-;28;75;;
S047;308;epsilon;7;-;16;56;;
S047;308;gamma;7;-;8;100;gamma;
S047;310;alpha;2;+;29;117;;
S047;310;epsilon;2;+;17;54;;
S047;310;gamma;2;+;9;113;;
S047;317;alpha;7;-;30;34;;
S047;317;epsilon;7;-;18;39;;
S047;317;gamma;7;-;10;121;;
S047;320;beta;228;-;6;47;;
S047;321;beta;1;+;7;90;;
S047;322;beta;1;-;8;12;;
S047;327;beta;5;+;9;125;;
S047;329;alpha;12;+;31;110;alpha;
S047;329;epsilon;12;+;19;102;;
S047;329;gamma;12;+;11;47;;
S047;344;alpha;15;-;32;93;;
S047;344;epsilon;15;-;20;55;;
S047;344;gamma;15;-;12;16;;
S047;346;beta;19;-;10;73;;gamma
S047;360;alpha;16;+;33;45;;
S047;360;epsilon;16;+;21;55;;
S047;360;gamma;16;+;13;92;;
S047;360;beta;14;+;11;75;;
S047;369;epsilon;9;-;22;51;;
S047;370;alpha;10;-;34;65;;
S047;370;gamma;10;-;14;66;;
S047;370;beta;10;-;12;17;alpha;
S047;394;alpha;24;+;35;47;;
S047;396;alpha;2;-;36;91;epsilon;
S047;398;alpha;2;+;37;23;;
S047;399;alpha;1;-;38;104;;
S047;404;alpha;5;+;39;29;;
S047;405;alpha;1;-;40;37;;
S047;418;alpha;13;+;41;30;;
S047;419;alpha;1;-;42;47;;
S047;421;alpha;2;+;43;91;epsilon;
S047;422;alpha;1;-;44;22;;
S047;427;alpha;5;+;45;98;;
S047;430;epsilon;61;+;23;81;;
S047;431;alpha;4;-;46;95;;
S047;431;epsilon;1;-;24;49;;
S047;433;alpha;2;+;47;63;;
S047;433;epsilon;2;+;25;111;;
S047;435;alpha;2;-;48;124;;
S047;435;epsilon;2;-;26;96;;
S047;449;delta;346;-;2;95;;
S047;451;delta;2;+;3;63;;
S047;454;alpha;19;+;49;100;gamma;gamma
S047;454;epsilon;19;+;27;94;;gamma
S047;454;gamma;84;+;15;80;;delta
S047;455;gamma;1;-;16;39;;
S047;456;epsilon;2;-;28;53;;
S047;457;alpha;3;-;50;114;;
S047;458;delta;7;-;4;2;;
S047;463;delta;5;+;5;25;;
S047;464;delta;1;-;6;124;;
S047;468;alpha;11;+;51;108;gamma;
S047;468;delta;4;+;7;101;;
S047;470;epsilon;14;+;29;107;beta;
S047;474;gamma;19;+;17;109;epsilon;gamma
S047;478;beta;108;+;13;90;;gamma
S047;512;alpha;44;-;52;49;;
S047;515;epsilon;45;-;30;77;;
S047;515;gamma;41;-;18;19;gamma;
S047;515;beta;37;-;14;20;beta;
S047;515;delta;47;-;8;114;;
S047;516;gamma;1;+;19;64;;
S047;516;beta;1;+;15;74;;
S047;516;delta;1;+;9;125;;
S047;519;gamma;3;-;20;8;;
S047;519;beta;3;-;16;108;gamma;
S047;519;delta;3;-;10;110;alpha;
S047;520;gamma;1;+;21;81;;
S047;521;gamma;1;-;22;49;;
S047;524;gamma;3;+;23;112;;
S047;524;beta;5;+;17;69;;
S047;524;delta;5;+;11;89;;
S047;529;alpha;17;+;53;91;epsilon;alpha
S047;529;epsilon;14;+;31;94;;
S047;533;epsilon;4;-;32;55;;
S047;538;epsilon;5;+;33;47;;
S047;539;epsilon;1;-;34;90;;
S047;543;epsilon;4;+;35;15;;
S047;554;alpha;25;-;54;108;gamma;
S047;555;alpha;1;+;55;65;;
S047;573;alpha;18;-;56;41;;epsilon
S047;573;epsilon;30;-;36;6;;
S047;574;gamma;50;-;24;74;;
S047;576;epsilon;3;+;37;63;;
S047;576;gamma;2;+;25;107;beta;
S047;577;epsilon;1;-;38;123;;
S047;577;gamma;1;-;26;55;;
S047;578;epsilon;1;+;39;88;;
S047;578;gamma;1;+;27;43;delta;
S047;579;alpha;6;+;57;35;;
S047;588;alpha;9;-;58;105;;
S047;589;epsilon;11;-;40;48;;
S047;590;gamma;12;-;28;121;;
S047;602;beta;78;-;18;120;;
S047;602;delta;78;-;12;88;;
S047;604;beta;2;+;19;59;alpha;
S047;604;delta;2;+;13;120;;
S047;613;alpha;25;+;59;111;;
S047;614;alpha;1;-;60;95;;
S047;614;beta;10;-;20;68;alpha;
S047;615;delta;11;-;14;73;;
S047;621;alpha;7;+;61;68;alpha;
S047;621;beta;7;+;21;52;;
S047;621;delta;6;+;15;101;;
S047;622;epsilon;33;+;41;7;;
S047;622;gamma;32;+;29;67;;
S047;631;alpha;10;-;62;79;;
S047;631;epsilon;9;-;42;79;;
S047;631;gamma;9;-;30;44;;
S047;631;beta;10;-;22;3;;
S047;632;alpha;1;+;63;29;;
S047;633;alpha;1;-;64;37;;
S047;636;delta;15;-;16;82;;
S047;663;alpha;30;+;65;47;;
S047;664;epsilon;33;+;43;59;alpha;
S047;664;delta;28;+;17;100;gamma;
S047;668;delta;4;-;18;115;;
S047;669;gamma;38;+;31;120;;
S047;669;delta;1;+;19;8;;
S047;670;gamma;1;-;32;58;;
S047;671;gamma;1;+;33;73;;
S047;671;beta;40;+;23;86;;
S047;675;beta;4;-;24;102;;
S047;677;beta;2;+;25;6;;
S047;700;alpha;37;-;66;38;;
S047;704;alpha;4;+;67;3;;
S047;705;alpha;1;-;68;31;;
S047;707;epsilon;43;-;44;101;;delta
S047;707;beta;30;-;26;122;;
S047;708;beta;1;+;27;78;;
S047;709;epsilon;2;+;45;123;;
S047;713;alpha;8;+;69;64;;
S047;715;alpha;2;-;70;7;;
S047;716;epsilon;7;-;46;94;;
S047;717;gamma;46;-;34;107;beta;
S047;717;beta;9;-;28;27;gamma;
S047;717;delta;48;-;20;86;;
S047;720;gamma;3;+;35;57;;
S047;720;delta;3;+;21;101;;
S047;722;beta;5;+;29;21;delta;
S047;723;beta;1;-;30;84;delta;
S047;724;gamma;4;-;36;66;;
S047;724;delta;4;-;22;125;;
S047;726;delta;2;+;23;109;epsilon;
S047;727;alpha;12;+;71;77;;
S047;727;gamma;3;+;37;28;;
S047;727;beta;4;+;31;82;;
S047;728;epsilon;12;+;47;14;;
S047;734;alpha;7;-;72;15;;
S047;734;epsilon;6;-;48;19;gamma;
S047;735;alpha;1;+;73;24;;
S047;735;epsilon;1;+;49;64;;
S047;736;epsilon;1;-;50;6;;
S047;738;epsilon;2;+;51;62;;
S047;739;alpha;4;-;74;117;;
S047;739;epsilon;1;-;52;113;;
S047;740;gamma;13;-;38;19;gamma;
S047;740;beta;13;-;32;85;;
S047;740;delta;14;-;24;119;;
S047;746;delta;6;+;25;53;;
S047;747;alpha;8;+;75;35;;
S047;747;epsilon;8;+;53;122;;
S047;747;gamma;7;+;39;70;;
S047;747;beta;7;+;33;95;;
S047;748;alpha;1;-;76;97;;
S047;748;epsilon;1;-;54;78;;
S047;748;gamma;1;-;40;66;;
S047;748;beta;1;-;34;62;;
S047;749;delta;3;-;26;25;;
S047;750;alpha;2;+;77;83;;
S047;750;gamma;2;+;41;27;gamma;
S047;750;beta;2;+;35;114;;
S047;750;delta;1;+;27;124;;
S047;751;alpha;1;-;78;69;;
S047;751;gamma;1;-;42;17;alpha;
S047;751;beta;1;-;36;125;;
S047;751;delta;1;-;28;98;;
S047;756;delta;5;+;29;96;;
S047;757;alpha;6;+;79;61;;
S047;757;epsilon;9;+;55;27;gamma;
S047;757;gamma;6;+;43;49;;
S047;757;beta;6;+;37;113;;
S047;758;epsilon;1;-;56;17;alpha;
S047;758;gamma;1;-;44;110;alpha;
S047;758;beta;1;-;38;115;;
S047;760;epsilon;2;+;57;45;;
S047;760;gamma;2;+;45;86;;
S047;760;beta;2;+;39;9;;
S047;765;epsilon;5;-;58;74;;
S047;765;gamma;5;-;46;103;;
S047;765;beta;5;-;40;95;;
S047;766;epsilon;1;+;59;106;delta;
S047;766;beta;1;+;41;62;;
S047;767;alpha;10;-;80;14;;
S047;767;epsilon;1;-;60;45;;
S047;767;beta;1;-;42;113;;
S047;767;delta;11;-;30;86;;
S047;774;alpha;7;+;81;20;beta;
S047;774;epsilon;7;+;61;76;;
S047;774;beta;7;+;43;121;;
S047;774;delta;7;+;31;105;;
S047;775;gamma;10;+;47;23;;
S047;777;gamma;2;-;48;105;;
S047;779;epsilon;5;-;62;3;;
S047;779;beta;5;-;44;72;;
S047;780;epsilon;1;+;63;31;;
S047;780;gamma;3;+;49;37;;
S047;780;beta;1;+;45;86;;
S047;783;alpha;9;-;82;82;;
S047;783;epsilon;3;-;64;59;alpha;
S047;783;gamma;3;-;50;119;;
S047;783;beta;3;-;46;101;;
S047;783;delta;9;-;32;43;delta;
S047;786;alpha;3;+;83;61;;
S047;786;epsilon;3;+;65;85;;
S047;786;beta;3;+;47;124;;
S047;786;delta;3;+;33;52;;
S047;787;gamma;4;+;51;51;;
S047;792;alpha;6;-;84;108;gamma;
S047;792;epsilon;6;-;66;94;;
S047;792;gamma;5;-;52;7;;
S047;792;beta;6;-;48;103;;
S047;793;alpha;1;+;85;65;;
S047;793;epsilon;1;+;67;52;;
S047;793;gamma;1;+;53;71;;
S047;793;beta;1;+;49;15;;
S047;794;alpha;1;-;86;16;;
S047;794;epsilon;1;-;68;13;;
S047;794;gamma;1;-;54;76;;
S047;794;beta;1;-;50;24;;
S047;794;delta;8;-;34;20;beta;
S047;795;delta;1;+;35;74;;
S047;796;alpha;2;+;87;35;;
S047;796;epsilon;2;+;69;5;;
S047;796;gamma;2;+;55;0;;
S047;796;beta;2;+;51;115;;
S047;800;alpha;4;-;88;100;gamma;
S047;801;alpha;1;+;89;112;;
S047;811;alpha;10;-;90;34;;
S047;811;epsilon;15;-;70;7;;
S047;812;gamma;16;-;56;16;;
S047;812;beta;16;-;52;86;;
S047;812;delta;17;-;36;51;;alpha
S047;813;delta;1;+;37;3;;
S047;814;delta;1;-;38;31;;
S047;826;alpha;15;+;91;113;;
S047;826;epsilon;15;+;71;80;;
S047;826;gamma;14;+;57;90;;
S047;826;delta;12;+;39;64;;
S047;827;alpha;1;-;92;115;;
S047;827;epsilon;1;-;72;39;;
S047;827;gamma;1;-;58;12;;
S047;827;delta;1;-;40;6;;
S047;828;alpha;1;+;93;8;;
S047;830;alpha;2;-;94;82;;
S047;831;alpha;1;+;95;59;alpha;
S047;831;epsilon;4;+;73;13;;
S047;831;gamma;4;+;59;124;;
S047;831;beta;19;+;53;110;alpha;gamma
S047;831;delta;4;+;41;64;;
S047;837;beta;6;-;54;90;;
S047;838;beta;1;+;55;12;;
S047;839;epsilon;8;-;74;11;;
S047;839;gamma;8;-;60;105;;
S047;839;beta;1;-;56;121;;
S047;839;delta;8;-;42;13;;
S047;840;alpha;9;-;96;91;epsilon;
S047;851;alpha;11;+;97;94;;
S047;851;epsilon;12;+;75;96;;
S047;851;gamma;12;+;61;98;;
S047;851;beta;12;+;57;47;;
S047;851;delta;12;+;43;42;;
S047;855;alpha;4;-;98;55;;
S047;855;epsilon;4;-;76;75;;
S047;855;gamma;4;-;62;95;;
S047;855;beta;4;-;58;93;;
S047;855;delta;4;-;44;43;delta;
S047;861;alpha;6;+;99;48;;
S047;862;alpha;1;-;100;100;gamma;
S047;863;alpha;1;+;101;112;;
S047;864;epsilon;9;+;77;124;;
S047;865;epsilon;1;-;78;98;;
S047;866;epsilon;1;+;79;92;;
S047;867;gamma;12;+;63;114;;
S047;867;beta;12;+;59;41;;
S047;869;delta;14;+;45;123;;
S047;873;delta;4;-;46;91;epsilon;
S047;874;delta;1;+;47;22;;
S047;935;alpha;72;-;102;96;;
S047;936;alpha;1;+;103;72;;
S047;938;alpha;2;-;104;87;;
S047;943;alpha;5;+;105;113;;
S047;944;alpha;1;-;106;115;;
S047;949;epsilon;83;-;80;12;;
S047;975;alpha;31;+;107;101;;
S047;976;alpha;1;-;108;122;;
S047;977;alpha;1;+;109;78;;
S047;980;alpha;3;-;110;21;delta;
S047;980;gamma;113;-;64;67;;
S047;982;gamma;2;+;65;37;;
S047;983;alpha;3;+;111;86;;
S047;984;alpha;1;-;112;99;;
S047;984;gamma;2;-;66;118;;
S047;986;alpha;2;+;113;103;;
S047;986;gamma;2;+;67;39;;
S047;987;epsilon;38;+;81;95;;
S047;990;epsilon;3;-;82;64;;
S047;991;epsilon;1;+;83;6;;
S047;998;gamma;12;-;68;102;;
S047;999;gamma;1;+;69;5;;
S047;1000;alpha;14;-;114;27;gamma;
S047;1000;epsilon;9;-;84;69;;
S047;1000;gamma;1;-;70;51;;
S047;1003;alpha;3;+;115;19;gamma;
S047;1003;epsilon;3;+;85;58;;
S047;1004;alpha;1;-;116;64;;
S047;1004;epsilon;1;-;86;73;;
S047;1005;alpha;1;+;117;6;;
S047;1005;epsilon;1;+;87;96;;
S047;1006;alpha;1;-;118;61;;
S047;1006;epsilon;1;-;88;72;;
S047;1007;alpha;1;+;119;103;;
S047;1007;epsilon;1;+;89;86;;
S047;1008;gamma;8;+;71;10;;
S047;1011;alpha;4;-;120;18;epsilon;
S047;1011;gamma;3;-;72;103;;
S047;1012;epsilon;5;-;90;103;;
S047;1013;epsilon;1;+;91;15;;
S047;1014;epsilon;1;-;92;24;;
S047;1015;epsilon;1;+;93;114;;
S047;1017;alpha;6;+;121;59;alpha;
S047;1017;gamma;6;+;73;20;beta;
S047;1018;gamma;1;-;74;74;;
S047;1028;alpha;11;-;122;69;;
S047;1030;epsilon;15;-;94;112;;
S047;1031;epsilon;1;+;95;105;;
S047;1033;epsilon;2;-;96;36;epsilon;
S047;1035;beta;168;-;60;20;beta;
S047;1036;beta;1;+;61;74;;
S047;1037;alpha;9;+;123;64;;
S047;1037;epsilon;4;+;97;110;alpha;
S047;1038;gamma;20;+;75;54;;beta
S047;1041;alpha;4;-;124;9;;
S047;1041;epsilon;4;-;98;88;;
S047;1041;gamma;3;-;76;35;;
S047;1042;beta;6;-;62;111;;
S047;1045;beta;3;+;63;97;;
S047;1046;alpha;5;+;125;95;;
S047;1046;epsilon;5;+;99;123;;
S047;1046;gamma;5;+;77;101;;
S047;1048;alpha;2;-;126;63;;
S047;1048;epsilon;2;-;100;89;;
S047;1048;gamma;2;-;78;123;;
S047;1048;beta;3;-;64;84;delta;
S047;1049;alpha;1;+;127;123;;
S047;1049;epsilon;1;+;101;2;;
S047;1049;gamma;1;+;79;88;;
S047;1049;beta;1;+;65;79;;
S047;1053;beta;4;-;66;32;;
S047;1054;beta;1;+;67;67;;
S047;1093;alpha;44;-;128;25;;
S047;1103;alpha;10;+;129;97;;
S047;1104;alpha;1;-;130;82;;
S047;1108;epsilon;59;-;102;5;;alpha
S047;1120;alpha;16;+;131;88;;
S047;1120;epsilon;12;+;103;4;;
S047;1141;alpha;21;-;132;58;;delta
S047;1141;epsilon;21;-;104;40;;delta
S047;1144;epsilon;3;+;105;22;;
S047;1151;epsilon;7;-;106;100;gamma;
S047;1152;epsilon;1;+;107;112;;
S047;1154;epsilon;2;-;108;106;delta;
S047;1155;gamma;106;-;80;95;;delta
S047;1156;gamma;1;+;81;62;;
S047;1158;alpha;17;+;133;102;;alpha
S047;1158;epsilon;4;+;109;48;;
S047;1171;alpha;13;-;134;53;;
S047;1171;epsilon;13;-;110;114;;
S047;1173;alpha;2;+;135;24;;
S047;1173;epsilon;2;+;111;126;;
S047;1178;alpha;5;-;136;118;;
S047;1179;alpha;1;+;137;38;;
S047;1180;alpha;1;-;138;0;;
S047;1180;epsilon;7;-;112;124;;
S047;1181;gamma;25;-;82;2;;
S047;1183;alpha;3;+;139;3;;
S047;1183;epsilon;3;+;113;100;gamma;
S047;1183;gamma;2;+;83;22;;
S047;1324;alpha;75;-;140;121;;
S047;1324;epsilon;75;-;114;42;;
S047;1341;alpha;17;+;141;52;;alpha
S047;1341;epsilon;17;+;115;26;;alpha
S047;1345;epsilon;4;-;116;10;;
S047;1346;epsilon;1;+;117;101;;
S047;1373;alpha;32;-;142;25;;
S047;1375;alpha;2;+;143;125;;
S047;1376;alpha;1;-;144;108;gamma;
S047;1377;alpha;1;+;145;65;;
S047;1380;alpha;3;-;146;18;epsilon;
S047;1385;epsilon;39;-;118;106;delta;
S047;1385;gamma;136;-;84;38;;
S047;1388;epsilon;3;+;119;47;;
S047;1388;gamma;3;+;85;2;;
S047;1390;alpha;10;+;147;32;;
S047;1401;alpha;11;-;148;36;epsilon;
S047;1401;epsilon;13;-;120;14;;
S047;1403;alpha;2;+;149;108;gamma;
S047;1403;epsilon;2;+;121;15;;
S047;1425;alpha;22;-;150;27;gamma;
S047;1427;alpha;2;+;151;18;epsilon;
S047;1428;alpha;1;-;152;54;;
S047;1432;epsilon;29;-;122;5;;
S047;1435;epsilon;3;+;123;53;;
S047;1437;epsilon;2;-;124;24;;
S048;27;alpha;27;+;1;27;gamma;gamma
S048;28;alpha;1;-;2;17;alpha;
S048;33;alpha;5;+;3;48;;
S048;35;alpha;2;-;4;101;;
S048;45;alpha;10;+;5;77;;
S048;52;alpha;7;-;6;15;;
S048;54;alpha;2;+;7;25;;
S048;54;epsilon;54;+;1;54;;
S048;56;gamma;56;+;1;56;;
S048;57;gamma;1;-;2;53;;
S048;58;gamma;1;+;3;23;;
S048;59;gamma;1;-;4;104;;
S048;60;gamma;1;+;5;25;;
S048;60;beta;60;+;1;60;;
S048;65;beta;5;-;2;97;;
S048;66;gamma;6;-;6;2;;
S048;68;alpha;14;-;8;101;;
S048;68;epsilon;14;-;2;80;;
S048;69;epsilon;1;+;3;39;;
S048;70;alpha;2;+;9;123;;
S048;72;alpha;2;-;10;89;;
S048;73;epsilon;4;-;4;13;;
S048;76;epsilon;3;+;5;6;;
S048;78;alpha;6;+;11;7;;
S048;78;gamma;12;+;7;85;;
S048;78;beta;13;+;3;61;;
S048;79;beta;1;-;4;103;;
S048;80;alpha;2;-;12;72;;
S048;80;gamma;2;-;8;90;;
S048;81;alpha;1;+;13;86;;
S048;81;gamma;1;+;9;12;;
S048;81;beta;2;+;5;16;;
S048;84;beta;3;-;6;36;epsilon;
S048;86;beta;2;+;7;108;gamma;
S048;87;alpha;6;-;14;104;;
S048;87;gamma;6;-;10;126;;
S048;87;beta;1;-;8;65;;
S048;88;epsilon;12;-;6;104;;
S048;90;delta;90;-;1;90;;
S048;122;alpha;35;+;15;21;delta;
S048;124;alpha;2;-;16;85;;
S048;126;alpha;2;+;17;90;;
S048;127;alpha;1;-;18;12;;
S048;132;alpha;5;+;19;125;;
S048;136;alpha;4;-;20;111;;
S048;151;alpha;15;+;21;66;;
S048;153;alpha;2;-;22;27;gamma;
S048;154;alpha;1;+;23;17;alpha;
S048;157;epsilon;69;+;7;55;;
S048;161;epsilon;4;-;8;46;;
S048;163;epsilon;2;+;9;81;;
S048;165;epsilon;2;-;10;50;;
S048;167;epsilon;2;+;11;121;;
S048;176;gamma;89;+;11;116;;
S048;177;gamma;1;-;12;18;epsilon;
S048;184;alpha;30;-;24;79;;
S048;185;alpha;1;+;25;29;;
S048;186;gamma;9;+;13;62;;
S048;188;gamma;2;-;14;114;;
S048;189;gamma;1;+;15;125;;
S048;190;gamma;1;-;16;108;gamma;
S048;191;alpha;6;-;26;42;;
S048;193;alpha;2;+;27;41;;
S048;193;gamma;3;+;17;67;;
S048;194;alpha;1;-;28;30;;
S048;196;alpha;2;+;29;48;;
S048;203;alpha;7;-;30;106;delta;
S048;204;epsilon;37;-;12;72;;
S048;204;gamma;11;-;18;107;beta;
S048;228;alpha;25;+;31;84;delta;
S048;229;alpha;1;-;32;79;;
S048;233;alpha;4;+;33;32;;
S048;234;epsilon;30;+;13;118;;
S048;234;gamma;30;+;19;62;;
S048;235;epsilon;1;-;14;38;;
S048;235;gamma;1;-;20;113;;
S048;236;gamma;1;+;21;115;;
S048;237;epsilon;2;+;15;1;;
S048;243;beta;156;+;9;5;;
S048;291;delta;201;+;2;31;;
S048;295;delta;4;-;3;60;;
S048;296;delta;1;+;4;93;;
S048;297;alpha;64;-;34;89;;
S048;297;delta;1;-;5;42;;
S048;306;alpha;9;+;35;10;;
S048;306;delta;9;+;6;48;;
S048;327;alpha;21;-;36;5;;delta
S048;329;epsilon;92;-;16;65;;
S048;330;alpha;3;+;37;53;;
S048;330;epsilon;1;+;17;16;;
S048;333;alpha;3;-;38;25;;
S048;334;alpha;1;+;39;124;;
S048;336;alpha;2;-;40;99;;
S048;337;alpha;1;+;41;102;;
S048;339;alpha;2;-;42;6;;
S048;342;epsilon;12;-;18;88;;
S048;343;epsilon;1;+;19;119;;
S048;345;alpha;6;+;43;66;;
S048;360;alpha;15;-;44;11;;
S048;360;epsilon;17;-;20;106;delta;alpha
S048;361;alpha;1;+;45;111;;
S048;361;epsilon;1;+;21;45;;
S048;362;alpha;1;-;46;95;;
S048;363;alpha;1;+;47;62;;
S048;368;alpha;5;-;48;117;;
S048;370;epsilon;9;-;22;78;;
S048;373;alpha;5;+;49;32;;
S048;373;epsilon;3;+;23;21;delta;
S048;375;alpha;2;-;50;68;alpha;
S048;375;epsilon;2;-;24;85;;
S048;377;gamma;141;-;22;79;;
S048;380;beta;137;-;10;57;;
S048;380;delta;74;-;7;48;;
S048;382;delta;2;+;8;101;;
S048;383;delta;1;-;9;122;;
S048;384;beta;4;+;11;66;;
S048;384;delta;1;+;10;78;;
S048;388;alpha;13;+;51;82;;
S048;388;gamma;11;+;23;37;;
S048;389;alpha;1;-;52;59;alpha;
S048;389;gamma;1;-;24;117;;
S048;390;alpha;1;+;53;83;;
S048;390;epsilon;15;+;25;6;;
S048;390;gamma;1;+;25;28;;
S048;396;epsilon;6;-;26;66;;
S048;396;gamma;6;-;26;32;;
S048;397;alpha;7;-;54;75;;
S048;401;alpha;4;+;55;119;;
S048;403;alpha;2;-;56;49;;
S048;404;alpha;1;+;57;110;alpha;
S048;407;alpha;3;-;58;87;;
S048;409;beta;25;-;12;21;delta;
S048;414;delta;30;-;11;83;;
S048;435;alpha;28;+;59;92;;
S048;437;alpha;2;-;60;33;;
S048;463;alpha;26;+;61;24;;
S048;468;alpha;5;-;62;118;;
S048;469;alpha;1;+;63;38;;
S048;481;epsilon;85;+;27;81;;
S048;484;alpha;15;-;64;5;;
S048;484;epsilon;3;-;28;51;;
S048;501;alpha;17;+;65;9;;alpha
S048;503;alpha;2;-;66;92;;
S048;508;alpha;5;+;67;36;epsilon;
S048;509;alpha;1;-;68;107;beta;
S048;512;alpha;3;+;69;57;;
S048;513;epsilon;29;+;29;49;;
S048;516;epsilon;3;-;30;112;;
S048;517;alpha;5;-;70;67;;
S048;531;alpha;14;+;71;110;alpha;
S048;532;epsilon;16;+;31;40;;
S048;536;gamma;140;+;27;9;;
S048;543;gamma;7;-;28;97;;
S048;545;gamma;2;+;29;83;;
S048;557;beta;148;+;13;66;;
S048;559;beta;2;-;14;27;gamma;
S048;560;beta;1;+;15;17;alpha;
S048;561;beta;1;-;16;44;;
S048;563;beta;2;+;17;61;;
S048;564;alpha;33;-;72;111;;
S048;564;beta;1;-;18;103;;
S048;566;alpha;2;+;73;96;;
S048;566;beta;2;+;19;16;;
S048;569;alpha;3;-;74;74;;
S048;569;beta;3;-;20;36;epsilon;
S048;573;beta;4;+;21;110;alpha;
S048;574;beta;1;-;22;85;;
S048;580;epsilon;48;-;32;111;;
S048;581;gamma;36;-;30;81;;epsilon
S048;639;alpha;70;+;75;104;;
S048;641;alpha;2;-;76;26;;
S048;651;alpha;10;+;77;70;;
S048;660;alpha;9;-;78;74;;
S048;677;alpha;17;+;79;51;;alpha
S048;678;alpha;1;-;80;3;;
S048;680;alpha;2;+;81;32;;
S048;682;alpha;2;-;82;68;alpha;
S048;683;alpha;1;+;83;46;;
S048;685;alpha;2;-;84;81;;
S048;688;alpha;3;+;85;51;;
S048;692;epsilon;112;+;33;114;;
S048;700;gamma;119;+;31;93;;
S048;702;beta;128;+;23;38;;
S048;705;beta;3;-;24;2;;
S048;711;beta;6;+;25;26;;
S048;713;beta;2;-;26;8;;
S048;719;beta;6;+;27;86;;
S048;725;alpha;37;-;86;57;;
S048;726;alpha;1;+;87;63;;
S048;727;alpha;1;-;88;123;;
S048;727;beta;8;-;28;106;delta;
S048;729;epsilon;37;-;34;7;;
S048;730;epsilon;1;+;35;71;;
S048;731;epsilon;1;-;36;76;;
S048;731;gamma;31;-;32;60;;
S048;734;gamma;3;+;33;95;;
S048;735;gamma;1;-;34;62;;
S048;737;gamma;2;+;35;114;;
S048;738;epsilon;7;+;37;5;;
S048;739;epsilon;1;-;38;51;;
S048;740;gamma;3;-;36;0;;
S048;815;alpha;88;+;89;69;;
S048;823;alpha;8;-;90;63;;
S048;827;alpha;4;+;91;126;;
S048;829;epsilon;90;+;39;110;alpha;
S048;832;epsilon;3;-;40;87;;
S048;837;alpha;10;-;92;37;;
S048;886;alpha;49;+;93;66;;
S048;896;alpha;10;-;94;6;;
S048;900;alpha;4;+;95;64;;
S048;902;epsilon;70;+;41;7;;
S048;903;epsilon;1;-;42;71;;
S048;906;alpha;6;-;96;11;;
S048;908;alpha;2;+;97;112;;
S048;909;epsilon;6;+;43;81;;
S048;912;alpha;4;-;98;108;gamma;
S048;913;epsilon;4;-;44;52;;
S048;914;epsilon;1;+;45;13;;
S048;915;epsilon;1;-;46;4;;
S048;916;epsilon;1;+;47;41;;
S048;917;alpha;5;+;99;69;;
S048;918;alpha;1;-;100;56;;
S048;919;epsilon;3;-;48;32;;
S048;920;epsilon;1;+;49;67;;
S048;922;alpha;4;+;101;56;;
S048;933;alpha;11;-;102;23;;
S048;933;epsilon;13;-;50;109;epsilon;
S048;980;alpha;47;+;103;61;;
S048;987;epsilon;54;+;51;32;;
S048;991;epsilon;4;-;52;70;;
S048;994;alpha;14;-;104;18;epsilon;
S048;995;alpha;1;+;105;54;;
S048;996;epsilon;5;+;53;70;;
S048;997;epsilon;1;-;54;66;;
S048;998;alpha;3;-;106;35;;
S048;1007;epsilon;10;+;55;6;;
S048;1011;epsilon;4;-;56;64;;
S048;1013;epsilon;2;+;57;7;;
S048;1015;alpha;17;+;107;88;;alpha
S048;1017;alpha;2;-;108;120;;
S048;1017;epsilon;4;-;58;74;;
S048;1018;epsilon;1;+;59;106;delta;
S048;1019;alpha;2;+;109;59;alpha;
S048;1020;alpha;1;-;110;83;;
S048;1020;epsilon;2;-;60;46;;
S048;1027;alpha;7;+;111;75;;
S048;1027;epsilon;7;+;61;86;;
S048;1031;gamma;291;+;37;37;;
S048;1031;beta;304;+;29;5;;
S048;1032;beta;1;-;30;51;;
S048;1037;beta;5;+;31;7;;
S048;1056;alpha;29;-;112;36;epsilon;
S048;1058;alpha;2;+;113;108;gamma;
S048;1061;alpha;3;-;114;67;;
S048;1061;beta;24;-;32;89;;
S048;1062;beta;1;+;33;2;;
S048;1064;alpha;3;+;115;38;;
S048;1070;alpha;6;-;116;5;;
S048;1072;alpha;2;+;117;52;;
S048;1080;alpha;8;-;118;20;beta;
S048;1080;epsilon;53;-;62;17;alpha;
S048;1082;gamma;51;-;38;68;alpha;
S048;1082;beta;20;-;34;93;;beta
S048;1085;gamma;3;+;39;48;;
S048;1085;beta;3;+;35;44;;
S048;1090;alpha;10;+;119;105;;
S048;1090;epsilon;10;+;63;59;alpha;
S048;1093;alpha;3;-;120;37;;
S048;1093;epsilon;3;-;64;85;;
S048;1094;alpha;1;+;121;117;;
S048;1094;epsilon;1;+;65;89;;
S048;1119;alpha;25;-;122;41;;
S048;1120;epsilon;26;-;66;36;epsilon;
S048;1121;gamma;36;-;40;10;;epsilon
S048;1122;beta;37;-;36;119;;
S048;1127;beta;5;+;37;52;;
S048;1128;beta;1;-;38;13;;
S048;1177;alpha;58;+;123;94;;
S048;1179;alpha;2;-;124;53;;
S048;1181;alpha;2;+;125;24;;
S048;1183;alpha;2;-;126;115;;
S048;1185;alpha;2;+;127;9;;
S048;1186;alpha;1;-;128;91;epsilon;
S048;1205;alpha;19;+;129;102;;gamma
S048;1207;alpha;2;-;130;6;;
S048;1212;alpha;5;+;131;65;;
S048;1212;epsilon;92;+;67;9;;
S048;1216;epsilon;4;-;68;94;;
S048;1218;alpha;6;-;132;21;delta;
S048;1322;alpha;42;+;133;110;alpha;
S048;1323;alpha;1;-;134;85;;
S048;1324;alpha;1;+;135;89;;
S048;1325;alpha;1;-;136;2;;
S048;1328;alpha;3;+;137;23;;
S048;1330;epsilon;52;+;69;54;;
S048;1331;epsilon;1;-;70;33;;
S048;1334;epsilon;3;+;71;79;;
S048;1344;alpha;16;-;138;30;;
S048;1344;epsilon;10;-;72;36;epsilon;
S048;1345;alpha;1;+;139;47;;
S048;1345;epsilon;1;+;73;107;beta;
S048;1349;alpha;4;-;140;93;;
S048;1350;epsilon;5;-;74;59;alpha;
S048;1352;alpha;3;+;141;44;;
S048;1352;epsilon;2;+;75;84;delta;
S048;1367;alpha;15;-;142;97;;
S048;1368;epsilon;16;-;76;34;;
S048;1369;epsilon;1;+;77;87;;
S048;1370;epsilon;1;-;78;109;epsilon;
S048;1372;epsilon;2;+;79;76;;
S048;1373;alpha;6;+;143;87;;
S048;1374;alpha;1;-;144;109;epsilon;
S048;1376;alpha;2;+;145;76;;
S048;1377;alpha;1;-;146;126;;
S048;1379;alpha;2;+;147;119;;
S048;1379;gamma;196;+;41;36;epsilon;
S048;1380;alpha;1;-;148;48;;
S048;1380;epsilon;8;-;80;6;;
S048;1380;gamma;1;-;42;107;beta;
S048;1382;alpha;2;+;149;101;;
S048;1382;epsilon;2;+;81;62;;
S048;1382;gamma;2;+;43;56;;
S048;1383;alpha;1;-;150;122;;
S048;1383;epsilon;1;-;82;113;;
S048;1383;gamma;1;-;44;53;;
S048;1390;alpha;7;+;151;84;delta;
S048;1391;epsilon;8;+;83;122;;
S048;1391;gamma;8;+;45;30;;
S048;1392;epsilon;1;-;84;78;;
S048;1392;gamma;1;-;46;47;;
S048;1393;gamma;1;+;47;90;;
S048;1394;epsilon;2;+;85;20;beta;
S048;1399;epsilon;5;-;86;78;;
S048;1400;epsilon;1;+;87;19;gamma;
S048;1403;beta;213;+;39;5;;
S048;1404;beta;1;-;40;51;;
S048;1406;beta;2;+;41;4;;
S048;1407;beta;1;-;42;41;;
S048;1408;beta;1;+;43;30;;
S048;1425;alpha;35;-;152;53;;
S048;1426;alpha;1;+;153;23;;
S049;1;alpha;1;-;1;1;;
S049;3;epsilon;3;-;1;3;;
S049;4;epsilon;1;+;2;31;;
S049;5;epsilon;1;-;3;57;;
S049;6;epsilon;1;+;4;63;;
S049;7;epsilon;1;-;5;123;;
S049;9;epsilon;2;+;6;89;;
S049;10;alpha;9;+;2;19;gamma;
S049;11;alpha;1;-;3;64;;
S049;12;alpha;1;+;4;6;;
S049;14;alpha;2;-;5;62;;
S049;14;epsilon;5;-;7;6;;
S049;15;epsilon;1;+;8;61;;
S049;16;epsilon;1;-;9;103;;
S049;17;gamma;17;-;1;17;alpha;alpha
S049;17;beta;17;-;1;17;alpha;alpha
S049;19;beta;2;+;2;45;;
S049;20;gamma;3;+;2;46;;
S049;21;alpha;7;+;6;119;;
S049;21;epsilon;5;+;10;19;gamma;
S049;41;delta;41;+;1;41;;
S049;45;delta;4;-;2;33;;
S049;51;delta;6;+;3;82;;
S049;52;delta;1;-;4;59;alpha;
S049;54;delta;2;+;5;84;delta;
S049;57;alpha;36;-;7;125;;epsilon
S049;57;delta;3;-;6;81;;
S049;59;alpha;2;+;8;109;epsilon;
S049;59;delta;2;+;7;50;;
S049;60;delta;1;-;8;120;;
S049;61;delta;1;+;9;58;;
S049;80;alpha;21;-;9;126;;delta
S049;96;alpha;16;+;10;43;delta;
S049;121;alpha;25;-;11;7;;
S049;123;epsilon;102;-;11;52;;
S049;127;epsilon;4;+;12;16;;
S049;129;epsilon;2;-;13;35;;
S049;138;alpha;17;+;12;82;;alpha
S049;138;epsilon;9;+;14;105;;
S049;144;epsilon;6;-;15;40;;
S049;145;epsilon;1;+;16;20;beta;
S049;151;epsilon;6;-;17;79;;
S049;153;epsilon;2;+;18;30;;
S049;157;epsilon;4;-;19;50;;
S049;158;epsilon;1;+;20;120;;
S049;161;alpha;23;-;13;95;;
S049;161;epsilon;3;-;21;60;;
S049;162;alpha;1;+;14;62;;
S049;162;epsilon;1;+;22;93;;
S049;170;alpha;8;-;15;120;;
S049;170;epsilon;8;-;23;49;;
S049;171;alpha;1;+;16;58;;
S049;171;epsilon;1;+;24;110;alpha;
S049;174;alpha;3;-;17;75;;
S049;174;epsilon;3;-;25;87;;
S049;175;epsilon;1;+;26;109;epsilon;
S049;176;alpha;2;+;18;117;;
S049;178;alpha;2;-;19;29;;
S049;179;alpha;1;+;20;37;;
S049;180;alpha;1;-;21;117;;
S049;181;epsilon;6;-;27;80;;
S049;181;gamma;161;-;3;60;;
S049;189;alpha;9;+;22;36;epsilon;
S049;189;epsilon;8;+;28;46;;
S049;189;gamma;8;+;4;100;gamma;
S049;194;epsilon;5;-;29;84;delta;
S049;195;epsilon;1;+;30;79;;
S049;199;epsilon;4;-;31;32;;
S049;202;alpha;13;-;23;57;;
S049;202;gamma;13;-;5;107;beta;
S049;209;alpha;7;+;24;69;;
S049;211;alpha;2;-;25;57;;
S049;211;beta;192;-;3;107;beta;
S049;241;alpha;30;+;26;15;;
S049;242;alpha;1;-;27;24;;
S049;243;alpha;1;+;28;114;;
S049;244;epsilon;45;+;32;70;;
S049;245;epsilon;1;-;33;66;;
S049;254;epsilon;9;+;34;34;;
S049;266;gamma;64;+;6;96;;
S049;268;beta;57;+;4;89;;
S049;289;alpha;46;-;29;16;;
S049;297;alpha;8;+;30;41;;
S049;298;alpha;1;-;31;30;;
S049;299;alpha;1;+;32;47;;
S049;300;alpha;1;-;33;90;;
S049;304;epsilon;50;-;35;21;delta;
S049;311;epsilon;7;+;36;90;;
S049;312;alpha;12;+;34;122;;
S049;358;alpha;46;-;35;54;;
S049;360;alpha;2;+;36;34;;
S049;361;alpha;1;-;37;87;;
S049;362;epsilon;51;-;37;34;;
S049;364;gamma;98;-;7;46;;
S049;367;beta;99;-;5;109;epsilon;
S049;368;beta;1;+;6;75;;
S049;369;beta;1;-;7;116;;
S049;399;alpha;38;+;38;102;;
S049;405;alpha;6;-;39;10;;
S049;409;alpha;4;+;40;104;;
S049;413;epsilon;51;+;38;22;;
S049;417;epsilon;4;-;39;97;;
S049;418;alpha;9;-;41;33;;
S049;420;alpha;2;+;42;78;;
S049;420;epsilon;3;+;40;84;delta;
S049;423;beta;54;+;8;97;;
S049;425;gamma;61;+;8;89;;
S049;426;gamma;1;-;9;2;;
S049;426;beta;3;-;9;84;delta;
S049;427;beta;1;+;10;79;;
S049;428;beta;1;-;11;29;;
S049;433;gamma;7;+;10;27;gamma;
S049;433;beta;5;+;12;41;;
S049;435;gamma;2;-;11;18;epsilon;
S049;435;beta;2;-;13;31;;
S049;436;gamma;1;+;12;54;;
S049;436;beta;1;+;14;57;;
S049;454;alpha;34;-;43;87;;
S049;454;epsilon;34;-;41;52;;
S049;454;gamma;18;-;13;84;delta;epsilon
S049;454;beta;18;-;15;3;;epsilon
S049;463;gamma;9;+;14;87;;
S049;464;gamma;1;-;15;109;epsilon;
S049;466;delta;405;-;10;112;;
S049;467;delta;1;+;11;105;;
S049;468;gamma;4;+;16;78;;
S049;474;gamma;6;-;17;24;;
S049;477;gamma;3;+;18;116;;
S049;478;alpha;24;+;44;88;;
S049;479;alpha;1;-;45;119;;
S049;480;gamma;3;-;19;20;beta;
S049;481;delta;14;-;12;100;gamma;
S049;482;delta;1;+;13;112;;
S049;483;delta;1;-;14;105;;
S049;485;delta;2;+;15;36;epsilon;
S049;486;delta;1;-;16;107;beta;
S049;506;alpha;27;+;46;116;;gamma
S049;507;epsilon;53;+;42;46;;
S049;507;gamma;27;+;20;122;;gamma
S049;507;delta;21;+;17;53;;delta
S049;509;gamma;2;-;21;79;;
S049;510;gamma;1;+;22;29;;
S049;510;beta;56;+;16;102;;
S049;514;epsilon;7;-;43;86;;
S049;514;gamma;4;-;23;40;;
S049;514;beta;4;-;17;8;;
S049;514;delta;7;-;18;29;;
S049;515;alpha;9;-;47;26;;
S049;519;alpha;4;+;48;10;;
S049;519;epsilon;5;+;44;103;;
S049;521;gamma;7;+;24;26;;
S049;521;beta;7;+;18;87;;
S049;521;delta;7;+;19;43;delta;
S049;522;gamma;1;-;25;7;;
S049;522;beta;1;-;19;109;epsilon;
S049;522;delta;1;-;20;50;;
S049;524;gamma;2;+;26;72;;
S049;524;beta;2;+;20;76;;
S049;524;delta;2;+;21;121;;
S049;525;gamma;1;-;27;86;;
S049;526;gamma;1;+;28;99;;
S049;533;alpha;14;-;49;125;;
S049;533;gamma;7;-;29;108;gamma;
S049;534;beta;10;-;21;117;;
S049;534;delta;10;-;22;45;;
S049;535;alpha;2;+;50;109;epsilon;
S049;535;gamma;2;+;30;66;;
S049;535;beta;1;+;22;28;;
S049;535;delta;1;+;23;70;;
S049;544;alpha;9;-;51;83;;
S049;545;alpha;1;+;52;69;;
S049;546;alpha;1;-;53;56;;
S049;547;epsilon;28;-;45;41;;
S049;547;gamma;12;-;31;8;;
S049;547;beta;12;-;23;18;epsilon;
S049;547;delta;12;-;24;27;gamma;
S049;549;epsilon;2;+;46;31;;
S049;550;epsilon;1;-;47;57;;
S049;557;epsilon;7;+;48;69;;
S049;557;gamma;10;+;32;48;;
S049;557;beta;10;+;24;32;;
S049;557;delta;10;+;25;43;delta;
S049;558;alpha;12;+;54;24;;
S049;561;alpha;3;-;55;116;;
S049;561;epsilon;4;-;49;59;alpha;
S049;561;gamma;4;-;33;103;;
S049;561;beta;4;-;25;70;;
S049;561;delta;4;-;26;53;;
S049;562;gamma;1;+;34;15;;
S049;563;alpha;2;+;56;19;gamma;
S049;563;epsilon;2;+;50;84;delta;
S049;563;beta;2;+;26;67;;
S049;563;delta;2;+;27;24;;
S049;583;alpha;20;-;57;15;;beta
S049;583;epsilon;20;-;51;38;;beta
S049;584;epsilon;1;+;52;0;;
S049;586;alpha;3;+;58;26;;
S049;605;alpha;19;-;59;79;;gamma
S049;609;epsilon;25;-;53;25;;
S049;609;gamma;47;-;35;23;;
S049;610;gamma;1;+;36;104;;
S049;613;gamma;3;-;37;27;gamma;
S049;613;beta;50;-;27;19;gamma;
S049;614;delta;51;-;28;38;;
S049;615;delta;1;+;29;0;;
S049;616;delta;1;-;30;1;;
S049;620;gamma;7;+;38;23;;
S049;620;beta;7;+;28;70;;
S049;620;delta;4;+;31;14;;
S049;622;alpha;17;+;60;43;delta;alpha
S049;622;epsilon;13;+;54;100;gamma;
S049;624;alpha;2;-;61;51;;
S049;624;epsilon;2;-;55;113;;
S049;624;gamma;4;-;39;107;beta;
S049;626;beta;6;-;29;71;;
S049;626;delta;6;-;32;19;gamma;
S049;639;alpha;15;+;62;35;;
S049;644;alpha;5;-;63;101;;
S049;645;alpha;1;+;64;122;;
S049;646;gamma;22;+;40;54;;
S049;646;beta;20;+;30;8;;beta
S049;646;delta;20;+;33;15;;beta
S049;647;gamma;1;-;41;33;;
S049;647;beta;1;-;31;81;;
S049;647;delta;1;-;34;24;;
S049;648;beta;1;+;32;49;;
S049;648;delta;1;+;35;114;;
S049;649;beta;1;-;33;110;alpha;
S049;649;delta;1;-;36;125;;
S049;651;beta;2;+;34;86;;
S049;651;delta;2;+;37;109;epsilon;
S049;652;epsilon;28;+;56;25;;
S049;653;gamma;6;+;42;82;;
S049;657;gamma;4;-;43;62;;
S049;659;epsilon;7;-;57;3;;
S049;659;beta;8;-;35;106;delta;
S049;659;delta;8;-;38;82;;
S049;660;epsilon;1;+;58;31;;
S049;660;gamma;3;+;44;115;;
S049;660;beta;1;+;36;45;;
S049;660;delta;1;+;39;59;alpha;
S049;661;alpha;16;-;65;24;;
S049;661;epsilon;1;-;59;57;;
S049;661;gamma;1;-;45;8;;
S049;661;beta;1;-;37;70;;
S049;661;delta;1;-;40;83;;
S049;662;epsilon;1;+;60;63;;
S049;663;epsilon;1;-;61;123;;
S049;664;alpha;3;+;66;116;;
S049;664;epsilon;1;+;62;88;;
S049;664;gamma;3;+;46;83;;
S049;664;beta;3;+;38;68;alpha;
S049;664;delta;3;+;41;71;;
S049;684;alpha;20;-;67;63;;beta
S049;685;epsilon;21;-;63;58;;delta
S049;685;gamma;21;-;47;66;;delta
S049;685;beta;21;-;39;90;;delta
S049;686;epsilon;1;+;64;73;;
S049;686;gamma;1;+;48;26;;
S049;686;beta;1;+;40;12;;
S049;688;alpha;4;+;68;126;;
S049;695;alpha;7;-;69;124;;
S049;696;alpha;1;+;70;98;;
S049;733;alpha;37;-;71;58;;
S049;734;alpha;1;+;72;73;;
S049;735;alpha;1;-;73;96;;
S049;745;alpha;10;+;74;85;;
S049;759;alpha;14;-;75;5;;
S049;759;epsilon;73;-;65;7;;
S049;762;alpha;3;+;76;53;;
S049;762;epsilon;3;+;66;73;;
S049;763;alpha;1;-;77;23;;
S049;763;epsilon;1;-;67;96;;
S049;770;gamma;84;-;49;17;alpha;delta
S049;780;beta;94;-;41;24;;
S049;788;beta;8;+;42;121;;
S049;789;alpha;26;+;78;40;;
S049;809;epsilon;46;+;68;121;;
S049;812;epsilon;3;-;69;70;;
S049;813;alpha;24;-;79;87;;
S049;813;beta;25;-;43;60;;
S049;818;delta;154;-;42;34;;
S049;820;delta;2;+;43;88;;
S049;821;delta;1;-;44;119;;
S049;827;delta;6;+;45;53;;
S049;832;delta;5;-;46;27;gamma;
S049;833;delta;1;+;47;17;alpha;
S049;834;delta;1;-;48;44;;
S049;836;delta;2;+;49;61;;
S049;837;alpha;24;+;80;88;;
S049;840;alpha;3;-;81;121;;
S049;840;delta;4;-;50;106;delta;
S049;844;alpha;4;+;82;71;;
S049;845;delta;5;+;51;49;;
S049;846;delta;1;-;52;110;alpha;
S049;847;alpha;3;-;83;78;;
S049;859;alpha;12;+;84;65;;
S049;859;epsilon;47;+;70;62;;
S049;859;delta;13;+;53;91;epsilon;
S049;860;alpha;1;-;85;16;;
S049;860;epsilon;1;-;71;113;;
S049;860;delta;1;-;54;22;;
S049;922;alpha;62;+;86;11;;
S049;926;alpha;4;-;87;114;;
S049;930;alpha;4;+;88;1;;
S049;937;epsilon;77;+;72;74;;
S049;956;alpha;26;-;89;126;;
S049;970;alpha;14;+;90;41;;
S049;971;gamma;201;+;50;56;;
S049;987;beta;174;+;44;103;;
S049;989;beta;2;-;45;16;;
S049;990;beta;1;+;46;34;;
S049;995;alpha;25;-;91;61;;
S049;995;beta;5;-;47;91;epsilon;
S049;997;alpha;2;+;92;104;;
S049;997;beta;2;+;48;23;;
S049;1000;alpha;3;-;93;27;gamma;
S049;1001;alpha;1;+;94;17;alpha;
S049;1004;alpha;3;-;95;46;;
S049;1005;alpha;1;+;96;80;;
S049;1006;alpha;1;-;97;39;;
S049;1006;beta;9;-;49;112;;
S049;1007;beta;1;+;50;105;;
S049;1008;beta;1;-;51;35;;
S049;1010;beta;2;+;52;98;;
S049;1016;alpha;10;+;98;100;gamma;
S049;1017;alpha;1;-;99;112;;
S049;1018;alpha;1;+;100;105;;
S049;1019;alpha;1;-;101;35;;
S049;1020;epsilon;83;-;73;117;;
S049;1028;alpha;9;+;102;105;;
S049;1028;epsilon;8;+;74;35;;
S049;1036;alpha;8;-;103;42;;
S049;1036;epsilon;8;-;75;104;;
S049;1039;alpha;3;+;104;42;;
S049;1039;epsilon;3;+;76;27;gamma;
S049;1040;alpha;1;-;105;40;;
S049;1040;epsilon;1;-;77;17;alpha;
S049;1047;alpha;7;+;106;26;;
S049;1048;alpha;1;-;107;7;;
S049;1049;gamma;78;-;51;90;;
S049;1050;gamma;1;+;52;12;;
S049;1051;gamma;1;-;53;121;;
S049;1054;beta;44;-;53;65;;
S049;1055;beta;1;+;54;16;;
S049;1056;beta;1;-;55;34;;
S049;1057;beta;1;+;56;87;;
S049;1058;beta;1;-;57;109;epsilon;
S049;1059;beta;1;+;58;75;;
S049;1062;beta;3;-;59;118;;
S049;1087;alpha;39;+;108;104;;
S049;1088;epsilon;48;+;78;97;;
S049;1089;epsilon;1;-;79;82;;
S049;1090;epsilon;1;+;80;59;alpha;
S049;1090;beta;28;+;60;17;alpha;
S049;1092;gamma;41;+;54;76;;
S049;1099;gamma;7;-;55;5;;
S049;1099;beta;9;-;61;52;;
S049;1102;alpha;15;-;109;1;;
S049;1102;epsilon;12;-;81;70;;
S049;1103;alpha;1;+;110;11;;
S049;1103;epsilon;1;+;82;66;;
S049;1104;alpha;1;-;111;111;;
S049;1105;epsilon;2;-;83;27;gamma;
S049;1125;alpha;21;+;112;72;;delta
S049;1128;alpha;3;-;113;88;;
S049;1140;alpha;12;+;114;49;;
S049;1143;alpha;3;-;115;112;;
S049;1144;alpha;1;+;116;105;;
S049;1145;alpha;1;-;117;35;;
S049;1168;alpha;23;+;118;94;;
S049;1169;epsilon;64;+;84;97;;
S049;1172;epsilon;3;-;85;84;delta;
S049;1177;alpha;9;-;119;60;;
S049;1201;alpha;24;+;120;55;;
S049;1201;epsilon;29;+;86;47;;
S049;1202;epsilon;1;-;87;90;;
S049;1205;epsilon;3;+;88;14;;
S049;1208;gamma;109;+;56;29;;epsilon
S049;1210;gamma;2;-;57;38;;
S049;1213;gamma;3;+;58;2;;
S049;1215;beta;116;+;62;46;;
S049;1251;alpha;50;-;121;89;;
S049;1257;alpha;6;+;122;7;;
S049;1320;alpha;1;-;123;71;;
S049;1325;epsilon;58;-;89;61;;
S049;1327;epsilon;2;+;90;104;;
S049;1329;alpha;9;+;124;84;delta;
S049;1335;alpha;6;-;125;84;delta;
S049;1335;epsilon;8;-;91;32;;
S049;1341;alpha;6;+;126;84;delta;
S049;1341;epsilon;6;+;92;72;;
S049;1345;alpha;4;-;127;82;;
S049;1345;epsilon;4;-;93;89;;
S049;1346;alpha;1;+;128;59;alpha;
S049;1346;epsilon;1;+;94;2;;
S049;1347;alpha;1;-;129;83;;
S049;1347;epsilon;1;-;95;21;delta;
S049;1348;alpha;1;+;130;69;;
S049;1349;alpha;1;-;131;56;;
S049;1358;gamma;83;-;59;29;;
S049;1362;beta;85;-;63;113;;
S049;1364;beta;2;+;64;116;;
S049;1365;beta;1;-;65;18;epsilon;
S049;1366;beta;1;+;66;54;;
S049;1367;alpha;18;+;132;30;;epsilon
S049;1367;gamma;9;+;60;45;;
S049;1369;alpha;2;-;133;48;;
S049;1369;gamma;2;-;61;71;;
S049;1371;beta;5;-;67;37;;
S049;1406;alpha;37;+;134;11;;
S049;1408;epsilon;61;+;96;2;;
S049;1409;epsilon;1;-;97;21;delta;
S049;1411;epsilon;2;+;98;85;;
S049;1415;gamma;46;+;62;34;;
S049;1415;beta;44;+;68;61;;
S049;1417;beta;2;-;69;104;;
S049;1418;gamma;3;-;63;89;;
S049;1429;alpha;23;-;135;107;beta;
S049;1429;epsilon;18;-;99;9;;epsilon
S049;1431;epsilon;2;+;100;92;;
S049;1433;epsilon;2;-;101;33;;
S049;1435;epsilon;2;+;102;78;;
S049;1438;epsilon;3;-;103;21;delta;
S049;1439;epsilon;1;+;104;84;delta;
S050;3;alpha;3;+;1;3;;
S050;3;gamma;3;+;1;3;;
S050;5;beta;5;+;1;5;;
S050;13;delta;13;+;1;13;;
S050;26;alpha;23;-;2;69;;
S050;26;delta;13;-;2;43;delta;
S050;27;alpha;1;+;3;56;;
S050;27;delta;1;+;3;50;;
S050;60;alpha;33;-;4;45;;
S050;62;epsilon;62;-;1;62;;
S050;64;epsilon;2;+;2;114;;
S050;66;epsilon;2;-;3;126;;
S050;68;epsilon;2;+;4;119;;
S050;72;epsilon;4;-;5;51;;
S050;74;gamma;71;-;2;117;;
S050;74;delta;47;-;4;94;;
S050;75;beta;70;-;2;62;;
S050;100;alpha;40;+;5;95;;
S050;107;alpha;7;-;6;68;alpha;
S050;110;alpha;3;+;7;48;;
S050;119;alpha;9;-;8;108;gamma;
S050;121;alpha;2;+;9;66;;
S050;122;epsilon;50;+;6;70;;
S050;125;beta;50;+;3;27;gamma;
S050;125;delta;51;+;5;53;;
S050;126;beta;1;-;4;17;alpha;
S050;126;delta;1;-;6;23;;
S050;130;gamma;56;+;3;72;;
S050;130;beta;4;+;5;47;;
S050;130;delta;4;+;7;107;beta;
S050;133;gamma;3;-;4;88;;
S050;133;beta;3;-;6;92;;
S050;134;gamma;1;+;5;119;;
S050;134;beta;1;+;7;32;;
S050;136;gamma;2;-;6;49;;
S050;136;beta;2;-;8;68;alpha;
S050;137;gamma;1;+;7;110;alpha;
S050;137;beta;1;+;9;46;;
S050;139;gamma;2;-;8;86;;
S050;139;beta;2;-;10;81;;
S050;139;delta;9;-;8;63;;
S050;142;alpha;21;-;10;17;alpha;delta
S050;144;epsilon;22;-;7;37;;
S050;153;epsilon;9;+;8;125;;
S050;154;epsilon;1;-;9;108;gamma;
S050;178;alpha;36;+;11;85;;epsilon
S050;182;alpha;4;-;12;92;;
S050;184;alpha;2;+;13;33;;
S050;194;epsilon;40;+;10;45;;
S050;196;epsilon;2;-;11;71;;
S050;197;epsilon;1;+;12;76;;
S050;198;epsilon;1;-;13;126;;
S050;199;epsilon;1;+;14;118;;
S050;209;gamma;70;+;9;34;;
S050;211;gamma;2;-;10;88;;
S050;212;alpha;28;-;14;26;;
S050;212;epsilon;13;-;15;2;;
S050;213;epsilon;1;+;16;21;delta;
S050;214;epsilon;1;-;17;84;delta;
S050;215;alpha;3;+;15;9;;
S050;215;epsilon;1;+;18;79;;
S050;219;gamma;8;+;11;126;;
S050;220;beta;81;+;11;53;;
S050;222;beta;2;-;12;24;;
S050;225;beta;3;+;13;116;;
S050;226;beta;1;-;14;18;epsilon;
S050;227;gamma;8;-;12;125;;
S050;228;alpha;13;-;16;24;;
S050;228;epsilon;13;-;19;39;;
S050;229;epsilon;1;+;20;10;;
S050;231;epsilon;2;-;21;102;;
S050;232;epsilon;1;+;22;5;;
S050;234;epsilon;2;-;23;52;;
S050;278;alpha;50;+;17;37;;
S050;295;epsilon;61;+;24;54;;
S050;302;gamma;75;+;13;2;;
S050;303;gamma;1;-;14;21;delta;
S050;307;gamma;4;+;15;87;;
S050;308;beta;82;+;15;104;;
S050;309;beta;1;-;16;25;;
S050;310;beta;1;+;17;124;;
S050;314;beta;4;-;18;101;;
S050;315;beta;1;+;19;122;;
S050;332;alpha;54;-;18;71;;
S050;333;epsilon;38;-;25;104;;
S050;333;beta;18;-;20;26;;epsilon
S050;335;gamma;28;-;16;92;;
S050;337;gamma;2;+;17;33;;
S050;338;gamma;1;-;18;77;;
S050;339;epsilon;6;+;26;30;;
S050;339;gamma;1;+;19;9;;
S050;339;beta;6;+;21;12;;
S050;341;beta;2;-;22;122;;
S050;342;epsilon;3;-;27;49;;
S050;342;gamma;3;-;20;93;;
S050;368;alpha;36;+;19;24;;epsilon
S050;369;alpha;1;-;20;114;;
S050;370;alpha;1;+;21;125;;
S050;375;alpha;5;-;22;112;;
S050;383;alpha;8;+;23;112;;
S050;385;alpha;2;-;24;106;delta;
S050;417;alpha;32;+;25;91;epsilon;
S050;424;alpha;7;-;26;28;;
S050;426;alpha;2;+;27;28;;
S050;429;epsilon;87;+;28;34;;
S050;434;epsilon;5;-;29;91;epsilon;
S050;437;alpha;11;-;28;17;alpha;
S050;446;alpha;9;+;29;52;;
S050;446;epsilon;12;+;30;95;;
S050;450;alpha;4;-;30;16;;
S050;451;alpha;1;+;31;34;;
S050;458;alpha;7;-;32;93;;
S050;458;epsilon;12;-;31;114;;
S050;472;alpha;14;+;33;43;delta;
S050;472;epsilon;14;+;32;111;;
S050;477;alpha;5;-;34;54;;
S050;477;epsilon;5;-;33;99;;
S050;478;alpha;1;+;35;33;;
S050;479;alpha;1;-;36;77;;
S050;483;alpha;4;+;37;12;;
S050;483;epsilon;6;+;34;107;beta;
S050;484;gamma;142;+;21;51;;
S050;490;gamma;6;-;22;8;;
S050;491;alpha;8;-;38;1;;
S050;491;epsilon;8;-;35;62;;
S050;535;alpha;44;+;39;17;alpha;
S050;537;alpha;2;-;40;45;;
S050;561;alpha;24;+;41;79;;
S050;566;epsilon;75;+;36;52;;
S050;588;gamma;98;+;23;9;;
S050;589;gamma;1;-;24;91;epsilon;
S050;591;gamma;2;+;25;23;;
S050;592;gamma;1;-;26;104;;
S050;594;alpha;33;-;42;59;alpha;
S050;598;alpha;4;+;43;86;;
S050;598;gamma;6;+;27;30;;
S050;601;alpha;3;-;44;101;;
S050;601;gamma;3;-;28;49;;
S050;602;epsilon;36;-;37;29;;epsilon
S050;603;epsilon;1;+;38;37;;
S050;605;alpha;4;+;45;125;;
S050;605;gamma;4;+;29;113;;
S050;606;alpha;1;-;46;108;gamma;
S050;606;gamma;1;-;30;115;;
S050;607;gamma;1;+;31;8;;
S050;609;alpha;3;+;47;67;;
S050;617;alpha;8;-;48;43;delta;
S050;617;epsilon;14;-;39;31;;
S050;618;gamma;11;-;32;49;;
S050;619;gamma;1;+;33;110;alpha;
S050;620;gamma;1;-;34;85;;
S050;621;gamma;1;+;35;89;;
S050;623;gamma;2;-;36;3;;
S050;650;alpha;33;+;49;15;;
S050;651;alpha;1;-;50;24;;
S050;652;alpha;1;+;51;114;;
S050;653;alpha;1;-;52;125;;
S050;654;alpha;1;+;53;108;gamma;
S050;662;alpha;8;-;54;72;;
S050;672;alpha;10;+;55;98;;
S050;672;epsilon;55;+;40;107;beta;
S050;674;epsilon;2;-;41;56;;
S050;675;alpha;3;-;56;94;;
S050;692;alpha;17;+;57;19;gamma;alpha
S050;693;alpha;1;-;58;64;;
S050;700;alpha;7;+;59;12;;
S050;705;alpha;5;-;60;125;;
S050;712;alpha;7;+;61;114;;
S050;714;alpha;2;-;62;126;;
S050;715;alpha;1;+;63;118;;
S050;716;alpha;1;-;64;38;;
S050;718;alpha;2;+;65;1;;
S050;720;epsilon;46;+;42;58;;
S050;721;alpha;3;-;66;13;;
S050;721;epsilon;1;-;43;73;;
S050;722;alpha;1;+;67;4;;
S050;723;epsilon;2;+;44;97;;
S050;725;epsilon;2;-;45;83;;
S050;726;epsilon;1;+;46;69;;
S050;729;gamma;106;+;37;58;;delta
S050;732;beta;391;+;23;90;;
S050;734;beta;2;-;24;13;;
S050;735;gamma;6;-;38;78;;
S050;736;gamma;1;+;39;19;gamma;
S050;736;beta;2;+;25;5;;
S050;755;delta;616;+;9;116;;
S050;768;alpha;46;-;68;65;;
S050;768;delta;13;-;10;56;;
S050;777;delta;9;+;11;61;;
S050;780;epsilon;54;-;47;96;;
S050;780;delta;3;-;12;105;;
S050;798;alpha;30;+;69;53;;
S050;800;alpha;2;-;70;24;;
S050;806;alpha;6;+;71;119;;
S050;808;alpha;2;-;72;49;;
S050;810;alpha;2;+;73;111;;
S050;812;alpha;2;-;74;96;;
S050;813;alpha;1;+;75;72;;
S050;813;epsilon;33;+;48;108;gamma;
S050;813;delta;33;+;13;119;;
S050;816;epsilon;3;-;49;67;;
S050;816;delta;3;-;14;50;;
S050;817;alpha;4;-;76;89;;
S050;817;gamma;81;-;40;76;;
S050;818;beta;82;-;26;74;;
S050;819;beta;1;+;27;106;delta;
S050;820;beta;1;-;28;45;;
S050;823;beta;3;+;29;72;;
S050;824;beta;1;-;30;86;;
S050;825;beta;1;+;31;99;;
S050;826;beta;1;-;32;102;;
S050;831;beta;5;+;33;9;;
S050;832;alpha;15;+;77;25;;
S050;832;epsilon;16;+;50;112;;
S050;832;gamma;15;+;41;122;;
S050;833;delta;17;+;15;64;;alpha
S050;835;epsilon;3;-;51;107;beta;
S050;835;gamma;3;-;42;80;;
S050;835;delta;2;-;16;7;;
S050;836;epsilon;1;+;52;55;;
S050;837;gamma;2;+;43;40;;
S050;838;delta;3;+;17;73;;
S050;842;alpha;10;-;78;97;;
S050;842;epsilon;6;-;53;48;;
S050;842;gamma;5;-;44;24;;
S050;842;delta;4;-;18;99;;
S050;843;alpha;1;+;79;82;;
S050;844;alpha;1;-;80;59;alpha;
S050;844;beta;13;-;34;24;;
S050;847;alpha;3;+;81;85;;
S050;847;epsilon;5;+;54;104;;
S050;847;beta;3;+;35;116;;
S050;848;alpha;1;-;82;89;;
S050;848;epsilon;1;-;55;25;;
S050;849;beta;2;-;36;19;gamma;
S050;850;beta;1;+;37;64;;
S050;851;beta;1;-;38;6;;
S050;874;alpha;26;+;83;36;epsilon;
S050;876;epsilon;28;+;56;115;;
S050;877;gamma;35;+;45;22;;
S050;877;beta;26;+;39;118;;
S050;878;delta;36;+;19;30;;epsilon
S050;880;beta;3;-;40;40;;
S050;880;delta;2;-;20;48;;
S050;881;gamma;4;-;46;97;;
S050;882;gamma;1;+;47;82;;
S050;882;beta;2;+;41;21;delta;
S050;882;delta;2;+;21;101;;
S050;883;gamma;1;-;48;59;alpha;
S050;883;beta;1;-;42;84;delta;
S050;883;delta;1;-;22;122;;
S050;884;gamma;1;+;49;83;;
S050;884;beta;1;+;43;79;;
S050;884;delta;1;+;23;78;;
S050;887;beta;3;-;44;31;;
S050;887;delta;3;-;24;21;delta;
S050;888;gamma;4;-;50;72;;
S050;889;epsilon;13;-;57;83;;
S050;890;alpha;16;-;84;60;;
S050;892;alpha;2;+;85;94;;
S050;892;epsilon;3;+;58;71;;
S050;893;epsilon;1;-;59;76;;
S050;894;epsilon;1;+;60;126;;
S050;895;gamma;7;+;51;92;;
S050;896;alpha;4;-;86;55;;
S050;896;gamma;1;-;52;32;;
S050;897;epsilon;3;-;61;120;;
S050;900;epsilon;3;+;62;60;;
S050;902;epsilon;2;-;63;94;;
S050;968;alpha;72;+;87;111;;
S050;970;alpha;2;-;88;96;;
S050;980;alpha;10;+;89;85;;
S050;983;alpha;3;-;90;91;epsilon;
S050;984;alpha;1;+;91;22;;
S050;986;epsilon;84;+;64;86;;delta
S050;987;epsilon;1;-;65;99;;
S050;989;alpha;5;-;92;98;;
S050;991;alpha;2;+;93;93;;
S050;991;epsilon;4;+;66;105;;
S050;992;alpha;1;-;94;42;;
S050;992;epsilon;1;-;67;35;;
S050;1032;alpha;40;+;95;49;;
S050;1040;epsilon;48;+;68;119;;
S050;1041;epsilon;1;-;69;48;;
S050;1042;epsilon;1;+;70;100;gamma;
S050;1043;gamma;147;+;53;16;;
S050;1044;gamma;1;-;54;34;;
S050;1045;gamma;1;+;55;87;;
S050;1047;gamma;2;-;56;110;alpha;
S050;1055;alpha;23;-;96;97;;
S050;1064;alpha;9;+;97;90;;
S050;1064;gamma;17;+;57;95;;alpha
S050;1077;alpha;13;-;98;123;;
S050;1077;gamma;13;-;58;115;;
S050;1078;alpha;1;+;99;88;;
S050;1078;gamma;1;+;59;8;;
S050;1080;alpha;2;-;100;120;;
S050;1080;epsilon;38;-;71;5;;
S050;1080;gamma;2;-;60;82;;
S050;1107;alpha;27;+;101;89;;gamma
S050;1110;epsilon;30;+;72;22;;
S050;1110;gamma;30;+;61;102;;
S050;1118;beta;231;+;45;116;;
S050;1125;beta;7;-;46;24;;
S050;1127;alpha;20;-;102;30;;beta
S050;1128;epsilon;18;-;73;59;alpha;epsilon
S050;1128;gamma;18;-;62;58;;epsilon
S050;1131;epsilon;3;+;74;85;;
S050;1131;gamma;3;+;63;75;;
S050;1132;epsilon;1;-;75;89;;
S050;1132;gamma;1;-;64;116;;
S050;1136;epsilon;4;+;76;5;;
S050;1137;epsilon;1;-;77;51;;
S050;1141;alpha;14;+;103;93;;
S050;1141;epsilon;4;+;78;6;;
S050;1141;gamma;9;+;65;26;;
S050;1142;alpha;1;-;104;42;;
S050;1142;epsilon;1;-;79;61;;
S050;1142;gamma;1;-;66;7;;
S050;1143;epsilon;1;+;80;103;;
S050;1144;alpha;2;+;105;41;;
S050;1144;gamma;2;+;67;72;;
S050;1144;beta;19;+;47;6;;gamma
S050;1153;gamma;9;-;68;94;;
S050;1153;beta;9;-;48;69;;
S050;1154;beta;1;+;49;56;;
S050;1155;gamma;2;+;69;53;;
S050;1160;alpha;16;-;106;52;;
S050;1160;epsilon;17;-;81;30;;alpha
S050;1161;alpha;1;+;107;13;;
S050;1161;epsilon;1;+;82;47;;
S050;1162;alpha;1;-;108;4;;
S050;1162;epsilon;1;-;83;90;;
S050;1166;epsilon;4;+;84;15;;
S050;1167;alpha;5;+;109;45;;
S050;1187;alpha;20;-;110;75;;beta
S050;1187;epsilon;21;-;85;124;;delta
S050;1189;gamma;34;-;70;0;;
S050;1189;beta;35;-;50;47;;
S050;1190;gamma;1;+;71;1;;
S050;1190;beta;1;+;51;90;;
S050;1192;gamma;2;-;72;12;;
S050;1192;beta;2;-;52;13;;
S050;1193;gamma;1;+;73;121;;
S050;1194;gamma;1;-;74;68;alpha;
S050;1195;gamma;1;+;75;46;;
S050;1195;beta;3;+;53;6;;
S050;1196;epsilon;9;+;86;106;delta;
S050;1197;alpha;10;+;111;17;alpha;
S050;1229;delta;342;+;25;6;;
S050;1230;delta;1;-;26;61;;
S050;1231;delta;1;+;27;103;;
